event,T0_tx_rise_s,T1_rx1_rise_s,T2_rx2_rise_s,T1-T0_us,T2-T0_us,T2-T1_us,RX1_gap_before_ms,RX2_gap_before_ms,status
1,35.798299710,35.805594690,35.805592560,7294.980,7292.850,2.130,,,ok
2,35.824094820,35.831384710,35.831382420,7289.890,7287.600,2.290,,,ok
3,35.849822940,35.857112780,35.857175660,7289.840,7352.720,62.880,,,ok
4,35.875595300,35.882885970,35.882884070,7290.670,7288.770,1.900,,,ok
5,35.901081280,35.908366290,35.908367390,7285.010,7286.110,1.100,,,ok
6,35.926840690,35.934126880,35.934131110,7286.190,7290.420,4.230,,,ok
7,35.952485260,35.959775380,35.959773740,7290.120,7288.480,1.640,,,ok
8,35.978271450,35.985557910,35.985557170,7286.460,7285.720,0.740,,,ok
9,36.003882650,36.011169250,36.011168100,7286.600,7285.450,1.150,,,ok
10,36.029470640,36.036758000,36.036758290,7287.360,7287.650,0.290,,,ok
11,36.055231190,36.062518990,36.062516590,7287.800,7285.400,2.400,,,ok
12,36.080957840,36.088247310,36.088246150,7289.470,7288.310,1.160,,,ok
13,36.106334410,36.113573670,36.113657680,7239.260,7323.270,84.010,,,ok
14,36.132092170,36.139378190,36.139377000,7286.020,7284.830,1.190,,,ok
15,36.155924000,36.163212430,36.163211210,7288.430,7287.210,1.220,,,ok
16,36.181622710,36.188910910,36.188909870,7288.200,7287.160,1.040,,,ok
17,36.207393350,36.214679230,36.214678150,7285.880,7284.800,1.080,,,ok
18,36.233107770,36.240397610,36.240394200,7289.840,7286.430,3.410,,,ok
19,36.257361810,36.264650300,36.264650230,7288.490,7288.420,0.070,,,ok
20,36.282932860,36.290219500,36.290223800,7286.640,7290.940,4.300,,,ok
21,36.308690600,36.315977840,36.315975620,7287.240,7285.020,2.220,,,ok
22,36.334551290,36.341836380,36.341840530,7285.090,7289.240,4.150,,,ok
23,36.360046490,36.367333620,36.367334060,7287.130,7287.570,0.440,,,ok
24,36.385757240,36.393041710,36.393046270,7284.470,7289.030,4.560,,,ok
25,36.411216960,36.418506550,36.418503330,7289.590,7286.370,3.220,,,ok
26,36.436875530,36.444164150,36.444163290,7288.620,7287.760,0.860,,,ok
27,36.462065470,36.469353350,36.469352510,7287.880,7287.040,0.840,,,ok
28,36.487793310,36.495081750,36.495080230,7288.440,7286.920,1.520,,,ok
29,36.513170400,36.520460030,36.520458740,7289.630,7288.340,1.290,,,ok
30,36.539463040,36.546748530,36.546750100,7285.490,7287.060,1.570,,,ok
31,36.564534190,36.571819100,36.571821420,7284.910,7287.230,2.320,,,ok
32,36.589033940,36.596317980,36.596319930,7284.040,7285.990,1.950,,,ok
33,36.614216320,36.621503760,36.621502380,7287.440,7286.060,1.380,,,ok
34,36.639131130,36.646417140,36.646415890,7286.010,7284.760,1.250,,,ok
35,36.664469430,36.671755540,36.671754350,7286.110,7284.920,1.190,,,ok
36,36.690164900,36.697453690,36.697453760,7288.790,7288.860,0.070,,,ok
37,36.715930820,36.723216090,36.723216950,7285.270,7286.130,0.860,,,ok
38,36.741132830,36.748420550,36.748420570,7287.720,7287.740,0.020,,,ok
39,36.766857060,36.774143310,36.774144080,7286.250,7287.020,0.770,,,ok
40,36.792614010,36.799902460,36.799901360,7288.450,7287.350,1.100,,,ok
41,36.818210250,36.825493380,36.825495740,7283.130,7285.490,2.360,,,ok
42,36.843969520,36.851215200,36.851258480,7245.680,7288.960,43.280,,,ok
43,36.867584080,36.874872710,36.874872820,7288.630,7288.740,0.110,,,ok
44,36.893158710,36.900446070,36.900446120,7287.360,7287.410,0.050,,,ok
45,36.918343260,36.925629510,36.925684760,7286.250,7341.500,55.250,,,ok
46,36.944016330,36.951302120,36.951303200,7285.790,7286.870,1.080,,,ok
47,36.969741750,36.977031330,36.977030670,7289.580,7288.920,0.660,,,ok
48,36.994433110,37.001719800,37.001720110,7286.690,7287.000,0.310,,,ok
49,37.019226150,37.026513220,37.026513580,7287.070,7287.430,0.360,,,ok
50,37.044839470,37.052122220,37.052126130,7282.750,7286.660,3.910,,,ok
51,37.070475060,37.077764940,37.077760450,7289.880,7285.390,4.490,,,ok
52,37.093850160,37.101137110,37.101138980,7286.950,7288.820,1.870,,,ok
53,37.119612190,37.126900640,37.126901320,7288.450,7289.130,0.680,,,ok
54,37.145247570,37.152534290,37.152535710,7286.720,7288.140,1.420,,,ok
55,37.170727390,37.178012250,37.178014070,7284.860,7286.680,1.820,,,ok
56,37.196814110,37.204105710,37.204100250,7291.600,7286.140,5.460,,,ok
57,37.221844500,37.229128820,37.229130990,7284.320,7286.490,2.170,,,ok
58,37.247058070,37.254343720,37.254344470,7285.650,7286.400,0.750,,,ok
59,37.272681250,37.279967060,37.279967250,7285.810,7286.000,0.190,,,ok
60,37.298310860,37.305555030,37.305596430,7244.170,7285.570,41.400,,,ok
61,37.323668720,37.330953870,37.330954790,7285.150,7286.070,0.920,,,ok
62,37.349292260,37.356580980,37.356578340,7288.720,7286.080,2.640,,,ok
63,37.374924130,37.382209710,37.382210850,7285.580,7286.720,1.140,,,ok
64,37.400773510,37.408059210,37.408060150,7285.700,7286.640,0.940,,,ok
65,37.426444160,37.433797070,37.433733580,7352.910,7289.420,63.490,,,ok
66,37.452219400,37.459506000,37.459507210,7286.600,7287.810,1.210,,,ok
67,37.477837390,37.485183040,37.485185450,7345.650,7348.060,2.410,,,ok
68,37.503627120,37.510912460,37.510913960,7285.340,7286.840,1.500,,,ok
69,37.529580630,37.536866180,37.536866490,7285.550,7285.860,0.310,,,ok
70,37.554860240,37.562104830,37.562144810,7244.590,7284.570,39.980,,,ok
71,37.580082250,37.587368040,37.587369360,7285.790,7287.110,1.320,,,ok
72,37.605832470,37.613121400,37.613117890,7288.930,7285.420,3.510,,,ok
73,37.631627810,37.638913930,37.638916550,7286.120,7288.740,2.620,,,ok
74,37.656683890,37.663973270,37.663969450,7289.380,7285.560,3.820,,,ok
75,37.682441010,37.689726770,37.689710110,7285.760,7269.100,16.660,,,ok
76,37.706671980,37.713960000,37.713960570,7288.020,7288.590,0.570,,,ok
77,37.732143140,37.739428470,37.739427640,7285.330,7284.500,0.830,,,ok
78,37.757809390,37.765160370,37.765098460,7350.980,7289.070,61.910,,,ok
79,37.783440300,37.790724460,37.790726180,7284.160,7285.880,1.720,,,ok
80,37.809279010,37.816568690,37.816565360,7289.680,7286.350,3.330,,,ok
81,37.834894150,37.842182130,37.842183780,7287.980,7289.630,1.650,,,ok
82,37.860588840,37.867875490,37.867876460,7286.650,7287.620,0.970,,,ok
83,37.886321200,37.893610500,37.893610720,7289.300,7289.520,0.220,,,ok
84,37.912208670,37.919494730,37.919491600,7286.060,7282.930,3.130,,,ok
85,37.937992700,37.945280860,37.945281630,7288.160,7288.930,0.770,,,ok
86,37.962926120,37.970214140,37.970215990,7288.020,7289.870,1.850,,,ok
87,37.988234850,37.995521600,37.995524320,7286.750,7289.470,2.720,,,ok
88,38.013955490,38.021240900,38.021242850,7285.410,7287.360,1.950,,,ok
89,38.039849910,38.047138510,38.047135330,7288.600,7285.420,3.180,,,ok
90,38.065637570,38.072927760,38.072924880,7290.190,7287.310,2.880,,,ok
91,38.091465120,38.098751160,38.098752370,7286.040,7287.250,1.210,,,ok
92,38.117081480,38.124369360,38.124366780,7287.880,7285.300,2.580,,,ok
93,38.142306340,38.149590220,38.149594240,7283.880,7287.900,4.020,,,ok
94,38.168064800,38.175351050,38.175352770,7286.250,7287.970,1.720,,,ok
95,38.192672140,38.199959770,38.199961160,7287.630,7289.020,1.390,,,ok
96,38.218727150,38.226013100,38.226015580,7285.950,7288.430,2.480,,,ok
97,38.242467580,38.249754990,38.249753900,7287.410,7286.320,1.090,,,ok
98,38.268035060,38.275324140,38.275319970,7289.080,7284.910,4.170,,,ok
99,38.292986090,38.300272250,38.300275790,7286.160,7289.700,3.540,,,ok
100,38.318144820,38.325430790,38.325421490,7285.970,7276.670,9.300,,,ok
101,38.343643510,38.350930130,38.350932680,7286.620,7289.170,2.550,,,ok
102,38.369311750,38.376597660,38.376599920,7285.910,7288.170,2.260,,,ok
103,38.393434750,38.400721960,38.400723870,7287.210,7289.120,1.910,,,ok
104,38.417495020,38.424777810,38.424783100,7282.790,7288.080,5.290,,,ok
105,38.443239540,38.450528760,38.450525280,7289.220,7285.740,3.480,,,ok
106,38.467626770,38.474909740,38.474918520,7282.970,7291.750,8.780,,,ok
107,38.491801710,38.499089580,38.499088190,7287.870,7286.480,1.390,,,ok
108,38.517749220,38.525039070,38.525036990,7289.850,7287.770,2.080,,,ok
109,38.542364030,38.549651360,38.549715540,7287.330,7351.510,64.180,,,ok
110,38.568393960,38.575680850,38.575683780,7286.890,7289.820,2.930,,,ok
111,38.593738150,38.601023270,38.601027140,7285.120,7288.990,3.870,,,ok
112,38.618176980,38.625466750,38.625465670,7289.770,7288.690,1.080,,,ok
113,38.642568190,38.649855860,38.649853170,7287.670,7284.980,2.690,,,ok
114,38.667592270,38.674878430,38.674881520,7286.160,7289.250,3.090,,,ok
115,38.692669670,38.699957600,38.699956170,7287.930,7286.500,1.430,,,ok
116,38.718120810,38.725405420,38.725408410,7284.610,7287.600,2.990,,,ok
117,38.742457450,38.749744380,38.749747960,7286.930,7290.510,3.580,,,ok
118,38.767582830,38.774873010,38.774868710,7290.180,7285.880,4.300,,,ok
119,38.793609340,38.800896290,38.800887890,7286.950,7278.550,8.400,,,ok
120,38.819593100,38.826878440,38.826883290,7285.340,7290.190,4.850,,,ok
121,38.843717180,38.851003030,38.851005280,7285.850,7288.100,2.250,,,ok
122,38.867460610,38.874746510,38.874749970,7285.900,7289.360,3.460,,,ok
123,38.893020970,38.900310040,38.900308590,7289.070,7287.620,1.450,,,ok
124,38.918519460,38.925807000,38.925807030,7287.540,7287.570,0.030,,,ok
125,38.943056540,38.950346900,38.950392870,7290.360,7336.330,45.970,,,ok
126,38.968856150,38.976145260,38.976143650,7289.110,7287.500,1.610,,,ok
127,38.992572380,38.999922580,38.999862490,7350.200,7290.110,60.090,,,ok
128,39.018682990,39.025971900,39.025970880,7288.910,7287.890,1.020,,,ok
129,39.043678700,39.050965490,39.050962990,7286.790,7284.290,2.500,,,ok
130,39.068162910,39.075446300,39.075452730,7283.390,7289.820,6.430,,,ok
131,39.093453640,39.100741250,39.100739750,7287.610,7286.110,1.500,,,ok
132,39.118617650,39.125905560,39.125904530,7287.910,7286.880,1.030,,,ok
133,39.142721850,39.150008150,39.150007160,7286.300,7285.310,0.990,,,ok
134,39.168578440,39.175867240,39.175866510,7288.800,7288.070,0.730,,,ok
135,39.193691860,39.200980950,39.200979910,7289.090,7288.050,1.040,,,ok
136,39.219464220,39.226753210,39.226753190,7288.990,7288.970,0.020,,,ok
137,39.243933970,39.251189190,39.251221760,7255.220,7287.790,32.570,,,ok
138,39.269879730,39.277165180,39.277163850,7285.450,7284.120,1.330,,,ok
139,39.295487780,39.302774520,39.302773610,7286.740,7285.830,0.910,,,ok
140,39.320300450,39.327587690,39.327585760,7287.240,7285.310,1.930,,,ok
141,39.344987140,39.352276250,39.352274790,7289.110,7287.650,1.460,,,ok
142,39.370761020,39.378047110,39.378048030,7286.090,7287.010,0.920,,,ok
143,39.396397570,39.403683140,39.403686580,7285.570,7289.010,3.440,,,ok
144,39.421718950,39.429006410,39.429005750,7287.460,7286.800,0.660,,,ok
145,39.445652240,39.452939880,39.452939300,7287.640,7287.060,0.580,,,ok
146,39.469364880,39.476653030,39.476652770,7288.150,7287.890,0.260,,,ok
147,39.494956090,39.502245100,39.502244960,7289.010,7288.870,0.140,,,ok
148,39.520242850,39.527529960,39.527529800,7287.110,7286.950,0.160,,,ok
149,39.545645660,39.552930860,39.552931920,7285.200,7286.260,1.060,,,ok
150,39.571377530,39.578666740,39.578665570,7289.210,7288.040,1.170,,,ok
151,39.597231890,39.604518800,39.604520100,7286.910,7288.210,1.300,,,ok
152,39.622922040,39.630207680,39.630205820,7285.640,7283.780,1.860,,,ok
153,39.648584880,39.655870880,39.655871850,7286.000,7286.970,0.970,,,ok
154,39.674312560,39.681600400,39.681599480,7287.840,7286.920,0.920,,,ok
155,39.699727210,39.707012390,39.707012760,7285.180,7285.550,0.370,,,ok
156,39.725538900,39.732827240,39.732827120,7288.340,7288.220,0.120,,,ok
157,39.749611980,39.756897980,39.756965340,7286.000,7353.360,67.360,,,ok
158,39.775649700,39.782937500,39.782938240,7287.800,7288.540,0.740,,,ok
159,39.801313810,39.808602320,39.808602440,7288.510,7288.630,0.120,,,ok
160,39.825761710,39.833049370,39.833050150,7287.660,7288.440,0.780,,,ok
161,39.851655570,39.858944160,39.858943520,7288.590,7287.950,0.640,,,ok
162,39.877604850,39.884892580,39.884892980,7287.730,7288.130,0.400,,,ok
163,39.901829410,39.909115900,39.909116380,7286.490,7286.970,0.480,,,ok
164,39.926915710,39.934203070,39.934203890,7287.360,7288.180,0.820,,,ok
165,39.950338530,39.957626770,39.957628320,7288.240,7289.790,1.550,,,ok
166,39.975756600,39.983045230,39.983041550,7288.630,7284.950,3.680,,,ok
167,39.999593950,40.006879550,40.006880200,7285.600,7286.250,0.650,,,ok
168,40.025247250,40.032530490,40.032532800,7283.240,7285.550,2.310,,,ok
169,40.051073690,40.058348600,40.058360780,7274.910,7287.090,12.180,,,ok
170,40.076897010,40.084184650,40.084184600,7287.640,7287.590,0.050,,,ok
171,40.102746900,40.110030670,40.110034050,7283.770,7287.150,3.380,,,ok
172,40.128642680,40.135931380,40.135932290,7288.700,7289.610,0.910,,,ok
173,40.152120230,40.159409850,40.159403380,7289.620,7283.150,6.470,,,ok
174,40.175838620,40.183128520,40.183122990,7289.900,7284.370,5.530,,,ok
175,40.201725590,40.209011770,40.209010230,7286.180,7284.640,1.540,,,ok
176,40.227487510,40.234775130,40.234776210,7287.620,7288.700,1.080,,,ok
177,40.252952600,40.260237600,40.260237030,7285.000,7284.430,0.570,,,ok
178,40.278625190,40.285911970,40.285868790,7286.780,7243.600,43.180,,,ok
179,40.304541220,40.311830370,40.311831530,7289.150,7290.310,1.160,,,ok
180,40.330441650,40.337728840,40.337730060,7287.190,7288.410,1.220,,,ok
181,40.356098710,40.363386990,40.363388400,7288.280,7289.690,1.410,,,ok
182,40.380448630,40.387733120,40.387736910,7284.490,7288.280,3.790,,,ok
183,40.406264450,40.413553890,40.413550250,7289.440,7285.800,3.640,,,ok
184,40.432032730,40.439321400,40.439318820,7288.670,7286.090,2.580,,,ok
185,40.457823360,40.465110780,40.465112180,7287.420,7288.820,1.400,,,ok
186,40.483609760,40.490898160,40.490895610,7288.400,7285.850,2.550,,,ok
187,40.509496310,40.516782680,40.516784070,7286.370,7287.760,1.390,,,ok
188,40.533128390,40.540414730,40.540414930,7286.340,7286.540,0.200,,,ok
189,40.556958970,40.564249400,40.564245960,7290.430,7286.990,3.440,,,ok
190,40.582678200,40.589967760,40.589963430,7289.560,7285.230,4.330,,,ok
191,40.606422820,40.613711060,40.613712790,7288.240,7289.970,1.730,,,ok
192,40.632375040,40.639664560,40.639661300,7289.520,7286.260,3.260,,,ok
193,40.655708050,40.662992900,40.662994740,7284.850,7286.690,1.840,,,ok
194,40.681275300,40.688561380,40.688563120,7286.080,7287.820,1.740,,,ok
195,40.705491110,40.712778910,40.712780590,7287.800,7289.480,1.680,,,ok
196,40.731301950,40.738588140,40.738590120,7286.190,7288.170,1.980,,,ok
197,40.755604080,40.762890610,40.762892000,7286.530,7287.920,1.390,,,ok
198,40.780920910,40.788209920,40.788207130,7289.010,7286.220,2.790,,,ok
199,40.805242830,40.812528410,40.812530330,7285.580,7287.500,1.920,,,ok
200,40.831124190,40.838410330,40.838414020,7286.140,7289.830,3.690,,,ok
201,40.855354630,40.862640000,40.862642260,7285.370,7287.630,2.260,,,ok
202,40.881243280,40.888532460,40.888530770,7289.180,7287.490,1.690,,,ok
203,40.905050310,40.912336030,40.912337830,7285.720,7287.520,1.800,,,ok
204,40.928696560,40.935985330,40.935981740,7288.770,7285.180,3.590,,,ok
205,40.954271830,40.961534120,40.961560330,7262.290,7288.500,26.210,,,ok
206,40.977909280,40.985196940,40.985199620,7287.660,7290.340,2.680,,,ok
207,41.001782090,41.009069660,41.009066990,7287.570,7284.900,2.670,,,ok
208,41.026735010,41.034021330,41.034021430,7286.320,7286.420,0.100,,,ok
209,41.051798160,41.059086040,41.059085040,7287.880,7286.880,1.000,,,ok
210,41.077165790,41.084507980,41.084453340,7342.190,7287.550,54.640,,,ok
211,41.100753760,41.108038150,41.108041830,7284.390,7288.070,3.680,,,ok
212,41.126060640,41.133347640,41.133349380,7287.000,7288.740,1.740,,,ok
213,41.151755730,41.159038330,41.159041130,7282.600,7285.400,2.800,,,ok
214,41.176465560,41.183751770,41.183752100,7286.210,7286.540,0.330,,,ok
215,41.202091860,41.209376880,41.209380420,7285.020,7288.560,3.540,,,ok
216,41.227674300,41.234960200,41.234963090,7285.900,7288.790,2.890,,,ok
217,41.252784660,41.260074390,41.260071460,7289.730,7286.800,2.930,,,ok
218,41.276592740,41.283877870,41.283880860,7285.130,7288.120,2.990,,,ok
219,41.302458280,41.309746360,41.309744280,7288.080,7286.000,2.080,,,ok
220,41.326219780,41.333509680,41.333506770,7289.900,7286.990,2.910,,,ok
221,41.352105910,41.359390550,41.359395400,7284.640,7289.490,4.850,,,ok
222,41.376437130,41.383788980,41.383724760,7351.850,7287.630,64.220,,,ok
223,41.402229180,41.409514850,41.409516830,7285.670,7287.650,1.980,,,ok
224,41.428008060,41.435292170,41.435296610,7284.110,7288.550,4.440,,,ok
225,41.452563540,41.459849200,41.459847530,7285.660,7283.990,1.670,,,ok
226,41.477107310,41.484394220,41.484393210,7286.910,7285.900,1.010,,,ok
227,41.502931900,41.510215870,41.510221840,7283.970,7289.940,5.970,,,ok
228,41.528653410,41.535941150,41.535923540,7287.740,7270.130,17.610,,,ok
229,41.554476850,41.561762780,41.561763790,7285.930,7286.940,1.010,,,ok
230,41.580038900,41.587328820,41.587327390,7289.920,7288.490,1.430,,,ok
231,41.605822050,41.613104870,41.613110670,7282.820,7288.620,5.800,,,ok
232,41.630427860,41.637712960,41.637711630,7285.100,7283.770,1.330,,,ok
233,41.655462550,41.662748920,41.662751680,7286.370,7289.130,2.760,,,ok
234,41.681239080,41.688479960,41.688525960,7240.880,7286.880,46.000,,,ok
235,41.706734300,41.714020950,41.714022990,7286.650,7288.690,2.040,,,ok
236,41.730451750,41.737738350,41.737737970,7286.600,7286.220,0.380,,,ok
237,41.755478210,41.762766080,41.762766150,7287.870,7287.940,0.070,,,ok
238,41.781299210,41.788586040,41.788583990,7286.830,7284.780,2.050,,,ok
239,41.806013380,41.813299300,41.813303310,7285.920,7289.930,4.010,,,ok
240,41.831847580,41.839132800,41.839136770,7285.220,7289.190,3.970,,,ok
241,41.857149160,41.864436160,41.864435160,7287.000,7286.000,1.000,,,ok
242,41.882870480,41.890159600,41.890158560,7289.120,7288.080,1.040,,,ok
243,41.908368240,41.915656630,41.915656380,7288.390,7288.140,0.250,,,ok
244,41.934321680,41.941611280,41.941610430,7289.600,7288.750,0.850,,,ok
245,41.960083310,41.967368820,41.967364350,7285.510,7281.040,4.470,,,ok
246,41.985090520,41.992378250,41.992377360,7287.730,7286.840,0.890,,,ok
247,42.010169670,42.017455580,42.017455720,7285.910,7286.050,0.140,,,ok
248,42.035701780,42.042989020,42.042989190,7287.240,7287.410,0.170,,,ok
249,42.061015620,42.068303530,42.068302630,7287.910,7287.010,0.900,,,ok
250,42.086769690,42.094056760,42.094054810,7287.070,7285.120,1.950,,,ok
251,42.112566220,42.119855100,42.119853520,7288.880,7287.300,1.580,,,ok
252,42.137612090,42.144898460,42.144897970,7286.370,7285.880,0.490,,,ok
253,42.163312430,42.170601090,42.170601370,7288.660,7288.940,0.280,,,ok
254,42.189073520,42.196337490,42.196359690,7263.970,7286.170,22.200,,,ok
255,42.213379040,42.220667720,42.220668320,7288.680,7289.280,0.600,,,ok
256,42.237141970,42.244378250,42.244431830,7236.280,7289.860,53.580,,,ok
257,42.261303430,42.268589650,42.268590250,7286.220,7286.820,0.600,,,ok
258,42.287216520,42.294503260,42.294503470,7286.740,7286.950,0.210,,,ok
259,42.312945090,42.320231410,42.320231290,7286.320,7286.200,0.120,,,ok
260,42.338745070,42.346021390,42.346034690,7276.320,7289.620,13.300,,,ok
261,42.364469100,42.371759160,42.371757700,7290.060,7288.600,1.460,,,ok
262,42.388939930,42.396227650,42.396227400,7287.720,7287.470,0.250,,,ok
263,42.414580020,42.421865860,42.421865820,7285.840,7285.800,0.040,,,ok
264,42.439995400,42.447283410,42.447284310,7288.010,7288.910,0.900,,,ok
265,42.464666860,42.471951810,42.471951520,7284.950,7284.660,0.290,,,ok
266,42.490515180,42.497801120,42.497800240,7285.940,7285.060,0.880,,,ok
267,42.515824790,42.523112420,42.523113850,7287.630,7289.060,1.430,,,ok
268,42.541207230,42.548492000,42.548493070,7284.770,7285.840,1.070,,,ok
269,42.567029450,42.574316490,42.574316490,7287.040,7287.040,0.000,,,ok
270,42.592885180,42.600173930,42.600174960,7288.750,7289.780,1.030,,,ok
271,42.617236120,42.624520870,42.624523260,7284.750,7287.140,2.390,,,ok
272,42.642974460,42.650261520,42.650260870,7287.060,7286.410,0.650,,,ok
273,42.667437680,42.674725150,42.674724330,7287.470,7286.650,0.820,,,ok
274,42.692955630,42.700243450,42.700309570,7287.820,7353.940,66.120,,,ok
275,42.716755810,42.724040970,42.724042260,7285.160,7286.450,1.290,,,ok
276,42.742779940,42.750062640,42.750064580,7282.700,7284.640,1.940,,,ok
277,42.768308070,42.775593670,42.775594280,7285.600,7286.210,0.610,,,ok
278,42.793730700,42.801016960,42.801016540,7286.260,7285.840,0.420,,,ok
279,42.819630730,42.826986300,42.826915810,7355.570,7285.080,70.490,,,ok
280,42.845592970,42.852878860,42.852877010,7285.890,7284.040,1.850,,,ok
281,42.871465890,42.878751290,42.878752810,7285.400,7286.920,1.520,,,ok
282,42.896534870,42.903818190,42.903818840,7283.320,7283.970,0.650,,,ok
283,42.922321420,42.929609020,42.929609680,7287.600,7288.260,0.660,,,ok
284,42.946571980,42.953862490,42.953858270,7290.510,7286.290,4.220,,,ok
285,42.972131380,42.979419930,42.979416630,7288.550,7285.250,3.300,,,ok
286,42.997161780,43.004449220,43.004450160,7287.440,7288.380,0.940,,,ok
287,43.022831290,43.030142120,43.030117640,7310.830,7286.350,24.480,,,ok
288,43.047435910,43.054723380,43.054721880,7287.470,7285.970,1.500,,,ok
289,43.072625390,43.079914550,43.079915510,7289.160,7290.120,0.960,,,ok
290,43.098312630,43.105601840,43.105598830,7289.210,7286.200,3.010,,,ok
291,43.122386230,43.129675290,43.129672320,7289.060,7286.090,2.970,,,ok
292,43.147789090,43.155073290,43.155075870,7284.200,7286.780,2.580,,,ok
293,43.173668320,43.180955730,43.181019310,7287.410,7350.990,63.580,,,ok
294,43.199399450,43.206685400,43.206687670,7285.950,7288.220,2.270,,,ok
295,43.225110360,43.232399840,43.232396060,7289.480,7285.700,3.780,,,ok
296,43.250960320,43.258248280,43.258249560,7287.960,7289.240,1.280,,,ok
297,43.276612990,43.283899040,43.283902880,7286.050,7289.890,3.840,,,ok
298,43.300553300,43.307840020,43.307841470,7286.720,7288.170,1.450,,,ok
299,43.324474460,43.331763400,43.331764750,7288.940,7290.290,1.350,,,ok
300,43.348841670,43.356197550,43.356126990,7355.880,7285.320,70.560,,,ok
301,43.374700820,43.381990120,43.381986810,7289.300,7285.990,3.310,,,ok
302,43.400456660,43.407743640,43.407743920,7286.980,7287.260,0.280,,,ok
303,43.426254590,43.433542040,43.433543590,7287.450,7289.000,1.550,,,ok
304,43.450768360,43.458055440,43.458057160,7287.080,7288.800,1.720,,,ok
305,43.475088080,43.482372950,43.482375520,7284.870,7287.440,2.570,,,ok
306,43.500366560,43.507652280,43.507654070,7285.720,7287.510,1.790,,,ok
307,43.524198660,43.531484770,43.531486700,7286.110,7288.040,1.930,,,ok
308,43.548069160,43.555354090,43.555355810,7284.930,7286.650,1.720,,,ok
309,43.573742890,43.581032510,43.581028380,7289.620,7285.490,4.130,,,ok
310,43.599183290,43.606470740,43.606472890,7287.450,7289.600,2.150,,,ok
311,43.625033740,43.632319120,43.632319940,7285.380,7286.200,0.820,,,ok
312,43.650352740,43.657637520,43.657639630,7284.780,7286.890,2.110,,,ok
313,43.676299580,43.683586230,43.683587080,7286.650,7287.500,0.850,,,ok
314,43.701712040,43.709011610,43.709001610,7299.570,7289.570,10.000,,,ok
315,43.725455180,43.732742820,43.732744880,7287.640,7289.700,2.060,,,ok
316,43.751239980,43.758526200,43.758528290,7286.220,7288.310,2.090,,,ok
317,43.776274420,43.783564560,43.783561880,7290.140,7287.460,2.680,,,ok
318,43.802092990,43.809382890,43.809379450,7289.900,7286.460,3.440,,,ok
319,43.825768000,43.833053880,43.833052830,7285.880,7284.830,1.050,,,ok
320,43.850581210,43.857869900,43.857867290,7288.690,7286.080,2.610,,,ok
321,43.875316650,43.882603450,43.882605590,7286.800,7288.940,2.140,,,ok
322,43.900877800,43.908166680,43.908164260,7288.880,7286.460,2.420,,,ok
323,43.926420890,43.933710120,43.933706400,7289.230,7285.510,3.720,,,ok
324,43.952150210,43.959438460,43.959435880,7288.250,7285.670,2.580,,,ok
325,43.975990490,43.983275740,43.983279510,7285.250,7289.020,3.770,,,ok
326,44.001782730,44.009069970,44.009083980,7287.240,7301.250,14.010,,,ok
327,44.027571630,44.034858700,44.034860360,7287.070,7288.730,1.660,,,ok
328,44.052572160,44.059859390,44.059858910,7287.230,7286.750,0.480,,,ok
329,44.078332080,44.085620420,44.085613940,7288.340,7281.860,6.480,,,ok
330,44.104132290,44.111416300,44.111420800,7284.010,7288.510,4.500,,,ok
331,44.129920610,44.137207280,44.137213660,7286.670,7293.050,6.380,,,ok
332,44.154272260,,44.161557920,,7285.660,,,,missing_rx1
333,44.180340080,44.187627850,44.187627070,7287.770,7286.990,0.780,50.421,,ok
334,44.205714350,44.213002290,44.212999580,7287.940,7285.230,2.710,,,ok
335,44.229622350,44.236910730,44.236907960,7288.380,7285.610,2.770,,,ok
336,44.255565500,44.262853110,44.262852450,7287.610,7286.950,0.660,,,ok
337,44.280780690,44.288066570,44.288065890,7285.880,7285.200,0.680,,,ok
338,44.305929740,44.313203950,44.313218500,7274.210,7288.760,14.550,,,ok
339,44.330808340,44.338093330,44.338096760,7284.990,7288.420,3.430,,,ok
340,44.356618080,44.363907500,44.363905350,7289.420,7287.270,2.150,,,ok
341,44.382376710,44.389665980,44.389664690,7289.270,7287.980,1.290,,,ok
342,44.406428390,44.413713490,44.413718010,7285.100,7289.620,4.520,,,ok
343,44.432095860,44.439382990,44.439381700,7287.130,7285.840,1.290,,,ok
344,44.455971640,44.463258850,44.463259980,7287.210,7288.340,1.130,,,ok
345,44.479647130,44.486934560,44.486930820,7287.430,7283.690,3.740,,,ok
346,44.503456110,44.510743020,44.510741990,7286.910,7285.880,1.030,,,ok
347,44.529215970,44.536501400,44.536505390,7285.430,7289.420,3.990,,,ok
348,44.553036920,44.560324970,44.560323900,7288.050,7286.980,1.070,,,ok
349,44.578792630,44.586077080,44.586081220,7284.450,7288.590,4.140,,,ok
350,44.602923260,44.610209080,44.610210850,7285.820,7287.590,1.770,,,ok
351,44.627605550,44.634895150,44.634893190,7289.600,7287.640,1.960,,,ok
352,44.653261490,44.660554010,44.660546300,7292.520,7284.810,7.710,,,ok
353,44.679064040,44.686351010,44.686351040,7286.970,7287.000,0.030,,,ok
354,44.704209850,44.711500350,44.711499250,7290.500,7289.400,1.100,,,ok
355,44.729829440,44.737118640,44.737118050,7289.200,7288.610,0.590,,,ok
356,44.754772820,44.762127480,44.762125990,7354.660,7353.170,1.490,,,ok
357,44.780633680,44.787918020,44.787919710,7284.340,7286.030,1.690,,,ok
358,44.806328750,44.813613780,44.813618170,7285.030,7289.420,4.390,,,ok
359,44.830948560,44.838237180,44.838235220,7288.620,7286.660,1.960,,,ok
360,44.856742230,44.864029330,44.864030000,7287.100,7287.770,0.670,,,ok
361,44.880733480,44.888023180,44.888022650,7289.700,7289.170,0.530,,,ok
362,44.905784130,44.913072650,44.913070970,7288.520,7286.840,1.680,,,ok
363,44.929301330,44.936589760,44.936589250,7288.430,7287.920,0.510,,,ok
364,44.953618610,44.960904180,44.960903770,7285.570,7285.160,0.410,,,ok
365,44.977311500,44.984597540,44.984597420,7286.040,7285.920,0.120,,,ok
366,45.001081160,45.008371120,45.008370600,7289.960,7289.440,0.520,,,ok
367,45.026780170,45.034068360,45.034069310,7288.190,7289.140,0.950,,,ok
368,45.052609410,45.059897900,45.059897670,7288.490,7288.260,0.230,,,ok
369,45.078298930,45.085586220,45.085583370,7287.290,7284.440,2.850,,,ok
370,45.104163570,45.111449660,45.111449440,7286.090,7285.870,0.220,,,ok
371,45.129629510,45.136916720,45.136917860,7287.210,7288.350,1.140,,,ok
372,45.154819380,45.162106370,45.162106410,7286.990,7287.030,0.040,,,ok
373,45.180076890,45.187364980,45.187363980,7288.090,7287.090,1.000,,,ok
374,45.205726230,45.213013170,45.213013320,7286.940,7287.090,0.150,,,ok
375,45.231145920,45.238431630,45.238431760,7285.710,7285.840,0.130,,,ok
376,45.256878200,45.264164990,45.264230600,7286.790,7352.400,65.610,,,ok
377,45.280773880,45.288063520,45.288062250,7289.640,7288.370,1.270,,,ok
378,45.306217650,45.313506790,45.313507070,7289.140,7289.420,0.280,,,ok
379,45.331433090,45.338719310,45.338720680,7286.220,7287.590,1.370,,,ok
380,45.357195580,45.364483610,45.364483270,7288.030,7287.690,0.340,,,ok
381,45.382723730,45.390011900,45.390009930,7288.170,7286.200,1.970,,,ok
382,45.406308280,45.413595370,45.413595870,7287.090,7287.590,0.500,,,ok
383,45.431877770,45.439162540,45.439164270,7284.770,7286.500,1.730,,,ok
384,45.457738690,45.465025980,45.465027680,7287.290,7288.990,1.700,,,ok
385,45.483145820,45.490435630,45.490436140,7289.810,7290.320,0.510,,,ok
386,45.508969120,45.516258230,45.516254480,7289.110,7285.360,3.750,,,ok
387,45.533417740,45.540706670,45.540702170,7288.930,7284.430,4.500,,,ok
388,45.559072270,45.566359890,45.566361490,7287.620,7289.220,1.600,,,ok
389,45.584455500,45.591744100,45.591744900,7288.600,7289.400,0.800,,,ok
390,45.610239990,45.617479210,45.617527440,7239.220,7287.450,48.230,,,ok
391,45.635967410,45.643255810,45.643256010,7288.400,7288.600,0.200,,,ok
392,45.659781320,45.667069520,45.667070540,7288.200,7289.220,1.020,,,ok
393,45.683549270,45.690836820,45.690838730,7287.550,7289.460,1.910,,,ok
394,45.708837250,45.716123680,45.716127180,7286.430,7289.930,3.500,,,ok
395,45.734554820,45.741844600,45.741840560,7289.780,7285.740,4.040,,,ok
396,45.760408020,45.767692080,45.767693230,7284.060,7285.210,1.150,,,ok
397,45.784545760,,45.791830130,,7284.370,,,,missing_rx1
398,45.810236330,45.817524610,45.817525870,7288.280,7289.540,1.260,49.833,,ok
399,45.836131440,45.843418130,45.843419400,7286.690,7287.960,1.270,,,ok
400,45.859998190,45.867286410,45.867285480,7288.220,7287.290,0.930,,,ok
401,45.883839970,45.891128410,45.891125430,7288.440,7285.460,2.980,,,ok
402,45.908960490,45.916247290,45.916249770,7286.800,7289.280,2.480,,,ok
403,45.934705920,45.941991670,45.941993210,7285.750,7287.290,1.540,,,ok
404,45.959235000,45.966524130,45.966520740,7289.130,7285.740,3.390,,,ok
405,45.984921320,45.992208530,45.992207600,7287.210,7286.280,0.930,,,ok
406,46.010602410,46.017891660,46.017888580,7289.250,7286.170,3.080,,,ok
407,46.034572260,46.041859430,46.041859360,7287.170,7287.100,0.070,,,ok
408,46.058217250,46.065503690,46.065571070,7286.440,7353.820,67.380,,,ok
409,46.082782850,46.090072020,46.090068790,7289.170,7285.940,3.230,,,ok
410,46.107853750,46.115140440,46.115142340,7286.690,7288.590,1.900,,,ok
411,46.133527480,46.140812920,46.140814340,7285.440,7286.860,1.420,,,ok
412,46.159066450,46.166351010,46.166353140,7284.560,7286.690,2.130,,,ok
413,46.184572470,46.191860620,46.191856750,7288.150,7284.280,3.870,,,ok
414,46.209464560,46.216753020,46.216750210,7288.460,7285.650,2.810,,,ok
415,46.235005750,46.242292310,46.242294640,7286.560,7288.890,2.330,,,ok
416,46.260544270,46.267829980,46.267832000,7285.710,7287.730,2.020,,,ok
417,46.284609230,46.291899240,46.291896250,7290.010,7287.020,2.990,,,ok
418,46.310506440,46.317760180,46.317794740,7253.740,7288.300,34.560,,,ok
419,46.336198740,46.343485950,46.343487060,7287.210,7288.320,1.110,,,ok
420,46.359912210,46.367198460,46.367201690,7286.250,7289.480,3.230,,,ok
421,46.385678720,46.392965420,46.392964260,7286.700,7285.540,1.160,,,ok
422,46.409716250,46.417000090,46.417003620,7283.840,7287.370,3.530,,,ok
423,46.435690240,46.442978360,46.442976940,7288.120,7286.700,1.420,,,ok
424,46.461389040,46.468678090,46.468675530,7289.050,7286.490,2.560,,,ok
425,46.487203380,46.494490470,46.494489030,7287.090,7285.650,1.440,,,ok
426,46.512778900,46.520062260,46.520066560,7283.360,7287.660,4.300,,,ok
427,46.538633260,46.545918080,46.545920900,7284.820,7287.640,2.820,,,ok
428,46.564145950,46.571430690,46.571431870,7284.740,7285.920,1.180,,,ok
429,46.589399170,46.596685000,46.596686960,7285.830,7287.790,1.960,,,ok
430,46.615203340,46.622450900,46.622490210,7247.560,7286.870,39.310,,,ok
431,46.640899820,46.648186990,46.648189870,7287.170,7290.050,2.880,,,ok
432,46.665148650,46.672435140,46.672437080,7286.490,7288.430,1.940,,,ok
433,46.690551930,46.697838600,46.697840550,7286.670,7288.620,1.950,,,ok
434,46.716324310,46.723609230,46.723609140,7284.920,7284.830,0.090,,,ok
435,46.742086940,46.749375580,46.749361540,7288.640,7274.600,14.040,,,ok
436,46.767849340,46.775138690,46.775135820,7289.350,7286.480,2.870,,,ok
437,46.792742590,46.800031320,46.800029360,7288.730,7286.770,1.960,,,ok
438,46.817843150,46.825130700,46.825127930,7287.550,7284.780,2.770,,,ok
439,46.842825050,46.850114010,46.850112060,7288.960,7287.010,1.950,,,ok
440,46.867779950,46.875065010,46.875064670,7285.060,7284.720,0.340,,,ok
441,46.893595600,46.900885750,46.900884280,7290.150,7288.680,1.470,,,ok
442,46.918854560,46.926141750,46.926141080,7287.190,7286.520,0.670,,,ok
443,46.944583570,46.951871790,46.951870130,7288.220,7286.560,1.660,,,ok
444,46.970419370,46.977706170,46.977703280,7286.800,7283.910,2.890,,,ok
445,46.996483390,47.003769360,47.003773000,7285.970,7289.610,3.640,,,ok
446,47.021828690,47.029117760,47.029113940,7289.070,7285.250,3.820,,,ok
447,47.047563950,47.054851300,47.054849910,7287.350,7285.960,1.390,,,ok
448,47.073429180,47.080718240,47.080718370,7289.060,7289.190,0.130,,,ok
449,47.097550930,47.104837140,47.104835420,7286.210,7284.490,1.720,,,ok
450,47.121200400,47.128486380,47.128489920,7285.980,7289.520,3.540,,,ok
451,47.146444940,47.153734760,47.153732200,7289.820,7287.260,2.560,,,ok
452,47.170575000,47.177862240,47.177861980,7287.240,7286.980,0.260,,,ok
453,47.194260970,47.201546810,47.201550500,7285.840,7289.530,3.690,,,ok
454,47.220085230,47.227375020,47.227373820,7289.790,7288.590,1.200,,,ok
455,47.243865990,47.251152580,47.251150990,7286.590,7285.000,1.590,,,ok
456,47.267929150,47.275216710,47.275214600,7287.560,7285.450,2.110,,,ok
457,47.293589140,47.300875230,47.300878340,7286.090,7289.200,3.110,,,ok
458,47.319285520,47.326573740,47.326572530,7288.220,7287.010,1.210,,,ok
459,47.344446000,47.351730990,47.351735950,7284.990,7289.950,4.960,,,ok
460,47.370101570,47.377390530,47.377389650,7288.960,7288.080,0.880,,,ok
461,47.396125410,47.403413750,47.403411910,7288.340,7286.500,1.840,,,ok
462,47.421698680,47.428986250,47.428985000,7287.570,7286.320,1.250,,,ok
463,47.446429260,47.453715540,47.453714830,7286.280,7285.570,0.710,,,ok
464,47.471582450,47.478866480,47.478867990,7284.030,7285.540,1.510,,,ok
465,47.495336570,47.502622320,47.502622220,7285.750,7285.650,0.100,,,ok
466,47.520609820,47.527894410,47.527899870,7284.590,7290.050,5.460,,,ok
467,47.546441640,47.553728430,47.553727540,7286.790,7285.900,0.890,,,ok
468,47.571872900,47.579228450,47.579162110,7355.550,7289.210,66.340,,,ok
469,47.597640650,47.604926160,47.604930270,7285.510,7289.620,4.110,,,ok
470,47.621441230,47.628728060,47.628727920,7286.830,7286.690,0.140,,,ok
471,47.646250480,47.653595340,47.653602280,7344.860,7351.800,6.940,,,ok
472,47.672003550,47.679288490,47.679290780,7284.940,7287.230,2.290,,,ok
473,47.697538570,47.704824340,47.704824460,7285.770,7285.890,0.120,,,ok
474,47.722462360,47.729747120,47.729751880,7284.760,7289.520,4.760,,,ok
475,47.748200390,47.755485310,47.755488820,7284.920,7288.430,3.510,,,ok
476,47.773129640,47.780419660,47.780418810,7290.020,7289.170,0.850,,,ok
477,47.798918580,47.806208060,47.806210520,7289.480,7291.940,2.460,,,ok
478,47.824422610,47.831709110,47.831711340,7286.500,7288.730,2.230,,,ok
479,47.850182720,47.857470110,47.857469060,7287.390,7286.340,1.050,,,ok
480,47.875622870,47.882907030,47.882908230,7284.160,7285.360,1.200,,,ok
481,47.901536040,47.908820780,47.908821880,7284.740,7285.840,1.100,,,ok
482,47.926201900,47.933487530,47.933490430,7285.630,7288.530,2.900,,,ok
483,47.952064960,47.959352220,47.959353640,7287.260,7288.680,1.420,,,ok
484,47.977732550,47.985021940,47.985022230,7289.390,7289.680,0.290,,,ok
485,48.001535800,48.008824150,48.008824670,7288.350,7288.870,0.520,,,ok
486,48.026917670,48.034203860,48.034203970,7286.190,7286.300,0.110,,,ok
487,48.052666870,48.059956320,48.059956250,7289.450,7289.380,0.070,,,ok
488,48.076599610,48.083885570,48.083885920,7285.960,7286.310,0.350,,,ok
489,48.101821090,48.109109030,48.109108490,7287.940,7287.400,0.540,,,ok
490,48.125921250,48.133207350,48.133207740,7286.100,7286.490,0.390,,,ok
491,48.151771410,48.159060940,48.159061040,7289.530,7289.630,0.100,,,ok
492,48.177243160,48.184529230,48.184528740,7286.070,7285.580,0.490,,,ok
493,48.203098120,48.210387520,48.210388140,7289.400,7290.020,0.620,,,ok
494,48.228568790,48.235855070,48.235856440,7286.280,7287.650,1.370,,,ok
495,48.254424450,48.261714380,48.261714940,7289.930,7290.490,0.560,,,ok
496,48.278440860,48.285727760,48.285727680,7286.900,7286.820,0.080,,,ok
497,48.304188170,48.311540260,48.311476720,7352.090,7288.550,63.540,,,ok
498,48.329896950,48.337184540,48.337184040,7287.590,7287.090,0.500,,,ok
499,48.355738170,48.363021680,48.363022860,7283.510,7284.690,1.180,,,ok
500,48.380602230,48.387891350,48.387889890,7289.120,7287.660,1.460,,,ok
501,48.405407230,48.412692230,48.412695580,7285.000,7288.350,3.350,,,ok
502,48.431131540,48.438418170,48.438418360,7286.630,7286.820,0.190,,,ok
503,48.456765450,48.464050630,48.464051590,7285.180,7286.140,0.960,,,ok
504,48.481246340,48.488535160,48.488533560,7288.820,7287.220,1.600,,,ok
505,48.507134090,48.514422330,48.514419480,7288.240,7285.390,2.850,,,ok
506,48.532847410,48.540136990,48.540132740,7289.580,7285.330,4.250,,,ok
507,48.558565020,48.565849310,48.565851370,7284.290,7286.350,2.060,,,ok
508,48.584294630,48.591583500,48.591583890,7288.870,7289.260,0.390,,,ok
509,48.609675130,48.616961940,48.616963190,7286.810,7288.060,1.250,,,ok
510,48.635218060,48.642505460,48.642506640,7287.400,7288.580,1.180,,,ok
511,48.658797280,48.666083510,48.666084310,7286.230,7287.030,0.800,,,ok
512,48.684109170,48.691396300,48.691398560,7287.130,7289.390,2.260,,,ok
513,48.707661480,48.714949740,48.714928110,7288.260,7266.630,21.630,,,ok
514,48.733582570,48.740868850,48.740869700,7286.280,7287.130,0.850,,,ok
515,48.757550620,48.764835940,48.764838700,7285.320,7288.080,2.760,,,ok
516,48.783404880,48.790690750,48.790691150,7285.870,7286.270,0.400,,,ok
517,48.807430230,48.814716750,48.814715690,7286.520,7285.460,1.060,,,ok
518,48.833198780,48.840487590,48.840486570,7288.810,7287.790,1.020,,,ok
519,48.859019180,48.866305900,48.866306160,7286.720,7286.980,0.260,,,ok
520,48.884599930,48.891889300,48.891885290,7289.370,7285.360,4.010,,,ok
521,48.909225140,48.916511890,48.916514340,7286.750,7289.200,2.450,,,ok
522,48.934795810,48.942078680,48.942078570,7282.870,7282.760,0.110,,,ok
523,48.958794990,48.966083580,48.966081330,7288.590,7286.340,2.250,,,ok
524,48.984072410,48.991356940,48.991359880,7284.530,7287.470,2.940,,,ok
525,49.009350430,49.016636400,49.016635740,7285.970,7285.310,0.660,,,ok
526,49.035151060,49.042438340,49.042436780,7287.280,7285.720,1.560,,,ok
527,49.060354070,49.067642200,49.067640230,7288.130,7286.160,1.970,,,ok
528,49.084943270,49.092229070,49.092227230,7285.800,7283.960,1.840,,,ok
529,49.109914130,49.117198890,49.117202320,7284.760,7288.190,3.430,,,ok
530,49.133948060,49.141233410,49.141235450,7285.350,7287.390,2.040,,,ok
531,49.158983270,49.166270850,49.166266520,7287.580,7283.250,4.330,,,ok
532,49.184783790,49.192070080,49.192072520,7286.290,7288.730,2.440,,,ok
533,49.209013230,49.216302400,49.216299990,7289.170,7286.760,2.410,,,ok
534,49.233969020,49.241256880,49.241258120,7287.860,7289.100,1.240,,,ok
535,49.258824120,49.266108740,49.266112940,7284.620,7288.820,4.200,,,ok
536,49.283304240,49.290593700,49.290591090,7289.460,7286.850,2.610,,,ok
537,49.308947190,49.316237020,49.316234590,7289.830,7287.400,2.430,,,ok
538,49.333973600,49.341259620,49.341263200,7286.020,7289.600,3.580,,,ok
539,49.359790440,49.367076330,49.367076440,7285.890,7286.000,0.110,,,ok
540,49.384911780,49.392197360,49.392199110,7285.580,7287.330,1.750,,,ok
541,49.410579450,49.417864800,49.417868550,7285.350,7289.100,3.750,,,ok
542,49.434890340,49.442178320,49.442176870,7287.980,7286.530,1.450,,,ok
543,49.459866180,49.467151470,49.467155390,7285.290,7289.210,3.920,,,ok
544,49.483400710,49.490689680,49.490687900,7288.970,7287.190,1.780,,,ok
545,49.509127550,49.516413370,49.516417300,7285.820,7289.750,3.930,,,ok
546,49.534920110,49.542206600,49.542204620,7286.490,7284.510,1.980,,,ok
547,49.560176240,49.567465980,49.567463940,7289.740,7287.700,2.040,,,ok
548,49.583969510,49.591252070,49.591257500,7282.560,7287.990,5.430,,,ok
549,49.609810300,49.617097030,49.617095950,7286.730,7285.650,1.080,,,ok
550,49.634854430,49.642140260,49.642142910,7285.830,7288.480,2.650,,,ok
551,49.659798180,49.667082090,49.667087890,7283.910,7289.710,5.800,,,ok
552,49.684954350,49.692242260,49.692186590,7287.910,7232.240,55.670,,,ok
553,49.709403640,49.716690620,49.716688760,7286.980,7285.120,1.860,,,ok
554,49.734030200,49.741319750,49.741317390,7289.550,7287.190,2.360,,,ok
555,49.759405930,49.766692370,49.766696750,7286.440,7290.820,4.380,,,ok
556,49.785300480,49.792585650,49.792589210,7285.170,7288.730,3.560,,,ok
557,49.810261980,49.817548940,49.817546090,7286.960,7284.110,2.850,,,ok
558,49.834849310,49.842138380,49.842136910,7289.070,7287.600,1.470,,,ok
559,49.859932580,49.867221800,49.867219330,7289.220,7286.750,2.470,,,ok
560,49.884887790,49.892174300,49.892173000,7286.510,7285.210,1.300,,,ok
561,49.910426020,49.917712830,49.917712220,7286.810,7286.200,0.610,,,ok
562,49.935541250,49.942826200,49.942830780,7284.950,7289.530,4.580,,,ok
563,49.959899160,49.967182920,49.967189160,7283.760,7290.000,6.240,,,ok
564,49.984315560,49.991603020,49.991602770,7287.460,7287.210,0.250,,,ok
565,50.010140290,50.017427110,50.017426030,7286.820,7285.740,1.080,,,ok
566,50.035925880,50.043214780,50.043213310,7288.900,7287.430,1.470,,,ok
567,50.061013880,50.068303400,50.068303100,7289.520,7289.220,0.300,,,ok
568,50.085190290,50.092477550,50.092475000,7287.260,7284.710,2.550,,,ok
569,50.108957800,50.116245910,50.116244900,7288.110,7287.100,1.010,,,ok
570,50.134048580,50.141333310,50.141337410,7284.730,7288.830,4.100,,,ok
571,50.158843350,50.166131710,50.166131850,7288.360,7288.500,0.140,,,ok
572,50.183968890,50.191255850,50.191254170,7286.960,7285.280,1.680,,,ok
573,50.209603140,50.216887110,50.216888510,7283.970,7285.370,1.400,,,ok
574,50.234146620,50.241433130,50.241431070,7286.510,7284.450,2.060,,,ok
575,50.260067710,50.267356220,50.267353040,7288.510,7285.330,3.180,,,ok
576,50.285059190,50.292344840,50.292349000,7285.650,7289.810,4.160,,,ok
577,50.310562360,50.317847120,50.317852440,7284.760,7290.080,5.320,,,ok
578,50.334107660,50.341395200,50.341395780,7287.540,7288.120,0.580,,,ok
579,50.358975080,50.366264910,50.366264160,7289.830,7289.080,0.750,,,ok
580,50.384793980,50.392083290,50.392082600,7289.310,7288.620,0.690,,,ok
581,50.410551960,50.417840330,50.417841050,7288.370,7289.090,0.720,,,ok
582,50.435005540,50.442292340,50.442294610,7286.800,7289.070,2.270,,,ok
583,50.459006580,50.466293300,50.466291950,7286.720,7285.370,1.350,,,ok
584,50.484823270,50.492111630,50.492110620,7288.360,7287.350,1.010,,,ok
585,50.510740260,50.518029260,50.518029860,7289.000,7289.600,0.600,,,ok
586,50.535914400,50.543203450,50.543203390,7289.050,7288.990,0.060,,,ok
587,50.560432650,50.567721060,50.567721740,7288.410,7289.090,0.680,,,ok
588,50.584966360,50.592254520,50.592254120,7288.160,7287.760,0.400,,,ok
589,50.609008740,50.616298630,50.616275880,7289.890,7267.140,22.750,,,ok
590,50.633636410,50.640921230,50.640921320,7284.820,7284.910,0.090,,,ok
591,50.658024660,50.665309530,50.665310680,7284.870,7286.020,1.150,,,ok
592,50.681838610,50.689123260,50.689128100,7284.650,7289.490,4.840,,,ok
593,50.707553630,50.714841450,50.714840040,7287.820,7286.410,1.410,,,ok
594,50.733325930,50.740615870,50.740613360,7289.940,7287.430,2.510,,,ok
595,50.759004810,50.766294280,50.766294340,7289.470,7289.530,0.060,,,ok
596,50.784571440,50.791835660,50.791857680,7264.220,7286.240,22.020,,,ok
597,50.810291300,50.817581060,50.817580330,7289.760,7289.030,0.730,,,ok
598,50.833968600,50.841254560,50.841254750,7285.960,7286.150,0.190,,,ok
599,50.859866810,50.867152000,50.867218490,7285.190,7351.680,66.490,,,ok
600,50.885044170,50.892331250,50.892331640,7287.080,7287.470,0.390,,,ok
601,50.910005150,50.917294650,50.917294040,7289.500,7288.890,0.610,,,ok
602,50.934890940,50.942178150,50.942177630,7287.210,7286.690,0.520,,,ok
603,50.959656480,50.966944070,50.966940950,7287.590,7284.470,3.120,,,ok
604,50.985328710,50.992614970,50.992615350,7286.260,7286.640,0.380,,,ok
605,51.009363120,51.016648220,51.016652940,7285.100,7289.820,4.720,,,ok
606,51.034795340,51.042080790,51.042081400,7285.450,7286.060,0.610,,,ok
607,51.058348350,51.065632620,51.065634360,7284.270,7286.010,1.740,,,ok
608,51.084075960,51.091363440,51.091364070,7287.480,7288.110,0.630,,,ok
609,51.109867340,51.117156150,51.117152460,7288.810,7285.120,3.690,,,ok
610,51.134983750,51.142269360,51.142271040,7285.610,7287.290,1.680,,,ok
611,51.159879020,51.167168400,51.167161880,7289.380,7282.860,6.520,,,ok
612,51.185537050,51.192808030,51.192822890,7270.980,7285.840,14.860,,,ok
613,51.211011430,51.218299530,51.218301270,7288.100,7289.840,1.740,,,ok
614,51.236682540,51.243968890,51.243968810,7286.350,7286.270,0.080,,,ok
615,51.262407520,51.269697260,51.269693340,7289.740,7285.820,3.920,,,ok
616,51.288171010,51.295459220,51.295461580,7288.210,7290.570,2.360,,,ok
617,51.313983120,51.321268230,51.321263140,7285.110,7280.020,5.090,,,ok
618,51.339206510,51.346492520,51.346492730,7286.010,7286.220,0.210,,,ok
619,51.364587370,51.371875870,51.371877070,7288.500,7289.700,1.200,,,ok
620,51.388617660,51.395849540,51.395971140,7231.880,7353.480,121.600,,,ok
621,51.412632090,51.419915230,51.419916220,7283.140,7284.130,0.990,,,ok
622,51.438436430,51.445726010,51.445722400,7289.580,7285.970,3.610,,,ok
623,51.464206180,51.471494400,51.471495690,7288.220,7289.510,1.290,,,ok
624,51.489958580,51.497246720,51.497249220,7288.140,7290.640,2.500,,,ok
625,51.515463190,51.522750350,51.522752700,7287.160,7289.510,2.350,,,ok
626,51.541158320,51.548442050,51.548445060,7283.730,7286.740,3.010,,,ok
627,51.567404990,51.574692970,51.574694530,7287.980,7289.540,1.560,,,ok
628,51.593197690,51.600486410,51.600483060,7288.720,7285.370,3.350,,,ok
629,51.618993980,51.626278790,51.626281440,7284.810,7287.460,2.650,,,ok
630,51.644700930,51.651988100,51.651987190,7287.170,7286.260,0.910,,,ok
631,51.669133880,51.676419210,51.676422380,7285.330,7288.500,3.170,,,ok
632,51.692826620,51.700114190,51.700115740,7287.570,7289.120,1.550,,,ok
633,51.718256850,51.725543400,51.725544330,7286.550,7287.480,0.930,,,ok
634,51.743992800,51.751280880,51.751278630,7288.080,7285.830,2.250,,,ok
635,51.768149210,51.775434950,51.775435670,7285.740,7286.460,0.720,,,ok
636,51.791948890,51.799238740,51.799235610,7289.850,7286.720,3.130,,,ok
637,51.815629630,51.822917080,51.822918160,7287.450,7288.530,1.080,,,ok
638,51.839181490,51.846470270,51.846464910,7288.780,7283.420,5.360,,,ok
639,51.863036050,51.870322900,51.870325210,7286.850,7289.160,2.310,,,ok
640,51.888819850,51.896107290,51.896109170,7287.440,7289.320,1.880,,,ok
641,51.914584180,51.921869690,51.921871900,7285.510,7287.720,2.210,,,ok
642,51.940240520,51.947528090,51.947526120,7287.570,7285.600,1.970,,,ok
643,51.966035630,51.973322150,51.973323830,7286.520,7288.200,1.680,,,ok
644,51.991922490,51.999208420,51.999207920,7285.930,7285.430,0.500,,,ok
645,52.017677830,52.024963320,52.024965660,7285.490,7287.830,2.340,,,ok
646,52.042015080,52.049301850,52.049304830,7286.770,7289.750,2.980,,,ok
647,52.067723290,52.075009910,52.075012600,7286.620,7289.310,2.690,,,ok
648,52.093461460,52.100749430,52.100746690,7287.970,7285.230,2.740,,,ok
649,52.117426310,52.124712750,52.124715260,7286.440,7288.950,2.510,,,ok
650,52.143092900,52.150381250,52.150383800,7288.350,7290.900,2.550,,,ok
651,52.168278290,52.175564600,52.175567200,7286.310,7288.910,2.600,,,ok
652,52.192693140,52.199982020,52.199979750,7288.880,7286.610,2.270,,,ok
653,52.218447270,52.225736320,52.225732800,7289.050,7285.530,3.520,,,ok
654,52.242447810,52.249734760,52.249737360,7286.950,7289.550,2.600,,,ok
655,52.266290530,52.273576970,52.273575890,7286.440,7285.360,1.080,,,ok
656,52.292141490,52.299429070,52.299426770,7287.580,7285.280,2.300,,,ok
657,52.317846710,52.325134850,52.325132860,7288.140,7286.150,1.990,,,ok
658,52.343613960,52.350900640,52.350898760,7286.680,7284.800,1.880,,,ok
659,52.369234170,52.376521870,52.376522120,7287.700,7287.950,0.250,,,ok
660,52.394960240,52.402248730,52.402246850,7288.490,7286.610,1.880,,,ok
661,52.419982030,52.427266040,52.427271480,7284.010,7289.450,5.440,,,ok
662,52.444937300,52.452226080,52.452225050,7288.780,7287.750,1.030,,,ok
663,52.470697370,52.477984460,52.477982010,7287.090,7284.640,2.450,,,ok
664,52.496458060,52.503741210,52.503746040,7283.150,7287.980,4.830,,,ok
665,52.521577520,52.528929710,52.528864420,7352.190,7286.900,65.290,,,ok
666,52.546315790,52.553605490,52.553603940,7289.700,7288.150,1.550,,,ok
667,52.570174320,52.577463970,52.577461280,7289.650,7286.960,2.690,,,ok
668,52.593762710,52.601049990,52.601050530,7287.280,7287.820,0.540,,,ok
669,52.618428710,52.625715790,52.625718220,7287.080,7289.510,2.430,,,ok
670,52.643113350,52.650397770,52.650402520,7284.420,7289.170,4.750,,,ok
671,52.668832750,52.676122580,52.676121040,7289.830,7288.290,1.540,,,ok
672,52.692610200,52.699959190,52.699898550,7348.990,7288.350,60.640,,,ok
673,52.718274120,52.725561790,52.725562030,7287.670,7287.910,0.240,,,ok
674,52.742865970,52.750152860,52.750149870,7286.890,7283.900,2.990,,,ok
675,52.768060930,52.775351070,52.775349750,7290.140,7288.820,1.320,,,ok
676,52.794179330,52.801530110,52.801468070,7350.780,7288.740,62.040,,,ok
677,52.819421040,52.826706820,52.826705200,7285.780,7284.160,1.620,,,ok
678,52.845288800,52.852576320,52.852574100,7287.520,7285.300,2.220,,,ok
679,52.868991390,52.876345660,52.876277790,7354.270,7286.400,67.870,,,ok
680,52.894746380,52.902030570,52.902037060,7284.190,7290.680,6.490,,,ok
681,52.919765610,52.927050390,52.927050150,7284.780,7284.540,0.240,,,ok
682,52.944431270,52.951719930,52.951718720,7288.660,7287.450,1.210,,,ok
683,52.970121480,52.977408290,52.977412180,7286.810,7290.700,3.890,,,ok
684,52.995135770,53.002431830,53.002430370,7296.060,7294.600,1.460,,,ok
685,53.020570360,53.027860000,53.027859040,7289.640,7288.680,0.960,,,ok
686,53.046586590,53.053871100,53.053872280,7284.510,7285.690,1.180,,,ok
687,53.072416490,53.079701860,53.079705870,7285.370,7289.380,4.010,,,ok
688,53.097665140,53.104949460,53.104954230,7284.320,7289.090,4.770,,,ok
689,53.122600290,53.129887710,53.129886900,7287.420,7286.610,0.810,,,ok
690,53.147454760,53.154739610,53.154741130,7284.850,7286.370,1.520,,,ok
691,53.172253640,53.179540700,53.179538760,7287.060,7285.120,1.940,,,ok
692,53.197865530,53.205151300,53.205150510,7285.770,7284.980,0.790,,,ok
693,53.223647660,53.230937300,53.230936480,7289.640,7288.820,0.820,,,ok
694,53.249409940,53.256694800,53.256694130,7284.860,7284.190,0.670,,,ok
695,53.274785840,53.282072780,53.282073340,7286.940,7287.500,0.560,,,ok
696,53.300553320,53.307842470,53.307839450,7289.150,7286.130,3.020,,,ok
697,53.325154630,53.332440950,53.332444390,7286.320,7289.760,3.440,,,ok
698,53.350945510,53.358231480,53.358233860,7285.970,7288.350,2.380,,,ok
699,53.376611180,53.383897730,53.383897320,7286.550,7286.140,0.410,,,ok
700,53.401149320,53.408435170,53.408434340,7285.850,7285.020,0.830,,,ok
701,53.425564340,53.432851920,53.432854290,7287.580,7289.950,2.370,,,ok
702,53.451347240,53.458631940,53.458632670,7284.700,7285.430,0.730,,,ok
703,53.476566530,53.483855380,53.483855050,7288.850,7288.520,0.330,,,ok
704,53.501540470,53.508829780,53.508829420,7289.310,7288.950,0.360,,,ok
705,53.527008620,53.534298090,53.534296910,7289.470,7288.290,1.180,,,ok
706,53.552991210,53.560281550,53.560275390,7290.340,7284.180,6.160,,,ok
707,53.576422340,53.583709740,53.583708480,7287.400,7286.140,1.260,,,ok
708,53.602247870,53.609533320,53.609532190,7285.450,7284.320,1.130,,,ok
709,53.627154300,53.634441530,53.634441590,7287.230,7287.290,0.060,,,ok
710,53.651751840,53.659040040,53.659039100,7288.200,7287.260,0.940,,,ok
711,53.677481390,53.684767200,53.684767680,7285.810,7286.290,0.480,,,ok
712,53.703202040,53.710491660,53.710491960,7289.620,7289.920,0.300,,,ok
713,53.729038580,53.736324330,53.736324490,7285.750,7285.910,0.160,,,ok
714,53.754503670,53.761793730,53.761788890,7290.060,7285.220,4.840,,,ok
715,53.780076510,53.787366000,53.787361470,7289.490,7284.960,4.530,,,ok
716,53.805260110,53.812550290,53.812550690,7290.180,7290.580,0.400,,,ok
717,53.830791470,53.838078940,53.838079270,7287.470,7287.800,0.330,,,ok
718,53.856041300,53.863327400,53.863327590,7286.100,7286.290,0.190,,,ok
719,53.881542280,53.888830610,53.888829780,7288.330,7287.500,0.830,,,ok
720,53.905288440,53.912574010,53.912574470,7285.570,7286.030,0.460,,,ok
721,53.931002550,53.938289950,53.938291980,7287.400,7289.430,2.030,,,ok
722,53.956534840,53.963819490,53.963821420,7284.650,7286.580,1.930,,,ok
723,53.981901640,53.989186660,53.989188880,7285.020,7287.240,2.220,,,ok
724,54.007668450,54.014909550,54.014958350,7241.100,7289.900,48.800,,,ok
725,54.033455710,54.040740720,54.040740500,7285.010,7284.790,0.220,,,ok
726,54.057557870,54.064843540,54.064845150,7285.670,7287.280,1.610,,,ok
727,54.083540310,54.090827770,54.090827610,7287.460,7287.300,0.160,,,ok
728,54.108917020,54.116206230,54.116206240,7289.210,7289.220,0.010,,,ok
729,54.134710280,54.141997140,54.141998020,7286.860,7287.740,0.880,,,ok
730,54.159734650,54.167022080,54.167023890,7287.430,7289.240,1.810,,,ok
731,54.184797360,54.192086380,54.192082630,7289.020,7285.270,3.750,,,ok
732,54.209026060,54.216314810,54.216315740,7288.750,7289.680,0.930,,,ok
733,54.234815980,54.242103040,54.242104180,7287.060,7288.200,1.140,,,ok
734,54.259267890,54.266555260,54.266556760,7287.370,7288.870,1.500,,,ok
735,54.284575020,54.291859050,54.291861210,7284.030,7286.190,2.160,,,ok
736,54.308239880,54.315528450,54.315529420,7288.570,7289.540,0.970,,,ok
737,54.332798460,54.340086910,54.340087900,7288.450,7289.440,0.990,,,ok
738,54.358544430,54.365830050,54.365830550,7285.620,7286.120,0.500,,,ok
739,54.383970180,54.391257720,54.391258560,7287.540,7288.380,0.840,,,ok
740,54.409735600,54.417021950,54.417020790,7286.350,7285.190,1.160,,,ok
741,54.435528640,54.442814390,54.442816710,7285.750,7288.070,2.320,,,ok
742,54.460036600,54.467323660,54.467325130,7287.060,7288.530,1.470,,,ok
743,54.484546610,54.491830830,54.491832820,7284.220,7286.210,1.990,,,ok
744,54.510244260,54.517530540,54.517531970,7286.280,7287.710,1.430,,,ok
745,54.534148010,54.541431440,54.541433000,7283.430,7284.990,1.560,,,ok
746,54.558956610,54.566242270,54.566244000,7285.660,7287.390,1.730,,,ok
747,54.584646380,54.591934800,54.591932520,7288.420,7286.140,2.280,,,ok
748,54.609861780,54.617149070,54.617126740,7287.290,7264.960,22.330,,,ok
749,54.634855590,54.642140070,54.642144200,7284.480,7288.610,4.130,,,ok
750,54.659880130,54.667164940,54.667166520,7284.810,7286.390,1.580,,,ok
751,54.685756700,54.693044090,54.693044850,7287.390,7288.150,0.760,,,ok
752,54.711549870,54.718836880,54.718839480,7287.010,7289.610,2.600,,,ok
753,54.737455540,54.744741070,54.744742260,7285.530,7286.720,1.190,,,ok
754,54.763083060,54.770369510,54.770371560,7286.450,7288.500,2.050,,,ok
755,54.788802440,54.796088090,54.796087560,7285.650,7285.120,0.530,,,ok
756,54.817401280,54.824696280,54.824698400,7295.000,7297.120,2.120,,,ok
757,54.841113830,54.848399760,54.848401800,7285.930,7287.970,2.040,,,ok
758,54.866005410,54.873293050,54.873293910,7287.640,7288.500,0.860,,,ok
759,54.891810000,54.899096470,54.899098620,7286.470,7288.620,2.150,,,ok
760,54.917552300,54.924839990,54.924839810,7287.690,7287.510,0.180,,,ok
761,54.943095840,54.950340100,54.950385630,7244.260,7289.790,45.530,,,ok
762,54.968757180,54.976044160,54.976044090,7286.980,7286.910,0.070,,,ok
763,54.994592310,55.001878730,55.001882600,7286.420,7290.290,3.870,,,ok
764,55.020341060,55.027627640,55.027630830,7286.580,7289.770,3.190,,,ok
765,55.044310890,55.051597020,55.051599440,7286.130,7288.550,2.420,,,ok
766,55.069232050,55.076520350,55.076530860,7288.300,7298.810,10.510,,,ok
767,55.093338420,55.100628610,55.100626280,7290.190,7287.860,2.330,,,ok
768,55.118950170,55.126237210,55.126239760,7287.040,7289.590,2.550,,,ok
769,55.144691620,55.151980440,55.151978140,7288.820,7286.520,2.300,,,ok
770,55.168532380,55.175816210,55.175819190,7283.830,7286.810,2.980,,,ok
771,55.193774630,55.201062400,55.201059900,7287.770,7285.270,2.500,,,ok
772,55.219157110,55.226445630,55.226443550,7288.520,7286.440,2.080,,,ok
773,55.244905610,55.252194150,55.252191930,7288.540,7286.320,2.220,,,ok
774,55.270678640,55.277967410,55.277965350,7288.770,7286.710,2.060,,,ok
775,55.296450160,55.303735860,55.303738750,7285.700,7288.590,2.890,,,ok
776,55.320659760,55.327948370,55.327946190,7288.610,7286.430,2.180,,,ok
777,55.346393580,55.353681370,55.353680490,7287.790,7286.910,0.880,,,ok
778,55.372234380,55.379518490,55.379524180,7284.110,7289.800,5.690,,,ok
779,55.397912630,55.405198560,55.405201790,7285.930,7289.160,3.230,,,ok
780,55.421742520,55.429032870,55.429096560,7290.350,7354.040,63.690,,,ok
781,55.447416190,55.454700290,55.454703190,7284.100,7287.000,2.900,,,ok
782,55.472407730,55.479694620,55.479697940,7286.890,7290.210,3.320,,,ok
783,55.496899290,55.504188150,55.504186400,7288.860,7287.110,1.750,,,ok
784,55.522165100,55.529449980,55.529453550,7284.880,7288.450,3.570,,,ok
785,55.546427200,55.553712270,55.553713310,7285.070,7286.110,1.040,,,ok
786,55.571396240,55.578682460,55.578696580,7286.220,7300.340,14.120,,,ok
787,55.595029690,55.602314170,55.602315170,7284.480,7285.480,1.000,,,ok
788,55.618845070,55.626133760,55.626130940,7288.690,7285.870,2.820,,,ok
789,55.642556440,55.649843610,55.649841900,7287.170,7285.460,1.710,,,ok
790,55.668420670,55.675705910,55.675710300,7285.240,7289.630,4.390,,,ok
791,55.694073360,55.701360240,55.701358770,7286.880,7285.410,1.470,,,ok
792,55.717564440,55.724852870,55.724850850,7288.430,7286.410,2.020,,,ok
793,55.743060670,55.750346120,55.750344860,7285.450,7284.190,1.260,,,ok
794,55.766642320,55.773930450,55.773929110,7288.130,7286.790,1.340,,,ok
795,55.792437390,55.799723790,55.799725070,7286.400,7287.680,1.280,,,ok
796,55.818199290,55.825486410,55.825486100,7287.120,7286.810,0.310,,,ok
797,55.843963420,55.851250540,55.851248600,7287.120,7285.180,1.940,,,ok
798,55.868134190,55.875416520,55.875422810,7282.330,7288.620,6.290,,,ok
799,55.893618080,55.900907520,55.900906520,7289.440,7288.440,1.000,,,ok
800,55.917996310,55.925284980,55.925282440,7288.670,7286.130,2.540,,,ok
801,55.941961110,55.949249040,55.949245780,7287.930,7284.670,3.260,,,ok
802,55.967689870,55.974977440,55.974974180,7287.570,7284.310,3.260,,,ok
803,55.993275700,56.000560110,56.000630480,7284.410,7354.780,70.370,,,ok
804,56.019022520,56.026309250,56.026308420,7286.730,7285.900,0.830,,,ok
805,56.044111810,56.051463460,56.051396860,7351.650,7285.050,66.600,,,ok
806,56.069229850,56.076515190,56.076515380,7285.340,7285.530,0.190,,,ok
807,56.094161310,56.101449720,56.101448910,7288.410,7287.600,0.810,,,ok
808,56.119181600,56.126467900,56.126466430,7286.300,7284.830,1.470,,,ok
809,56.144089010,56.151375010,56.151375830,7286.000,7286.820,0.820,,,ok
810,56.168587410,56.175874800,56.175871750,7287.390,7284.340,3.050,,,ok
811,56.193298400,56.200588080,56.200586760,7289.680,7288.360,1.320,,,ok
812,56.219059600,56.226346330,56.226346240,7286.730,7286.640,0.090,,,ok
813,56.244893620,56.252179890,56.252179580,7286.270,7285.960,0.310,,,ok
814,56.269585030,56.276873290,56.276873040,7288.260,7288.010,0.250,,,ok
815,56.293728690,56.301014410,56.301013920,7285.720,7285.230,0.490,,,ok
816,56.317572440,56.324860140,56.324859810,7287.700,7287.370,0.330,,,ok
817,56.341340780,56.348628400,56.348627340,7287.620,7286.560,1.060,,,ok
818,56.365116130,56.372400710,56.372399300,7284.580,7283.170,1.410,,,ok
819,56.390138210,56.397425340,56.397425140,7287.130,7286.930,0.200,,,ok
820,56.414557160,56.421843590,56.421841260,7286.430,7284.100,2.330,,,ok
821,56.438406340,56.445691190,56.445692020,7284.850,7285.680,0.830,,,ok
822,56.462103810,56.469389570,56.469389270,7285.760,7285.460,0.300,,,ok
823,56.487935360,56.495185670,56.495221580,7250.310,7286.220,35.910,,,ok
824,56.513695190,56.520982260,56.520982360,7287.070,7287.170,0.100,,,ok
825,56.539551720,56.546840050,56.546840890,7288.330,7289.170,0.840,,,ok
826,56.564717030,56.572003130,56.572003490,7286.100,7286.460,0.360,,,ok
827,56.590575020,56.597862410,56.597861890,7287.390,7286.870,0.520,,,ok
828,56.616261460,56.623552570,56.623551190,7291.110,7289.730,1.380,,,ok
829,56.640132510,56.647418350,56.647418750,7285.840,7286.240,0.400,,,ok
830,56.665863620,56.673152720,56.673150590,7289.100,7286.970,2.130,,,ok
831,56.691264660,56.698550910,56.698550490,7286.250,7285.830,0.420,,,ok
832,56.716945190,56.724233490,56.724234970,7288.300,7289.780,1.480,,,ok
833,56.740871430,56.748157910,56.748157350,7286.480,7285.920,0.560,,,ok
834,56.764610250,56.771896310,56.771896080,7286.060,7285.830,0.230,,,ok
835,56.790449360,56.797732270,56.797735150,7282.910,7285.790,2.880,,,ok
836,56.816044510,56.823332230,56.823333840,7287.720,7289.330,1.610,,,ok
837,56.839726460,56.847016400,56.847012050,7289.940,7285.590,4.350,,,ok
838,56.865423130,56.872708460,56.872709800,7285.330,7286.670,1.340,,,ok
839,56.889276700,56.896563400,56.896563950,7286.700,7287.250,0.550,,,ok
840,56.913075070,56.920361670,56.920361580,7286.600,7286.510,0.090,,,ok
841,56.938806280,56.946095070,56.946076540,7288.790,7270.260,18.530,,,ok
842,56.963905410,56.971193400,56.971194440,7287.990,7289.030,1.040,,,ok
843,56.988537360,56.995825900,56.995822690,7288.540,7285.330,3.210,,,ok
844,57.013530480,57.020820090,57.020882050,7289.610,7351.570,61.960,,,ok
845,57.038535650,57.045790010,57.045824780,7254.360,7289.130,34.770,,,ok
846,57.063559340,57.070846990,57.070846970,7287.650,7287.630,0.020,,,ok
847,57.087767100,57.095054380,57.095056500,7287.280,7289.400,2.120,,,ok
848,57.112773370,57.120057870,57.120058670,7284.500,7285.300,0.800,,,ok
849,57.138518750,57.145804530,57.145808360,7285.780,7289.610,3.830,,,ok
850,57.164351320,57.171640680,57.171636130,7289.360,7284.810,4.550,,,ok
851,57.188541310,57.195828140,57.195827740,7286.830,7286.430,0.400,,,ok
852,57.214268900,57.221556160,57.221558700,7287.260,7289.800,2.540,,,ok
853,57.239706920,57.246994970,57.246992230,7288.050,7285.310,2.740,,,ok
854,57.265268710,57.272554200,57.272554360,7285.490,7285.650,0.160,,,ok
855,57.290652960,57.297941740,57.297938170,7288.780,7285.210,3.570,,,ok
856,57.316412430,57.323719470,57.323696490,7307.040,7284.060,22.980,,,ok
857,57.341984780,57.349273450,57.349271060,7288.670,7286.280,2.390,,,ok
858,57.367257530,57.374547740,57.374541830,7290.210,7284.300,5.910,,,ok
859,57.393224500,57.400509850,57.400513000,7285.350,7288.500,3.150,,,ok
860,57.418343390,57.425629790,57.425630280,7286.400,7286.890,0.490,,,ok
861,57.444320090,57.451605520,57.451608450,7285.430,7288.360,2.930,,,ok
862,57.470078960,57.477366410,57.477367200,7287.450,7288.240,0.790,,,ok
863,57.495947890,57.503233470,57.503236680,7285.580,7288.790,3.210,,,ok
864,57.521786100,57.529073250,57.529074310,7287.150,7288.210,1.060,,,ok
865,57.545726720,57.553015230,57.553013520,7288.510,7286.800,1.710,,,ok
866,57.569327430,57.576615120,57.576616980,7287.690,7289.550,1.860,,,ok
867,57.595135210,57.602422290,57.602424450,7287.080,7289.240,2.160,,,ok
868,57.621047900,57.628366980,57.628333910,7319.080,7286.010,33.070,,,ok
869,57.646776970,57.654064060,57.654062290,7287.090,7285.320,1.770,,,ok
870,57.672642760,57.679928540,57.679930670,7285.780,7287.910,2.130,,,ok
871,57.698418200,57.705707000,57.705704190,7288.800,7285.990,2.810,,,ok
872,57.724159100,57.731445210,57.731425720,7286.110,7266.620,19.490,,,ok
873,57.747942280,57.755228960,57.755231030,7286.680,7288.750,2.070,,,ok
874,57.773715030,57.781002400,57.781004390,7287.370,7289.360,1.990,,,ok
875,57.797653920,57.804939360,57.804942080,7285.440,7288.160,2.720,,,ok
876,57.821848270,,57.829136410,,7288.140,,,,missing_rx1
877,57.845769340,57.853057090,57.853052400,7287.750,7283.060,4.690,48.118,,ok
878,57.870826220,57.878115610,57.878113400,7289.390,7287.180,2.210,,,ok
879,57.895553380,57.902838940,57.902841510,7285.560,7288.130,2.570,,,ok
880,57.921585800,57.928872400,57.928938800,7286.600,7353.000,66.400,,,ok
881,57.947019200,57.954371070,57.954308410,7351.870,7289.210,62.660,,,ok
882,57.972914140,57.980199110,57.980201210,7284.970,7287.070,2.100,,,ok
883,57.998480830,58.005767440,58.005767690,7286.610,7286.860,0.250,,,ok
884,58.022543720,58.029830950,58.029833860,7287.230,7290.140,2.910,,,ok
885,58.047667320,58.054954450,58.054954840,7287.130,7287.520,0.390,,,ok
886,58.071534230,58.078822590,58.078820780,7288.360,7286.550,1.810,,,ok
887,58.097194750,58.104481030,58.104484320,7286.280,7289.570,3.290,,,ok
888,58.122932320,58.130218160,58.130221700,7285.840,7289.380,3.540,,,ok
889,58.147983880,58.155272820,58.155271230,7288.940,7287.350,1.590,,,ok
890,58.173206000,58.180495300,58.180493580,7289.300,7287.580,1.720,,,ok
891,58.198994240,58.206279930,58.206282960,7285.690,7288.720,3.030,,,ok
892,58.222851810,58.230135800,58.230141260,7283.990,7289.450,5.460,,,ok
893,58.247412530,58.254700580,58.254764720,7288.050,7352.190,64.140,,,ok
894,58.272421220,58.279710060,58.279708310,7288.840,7287.090,1.750,,,ok
895,58.298044390,58.305332370,58.305331790,7287.980,7287.400,0.580,,,ok
896,58.321974010,58.329260870,58.329257640,7286.860,7283.630,3.230,,,ok
897,58.347706670,58.354994980,58.354993630,7288.310,7286.960,1.350,,,ok
898,58.372732860,58.380016080,58.380021940,7283.220,7289.080,5.860,,,ok
899,58.398454090,58.405741810,58.405740510,7287.720,7286.420,1.300,,,ok
900,58.423130320,58.430420310,58.430417530,7289.990,7287.210,2.780,,,ok
901,58.447743520,58.455028790,58.455032410,7285.270,7288.890,3.620,,,ok
902,58.473216210,58.480502060,58.480505730,7285.850,7289.520,3.670,,,ok
903,58.498621070,58.505906020,58.505914190,7284.950,7293.120,8.170,,,ok
904,58.523036370,58.530323960,58.530322670,7287.590,7286.300,1.290,,,ok
905,58.546947200,58.554231420,58.554236110,7284.220,7288.910,4.690,,,ok
906,58.572900030,58.580189630,58.580187070,7289.600,7287.040,2.560,,,ok
907,58.596602020,58.603889150,58.603887140,7287.130,7285.120,2.010,,,ok
908,58.622317110,58.629601540,58.629606470,7284.430,7289.360,4.930,,,ok
909,58.647935090,58.655220940,58.655288560,7285.850,7353.470,67.620,,,ok
910,58.671682910,58.678966670,58.678972270,7283.760,7289.360,5.600,,,ok
911,58.696402890,58.703691590,58.703691940,7288.700,7289.050,0.350,,,ok
912,58.722224930,58.729508440,58.729510010,7283.510,7285.080,1.570,,,ok
913,58.746986160,58.754274360,58.754271150,7288.200,7284.990,3.210,,,ok
914,58.770959190,58.778247590,58.778246220,7288.400,7287.030,1.370,,,ok
915,58.796687800,58.804041130,58.803974620,7353.330,7286.820,66.510,,,ok
916,58.820489480,58.827779550,58.827778910,7290.070,7289.430,0.640,,,ok
917,58.844401110,58.851687030,58.851687330,7285.920,7286.220,0.300,,,ok
918,58.870385140,58.877668780,58.877669980,7283.640,7284.840,1.200,,,ok
919,58.895899080,58.903182340,58.903189300,7283.260,7290.220,6.960,,,ok
920,58.921581120,58.928868300,58.928867880,7287.180,7286.760,0.420,,,ok
921,58.947224190,58.954510300,58.954510300,7286.110,7286.110,0.000,,,ok
922,58.973018360,58.980370400,58.980304470,7352.040,7286.110,65.930,,,ok
923,58.998716940,59.006002490,59.006003080,7285.550,7286.140,0.590,,,ok
924,59.024600090,59.031886740,59.031886440,7286.650,7286.350,0.300,,,ok
925,59.050261220,59.057547720,59.057549820,7286.500,7288.600,2.100,,,ok
926,59.075875930,59.083162630,59.083163450,7286.700,7287.520,0.820,,,ok
927,59.101671310,59.108955820,59.108961010,7284.510,7289.700,5.190,,,ok
928,59.127405540,59.134687900,59.134695230,7282.360,7289.690,7.330,,,ok
929,59.153089440,59.160378840,59.160378650,7289.400,7289.210,0.190,,,ok
930,59.178602860,59.185892190,59.185891150,7289.330,7288.290,1.040,,,ok
931,59.204238630,59.211525720,59.211524650,7287.090,7286.020,1.070,,,ok
932,59.229202420,59.236489130,59.236488130,7286.710,7285.710,1.000,,,ok
933,59.255285070,59.262572380,59.262572530,7287.310,7287.460,0.150,,,ok
934,59.280639900,59.287924690,59.287925870,7284.790,7285.970,1.180,,,ok
935,59.306553910,59.313839150,59.313838480,7285.240,7284.570,0.670,,,ok
936,59.331402450,59.338691860,59.338687810,7289.410,7285.360,4.050,,,ok
937,59.356802950,59.364091090,59.364091210,7288.140,7288.260,0.120,,,ok
938,59.382501340,59.389788280,59.389788780,7286.940,7287.440,0.500,,,ok
939,59.406987670,59.414277820,59.414273220,7290.150,7285.550,4.600,,,ok
940,59.430799140,59.438085300,59.438084260,7286.160,7285.120,1.040,,,ok
941,59.455210220,59.462498590,59.462499010,7288.370,7288.790,0.420,,,ok
942,59.479692860,59.486977800,59.486977350,7284.940,7284.490,0.450,,,ok
943,59.503733390,59.511020300,59.511019310,7286.910,7285.920,0.990,,,ok
944,59.529433060,59.536719780,59.536720190,7286.720,7287.130,0.410,,,ok
945,59.555324920,59.562613240,59.562612920,7288.320,7288.000,0.320,,,ok
946,59.579581990,59.586868930,59.586867200,7286.940,7285.210,1.730,,,ok
947,59.605219850,59.612507180,59.612504370,7287.330,7284.520,2.810,,,ok
948,59.630722580,59.638008320,59.638074510,7285.740,7351.930,66.190,,,ok
949,59.655224990,59.662511720,59.662512660,7286.730,7287.670,0.940,,,ok
950,59.679754300,59.687040220,59.687041140,7285.920,7286.840,0.920,,,ok
951,59.705224380,59.712579430,59.712508400,7355.050,7284.020,71.030,,,ok
952,59.730921780,59.738210930,59.738207840,7289.150,7286.060,3.090,,,ok
953,59.756141300,59.763430120,59.763426260,7288.820,7284.960,3.860,,,ok
954,59.781593430,59.788878640,59.788878800,7285.210,7285.370,0.160,,,ok
955,59.807454070,59.814739740,59.814743040,7285.670,7288.970,3.300,,,ok
956,59.832591050,59.839879160,59.839876520,7288.110,7285.470,2.640,,,ok
957,59.858384120,59.865673800,59.865670040,7289.680,7285.920,3.760,,,ok
958,59.883159860,59.890447240,59.890447610,7287.380,7287.750,0.370,,,ok
959,59.907121900,59.914409850,59.914406000,7287.950,7284.100,3.850,,,ok
960,59.932633440,59.939918120,59.939919470,7284.680,7286.030,1.350,,,ok
961,59.956450680,59.963803160,59.963738550,7352.480,7287.870,64.610,,,ok
962,59.982385910,59.989674890,59.989669530,7288.980,7283.620,5.360,,,ok
963,60.006099210,60.013386930,60.013383100,7287.720,7283.890,3.830,,,ok
964,60.031869900,60.039157620,60.039158310,7287.720,7288.410,0.690,,,ok
965,60.057625400,60.064909580,60.064912440,7284.180,7287.040,2.860,,,ok
966,60.083330570,60.090617080,60.090619800,7286.510,7289.230,2.720,,,ok
967,60.108926430,60.116212890,60.116213610,7286.460,7287.180,0.720,,,ok
968,60.132939690,60.140210810,60.140184130,7271.120,7244.440,26.680,,,ok
969,60.156805320,60.164093830,60.164090410,7288.510,7285.090,3.420,,,ok
970,60.181946240,60.189233020,60.189234810,7286.780,7288.570,1.790,,,ok
971,60.207423070,60.214710020,60.214711830,7286.950,7288.760,1.810,,,ok
972,60.232752930,60.240040000,60.240038960,7287.070,7286.030,1.040,,,ok
973,60.257738760,60.265028230,60.265025090,7289.470,7286.330,3.140,,,ok
974,60.283463530,60.290751660,60.290753590,7288.130,7290.060,1.930,,,ok
975,60.308728280,60.316012750,60.316016240,7284.470,7287.960,3.490,,,ok
976,60.334682260,60.341968640,60.341970390,7286.380,7288.130,1.750,,,ok
977,60.360043260,60.367332020,60.367328060,7288.760,7284.800,3.960,,,ok
978,60.386444710,60.393729100,60.393732230,7284.390,7287.520,3.130,,,ok
979,60.410442510,60.417728560,60.417729830,7286.050,7287.320,1.270,,,ok
980,60.435425460,60.442711930,60.442714020,7286.470,7288.560,2.090,,,ok
981,60.461076820,60.468364520,60.468362740,7287.700,7285.920,1.780,,,ok
982,60.485654480,60.492978040,60.492941030,7323.560,7286.550,37.010,,,ok
983,60.511374770,60.518662330,60.518664390,7287.560,7289.620,2.060,,,ok
984,60.536113480,60.543400600,60.543402810,7287.120,7289.330,2.210,,,ok
985,60.561075080,60.568364120,60.568360600,7289.040,7285.520,3.520,,,ok
986,60.584892050,60.592176080,60.592178830,7284.030,7286.780,2.750,,,ok
987,60.609342040,60.616630940,60.616628100,7288.900,7286.060,2.840,,,ok
988,60.633905970,60.641191660,60.641191840,7285.690,7285.870,0.180,,,ok
989,60.659720700,60.667007480,60.667010070,7286.780,7289.370,2.590,,,ok
990,60.688648080,60.695936200,60.695933490,7288.120,7285.410,2.710,,,ok
991,60.714277980,60.721564510,60.721567200,7286.530,7289.220,2.690,,,ok
992,60.739582560,60.746870140,60.746869600,7287.580,7287.040,0.540,,,ok
993,60.764969620,60.772256220,60.772258730,7286.600,7289.110,2.510,,,ok
994,60.790882670,60.798169600,60.798172320,7286.930,7289.650,2.720,,,ok
995,60.816610960,60.823897080,60.823947820,7286.120,7336.860,50.740,,,ok
996,60.842321240,60.849606430,60.849609280,7285.190,7288.040,2.850,,,ok
997,60.868071550,60.875359740,60.875355280,7288.190,7283.730,4.460,,,ok
998,60.892965590,60.900250620,60.900255140,7285.030,7289.550,4.520,,,ok
999,60.918241250,60.925530300,60.925476040,7289.050,7234.790,54.260,,,ok
1000,60.943278920,60.950564080,60.950567290,7285.160,7288.370,3.210,,,ok
1001,60.969855570,60.977143300,60.977141590,7287.730,7286.020,1.710,,,ok
1002,60.993767310,61.001056890,61.001054070,7289.580,7286.760,2.820,,,ok
1003,61.019110860,61.026400100,61.026398220,7289.240,7287.360,1.880,,,ok
1004,61.045151510,61.052438570,61.052439450,7287.060,7287.940,0.880,,,ok
1005,61.070701240,61.077986120,61.077989580,7284.880,7288.340,3.460,,,ok
1006,61.096547050,61.103835340,61.103831290,7288.290,7284.240,4.050,,,ok
1007,61.120290230,61.127578530,61.127577270,7288.300,7287.040,1.260,,,ok
1008,61.146131070,61.153417200,61.153420630,7286.130,7289.560,3.430,,,ok
1009,61.172012760,61.179299470,61.179298840,7286.710,7286.080,0.630,,,ok
1010,61.195396510,61.202682910,61.202682400,7286.400,7285.890,0.510,,,ok
1011,61.219135710,61.226422260,61.226425740,7286.550,7290.030,3.480,,,ok
1012,61.243732310,61.251020780,61.251019380,7288.470,7287.070,1.400,,,ok
1013,61.269536250,61.276823010,61.276821830,7286.760,7285.580,1.180,,,ok
1014,61.295392110,61.302682680,61.302681270,7290.570,7289.160,1.410,,,ok
1015,61.321250280,61.328535110,61.328538540,7284.830,7288.260,3.430,,,ok
1016,61.346555420,61.353841760,61.353843040,7286.340,7287.620,1.280,,,ok
1017,61.372234180,61.379521800,61.379550590,7287.620,7316.410,28.790,,,ok
1018,61.397719740,61.405006030,61.405010090,7286.290,7290.350,4.060,,,ok
1019,61.423470180,61.430758550,61.430758280,7288.370,7288.100,0.270,,,ok
1020,61.449192620,61.456482670,61.456479010,7290.050,7286.390,3.660,,,ok
1021,61.474438330,61.481677720,61.481725430,7239.390,7287.100,47.710,,,ok
1022,61.498194460,61.505479380,61.505483770,7284.920,7289.310,4.390,,,ok
1023,61.521875720,61.529161910,61.529152750,7286.190,7277.030,9.160,,,ok
1024,61.546855260,61.554141360,61.554145650,7286.100,7290.390,4.290,,,ok
1025,61.571912610,61.579198930,61.579198170,7286.320,7285.560,0.760,,,ok
1026,61.597641990,61.604927920,61.604927530,7285.930,7285.540,0.390,,,ok
1027,61.622253690,61.629541550,61.629540920,7287.860,7287.230,0.630,,,ok
1028,61.648068410,61.655354030,61.655354410,7285.620,7286.000,0.380,,,ok
1029,61.673813700,61.681103380,61.681102740,7289.680,7289.040,0.640,,,ok
1030,61.699456870,61.706746650,61.706746270,7289.780,7289.400,0.380,,,ok
1031,61.725145180,61.732430750,61.732434810,7285.570,7289.630,4.060,,,ok
1032,61.750906690,61.758192190,61.758193060,7285.500,7286.370,0.870,,,ok
1033,61.776540190,61.783826730,61.783826570,7286.540,7286.380,0.160,,,ok
1034,61.802268380,61.809615210,61.809617740,7346.830,7349.360,2.530,,,ok
1035,61.827674770,61.834962750,61.834962640,7287.980,7287.870,0.110,,,ok
1036,61.853525710,61.860809650,61.860810950,7283.940,7285.240,1.300,,,ok
1037,61.878327880,61.885615360,61.885615310,7287.480,7287.430,0.050,,,ok
1038,61.904052380,61.911338830,61.911337390,7286.450,7285.010,1.440,,,ok
1039,61.929791030,61.937077440,61.937077290,7286.410,7286.260,0.150,,,ok
1040,61.955642700,61.962930670,61.962930630,7287.970,7287.930,0.040,,,ok
1041,61.981420050,61.988709000,61.988708360,7288.950,7288.310,0.640,,,ok
1042,62.006849930,62.014137350,62.014137610,7287.420,7287.680,0.260,,,ok
1043,62.032605640,62.039893160,62.039896080,7287.520,7290.440,2.920,,,ok
1044,62.058012970,62.065298290,62.065298270,7285.320,7285.300,0.020,,,ok
1045,62.081891170,62.089177540,62.089177750,7286.370,7286.580,0.210,,,ok
1046,62.107597500,62.114885230,62.114886370,7287.730,7288.870,1.140,,,ok
1047,62.132965150,62.140253450,62.140253900,7288.300,7288.750,0.450,,,ok
1048,62.158791320,62.166075220,62.166078070,7283.900,7286.750,2.850,,,ok
1049,62.183745000,62.191030240,62.191029070,7285.240,7284.070,1.170,,,ok
1050,62.209177460,62.216463660,62.216462780,7286.200,7285.320,0.880,,,ok
1051,62.234808270,62.242097080,62.242097640,7288.810,7289.370,0.560,,,ok
1052,62.260687920,62.267976600,62.267976180,7288.680,7288.260,0.420,,,ok
1053,62.286596800,62.293949220,62.293884430,7352.420,7287.630,64.790,,,ok
1054,62.312393620,62.319682120,62.319743400,7288.500,7349.780,61.280,,,ok
1055,62.338187970,62.345475570,62.345477320,7287.600,7289.350,1.750,,,ok
1056,62.362598090,62.369885110,62.369884690,7287.020,7286.600,0.420,,,ok
1057,62.386315620,62.393602410,62.393602740,7286.790,7287.120,0.330,,,ok
1058,62.412120960,62.419405860,62.419407570,7284.900,7286.610,1.710,,,ok
1059,62.437930520,62.445219220,62.445220200,7288.700,7289.680,0.980,,,ok
1060,62.463643520,62.470927610,62.470929450,7284.090,7285.930,1.840,,,ok
1061,62.489420490,62.496706110,62.496707020,7285.620,7286.530,0.910,,,ok
1062,62.515054510,62.522340300,62.522341270,7285.790,7286.760,0.970,,,ok
1063,62.540789880,62.548077960,62.548079770,7288.080,7289.890,1.810,,,ok
1064,62.566000090,62.573287090,62.573287940,7287.000,7287.850,0.850,,,ok
1065,62.591121150,62.598410520,62.598411650,7289.370,7290.500,1.130,,,ok
1066,62.616694650,62.623984060,62.623979220,7289.410,7284.570,4.840,,,ok
1067,62.641333480,62.648622340,62.648615970,7288.860,7282.490,6.370,,,ok
1068,62.666932130,62.674220690,62.674221970,7288.560,7289.840,1.280,,,ok
1069,62.692793030,62.700120580,62.700080480,7327.550,7287.450,40.100,,,ok
1070,62.718276550,62.725561560,62.725562540,7285.010,7285.990,0.980,,,ok
1071,62.743315130,62.750601040,62.750599730,7285.910,7284.600,1.310,,,ok
1072,62.768146560,62.775431770,62.775435900,7285.210,7289.340,4.130,,,ok
1073,62.793234790,62.800521830,62.800489980,7287.040,7255.190,31.850,,,ok
1074,62.818202970,62.825490120,62.825492530,7287.150,7289.560,2.410,,,ok
1075,62.843256890,62.850544480,62.850546160,7287.590,7289.270,1.680,,,ok
1076,62.867762260,62.875046830,62.875048740,7284.570,7286.480,1.910,,,ok
1077,62.891762580,62.899051190,62.899047910,7288.610,7285.330,3.280,,,ok
1078,62.917521730,62.924809710,62.924810600,7287.980,7288.870,0.890,,,ok
1079,62.943000860,62.950288180,62.950288710,7287.320,7287.850,0.530,,,ok
1080,62.967584230,62.974870060,62.974871980,7285.830,7287.750,1.920,,,ok
1081,62.991187920,62.998474870,62.998476580,7286.950,7288.660,1.710,,,ok
1082,63.016699130,63.023986770,63.023984150,7287.640,7285.020,2.620,,,ok
1083,63.042538430,63.049825370,63.049827670,7286.940,7289.240,2.300,,,ok
1084,63.068212550,63.075498740,63.075501990,7286.190,7289.440,3.250,,,ok
1085,63.091833020,63.099118450,63.099120610,7285.430,7287.590,2.160,,,ok
1086,63.115991570,63.123276850,63.123278860,7285.280,7287.290,2.010,,,ok
1087,63.141873290,63.149155100,63.149162410,7281.810,7289.120,7.310,,,ok
1088,63.167027220,63.174312850,63.174362330,7285.630,7335.110,49.480,,,ok
1089,63.190651960,63.197941850,63.197936870,7289.890,7284.910,4.980,,,ok
1090,63.216154770,63.223439510,63.223442500,7284.740,7287.730,2.990,,,ok
1091,63.241252940,63.248537830,63.248543460,7284.890,7290.520,5.630,,,ok
1092,63.265115720,63.272401390,63.272404420,7285.670,7288.700,3.030,,,ok
1093,63.288767660,63.296055560,63.296052080,7287.900,7284.420,3.480,,,ok
1094,63.314588080,63.321874140,63.321876520,7286.060,7288.440,2.380,,,ok
1095,63.340335400,63.347622370,63.347624780,7286.970,7289.380,2.410,,,ok
1096,63.366090380,63.373373300,63.373377450,7282.920,7287.070,4.150,,,ok
1097,63.390682060,63.397967990,63.397972050,7285.930,7289.990,4.060,,,ok
1098,63.414912530,63.422197620,63.422199370,7285.090,7286.840,1.750,,,ok
1099,63.440386030,63.447674800,63.447672600,7288.770,7286.570,2.200,,,ok
1100,63.465890910,63.473179530,63.473176220,7288.620,7285.310,3.310,,,ok
1101,63.489729520,63.497017740,63.497015480,7288.220,7285.960,2.260,,,ok
1102,63.515395320,63.522680300,63.522682690,7284.980,7287.370,2.390,,,ok
1103,63.541099990,63.548389610,63.548370230,7289.620,7270.240,19.380,,,ok
1104,63.566894570,63.574182070,63.574180940,7287.500,7286.370,1.130,,,ok
1105,63.592297470,63.599585530,63.599582940,7288.060,7285.470,2.590,,,ok
1106,63.618094450,63.625382190,63.625382840,7287.740,7288.390,0.650,,,ok
1107,63.643217200,63.650503110,63.650506030,7285.910,7288.830,2.920,,,ok
1108,63.668208880,63.675494130,63.675493620,7285.250,7284.740,0.510,,,ok
1109,63.692272750,63.699569650,63.699560540,7296.900,7287.790,9.110,,,ok
1110,63.718035540,63.725322440,63.725320660,7286.900,7285.120,1.780,,,ok
1111,63.743185960,63.750470250,63.750474080,7284.290,7288.120,3.830,,,ok
1112,63.768079270,63.775365370,63.775368400,7286.100,7289.130,3.030,,,ok
1113,63.792526150,63.799813650,63.799810860,7287.500,7284.710,2.790,,,ok
1114,63.818439600,63.825724460,63.825725380,7284.860,7285.780,0.920,,,ok
1115,63.842028250,63.849315230,63.849317710,7286.980,7289.460,2.480,,,ok
1116,63.867819540,63.875107640,63.875107130,7288.100,7287.590,0.510,,,ok
1117,63.892407770,63.899694370,63.899695450,7286.600,7287.680,1.080,,,ok
1118,63.916079320,63.923365730,63.923368910,7286.410,7289.590,3.180,,,ok
1119,63.941867990,63.949153890,63.949156490,7285.900,7288.500,2.600,,,ok
1120,63.967222840,63.974512230,63.974509470,7289.390,7286.630,2.760,,,ok
1121,63.992867590,64.000155660,64.000153310,7288.070,7285.720,2.350,,,ok
1122,64.020290040,64.027578010,64.027576400,7287.970,7286.360,1.610,,,ok
1123,64.044252200,64.051536760,64.051541020,7284.560,7288.820,4.260,,,ok
1124,64.070106100,64.077390890,64.077394480,7284.790,7288.380,3.590,,,ok
1125,64.094402340,64.101689100,64.101688090,7286.760,7285.750,1.010,,,ok
1126,64.118972250,64.126261700,64.126260610,7289.450,7288.360,1.090,,,ok
1127,64.144133190,64.151419890,64.151418900,7286.700,7285.710,0.990,,,ok
1128,64.170019380,64.177301910,64.177308240,7282.530,7288.860,6.330,,,ok
1129,64.195695550,64.202982840,64.202981950,7287.290,7286.400,0.890,,,ok
1130,64.220279560,64.227566260,64.227564310,7286.700,7284.750,1.950,,,ok
1131,64.244217930,64.251504650,64.251503700,7286.720,7285.770,0.950,,,ok
1132,64.268220480,64.275507050,64.275507120,7286.570,7286.640,0.070,,,ok
1133,64.291862200,64.299148840,64.299149640,7286.640,7287.440,0.800,,,ok
1134,64.317567680,64.324846920,64.324853060,7279.240,7285.380,6.140,,,ok
1135,64.343429370,64.350718230,64.350716400,7288.860,7287.030,1.830,,,ok
1136,64.369397220,64.376685540,64.376685630,7288.320,7288.410,0.090,,,ok
1137,64.394774810,64.402060000,64.402064300,7285.190,7289.490,4.300,,,ok
1138,64.418153190,64.425443460,64.425441940,7290.270,7288.750,1.520,,,ok
1139,64.442465740,64.449751630,64.449751090,7285.890,7285.350,0.540,,,ok
1140,64.467328390,64.474615270,64.474613820,7286.880,7285.430,1.450,,,ok
1141,64.491188230,64.498471110,64.498477910,7282.880,7289.680,6.800,,,ok
1142,64.516159020,64.523447040,64.523445590,7288.020,7286.570,1.450,,,ok
1143,64.541701790,64.548989460,64.548987310,7287.670,7285.520,2.150,,,ok
1144,64.567526690,64.574813600,64.574812470,7286.910,7285.780,1.130,,,ok
1145,64.592400480,64.599686390,64.599686870,7285.910,7286.390,0.480,,,ok
1146,64.617697810,64.624985500,64.624983850,7287.690,7286.040,1.650,,,ok
1147,64.643175850,64.650462930,64.650463610,7287.080,7287.760,0.680,,,ok
1148,64.667378650,64.674666430,64.674667090,7287.780,7288.440,0.660,,,ok
1149,64.690890160,64.698175620,64.698172900,7285.460,7282.740,2.720,,,ok
1150,64.716650810,64.723939160,64.723938030,7288.350,7287.220,1.130,,,ok
1151,64.740651900,64.747936810,64.747941210,7284.910,7289.310,4.400,,,ok
1152,64.765800630,64.773090850,64.773085900,7290.220,7285.270,4.950,,,ok
1153,64.791623110,64.798909200,64.798908360,7286.090,7285.250,0.840,,,ok
1154,64.817423490,64.824712870,64.824711870,7289.380,7288.380,1.000,,,ok
1155,64.843211830,64.850499820,64.850501290,7287.990,7289.460,1.470,,,ok
1156,64.867632320,64.874918490,64.874919720,7286.170,7287.400,1.230,,,ok
1157,64.891540520,64.898827820,64.898826870,7287.300,7286.350,0.950,,,ok
1158,64.917333620,64.924618760,64.924621580,7285.140,7287.960,2.820,,,ok
1159,64.943044440,64.950329690,64.950334810,7285.250,7290.370,5.120,,,ok
1160,64.969011040,64.976295690,64.976298210,7284.650,7287.170,2.520,,,ok
1161,64.994601230,65.001890690,65.001885960,7289.460,7284.730,4.730,,,ok
1162,65.019876040,65.027164900,65.027162860,7288.860,7286.820,2.040,,,ok
1163,65.045569920,65.052857290,65.052858740,7287.370,7288.820,1.450,,,ok
1164,65.071336380,65.078625730,65.078621100,7289.350,7284.720,4.630,,,ok
1165,65.097087720,65.104374270,65.104375830,7286.550,7288.110,1.560,,,ok
1166,65.122852510,65.130138560,65.130138950,7286.050,7286.440,0.390,,,ok
1167,65.147525110,65.154870890,65.154872580,7345.780,7347.470,1.690,,,ok
1168,65.171841160,65.179129410,65.179130910,7288.250,7289.750,1.500,,,ok
1169,65.196858890,65.204148660,65.204114350,7289.770,7255.460,34.310,,,ok
1170,65.222711250,65.229996990,65.229996920,7285.740,7285.670,0.070,,,ok
1171,65.246525610,65.253810510,65.253811150,7284.900,7285.540,0.640,,,ok
1172,65.271454460,65.278743780,65.278804690,7289.320,7350.230,60.910,,,ok
1173,65.296831330,65.304117010,65.304118110,7285.680,7286.780,1.100,,,ok
1174,65.322582290,65.329870720,65.329870800,7288.430,7288.510,0.080,,,ok
1175,65.346213450,65.353504070,65.353565090,7290.620,7351.640,61.020,,,ok
1176,65.369972230,65.377257340,65.377258360,7285.110,7286.130,1.020,,,ok
1177,65.394211600,65.401499720,65.401496860,7288.120,7285.260,2.860,,,ok
1178,65.418297520,,65.425584360,,7286.840,,,,missing_rx1
1179,65.441904890,65.449192450,65.449192490,7287.560,7287.600,0.040,47.693,,ok
1180,65.467254990,65.474539950,65.474542140,7284.960,7287.150,2.190,,,ok
1181,65.493071390,65.500422720,65.500359740,7351.330,7288.350,62.980,,,ok
1182,65.517087420,65.524376630,65.524435720,7289.210,7348.300,59.090,,,ok
1183,65.542790050,65.550076070,65.550077540,7286.020,7287.490,1.470,,,ok
1184,65.567731810,65.575019460,65.575021060,7287.650,7289.250,1.600,,,ok
1185,65.593521460,65.600807980,65.600808380,7286.520,7286.920,0.400,,,ok
1186,65.618672840,65.625958710,65.625939150,7285.870,7266.310,19.560,,,ok
1187,65.642384700,65.649674570,65.649670440,7289.870,7285.740,4.130,,,ok
1188,65.666656190,65.673943110,65.674010000,7286.920,7353.810,66.890,,,ok
1189,65.691241040,65.698525610,65.698527960,7284.570,7286.920,2.350,,,ok
1190,65.714855190,65.722143730,65.722118610,7288.540,7263.420,25.120,,,ok
1191,65.740313440,65.747602330,65.747599090,7288.890,7285.650,3.240,,,ok
1192,65.765091750,65.772381620,65.772378380,7289.870,7286.630,3.240,,,ok
1193,65.789110110,65.796399890,65.796396160,7289.780,7286.050,3.730,,,ok
1194,65.814006440,65.821293350,65.821295200,7286.910,7288.760,1.850,,,ok
1195,65.839385750,65.846670910,65.846672740,7285.160,7286.990,1.830,,,ok
1196,65.864972800,65.872259160,65.872261290,7286.360,7288.490,2.130,,,ok
1197,65.890827710,65.898111180,65.898114270,7283.470,7286.560,3.090,,,ok
1198,65.916584630,65.923872140,65.923874140,7287.510,7289.510,2.000,,,ok
1199,65.942153860,65.949385760,65.949441690,7231.900,7287.830,55.930,,,ok
1200,65.967657280,65.974941450,65.974945920,7284.170,7288.640,4.470,,,ok
1201,65.993734970,66.001022400,66.001024280,7287.430,7289.310,1.880,,,ok
1202,66.017696420,66.024984440,66.024980280,7288.020,7283.860,4.160,,,ok
1203,66.043439290,66.050721590,66.050725340,7282.300,7286.050,3.750,,,ok
1204,66.069144940,66.076431210,66.076428800,7286.270,7283.860,2.410,,,ok
1205,66.095267070,66.102555920,66.102553280,7288.850,7286.210,2.640,,,ok
1206,66.120588190,66.127874250,66.127875240,7286.060,7287.050,0.990,,,ok
1207,66.145972210,66.153256690,66.153260020,7284.480,7287.810,3.330,,,ok
1208,66.171394310,66.178680290,66.178682460,7285.980,7288.150,2.170,,,ok
1209,66.197402090,66.204686890,66.204691870,7284.800,7289.780,4.980,,,ok
1210,66.222735340,66.230023060,66.230024670,7287.720,7289.330,1.610,,,ok
1211,66.247397790,66.254684870,66.254683730,7287.080,7285.940,1.140,,,ok
1212,66.271746400,66.279033430,66.279032320,7287.030,7285.920,1.110,,,ok
1213,66.296944760,66.304233010,66.304229630,7288.250,7284.870,3.380,,,ok
1214,66.321390480,66.328742050,66.328679170,7351.570,7288.690,62.880,,,ok
1215,66.347009080,66.354294820,66.354297570,7285.740,7288.490,2.750,,,ok
1216,66.372361520,66.379647340,66.379650990,7285.820,7289.470,3.650,,,ok
1217,66.398212540,66.405501760,66.405498570,7289.220,7286.030,3.190,,,ok
1218,66.422498700,66.429784880,66.429787030,7286.180,7288.330,2.150,,,ok
1219,66.448068030,66.455353550,66.455356180,7285.520,7288.150,2.630,,,ok
1220,66.471534350,66.478821780,66.478817010,7287.430,7282.660,4.770,,,ok
1221,66.497386060,66.504673980,66.504672270,7287.920,7286.210,1.710,,,ok
1222,66.521877820,66.529163750,66.529165770,7285.930,7287.950,2.020,,,ok
1223,66.546411360,66.553695730,66.553700080,7284.370,7288.720,4.350,,,ok
1224,66.571425900,66.578715250,66.578713600,7289.350,7287.700,1.650,,,ok
1225,66.597136770,66.604423040,66.604421080,7286.270,7284.310,1.960,,,ok
1226,66.622894520,66.630182200,66.630126820,7287.680,7232.300,55.380,,,ok
1227,66.647665890,66.654955580,66.654952710,7289.690,7286.820,2.870,,,ok
1228,66.673401660,66.680688850,66.680692280,7287.190,7290.620,3.430,,,ok
1229,66.697436110,66.704722470,66.704725530,7286.360,7289.420,3.060,,,ok
1230,66.721172200,66.728459830,66.728458190,7287.630,7285.990,1.640,,,ok
1231,66.746986100,66.754273180,66.754272430,7287.080,7286.330,0.750,,,ok
1232,66.771517630,66.778807530,66.778806070,7289.900,7288.440,1.460,,,ok
1233,66.796391940,66.803681090,66.803678550,7289.150,7286.610,2.540,,,ok
1234,66.822126500,66.829413340,66.829412890,7286.840,7286.390,0.450,,,ok
1235,66.847892610,66.855176480,66.855181350,7283.870,7288.740,4.870,,,ok
1236,66.871389740,66.878675230,66.878679720,7285.490,7289.980,4.490,,,ok
1237,66.897175760,66.904463290,66.904463140,7287.530,7287.380,0.150,,,ok
1238,66.922376030,66.929663000,66.929661460,7286.970,7285.430,1.540,,,ok
1239,66.946607250,66.953960560,66.953894120,7353.310,7286.870,66.440,,,ok
1240,66.972436100,66.979724600,66.979722650,7288.500,7286.550,1.950,,,ok
1241,66.997394370,67.004682100,67.004681880,7287.730,7287.510,0.220,,,ok
1242,67.023059330,67.030345680,67.030345440,7286.350,7286.110,0.240,,,ok
1243,67.047138220,67.054424850,67.054422480,7286.630,7284.260,2.370,,,ok
1244,67.071454690,67.078743240,67.078802900,7288.550,7348.210,59.660,,,ok
1245,67.096420700,67.103713530,67.103705630,7292.830,7284.930,7.900,,,ok
1246,67.120620460,67.127909050,67.127909190,7288.590,7288.730,0.140,,,ok
1247,67.145667980,67.152952140,67.152957630,7284.160,7289.650,5.490,,,ok
1248,67.171394580,67.178681760,67.178679610,7287.180,7285.030,2.150,,,ok
1249,67.197378170,67.204664240,67.204661950,7286.070,7283.780,2.290,,,ok
1250,67.221209890,67.228498610,67.228475160,7288.720,7265.270,23.450,,,ok
1251,67.246977640,67.254266190,67.254265260,7288.550,7287.620,0.930,,,ok
1252,67.272386410,67.279673020,67.279675000,7286.610,7288.590,1.980,,,ok
1253,67.297955030,67.305243730,67.305242290,7288.700,7287.260,1.440,,,ok
1254,67.322557110,67.329847190,67.329896140,7290.080,7339.030,48.950,,,ok
1255,67.348161380,67.355449270,67.355450100,7287.890,7288.720,0.830,,,ok
1256,67.371850240,67.379138000,67.379138560,7287.760,7288.320,0.560,,,ok
1257,67.395521410,67.402873100,67.402807060,7351.690,7285.650,66.040,,,ok
1258,67.421290290,67.428574980,67.428580380,7284.690,7290.090,5.400,,,ok
1259,67.445568930,67.452853370,67.452864670,7284.440,7295.740,11.300,,,ok
1260,67.469698020,67.476982640,67.476987250,7284.620,7289.230,4.610,,,ok
1261,67.495526980,67.502815160,67.502814980,7288.180,7288.000,0.180,,,ok
1262,67.521133460,67.528419470,67.528419050,7286.010,7285.590,0.420,,,ok
1263,67.546407520,67.553692570,67.553697570,7285.050,7290.050,5.000,,,ok
1264,67.571528990,67.578815240,67.578813450,7286.250,7284.460,1.790,,,ok
1265,67.596394900,67.603684510,67.603684590,7289.610,7289.690,0.080,,,ok
1266,67.621397000,67.628683050,67.628682970,7286.050,7285.970,0.080,,,ok
1267,67.647141900,67.654431460,67.654430220,7289.560,7288.320,1.240,,,ok
1268,67.672668060,67.679954750,67.679954020,7286.690,7285.960,0.730,,,ok
1269,67.698026270,67.705312910,67.705312250,7286.640,7285.980,0.660,,,ok
1270,67.723817870,67.731105640,67.731106600,7287.770,7288.730,0.960,,,ok
1271,67.749623960,67.756909950,67.756908770,7285.990,7284.810,1.180,,,ok
1272,67.775305480,67.782593260,67.782593440,7287.780,7287.960,0.180,,,ok
1273,67.799039820,67.806320030,67.806326810,7280.210,7286.990,6.780,,,ok
1274,67.824898280,67.832183890,67.832184590,7285.610,7286.310,0.700,,,ok
1275,67.850547680,67.857833550,67.857832880,7285.870,7285.200,0.670,,,ok
1276,67.876304240,67.883591990,67.883592260,7287.750,7288.020,0.270,,,ok
1277,67.900696250,67.907985190,67.907985720,7288.940,7289.470,0.530,,,ok
1278,67.926357730,,67.933631930,,7274.200,,,,missing_rx1
1279,67.951961290,67.959245880,67.959246760,7284.590,7285.470,0.880,51.261,,ok
1280,67.977559290,67.984845500,67.984845200,7286.210,7285.910,0.300,,,ok
1281,68.003391420,68.010678750,68.010679540,7287.330,7288.120,0.790,,,ok
1282,68.029149080,68.036436390,68.036437020,7287.310,7287.940,0.630,,,ok
1283,68.054893020,68.062180510,68.062181310,7287.490,7288.290,0.800,,,ok
1284,68.080803980,68.088087990,68.088087500,7284.010,7283.520,0.490,,,ok
1285,68.104937470,68.112226320,68.112222290,7288.850,7284.820,4.030,,,ok
1286,68.130763370,68.138049320,68.138051650,7285.950,7288.280,2.330,,,ok
1287,68.155658800,68.162948960,68.162944270,7290.160,7285.470,4.690,,,ok
1288,68.179713520,68.187002420,68.187003670,7288.900,7290.150,1.250,,,ok
1289,68.204722930,68.212010880,68.212011980,7287.950,7289.050,1.100,,,ok
1290,68.229696070,68.236983440,68.236985340,7287.370,7289.270,1.900,,,ok
1291,68.255527580,68.262817750,68.262813050,7290.170,7285.470,4.700,,,ok
1292,68.279825940,68.287106710,68.287112170,7280.770,7286.230,5.460,,,ok
1293,68.304867830,68.312154560,68.312155670,7286.730,7287.840,1.110,,,ok
1294,68.330563060,68.337846910,68.337848300,7283.850,7285.240,1.390,,,ok
1295,68.354728100,68.362016160,68.362017640,7288.060,7289.540,1.480,,,ok
1296,68.380171120,68.387458180,68.387525090,7287.060,7353.970,66.910,,,ok
1297,68.404749070,68.412038090,68.412033240,7289.020,7284.170,4.850,,,ok
1298,68.429703120,68.436991340,68.436993030,7288.220,7289.910,1.690,,,ok
1299,68.454665080,68.461949670,68.461950470,7284.590,7285.390,0.800,,,ok
1300,68.480597520,68.487880280,68.487883470,7282.760,7285.950,3.190,,,ok
1301,68.505595200,68.512881650,68.512883410,7286.450,7288.210,1.760,,,ok
1302,68.530978390,68.538264120,68.538265600,7285.730,7287.210,1.480,,,ok
1303,68.556945700,68.564232040,68.564235290,7286.340,7289.590,3.250,,,ok
1304,68.582732910,68.590021770,68.590018610,7288.860,7285.700,3.160,,,ok
1305,68.606909150,68.614195180,68.614196040,7286.030,7286.890,0.860,,,ok
1306,68.630817390,68.638102740,68.638105360,7285.350,7287.970,2.620,,,ok
1307,68.655064710,68.662351870,68.662353090,7287.160,7288.380,1.220,,,ok
1308,68.680387070,68.687674200,68.687672360,7287.130,7285.290,1.840,,,ok
1309,68.704678660,68.711963760,68.711964960,7285.100,7286.300,1.200,,,ok
1310,68.730238430,68.737524490,68.737524210,7286.060,7285.780,0.280,,,ok
1311,68.754713130,68.761999220,68.762001710,7286.090,7288.580,2.490,,,ok
1312,68.780566680,68.787853790,68.787856070,7287.110,7289.390,2.280,,,ok
1313,68.806366910,68.813717340,68.813654660,7350.430,7287.750,62.680,,,ok
1314,68.830592980,68.837880810,68.837878030,7287.830,7285.050,2.780,,,ok
1315,68.855677390,68.862964040,68.862982070,7286.650,7304.680,18.030,,,ok
1316,68.879909430,68.887196600,68.887199090,7287.170,7289.660,2.490,,,ok
1317,68.905505400,68.912790810,68.912793220,7285.410,7287.820,2.410,,,ok
1318,68.929664170,68.936949310,68.936951760,7285.140,7287.590,2.450,,,ok
1319,68.955377980,68.962667760,68.962665180,7289.780,7287.200,2.580,,,ok
1320,68.980380890,68.987666220,68.987667410,7285.330,7286.520,1.190,,,ok
1321,69.006101310,69.013389450,69.013386200,7288.140,7284.890,3.250,,,ok
1322,69.030414360,69.037702820,69.037699600,7288.460,7285.240,3.220,,,ok
1323,69.055730110,69.063014880,69.063018930,7284.770,7288.820,4.050,,,ok
1324,69.079738750,69.087022190,69.087026460,7283.440,7287.710,4.270,,,ok
1325,69.105237430,69.112521790,69.112524920,7284.360,7287.490,3.130,,,ok
1326,69.130760140,69.138045440,69.138049170,7285.300,7289.030,3.730,,,ok
1327,69.156502200,69.163790020,69.163792590,7287.820,7290.390,2.570,,,ok
1328,69.182291810,69.189578430,69.189581270,7286.620,7289.460,2.840,,,ok
1329,69.208023060,69.215311760,69.215309570,7288.700,7286.510,2.190,,,ok
1330,69.233873480,69.241224050,69.241163130,7350.570,7289.650,60.920,,,ok
1331,69.259537910,69.266828400,69.266826510,7290.490,7288.600,1.890,,,ok
1332,69.284568810,69.291854240,69.291853990,7285.430,7285.180,0.250,,,ok
1333,69.308221480,69.315509320,69.315505820,7287.840,7284.340,3.500,,,ok
1334,69.334013000,69.341298690,69.341301840,7285.690,7288.840,3.150,,,ok
1335,69.359711030,69.366994480,69.367000260,7283.450,7289.230,5.780,,,ok
1336,69.385269150,69.392554000,69.392558850,7284.850,7289.700,4.850,,,ok
1337,69.411070420,69.418356220,69.418420200,7285.800,7349.780,63.980,,,ok
1338,69.436770630,69.444055780,69.444055390,7285.150,7284.760,0.390,,,ok
1339,69.462563280,69.469850640,69.469848850,7287.360,7285.570,1.790,,,ok
1340,69.488423010,69.495708990,69.495712330,7285.980,7289.320,3.340,,,ok
1341,69.514033990,69.521322320,69.521320980,7288.330,7286.990,1.340,,,ok
1342,69.539613720,69.546900800,69.546899170,7287.080,7285.450,1.630,,,ok
1343,69.563492790,69.570779230,69.570776810,7286.440,7284.020,2.420,,,ok
1344,69.589388230,69.596677500,69.596676170,7289.270,7287.940,1.330,,,ok
1345,69.613539010,69.620825830,69.620823630,7286.820,7284.620,2.200,,,ok
1346,69.638750170,69.646039520,69.646037020,7289.350,7286.850,2.500,,,ok
1347,69.664278530,69.671567700,69.671566320,7289.170,7287.790,1.380,,,ok
1348,69.690091970,69.697381030,69.697380070,7289.060,7288.100,0.960,,,ok
1349,69.715938610,69.723223430,69.723227320,7284.820,7288.710,3.890,,,ok
1350,69.741505550,69.748791440,69.748789550,7285.890,7284.000,1.890,,,ok
1351,69.767295260,69.774581210,69.774585050,7285.950,7289.790,3.840,,,ok
1352,69.792250070,69.799537210,69.799538620,7287.140,7288.550,1.410,,,ok
1353,69.818188550,69.825478080,69.825475740,7289.530,7287.190,2.340,,,ok
1354,69.841631910,69.848920600,69.848920390,7288.690,7288.480,0.210,,,ok
1355,69.867530370,69.874817080,69.874819140,7286.710,7288.770,2.060,,,ok
1356,69.891140610,69.898492930,69.898424870,7352.320,7284.260,68.060,,,ok
1357,69.914997640,69.922286600,69.922285810,7288.960,7288.170,0.790,,,ok
1358,69.938991400,69.946280080,69.946279240,7288.680,7287.840,0.840,,,ok
1359,69.964786940,69.972073490,69.972072580,7286.550,7285.640,0.910,,,ok
1360,69.990224420,69.997511740,69.997511180,7287.320,7286.760,0.560,,,ok
1361,70.016052350,70.023339300,70.023338370,7286.950,7286.020,0.930,,,ok
1362,70.039771630,70.047058570,70.047053540,7286.940,7281.910,5.030,,,ok
1363,70.065546720,70.072832030,70.072834000,7285.310,7287.280,1.970,,,ok
1364,70.091394840,70.098680370,70.098679940,7285.530,7285.100,0.430,,,ok
1365,70.117144620,70.124432810,70.124432290,7288.190,7287.670,0.520,,,ok
1366,70.142945120,70.150232140,70.150214630,7287.020,7269.510,17.510,,,ok
1367,70.168683660,70.175969830,70.175970150,7286.170,7286.490,0.320,,,ok
1368,70.194373890,70.201663990,70.201662670,7290.100,7288.780,1.320,,,ok
1369,70.218112330,70.225401430,70.225402170,7289.100,7289.840,0.740,,,ok
1370,70.243924210,70.251250900,70.251209690,7326.690,7285.480,41.210,,,ok
1371,70.269064120,70.276354230,70.276352940,7290.110,7288.820,1.290,,,ok
1372,70.294374040,70.301661860,70.301661590,7287.820,7287.550,0.270,,,ok
1373,70.320196810,70.327485920,70.327485930,7289.110,7289.120,0.010,,,ok
1374,70.345946000,70.353233460,70.353231110,7287.460,7285.110,2.350,,,ok
1375,70.371374660,70.378661470,70.378662950,7286.810,7288.290,1.480,,,ok
1376,70.397037940,70.404323530,70.404326370,7285.590,7288.430,2.840,,,ok
1377,70.422761870,70.430047070,70.430049620,7285.200,7287.750,2.550,,,ok
1378,70.448646830,70.455931960,70.455933200,7285.130,7286.370,1.240,,,ok
1379,70.474417620,70.481706360,70.481706680,7288.740,7289.060,0.320,,,ok
1380,70.500273130,70.507559670,70.507560060,7286.540,7286.930,0.390,,,ok
1381,70.525564770,70.532852250,70.532852690,7287.480,7287.920,0.440,,,ok
1382,70.549466400,70.556756350,70.556756020,7289.950,7289.620,0.330,,,ok
1383,70.574259020,70.581545060,70.581545390,7286.040,7286.370,0.330,,,ok
1384,70.599285660,70.606573290,70.606571170,7287.630,7285.510,2.120,,,ok
1385,70.624238890,70.631526800,70.631527500,7287.910,7288.610,0.700,,,ok
1386,70.650079810,70.657430530,70.657364840,7350.720,7285.030,65.690,,,ok
1387,70.674168840,70.681457450,70.681454190,7288.610,7285.350,3.260,,,ok
1388,70.700019380,70.707306780,70.707306610,7287.400,7287.230,0.170,,,ok
1389,70.725829510,70.733115250,70.733116280,7285.740,7286.770,1.030,,,ok
1390,70.750204670,70.757492560,70.757494380,7287.890,7289.710,1.820,,,ok
1391,70.774042300,70.781331290,70.781327960,7288.990,7285.660,3.330,,,ok
1392,70.799841820,70.807087060,70.807131300,7245.240,7289.480,44.240,,,ok
1393,70.825504860,70.832792910,70.832794670,7288.050,7289.810,1.760,,,ok
1394,70.851229450,70.858517240,70.858518220,7287.790,7288.770,0.980,,,ok
1395,70.876530630,70.883814650,70.883816610,7284.020,7285.980,1.960,,,ok
1396,70.901510500,70.908799030,70.908762910,7288.530,7252.410,36.120,,,ok
1397,70.925386240,70.932671400,70.932671110,7285.160,7284.870,0.290,,,ok
1398,70.950513760,70.957800730,70.957800930,7286.970,7287.170,0.200,,,ok
1399,70.976243110,70.983513710,70.983544700,7270.600,7301.590,30.990,,,ok
1400,71.001552860,71.008842620,71.008836390,7289.760,7283.530,6.230,,,ok
1401,71.025534180,71.032820910,71.032822200,7286.730,7288.020,1.290,,,ok
1402,71.051214810,71.058503310,71.058500680,7288.500,7285.870,2.630,,,ok
1403,71.076835000,71.084122700,71.084121560,7287.700,7286.560,1.140,,,ok
1404,71.102544100,71.109831240,71.109831720,7287.140,7287.620,0.480,,,ok
1405,71.128395560,71.135683740,71.135679660,7288.180,7284.100,4.080,,,ok
1406,71.153495080,71.160781980,71.160783080,7286.900,7288.000,1.100,,,ok
1407,71.177428320,71.184716290,71.184717830,7287.970,7289.510,1.540,,,ok
1408,71.203196050,71.210484770,71.210486310,7288.720,7290.260,1.540,,,ok
1409,71.228947440,71.236232040,71.236230350,7284.600,7282.910,1.690,,,ok
1410,71.252797390,71.260086410,71.260083250,7289.020,7285.860,3.160,,,ok
1411,71.278557060,71.285843680,71.285846670,7286.620,7289.610,2.990,,,ok
1412,71.304251850,71.311538430,71.311540080,7286.580,7288.230,1.650,,,ok
1413,71.329566950,71.336850820,71.336853590,7283.870,7286.640,2.770,,,ok
1414,71.355356370,71.362644320,71.362706480,7287.950,7350.110,62.160,,,ok
1415,71.380588050,71.387873440,71.387874210,7285.390,7286.160,0.770,,,ok
1416,71.405547610,71.412835620,71.412833840,7288.010,7286.230,1.780,,,ok
1417,71.430918440,71.438205270,71.438205920,7286.830,7287.480,0.650,,,ok
1418,71.456649230,71.463937870,71.463935880,7288.640,7286.650,1.990,,,ok
1419,71.480565830,71.487849580,71.487854230,7283.750,7288.400,4.650,,,ok
1420,71.505961350,71.513249450,71.513247550,7288.100,7286.200,1.900,,,ok
1421,71.531762260,71.539049070,71.539044530,7286.810,7282.270,4.540,,,ok
1422,71.555946360,71.563232320,71.563234530,7285.960,7288.170,2.210,,,ok
1423,71.581687320,71.588974110,71.588972760,7286.790,7285.440,1.350,,,ok
1424,71.606025740,71.613314090,71.613310450,7288.350,7284.710,3.640,,,ok
1425,71.631690450,71.638977370,71.638978880,7286.920,7288.430,1.510,,,ok
1426,71.657606000,71.664890770,71.664893200,7284.770,7287.200,2.430,,,ok
1427,71.683296950,71.690581810,71.690585680,7284.860,7288.730,3.870,,,ok
1428,71.709042430,71.716332720,71.716329950,7290.290,7287.520,2.770,,,ok
1429,71.732873380,71.740161090,71.740158640,7287.710,7285.260,2.450,,,ok
1430,71.758645920,71.765934440,71.765930890,7288.520,7284.970,3.550,,,ok
1431,71.782376830,71.789661360,71.789664490,7284.530,7287.660,3.130,,,ok
1432,71.808142200,71.815430380,71.815428830,7288.180,7286.630,1.550,,,ok
1433,71.832078000,71.839364480,71.839365970,7286.480,7287.970,1.490,,,ok
1434,71.857708830,71.864997980,71.864995680,7289.150,7286.850,2.300,,,ok
1435,71.881390720,71.888675060,71.888679160,7284.340,7288.440,4.100,,,ok
1436,71.905322620,71.912609950,71.912611640,7287.330,7289.020,1.690,,,ok
1437,71.930707040,71.937992300,71.937996120,7285.260,7289.080,3.820,,,ok
1438,71.956061120,71.963345410,71.963349410,7284.290,7288.290,4.000,,,ok
1439,71.979926110,71.987214840,71.987212180,7288.730,7286.070,2.660,,,ok
1440,72.005556790,72.012842420,72.012845410,7285.630,7288.620,2.990,,,ok
1441,72.030006910,72.037295820,72.037293950,7288.910,7287.040,1.870,,,ok
1442,72.055604160,72.062874920,72.062893470,7270.760,7289.310,18.550,,,ok
1443,72.081269760,72.088557500,72.088550370,7287.740,7280.610,7.130,,,ok
1444,72.105632460,72.112921970,72.112920020,7289.510,7287.560,1.950,,,ok
1445,72.130622940,72.137910240,72.137907850,7287.300,7284.910,2.390,,,ok
1446,72.155743160,72.163027760,72.163032000,7284.600,7288.840,4.240,,,ok
1447,72.179671050,72.186957090,72.186959450,7286.040,7288.400,2.360,,,ok
1448,72.203509280,72.210794630,72.210796330,7285.350,7287.050,1.700,,,ok
1449,72.229408290,72.236693960,72.236697290,7285.670,7289.000,3.330,,,ok
1450,72.255088850,72.262377270,72.262375750,7288.420,7286.900,1.520,,,ok
1451,72.280818140,72.288104790,72.288104100,7286.650,7285.960,0.690,,,ok
1452,72.306546510,72.313834060,72.313831540,7287.550,7285.030,2.520,,,ok
1453,72.330470400,72.337755120,72.337755170,7284.720,7284.770,0.050,,,ok
1454,72.356303000,72.363590950,72.363588150,7287.950,7285.150,2.800,,,ok
1455,72.381905670,72.389191860,72.389191610,7286.190,7285.940,0.250,,,ok
1456,72.405596260,72.412881840,72.412880650,7285.580,7284.390,1.190,,,ok
1457,72.431406990,72.438696000,72.438693750,7289.010,7286.760,2.250,,,ok
1458,72.455509560,72.462793520,72.462797310,7283.960,7287.750,3.790,,,ok
1459,72.479420950,72.486707790,72.486704040,7286.840,7283.090,3.750,,,ok
1460,72.504850800,72.512136190,72.512140150,7285.390,7289.350,3.960,,,ok
1461,72.530508840,72.537794580,72.537746540,7285.740,7237.700,48.040,,,ok
1462,72.556405340,72.563690370,72.563691900,7285.030,7286.560,1.530,,,ok
1463,72.582168010,72.589456340,72.589454400,7288.330,7286.390,1.940,,,ok
1464,72.606616520,72.613904950,72.613903770,7288.430,7287.250,1.180,,,ok
1465,72.630935430,72.638220690,72.638222500,7285.260,7287.070,1.810,,,ok
1466,72.654555730,72.661841510,72.661844750,7285.780,7289.020,3.240,,,ok
1467,72.679707330,72.686992380,72.686994070,7285.050,7286.740,1.690,,,ok
1468,72.705532440,72.712818420,72.712821900,7285.980,7289.460,3.480,,,ok
1469,72.731070100,72.738353910,72.738356110,7283.810,7286.010,2.200,,,ok
1470,72.755612610,72.762963620,72.762899460,7351.010,7286.850,64.160,,,ok
1471,72.781371550,72.788658280,72.788722860,7286.730,7351.310,64.580,,,ok
1472,72.805869920,72.813156030,72.813155150,7286.110,7285.230,0.880,,,ok
1473,72.829695470,72.836985340,72.836982210,7289.870,7286.740,3.130,,,ok
1474,72.854690320,72.861977750,72.861978270,7287.430,7287.950,0.520,,,ok
1475,72.879201900,72.886487000,72.886491500,7285.100,7289.600,4.500,,,ok
1476,72.904949250,72.912234560,72.912234070,7285.310,7284.820,0.490,,,ok
1477,72.930575020,72.937863750,72.937863400,7288.730,7288.380,0.350,,,ok
1478,72.955504810,72.962791260,72.962791130,7286.450,7286.320,0.130,,,ok
1479,72.980842950,72.988130490,72.988129530,7287.540,7286.580,0.960,,,ok
1480,73.005706320,73.012993990,73.013056010,7287.670,7349.690,62.020,,,ok
1481,73.029674520,73.036959900,73.036959920,7285.380,7285.400,0.020,,,ok
1482,73.055536160,73.062824860,73.062825780,7288.700,7289.620,0.920,,,ok
1483,73.080686760,73.087973420,73.087976760,7286.660,7290.000,3.340,,,ok
1484,73.105335840,73.112622670,73.112621670,7286.830,7285.830,1.000,,,ok
1485,73.130649420,73.137934930,73.137935840,7285.510,7286.420,0.910,,,ok
1486,73.155768350,73.163052950,73.163054690,7284.600,7286.340,1.740,,,ok
1487,73.180605020,73.187892950,73.187892740,7287.930,7287.720,0.210,,,ok
1488,73.204805320,73.212091140,73.212090380,7285.820,7285.060,0.760,,,ok
1489,73.229653580,73.236937110,73.236938900,7283.530,7285.320,1.790,,,ok
1490,73.255488190,73.262778090,73.262778220,7289.900,7290.030,0.130,,,ok
1491,73.281233080,73.288521380,73.288521720,7288.300,7288.640,0.340,,,ok
1492,73.305789560,73.313073390,73.313074990,7283.830,7285.430,1.600,,,ok
1493,73.330727700,73.338013000,73.338013590,7285.300,7285.890,0.590,,,ok
1494,73.356578430,73.363865560,73.363866130,7287.130,7287.700,0.570,,,ok
1495,73.380968900,73.388228220,73.388252930,7259.320,7284.030,24.710,,,ok
1496,73.404580380,73.411868320,73.411868920,7287.940,7288.540,0.600,,,ok
1497,73.428368560,73.435654180,73.435657360,7285.620,7288.800,3.180,,,ok
1498,73.454119790,73.461409190,73.461403300,7289.400,7283.510,5.890,,,ok
1499,73.479824250,73.487112000,73.487111820,7287.750,7287.570,0.180,,,ok
1500,73.503886320,73.511143250,73.511172670,7256.930,7286.350,29.420,,,ok
1501,73.529503190,73.536789180,73.536790130,7285.990,7286.940,0.950,,,ok
1502,73.555284860,73.562573660,73.562574470,7288.800,7289.610,0.810,,,ok
1503,73.578907850,73.586194700,73.586197780,7286.850,7289.930,3.080,,,ok
1504,73.604800330,73.612084550,73.612086450,7284.220,7286.120,1.900,,,ok
1505,73.630530990,73.637818900,73.637817240,7287.910,7286.250,1.660,,,ok
1506,73.656067680,73.663351400,73.663353240,7283.720,7285.560,1.840,,,ok
1507,73.681573660,73.688860620,73.688860820,7286.960,7287.160,0.200,,,ok
1508,73.706574860,73.713864290,73.713860160,7289.430,7285.300,4.130,,,ok
1509,73.731922440,73.739204910,73.739207680,7282.470,7285.240,2.770,,,ok
1510,73.756585020,73.763870910,73.763872090,7285.890,7287.070,1.180,,,ok
1511,73.782293790,73.789579320,73.789579510,7285.530,7285.720,0.190,,,ok
1512,73.808082020,73.815367570,73.815368870,7285.550,7286.850,1.300,,,ok
1513,73.833369060,73.840655060,73.840657240,7286.000,7288.180,2.180,,,ok
1514,73.859170830,73.866459540,73.866460930,7288.710,7290.100,1.390,,,ok
1515,73.883841950,73.891127750,73.891129260,7285.800,7287.310,1.510,,,ok
1516,73.908193500,73.915480290,73.915481850,7286.790,7288.350,1.560,,,ok
1517,73.933952960,73.941237010,73.941240950,7284.050,7287.990,3.940,,,ok
1518,73.959626230,73.966912220,73.966913810,7285.990,7287.580,1.590,,,ok
1519,73.985380620,73.992666440,73.992667950,7285.820,7287.330,1.510,,,ok
1520,74.011103520,74.018388710,74.018391430,7285.190,7287.910,2.720,,,ok
1521,74.036805460,74.044090790,74.044040220,7285.330,7234.760,50.570,,,ok
1522,74.062425230,74.069711540,74.069713430,7286.310,7288.200,1.890,,,ok
1523,74.088175790,74.095464910,74.095461000,7289.120,7285.210,3.910,,,ok
1524,74.113618390,74.120907530,74.120905230,7289.140,7286.840,2.300,,,ok
1525,74.137636320,74.144926780,74.144923100,7290.460,7286.780,3.680,,,ok
1526,74.161188260,74.168446440,74.168476140,7258.180,7287.880,29.700,,,ok
1527,74.185095140,74.192382750,74.192385040,7287.610,7289.900,2.290,,,ok
1528,74.210884520,74.218171170,74.218173910,7286.650,7289.390,2.740,,,ok
1529,74.236555420,,74.243841680,,7286.260,,,,missing_rx1
1530,74.260810680,74.268099330,74.268100080,7288.650,7289.400,0.750,49.928,,ok
1531,74.286190590,74.293477990,74.293479500,7287.400,7288.910,1.510,,,ok
1532,74.310799100,74.318081660,74.318086890,7282.560,7287.790,5.230,,,ok
1533,74.336272890,74.343560650,74.343561290,7287.760,7288.400,0.640,,,ok
1534,74.359888900,74.367173920,74.367174720,7285.020,7285.820,0.800,,,ok
1535,74.383763620,74.391052290,74.391052220,7288.670,7288.600,0.070,,,ok
1536,74.409386140,74.416674480,74.416676700,7288.340,7290.560,2.220,,,ok
1537,74.435177240,74.442464000,74.442464930,7286.760,7287.690,0.930,,,ok
1538,74.459819500,74.467106580,74.467108700,7287.080,7289.200,2.120,,,ok
1539,74.484253470,74.491541070,74.491539540,7287.600,7286.070,1.530,,,ok
1540,74.510146410,74.517433380,74.517435410,7286.970,7289.000,2.030,,,ok
1541,74.535857310,74.543147750,74.543142790,7290.440,7285.480,4.960,,,ok
1542,74.561489620,74.568776190,74.568777200,7286.570,7287.580,1.010,,,ok
1543,74.586394450,74.593684460,74.593680000,7290.010,7285.550,4.460,,,ok
1544,74.611565550,74.618853060,74.618854040,7287.510,7288.490,0.980,,,ok
1545,74.636715120,74.644066800,74.644002750,7351.680,7287.630,64.050,,,ok
1546,74.661237570,74.668524630,74.668525850,7287.060,7288.280,1.220,,,ok
1547,74.686745860,74.694032860,74.694034430,7287.000,7288.570,1.570,,,ok
1548,74.712176400,74.719460460,74.719462910,7284.060,7286.510,2.450,,,ok
1549,74.737936630,74.745223540,74.745226330,7286.910,7289.700,2.790,,,ok
1550,74.763880650,74.771168160,74.771169830,7287.510,7289.180,1.670,,,ok
1551,74.789577780,74.796866800,74.796868250,7289.020,7290.470,1.450,,,ok
1552,74.814443580,74.821730120,74.821730620,7286.540,7287.040,0.500,,,ok
1553,74.840111870,74.847398530,74.847399270,7286.660,7287.400,0.740,,,ok
1554,74.865616580,74.872901920,74.872902540,7285.340,7285.960,0.620,,,ok
1555,74.889543190,74.896830150,74.896829560,7286.960,7286.370,0.590,,,ok
1556,74.913871770,74.921158620,74.921160290,7286.850,7288.520,1.670,,,ok
1557,74.939275450,74.946562060,74.946563500,7286.610,7288.050,1.440,,,ok
1558,74.964044550,74.971328120,74.971332250,7283.570,7287.700,4.130,,,ok
1559,74.988977750,74.996263840,74.996263310,7286.090,7285.560,0.530,,,ok
1560,75.013867410,75.021156260,75.021153020,7288.850,7285.610,3.240,,,ok
1561,75.039022820,75.046310440,75.046311560,7287.620,7288.740,1.120,,,ok
1562,75.063245330,75.070533900,75.070530020,7288.570,7284.690,3.880,,,ok
1563,75.088982980,75.096269940,75.096292890,7286.960,7309.910,22.950,,,ok
1564,75.112694150,75.119980810,75.119981870,7286.660,7287.720,1.060,,,ok
1565,75.138488760,75.145773430,75.145774830,7284.670,7286.070,1.400,,,ok
1566,75.164035380,75.171322720,75.171324540,7287.340,7289.160,1.820,,,ok
1567,75.188221200,75.195509700,75.195507970,7288.500,7286.770,1.730,,,ok
1568,75.213817330,75.221104070,75.221104100,7286.740,7286.770,0.030,,,ok
1569,75.237485460,75.244770130,75.244775100,7284.670,7289.640,4.970,,,ok
1570,75.262945540,75.270229770,75.270232470,7284.230,7286.930,2.700,,,ok
1571,75.288890750,75.296179620,75.296175870,7288.870,7285.120,3.750,,,ok
1572,75.314240890,75.321527100,75.321530430,7286.210,7289.540,3.330,,,ok
1573,75.340141600,75.347431280,75.347394910,7289.680,7253.310,36.370,,,ok
1574,75.363909020,75.371194670,75.371197140,7285.650,7288.120,2.470,,,ok
1575,75.387911470,75.395195590,75.395200450,7284.120,7288.980,4.860,,,ok
1576,75.412968460,75.420256560,75.420251470,7288.100,7283.010,5.090,,,ok
1577,75.436385820,75.443674790,75.443672410,7288.970,7286.590,2.380,,,ok
1578,75.462153300,75.469437370,75.469441080,7284.070,7287.780,3.710,,,ok
1579,75.488009070,75.495295220,75.495299240,7286.150,7290.170,4.020,,,ok
1580,75.512083950,75.519370240,75.519370280,7286.290,7286.330,0.040,,,ok
1581,75.536114980,75.543403430,75.543398720,7288.450,7283.740,4.710,,,ok
1582,75.561951440,75.569236780,75.569238800,7285.340,7287.360,2.020,,,ok
1583,75.587510840,75.594800340,75.594798120,7289.500,7287.280,2.220,,,ok
1584,75.613193940,75.620478460,75.620481470,7284.520,7287.530,3.010,,,ok
1585,75.639084880,75.646372250,75.646373970,7287.370,7289.090,1.720,,,ok
1586,75.663718700,75.671005350,75.671008510,7286.650,7289.810,3.160,,,ok
1587,75.688937970,75.696222890,75.696226760,7284.920,7288.790,3.870,,,ok
1588,75.713621360,75.720907240,75.720910350,7285.880,7288.990,3.110,,,ok
1589,75.739177060,75.746465520,75.746463700,7288.460,7286.640,1.820,,,ok
1590,75.764549270,75.771838080,75.771835950,7288.810,7286.680,2.130,,,ok
1591,75.789875810,75.797161600,75.797164680,7285.790,7288.870,3.080,,,ok
1592,75.814002090,75.821289970,75.821288950,7287.880,7286.860,1.020,,,ok
1593,75.838918690,75.846203450,75.846207720,7284.760,7289.030,4.270,,,ok
1594,75.863047550,75.870332470,75.870331590,7284.920,7284.040,0.880,,,ok
1595,75.887168270,75.894521090,75.894454380,7352.820,7286.110,66.710,,,ok
1596,75.912901850,75.920189270,75.920187800,7287.420,7285.950,1.470,,,ok
1597,75.937983970,75.945272710,75.945271220,7288.740,7287.250,1.490,,,ok
1598,75.963261110,75.970545290,75.970549590,7284.180,7288.480,4.300,,,ok
1599,75.989032470,75.996318490,75.996317280,7286.020,7284.810,1.210,,,ok
1600,76.013890170,76.021177910,76.021176380,7287.740,7286.210,1.530,,,ok
1601,76.037896510,76.045185150,76.045185010,7288.640,7288.500,0.140,,,ok
1602,76.062722940,76.070008690,76.070013550,7285.750,7290.610,4.860,,,ok
1603,76.087659880,76.094948210,76.094946780,7288.330,7286.900,1.430,,,ok
1604,76.113385790,76.120671620,76.120675220,7285.830,7289.430,3.600,,,ok
1605,76.138912770,76.146200000,76.146198780,7287.230,7286.010,1.220,,,ok
1606,76.164166180,76.171452200,76.171452010,7286.020,7285.830,0.190,,,ok
1607,76.189893540,76.197181780,76.197179650,7288.240,7286.110,2.130,,,ok
1608,76.213892570,76.221177590,76.221178130,7285.020,7285.560,0.540,,,ok
1609,76.239365230,76.246652090,76.246652490,7286.860,7287.260,0.400,,,ok
1610,76.265130420,76.272416940,76.272416050,7286.520,7285.630,0.890,,,ok
1611,76.288966740,76.296255290,76.296253420,7288.550,7286.680,1.870,,,ok
1612,76.314509610,76.321798660,76.321797780,7289.050,7288.170,0.880,,,ok
1613,76.340035630,76.347321090,76.347321190,7285.460,7285.560,0.100,,,ok
1614,76.364981810,76.372270510,76.372268670,7288.700,7286.860,1.840,,,ok
1615,76.390885500,76.398173670,76.398171690,7288.170,7286.190,1.980,,,ok
1616,76.415249640,76.422537440,76.422536520,7287.800,7286.880,0.920,,,ok
1617,76.439104560,76.446389220,76.446387500,7284.660,7282.940,1.720,,,ok
1618,76.464119430,76.471407810,76.471406020,7288.380,7286.590,1.790,,,ok
1619,76.488680920,76.495967430,76.495966770,7286.510,7285.850,0.660,,,ok
1620,76.513970420,76.521255650,76.521260290,7285.230,7289.870,4.640,,,ok
1621,76.538958330,76.546242900,76.546242480,7284.570,7284.150,0.420,,,ok
1622,76.564747500,76.572036210,76.572036350,7288.710,7288.850,0.140,,,ok
1623,76.590500850,76.597790730,76.597790750,7289.880,7289.900,0.020,,,ok
1624,76.616043740,76.623328350,76.623331580,7284.610,7287.840,3.230,,,ok
1625,76.639817850,76.647107640,76.647106670,7289.790,7288.820,0.970,,,ok
1626,76.665301660,76.672590150,76.672588420,7288.490,7286.760,1.730,,,ok
1627,76.688968650,76.696264630,76.696254210,7295.980,7285.560,10.420,,,ok
1628,76.713576370,76.720862940,76.720861870,7286.570,7285.500,1.070,,,ok
1629,76.738933600,76.746220000,76.746220460,7286.400,7286.860,0.460,,,ok
1630,76.763368300,76.770653730,76.770653790,7285.430,7285.490,0.060,,,ok
1631,76.787971600,76.795258140,76.795255680,7286.540,7284.080,2.460,,,ok
1632,76.811660040,76.818946320,76.818945580,7286.280,7285.540,0.740,,,ok
1633,76.836234350,76.843519930,76.843520100,7285.580,7285.750,0.170,,,ok
1634,76.862011830,76.869295860,76.869298530,7284.030,7286.700,2.670,,,ok
1635,76.887401700,76.894691840,76.894689470,7290.140,7287.770,2.370,,,ok
1636,76.913154510,76.920445000,76.920440390,7290.490,7285.880,4.610,,,ok
1637,76.937993980,76.945283350,76.945281260,7289.370,7287.280,2.090,,,ok
1638,76.963782360,76.971070820,76.971071280,7288.460,7288.920,0.460,,,ok
1639,76.989003040,76.996300200,76.996299470,7297.160,7296.430,0.730,,,ok
1640,77.014766600,77.022112070,77.022053990,7345.470,7287.390,58.080,,,ok
1641,77.039973700,77.047261120,77.047261510,7287.420,7287.810,0.390,,,ok
1642,77.063975710,77.071265600,77.071259910,7289.890,7284.200,5.690,,,ok
1643,77.088924100,77.096213910,77.096214450,7289.810,7290.350,0.540,,,ok
1644,77.113946160,77.121232180,77.121232970,7286.020,7286.810,0.790,,,ok
1645,77.138188030,77.145475650,77.145475450,7287.620,7287.420,0.200,,,ok
1646,77.162988600,77.170273900,77.170274550,7285.300,7285.950,0.650,,,ok
1647,77.188840190,77.196126380,77.196128090,7286.190,7287.900,1.710,,,ok
1648,77.213995740,77.221285890,77.221281470,7290.150,7285.730,4.420,,,ok
1649,77.238184480,77.245474120,77.245468970,7289.640,7284.490,5.150,,,ok
1650,77.263986340,77.271272590,77.271272490,7286.250,7286.150,0.100,,,ok
1651,77.289044670,77.296330110,77.296331010,7285.440,7286.340,0.900,,,ok
1652,77.312997220,77.320281900,77.320283940,7284.680,7286.720,2.040,,,ok
1653,77.337772610,77.345062690,77.345121520,7290.080,7348.910,58.830,,,ok
1654,77.363592250,77.370880190,77.370881170,7287.940,7288.920,0.980,,,ok
1655,77.389431060,77.396719430,77.396720690,7288.370,7289.630,1.260,,,ok
1656,77.413962700,77.421252950,77.421248940,7290.250,7286.240,4.010,,,ok
1657,77.440099180,77.447383760,77.447386210,7284.580,7287.030,2.450,,,ok
1658,77.465370990,77.472659690,77.472656000,7288.700,7285.010,3.690,,,ok
1659,77.491209720,77.498498020,77.498499360,7288.300,7289.640,1.340,,,ok
1660,77.514982960,77.522270480,77.522272670,7287.520,7289.710,2.190,,,ok
1661,77.538631050,77.545885220,77.545921040,7254.170,7289.990,35.820,,,ok
1662,77.563112100,77.570397080,77.570398810,7284.980,7286.710,1.730,,,ok
1663,77.588057010,77.595345590,77.595343250,7288.580,7286.240,2.340,,,ok
1664,77.613764010,77.621050110,77.621051520,7286.100,7287.510,1.410,,,ok
1665,77.639524320,77.646813310,77.646810000,7288.990,7285.680,3.310,,,ok
1666,77.663942060,77.671231870,77.671228350,7289.810,7286.290,3.520,,,ok
1667,77.688965560,77.696253870,77.696251020,7288.310,7285.460,2.850,,,ok
1668,77.713932070,77.721218620,77.721218830,7286.550,7286.760,0.210,,,ok
1669,77.738896380,77.746182030,77.746183620,7285.650,7287.240,1.590,,,ok
1670,77.762991890,77.770337800,77.770277100,7345.910,7285.210,60.700,,,ok
1671,77.787980910,77.795267940,77.795270450,7287.030,7289.540,2.510,,,ok
1672,77.812951500,77.820235830,77.820239120,7284.330,7287.620,3.290,,,ok
1673,77.838061290,77.845350620,77.845346550,7289.330,7285.260,4.070,,,ok
1674,77.862985990,77.870273830,77.870275910,7287.840,7289.920,2.080,,,ok
1675,77.888715120,77.896001470,77.896003640,7286.350,7288.520,2.170,,,ok
1676,77.914054130,77.921340710,77.921341890,7286.580,7287.760,1.180,,,ok
1677,77.938933130,77.946219150,77.946218640,7286.020,7285.510,0.510,,,ok
1678,77.963926040,77.971212520,77.971214530,7286.480,7288.490,2.010,,,ok
1679,77.989834540,77.997120830,77.997120410,7286.290,7285.870,0.420,,,ok
1680,78.014749120,78.022033300,78.022036530,7284.180,7287.410,3.230,,,ok
1681,78.040025950,78.047312720,78.047313530,7286.770,7287.580,0.810,,,ok
1682,78.065410820,78.072695110,78.072698320,7284.290,7287.500,3.210,,,ok
1683,78.091105020,78.098391980,78.098390650,7286.960,7285.630,1.330,,,ok
1684,78.116895670,78.124182870,78.124185220,7287.200,7289.550,2.350,,,ok
1685,78.142127960,78.149415320,78.149413570,7287.360,7285.610,1.750,,,ok
1686,78.167811410,78.175099590,78.175101300,7288.180,7289.890,1.710,,,ok
1687,78.193138370,78.200426980,78.200424800,7288.610,7286.430,2.180,,,ok
1688,78.218917330,78.226205560,78.226203170,7288.230,7285.840,2.390,,,ok
1689,78.242636690,78.249923980,78.249921530,7287.290,7284.840,2.450,,,ok
1690,78.268494330,78.275783240,78.275780710,7288.910,7286.380,2.530,,,ok
1691,78.294216350,78.301499200,78.301504440,7282.850,7288.090,5.240,,,ok
1692,78.319048850,78.326335050,78.326337840,7286.200,7288.990,2.790,,,ok
1693,78.344810720,78.352097360,78.352101170,7286.640,7290.450,3.810,,,ok
1694,78.370514550,78.377801730,78.377799610,7287.180,7285.060,2.120,,,ok
1695,78.396371260,78.403659140,78.403655570,7287.880,7284.310,3.570,,,ok
1696,78.421755710,78.429042840,78.429041550,7287.130,7285.840,1.290,,,ok
1697,78.446453620,78.453740940,78.453740000,7287.320,7286.380,0.940,,,ok
1698,78.470193920,78.477480590,78.477507000,7286.670,7313.080,26.410,,,ok
1699,78.494546830,78.501831500,78.501836900,7284.670,7290.070,5.400,,,ok
1700,78.519036130,78.526322430,78.526325500,7286.300,7289.370,3.070,,,ok
1701,78.542930560,78.550219100,78.550217850,7288.540,7287.290,1.250,,,ok
1702,78.567643630,78.574926470,78.574932310,7282.840,7288.680,5.840,,,ok
1703,78.593366130,78.600652490,78.600655580,7286.360,7289.450,3.090,,,ok
1704,78.619260650,78.626545670,78.626549160,7285.020,7288.510,3.490,,,ok
1705,78.644996170,78.652283100,78.652279790,7286.930,7283.620,3.310,,,ok
1706,78.670627380,78.677917290,78.677915950,7289.910,7288.570,1.340,,,ok
1707,78.696498040,78.703784870,78.703784330,7286.830,7286.290,0.540,,,ok
1708,78.722630690,78.729919150,78.729916830,7288.460,7286.140,2.320,,,ok
1709,78.747786060,78.755072590,78.755076120,7286.530,7290.060,3.530,,,ok
1710,78.772813340,78.780100290,78.780099490,7286.950,7286.150,0.800,,,ok
1711,78.797995340,78.805284470,78.805282950,7289.130,7287.610,1.520,,,ok
1712,78.823186400,78.830472990,78.830476510,7286.590,7290.110,3.520,,,ok
1713,78.848499350,78.855785420,78.855789910,7286.070,7290.560,4.490,,,ok
1714,78.874226950,78.881513520,78.881513320,7286.570,7286.370,0.200,,,ok
1715,78.897886080,78.905173060,78.905171660,7286.980,7285.580,1.400,,,ok
1716,78.922038910,78.929326500,78.929324450,7287.590,7285.540,2.050,,,ok
1717,78.947122190,78.954409770,78.954408700,7287.580,7286.510,1.070,,,ok
1718,78.972370850,78.979658180,78.979669400,7287.330,7298.550,11.220,,,ok
1719,78.997370180,79.004656860,79.004654670,7286.680,7284.490,2.190,,,ok
1720,79.022168130,79.029454960,79.029454230,7286.830,7286.100,0.730,,,ok
1721,79.045784820,79.053073420,79.053072520,7288.600,7287.700,0.900,,,ok
1722,79.071488280,79.078776790,79.078775320,7288.510,7287.040,1.470,,,ok
1723,79.097241280,79.104530120,79.104529540,7288.840,7288.260,0.580,,,ok
1724,79.122518170,79.129803840,79.129807230,7285.670,7289.060,3.390,,,ok
1725,79.147261560,79.154551030,79.154548960,7289.470,7287.400,2.070,,,ok
1726,79.172222450,79.179509360,79.179509000,7286.910,7286.550,0.360,,,ok
1727,79.195836640,79.203122790,79.203123330,7286.150,7286.690,0.540,,,ok
1728,79.221631950,79.228917330,79.228915750,7285.380,7283.800,1.580,,,ok
1729,79.246275090,79.253559490,79.253565250,7284.400,7290.160,5.760,,,ok
1730,79.271006390,79.278291430,79.278292680,7285.040,7286.290,1.250,,,ok
1731,79.295862650,79.303152170,79.303152160,7289.520,7289.510,0.010,,,ok
1732,79.321345070,79.328630520,79.328629720,7285.450,7284.650,0.800,,,ok
1733,79.346355100,79.353641560,79.353643910,7286.460,7288.810,2.350,,,ok
1734,79.369996610,79.377281520,79.377282490,7284.910,7285.880,0.970,,,ok
1735,79.396107780,79.403395740,79.403394490,7287.960,7286.710,1.250,,,ok
1736,79.421246100,79.428534300,79.428534390,7288.200,7288.290,0.090,,,ok
1737,79.445041670,79.452326730,79.452327820,7285.060,7286.150,1.090,,,ok
1738,79.470827260,79.478115980,79.478114740,7288.720,7287.480,1.240,,,ok
1739,79.496224190,79.503509520,79.503509450,7285.330,7285.260,0.070,,,ok
1740,79.521976500,79.529262010,79.529263050,7285.510,7286.550,1.040,,,ok
1741,79.547357620,79.554646280,79.554646440,7288.660,7288.820,0.160,,,ok
1742,79.572606560,79.579894500,79.579894840,7287.940,7288.280,0.340,,,ok
1743,79.597654360,79.604940380,79.604943240,7286.020,7288.880,2.860,,,ok
1744,79.622406960,79.629696540,79.629695960,7289.580,7289.000,0.580,,,ok
1745,79.647264260,79.654549890,79.654550170,7285.630,7285.910,0.280,,,ok
1746,79.671542650,79.678827360,79.678828770,7284.710,7286.120,1.410,,,ok
1747,79.695521200,79.702806530,79.702806170,7285.330,7284.970,0.360,,,ok
1748,79.721293740,79.728579900,79.728579250,7286.160,7285.510,0.650,,,ok
1749,79.747172950,79.754455940,79.754458870,7282.990,7285.920,2.930,,,ok
1750,79.772417780,79.779652060,79.779706290,7234.280,7288.510,54.230,,,ok
1751,79.796527970,79.803815050,79.803815580,7287.080,7287.610,0.530,,,ok
1752,79.820572480,79.827858610,79.827859180,7286.130,7286.700,0.570,,,ok
1753,79.846357790,79.853645610,79.853642720,7287.820,7284.930,2.890,,,ok
1754,79.871606770,79.878895310,79.878895200,7288.540,7288.430,0.110,,,ok
1755,79.897388100,79.904673810,79.904674580,7285.710,7286.480,0.770,,,ok
1756,79.922397550,79.929686200,79.929686930,7288.650,7289.380,0.730,,,ok
1757,79.946586230,79.953875590,79.953875600,7289.360,7289.370,0.010,,,ok
1758,79.971976330,79.979263920,79.979264820,7287.590,7288.490,0.900,,,ok
1759,79.996509800,80.003796350,80.003797320,7286.550,7287.520,0.970,,,ok
1760,80.022374400,80.029659790,80.029661880,7285.390,7287.480,2.090,,,ok
1761,80.047365270,80.054653970,80.054653740,7288.700,7288.470,0.230,,,ok
1762,80.072287850,80.079577390,80.079573630,7289.540,7285.780,3.760,,,ok
1763,80.097221820,80.104510840,80.104511090,7289.020,7289.270,0.250,,,ok
1764,80.122221320,80.129509130,80.129510440,7287.810,7289.120,1.310,,,ok
1765,80.147646440,80.154932640,80.154933030,7286.200,7286.590,0.390,,,ok
1766,80.173344980,80.180631100,80.180632420,7286.120,7287.440,1.320,,,ok
1767,80.197217740,80.204504550,80.204505810,7286.810,7288.070,1.260,,,ok
1768,80.222210540,80.229497880,80.229519650,7287.340,7309.110,21.770,,,ok
1769,80.247874350,80.255226960,80.255162670,7352.610,7288.320,64.290,,,ok
1770,80.272374160,80.279658790,80.279660310,7284.630,7286.150,1.520,,,ok
1771,80.298096220,80.305383140,80.305384670,7286.920,7288.450,1.530,,,ok
1772,80.323976930,80.331266360,80.331263000,7289.430,7286.070,3.360,,,ok
1773,80.348377230,80.355664590,80.355664980,7287.360,7287.750,0.390,,,ok
1774,80.372345400,80.379631770,80.379634870,7286.370,7289.470,3.100,,,ok
1775,80.398096010,80.405380670,80.405383310,7284.660,7287.300,2.640,,,ok
1776,80.422479870,80.429764910,80.429766580,7285.040,7286.710,1.670,,,ok
1777,80.447393240,80.454683220,80.454678680,7289.980,7285.440,4.540,,,ok
1778,80.472503400,80.479781010,80.479788470,7277.610,7285.070,7.460,,,ok
1779,80.496238140,80.503524960,80.503526950,7286.820,7288.810,1.990,,,ok
1780,80.521359280,80.528646080,80.528666470,7286.800,7307.190,20.390,,,ok
1781,80.547480010,80.554766890,80.554768880,7286.880,7288.870,1.990,,,ok
1782,80.572847360,80.580135280,80.580137240,7287.920,7289.880,1.960,,,ok
1783,80.597242720,80.604527800,80.604530690,7285.080,7287.970,2.890,,,ok
1784,80.622219550,80.629507150,80.629506630,7287.600,7287.080,0.520,,,ok
1785,80.647220630,80.654509500,80.654506340,7288.870,7285.710,3.160,,,ok
1786,80.672115830,80.679402410,80.679405190,7286.580,7289.360,2.780,,,ok
1787,80.698006180,80.705292180,80.705294580,7286.000,7288.400,2.400,,,ok
1788,80.721947670,80.729234800,80.729231600,7287.130,7283.930,3.200,,,ok
1789,80.747990670,80.755278020,80.755276270,7287.350,7285.600,1.750,,,ok
1790,80.773335770,80.780621440,80.780623850,7285.670,7288.080,2.410,,,ok
1791,80.797212900,80.804499730,80.804497200,7286.830,7284.300,2.530,,,ok
1792,80.822316270,80.829604240,80.829605760,7287.970,7289.490,1.520,,,ok
1793,80.847997640,80.855287430,80.855284200,7289.790,7286.560,3.230,,,ok
1794,80.873873540,80.881161110,80.881221220,7287.570,7347.680,60.110,,,ok
1795,80.899625930,80.906913400,80.906912050,7287.470,7286.120,1.350,,,ok
1796,80.925343600,80.932631770,80.932630550,7288.170,7286.950,1.220,,,ok
1797,80.949883780,80.957170300,80.957172890,7286.520,7289.110,2.590,,,ok
1798,80.975717300,80.983004690,80.983006360,7287.390,7289.060,1.670,,,ok
1799,81.000836230,81.008122790,81.008125630,7286.560,7289.400,2.840,,,ok
1800,81.026603650,81.033890520,81.033889200,7286.870,7285.550,1.320,,,ok
1801,81.051212240,81.058499620,81.058500190,7287.380,7287.950,0.570,,,ok
1802,81.076240510,81.083533990,81.083525920,7293.480,7285.410,8.070,,,ok
1803,81.102061480,81.109343940,81.109349420,7282.460,7287.940,5.480,,,ok
1804,81.126870460,81.134159810,81.134157790,7289.350,7287.330,2.020,,,ok
1805,81.152114450,81.159403310,81.159398670,7288.860,7284.220,4.640,,,ok
1806,81.176790630,81.184075410,81.184079790,7284.780,7289.160,4.380,,,ok
1807,81.202654500,81.209937610,81.209943230,7283.110,7288.730,5.620,,,ok
1808,81.228388460,81.235677500,81.235675750,7289.040,7287.290,1.750,,,ok
1809,81.253100370,81.260384520,81.260455640,7284.150,7355.270,71.120,,,ok
1810,81.278681410,81.285970220,81.285967330,7288.810,7285.920,2.890,,,ok
1811,81.304349050,81.311637760,81.311637000,7288.710,7287.950,0.760,,,ok
1812,81.329622570,81.336911990,81.336909470,7289.420,7286.900,2.520,,,ok
1813,81.354524830,81.361810380,81.361813870,7285.550,7289.040,3.490,,,ok
1814,81.380221720,81.387507830,81.387512220,7286.110,7290.500,4.390,,,ok
1815,81.405945330,81.413232140,81.413234800,7286.810,7289.470,2.660,,,ok
1816,81.430994210,81.438279660,81.438282760,7285.450,7288.550,3.100,,,ok
1817,81.456669920,81.463958940,81.463957470,7289.020,7287.550,1.470,,,ok
1818,81.482491480,81.489777420,81.489781030,7285.940,7289.550,3.610,,,ok
1819,81.507266950,81.514554850,81.514554380,7287.900,7287.430,0.470,,,ok
1820,81.530816460,81.538104140,81.538168530,7287.680,7352.070,64.390,,,ok
1821,81.556587640,81.563876280,81.563875420,7288.640,7287.780,0.860,,,ok
1822,81.580488110,81.587775940,81.587774710,7287.830,7286.600,1.230,,,ok
1823,81.605962140,81.613249460,81.613248310,7287.320,7286.170,1.150,,,ok
1824,81.629836380,81.637122730,81.637121810,7286.350,7285.430,0.920,,,ok
1825,81.655516940,81.662806140,81.662804190,7289.200,7287.250,1.950,,,ok
1826,81.680877980,81.688164510,81.688163350,7286.530,7285.370,1.160,,,ok
1827,81.706768710,81.714095840,81.714055600,7327.130,7286.890,40.240,,,ok
1828,81.732403040,81.739690330,81.739690580,7287.290,7287.540,0.250,,,ok
1829,81.758172850,81.765458700,81.765458810,7285.850,7285.960,0.110,,,ok
1830,81.783931870,81.791215570,81.791217160,7283.700,7285.290,1.590,,,ok
1831,81.809786990,81.817076510,81.817075660,7289.520,7288.670,0.850,,,ok
1832,81.834013540,81.841298730,81.841299120,7285.190,7285.580,0.390,,,ok
1833,81.859780520,81.867068230,81.867067660,7287.710,7287.140,0.570,,,ok
1834,81.885087890,81.892375700,81.892374700,7287.810,7286.810,1.000,,,ok
1835,81.910601240,81.917888740,81.917889450,7287.500,7288.210,0.710,,,ok
1836,81.936396450,81.943683340,81.943682880,7286.890,7286.430,0.460,,,ok
1837,81.961678380,81.968966870,81.968965190,7288.490,7286.810,1.680,,,ok
1838,81.986767600,81.994055330,81.994053460,7287.730,7285.860,1.870,,,ok
1839,82.012784460,82.020073570,82.020073380,7289.110,7288.920,0.190,,,ok
1840,82.038426850,82.045711110,82.045720800,7284.260,7293.950,9.690,,,ok
1841,82.063382110,82.070670330,82.070670270,7288.220,7288.160,0.060,,,ok
1842,82.089175550,82.096462810,82.096462710,7287.260,7287.160,0.100,,,ok
1843,82.113159700,82.120447240,82.120392190,7287.540,7232.490,55.050,,,ok
1844,82.138503510,82.145788130,82.145789440,7284.620,7285.930,1.310,,,ok
1845,82.163396190,82.170683920,82.170683790,7287.730,7287.600,0.130,,,ok
1846,82.189267210,82.196551460,82.196551160,7284.250,7283.950,0.300,,,ok
1847,82.214525160,82.221799950,82.221876430,7274.790,7351.270,76.480,,,ok
1848,82.238532520,82.245818120,82.245819060,7285.600,7286.540,0.940,,,ok
1849,82.264189370,82.271476590,82.271476680,7287.220,7287.310,0.090,,,ok
1850,82.289018820,82.296304920,82.296306050,7286.100,7287.230,1.130,,,ok
1851,82.314940220,82.322229330,82.322227030,7289.110,7286.810,2.300,,,ok
1852,82.338967180,82.346257660,82.346253110,7290.480,7285.930,4.550,,,ok
1853,82.364732410,82.372021130,82.372021550,7288.720,7289.140,0.420,,,ok
1854,82.390520220,82.397808110,82.397809860,7287.890,7289.640,1.750,,,ok
1855,82.416360380,82.423647850,82.423648260,7287.470,7287.880,0.410,,,ok
1856,82.442137630,82.449424970,82.449425860,7287.340,7288.230,0.890,,,ok
1857,82.467584380,82.474869700,82.474867690,7285.320,7283.310,2.010,,,ok
1858,82.493026210,82.500312000,82.500313670,7285.790,7287.460,1.670,,,ok
1859,82.517107190,82.524395350,82.524395670,7288.160,7288.480,0.320,,,ok
1860,82.542911460,82.550197450,82.550200440,7285.990,7288.980,2.990,,,ok
1861,82.568685790,82.575973220,82.575973890,7287.430,7288.100,0.670,,,ok
1862,82.594470950,82.601754340,82.601754930,7283.390,7283.980,0.590,,,ok
1863,82.620008930,82.627295040,82.627296000,7286.110,7287.070,0.960,,,ok
1864,82.645643220,82.652928200,82.652928970,7284.980,7285.750,0.770,,,ok
1865,82.669258990,82.676546740,82.676547530,7287.750,7288.540,0.790,,,ok
1866,82.693190980,82.700477590,82.700476220,7286.610,7285.240,1.370,,,ok
1867,82.716972130,82.724258760,82.724258610,7286.630,7286.480,0.150,,,ok
1868,82.742728630,82.750015560,82.750018110,7286.930,7289.480,2.550,,,ok
1869,82.768623500,82.775910410,82.775911300,7286.910,7287.800,0.890,,,ok
1870,82.793451890,82.800737410,82.800739750,7285.520,7287.860,2.340,,,ok
1871,82.817683190,82.824972070,82.824971880,7288.880,7288.690,0.190,,,ok
1872,82.842796620,82.850084610,82.850086540,7287.990,7289.920,1.930,,,ok
1873,82.867932990,82.875219040,82.875219290,7286.050,7286.300,0.250,,,ok
1874,82.893033020,82.900388000,82.900319640,7354.980,7286.620,68.360,,,ok
1875,82.918712970,82.925999740,82.926000640,7286.770,7287.670,0.900,,,ok
1876,82.942566380,82.949854170,82.949854520,7287.790,7288.140,0.350,,,ok
1877,82.967057800,82.974346610,82.974343890,7288.810,7286.090,2.720,,,ok
1878,82.992850050,83.000134600,83.000137220,7284.550,7287.170,2.620,,,ok
1879,83.018632380,83.025919410,83.025920550,7287.030,7288.170,1.140,,,ok
1880,83.042963700,83.050251380,83.050252800,7287.680,7289.100,1.420,,,ok
1881,83.068025650,83.075316270,83.075312570,7290.620,7286.920,3.700,,,ok
1882,83.093238790,83.100524480,83.100525380,7285.690,7286.590,0.900,,,ok
1883,83.119048020,83.126337870,83.126334630,7289.850,7286.610,3.240,,,ok
1884,83.143169590,83.150456260,83.150457750,7286.670,7288.160,1.490,,,ok
1885,83.168059750,83.175348400,83.175346150,7288.650,7286.400,2.250,,,ok
1886,83.193026890,83.200313130,83.200313540,7286.240,7286.650,0.410,,,ok
1887,83.218786700,83.226074120,83.226054310,7287.420,7267.610,19.810,,,ok
1888,83.244577210,83.251863990,83.251866660,7286.780,7289.450,2.670,,,ok
1889,83.270371590,83.277655740,83.277659180,7284.150,7287.590,3.440,,,ok
1890,83.296035210,83.303320730,83.303323600,7285.520,7288.390,2.870,,,ok
1891,83.320676530,83.327934620,83.327961010,7258.090,7284.480,26.390,,,ok
1892,83.346339570,83.353628530,83.353622850,7288.960,7283.280,5.680,,,ok
1893,83.371941190,83.379226760,83.379228890,7285.570,7287.700,2.130,,,ok
1894,83.396033090,83.403320210,83.403321200,7287.120,7288.110,0.990,,,ok
1895,83.421851070,83.429137420,83.429120300,7286.350,7269.230,17.120,,,ok
1896,83.447106420,83.454390560,83.454391880,7284.140,7285.460,1.320,,,ok
1897,83.471597050,83.478882640,83.478887690,7285.590,7290.640,5.050,,,ok
1898,83.497066070,83.504353400,83.504355940,7287.330,7289.870,2.540,,,ok
1899,83.521253740,83.528542170,83.528539500,7288.430,7285.760,2.670,,,ok
1900,83.546439630,83.553724410,83.553726900,7284.780,7287.270,2.490,,,ok
1901,83.571110890,83.578397510,83.578393600,7286.620,7282.710,3.910,,,ok
1902,83.596806140,83.604091260,83.604094520,7285.120,7288.380,3.260,,,ok
1903,83.621335040,83.628618190,83.628622330,7283.150,7287.290,4.140,,,ok
1904,83.646249830,83.653537540,83.653536660,7287.710,7286.830,0.880,,,ok
1905,83.671243760,83.678531450,83.678530050,7287.690,7286.290,1.400,,,ok
1906,83.696939230,83.704225570,83.704228470,7286.340,7289.240,2.900,,,ok
1907,83.722905900,83.730192780,83.730191950,7286.880,7286.050,0.830,,,ok
1908,83.748491400,83.755777500,83.755779450,7286.100,7288.050,1.950,,,ok
1909,83.773233470,83.780519990,83.780518900,7286.520,7285.430,1.090,,,ok
1910,83.798009750,83.805299360,83.805290900,7289.610,7281.150,8.460,,,ok
1911,83.821899110,83.829187780,83.829185710,7288.670,7286.600,2.070,,,ok
1912,83.847506730,83.854795980,83.854793060,7289.250,7286.330,2.920,,,ok
1913,83.872652370,,83.879942600,,7290.230,,,,missing_rx1
1914,83.898346140,83.905632830,83.905630000,7286.690,7283.860,2.830,50.837,,ok
1915,83.924018930,83.931304940,83.931304410,7286.010,7285.480,0.530,,,ok
1916,83.949744660,83.957033560,83.957032830,7288.900,7288.170,0.730,,,ok
1917,83.975547260,83.982832600,83.982833620,7285.340,7286.360,1.020,,,ok
1918,84.001830240,84.009115370,84.009117240,7285.130,7287.000,1.870,,,ok
1919,84.027181460,84.034472320,84.034468240,7290.860,7286.780,4.080,,,ok
1920,84.053009400,84.060295310,84.060295350,7285.910,7285.950,0.040,,,ok
1921,84.078638140,84.085926720,84.085975800,7288.580,7337.660,49.080,,,ok
1922,84.104045950,84.111332240,84.111333450,7286.290,7287.500,1.210,,,ok
1923,84.127974170,84.135263320,84.135261900,7289.150,7287.730,1.420,,,ok
1924,84.153645520,84.160931520,84.160932630,7286.000,7287.110,1.110,,,ok
1925,84.178099300,84.185385210,84.185388840,7285.910,7289.540,3.630,,,ok
1926,84.203788900,84.211075850,84.211077150,7286.950,7288.250,1.300,,,ok
1927,84.229512710,84.236801030,84.236800730,7288.320,7288.020,0.300,,,ok
1928,84.254904710,84.262190150,84.262259480,7285.440,7354.770,69.330,,,ok
1929,84.279570450,84.286857600,84.286856500,7287.150,7286.050,1.100,,,ok
1930,84.303500100,84.310786080,84.310785140,7285.980,7285.040,0.940,,,ok
1931,84.327579710,84.334864390,84.334869450,7284.680,7289.740,5.060,,,ok
1932,84.353288750,84.360573760,84.360577930,7285.010,7289.180,4.170,,,ok
1933,84.378971060,84.386257310,84.386258660,7286.250,7287.600,1.350,,,ok
1934,84.403198650,84.410485730,84.410487260,7287.080,7288.610,1.530,,,ok
1935,84.428504000,84.435787840,84.435792170,7283.840,7288.170,4.330,,,ok
1936,84.453568540,84.460854400,84.460855670,7285.860,7287.130,1.270,,,ok
1937,84.479696310,84.486984560,84.486985020,7288.250,7288.710,0.460,,,ok
1938,84.504781780,84.512069020,84.512068610,7287.240,7286.830,0.410,,,ok
1939,84.529192500,84.536480180,84.536479290,7287.680,7286.790,0.890,,,ok
1940,84.554348660,84.561635900,84.561634410,7287.240,7285.750,1.490,,,ok
1941,84.580071490,84.587359340,84.587357770,7287.850,7286.280,1.570,,,ok
1942,84.605932110,84.613217950,84.613221240,7285.840,7289.130,3.290,,,ok
1943,84.630475540,84.637759870,84.637760530,7284.330,7284.990,0.660,,,ok
1944,84.655494180,84.662779690,84.662846370,7285.510,7352.190,66.680,,,ok
1945,84.680502590,84.687792090,84.687791110,7289.500,7288.520,0.980,,,ok
1946,84.705175040,84.712460000,84.712459490,7284.960,7284.450,0.510,,,ok
1947,84.730499860,84.737789950,84.737789300,7290.090,7289.440,0.650,,,ok
1948,84.756232240,84.763518130,84.763516480,7285.890,7284.240,1.650,,,ok
1949,84.782056130,84.789340590,84.789346250,7284.460,7290.120,5.660,,,ok
1950,84.807877380,84.815164000,84.815162060,7286.620,7284.680,1.940,,,ok
1951,84.833643420,84.840927430,84.840933080,7284.010,7289.660,5.650,,,ok
1952,84.859367790,84.866655690,84.866655520,7287.900,7287.730,0.170,,,ok
1953,84.884110340,84.891392560,84.891397640,7282.220,7287.300,5.080,,,ok
1954,84.907785020,84.915111140,84.915073510,7326.120,7288.490,37.630,,,ok
1955,84.931624020,84.938912020,84.938910990,7288.000,7286.970,1.030,,,ok
1956,84.957465480,84.964752950,84.964755320,7287.470,7289.840,2.370,,,ok
1957,84.981612280,84.988898900,84.988898720,7286.620,7286.440,0.180,,,ok
1958,85.005747200,85.013036770,85.013037280,7289.570,7290.080,0.510,,,ok
1959,85.031475600,85.038765390,85.038764690,7289.790,7289.090,0.700,,,ok
1960,85.057271570,85.064558840,85.064559080,7287.270,7287.510,0.240,,,ok
1961,85.081655020,85.088940880,85.088942600,7285.860,7287.580,1.720,,,ok
1962,85.107092910,85.114380630,85.114379560,7287.720,7286.650,1.070,,,ok
1963,85.132952160,85.140236700,85.140239450,7284.540,7287.290,2.750,,,ok
1964,85.158681720,85.165967320,85.165967910,7285.600,7286.190,0.590,,,ok
1965,85.184536530,85.191825710,85.191825410,7289.180,7288.880,0.300,,,ok
1966,85.208402660,85.215689210,85.215688780,7286.550,7286.120,0.430,,,ok
1967,85.234191830,85.241477500,85.241478070,7285.670,7286.240,0.570,,,ok
1968,85.259831120,85.267120910,85.267121590,7289.790,7290.470,0.680,,,ok
1969,85.285688780,85.292973320,85.292973970,7284.540,7285.190,0.650,,,ok
1970,85.311489300,85.318777500,85.318775880,7288.200,7286.580,1.620,,,ok
1971,85.335483540,85.342771180,85.342770820,7287.640,7287.280,0.360,,,ok
1972,85.361088970,85.368373300,85.368375150,7284.330,7286.180,1.850,,,ok
1973,85.386787720,85.394072820,85.394072710,7285.100,7284.990,0.110,,,ok
1974,85.412028940,85.419316310,85.419317270,7287.370,7288.330,0.960,,,ok
1975,85.437885630,85.445173740,85.445175770,7288.110,7290.140,2.030,,,ok
1976,85.461768010,85.469058070,85.469051580,7290.060,7283.570,6.490,,,ok
1977,85.487337500,85.494625150,85.494626660,7287.650,7289.160,1.510,,,ok
1978,85.513061230,85.520349920,85.520350030,7288.690,7288.800,0.110,,,ok
1979,85.537927740,85.545213140,85.545211970,7285.400,7284.230,1.170,,,ok
1980,85.562729400,85.570016590,85.570016780,7287.190,7287.380,0.190,,,ok
1981,85.588615440,85.595905050,85.595900300,7289.610,7284.860,4.750,,,ok
1982,85.613808230,85.621093400,85.621094750,7285.170,7286.520,1.350,,,ok
1983,85.637553360,85.644840980,85.644841960,7287.620,7288.600,0.980,,,ok
1984,85.661557120,85.668844180,85.668846430,7287.060,7289.310,2.250,,,ok
1985,85.686933970,85.694222240,85.694219950,7288.270,7285.980,2.290,,,ok
1986,85.710751050,85.718036150,85.718037700,7285.100,7286.650,1.550,,,ok
1987,85.734544750,85.741830440,85.741822610,7285.690,7277.860,7.830,,,ok
1988,85.760497850,85.767783580,85.767784530,7285.730,7286.680,0.950,,,ok
1989,85.785273610,85.792560930,85.792561030,7287.320,7287.420,0.100,,,ok
1990,85.809279250,85.816565470,85.816632690,7286.220,7353.440,67.220,,,ok
1991,85.832897440,85.840183770,85.840185560,7286.330,7288.120,1.790,,,ok
1992,85.858595790,85.865882440,85.865884040,7286.650,7288.250,1.600,,,ok
1993,85.884197890,85.891484870,85.891453560,7286.980,7255.670,31.310,,,ok
1994,85.909968580,85.917253900,85.917255660,7285.320,7287.080,1.760,,,ok
1995,85.935362950,85.942651750,85.942647930,7288.800,7284.980,3.820,,,ok
1996,85.960588790,85.967933620,85.967876720,7344.830,7287.930,56.900,,,ok
1997,85.986086960,85.993374410,85.993376070,7287.450,7289.110,1.660,,,ok
1998,86.011755350,86.019041670,86.019044510,7286.320,7289.160,2.840,,,ok
1999,86.037397580,86.044686040,86.044687920,7288.460,7290.340,1.880,,,ok
2000,86.062596090,86.069884450,86.069885400,7288.360,7289.310,0.950,,,ok
2001,86.086459350,86.093747890,86.093744670,7288.540,7285.320,3.220,,,ok
2002,86.112095120,86.119380320,86.119383290,7285.200,7288.170,2.970,,,ok
2003,86.137928990,86.145213560,86.145214230,7284.570,7285.240,0.670,,,ok
2004,86.162974340,86.170262870,86.170259410,7288.530,7285.070,3.460,,,ok
2005,86.188800110,86.196085530,86.196088790,7285.420,7288.680,3.260,,,ok
2006,86.213168800,86.220454710,86.220457070,7285.910,7288.270,2.360,,,ok
2007,86.238884340,86.246173230,86.246169640,7288.890,7285.300,3.590,,,ok
2008,86.262910200,86.270196480,86.270197690,7286.280,7287.490,1.210,,,ok
2009,86.288717010,86.296005050,86.296007280,7288.040,7290.270,2.230,,,ok
2010,86.314367300,86.321652240,86.321655770,7284.940,7288.470,3.530,,,ok
2011,86.340016860,86.347370960,86.347304270,7354.100,7287.410,66.690,,,ok
2012,86.363704510,86.370989210,86.370992830,7284.700,7288.320,3.620,,,ok
2013,86.389558140,86.396843550,86.396846180,7285.410,7288.040,2.630,,,ok
2014,86.415194950,86.422481960,86.422484680,7287.010,7289.730,2.720,,,ok
2015,86.440827380,86.448112810,86.448113060,7285.430,7285.680,0.250,,,ok
2016,86.466231460,86.473517810,86.473585240,7286.350,7353.780,67.430,,,ok
2017,86.489945530,86.497232100,86.497234900,7286.570,7289.370,2.800,,,ok
2018,86.515648320,86.522935570,86.522937050,7287.250,7288.730,1.480,,,ok
2019,86.541343170,86.548628770,86.548631750,7285.600,7288.580,2.980,,,ok
2020,86.567456500,86.574741180,86.574745040,7284.680,7288.540,3.860,,,ok
2021,86.592778390,86.600065680,86.600067810,7287.290,7289.420,2.130,,,ok
2022,86.617114860,86.624403980,86.624401020,7289.120,7286.160,2.960,,,ok
2023,86.642333310,86.649621560,86.649619560,7288.250,7286.250,2.000,,,ok
2024,86.668045890,86.675335720,86.675333810,7289.830,7287.920,1.910,,,ok
2025,86.693794740,86.701084260,86.701082430,7289.520,7287.690,1.830,,,ok
2026,86.719499320,86.726846730,86.726785680,7347.410,7286.360,61.050,,,ok
2027,86.745158010,86.752445970,86.752443320,7287.960,7285.310,2.650,,,ok
2028,86.769202050,86.776488370,86.776487530,7286.320,7285.480,0.840,,,ok
2029,86.792993540,86.800282740,86.800280210,7289.200,7286.670,2.530,,,ok
2030,86.818732310,86.826021110,86.826019560,7288.800,7287.250,1.550,,,ok
2031,86.844494930,86.851783710,86.851782850,7288.780,7287.920,0.860,,,ok
2032,86.870307180,86.877592800,86.877595500,7285.620,7288.320,2.700,,,ok
2033,86.896106320,86.903391360,86.903394020,7285.040,7287.700,2.660,,,ok
2034,86.921933960,86.929218380,86.929223350,7284.420,7289.390,4.970,,,ok
2035,86.947094080,86.954381910,86.954334180,7287.830,7240.100,47.730,,,ok
2036,86.971349720,86.978636530,86.978639150,7286.810,7289.430,2.620,,,ok
2037,86.995226370,87.002514820,87.002513710,7288.450,7287.340,1.110,,,ok
2038,87.020507720,87.027793360,87.027796960,7285.640,7289.240,3.600,,,ok
2039,87.044185550,87.051471690,87.051475500,7286.140,7289.950,3.810,,,ok
2040,87.069855320,87.077145140,87.077176500,7289.820,7321.180,31.360,,,ok
2041,87.093597310,87.100948760,87.100885020,7351.450,7287.710,63.740,,,ok
2042,87.117589560,87.124876920,87.124875680,7287.360,7286.120,1.240,,,ok
2043,87.143344460,87.150630290,87.150627970,7285.830,7283.510,2.320,,,ok
2044,87.168998640,87.176287660,87.176287570,7289.020,7288.930,0.090,,,ok
2045,87.193377710,87.200666990,87.200664900,7289.280,7287.190,2.090,,,ok
2046,87.218072910,87.225359440,87.225358150,7286.530,7285.240,1.290,,,ok
2047,87.243870180,87.251158670,87.251157040,7288.490,7286.860,1.630,,,ok
2048,87.268989010,87.276277240,87.276276210,7288.230,7287.200,1.030,,,ok
2049,87.294786920,87.302074630,87.302074680,7287.710,7287.760,0.050,,,ok
2050,87.319884020,87.327169000,87.327173390,7284.980,7289.370,4.390,,,ok
2051,87.345732870,87.353022580,87.353020530,7289.710,7287.660,2.050,,,ok
2052,87.370921470,87.378210600,87.378209130,7289.130,7287.660,1.470,,,ok
2053,87.395692520,87.402976700,87.403016820,7284.180,7324.300,40.120,,,ok
2054,87.421476770,87.428762360,87.428761110,7285.590,7284.340,1.250,,,ok
2055,87.445157030,87.452446040,87.452445170,7289.010,7288.140,0.870,,,ok
2056,87.470466270,87.477753310,87.477819120,7287.040,7352.850,65.810,,,ok
2057,87.496235000,87.503522670,87.503521290,7287.670,7286.290,1.380,,,ok
2058,87.522118390,87.529404770,87.529404430,7286.380,7286.040,0.340,,,ok
2059,87.547571010,87.554859450,87.554858100,7288.440,7287.090,1.350,,,ok
2060,87.572105170,87.579392820,87.579340990,7287.650,7235.820,51.830,,,ok
2061,87.597392000,87.604681150,87.604681050,7289.150,7289.050,0.100,,,ok
2062,87.621351900,87.628636810,87.628638650,7284.910,7286.750,1.840,,,ok
2063,87.647040290,87.654328140,87.654326980,7287.850,7286.690,1.160,,,ok
2064,87.671330490,87.678616450,87.678616230,7285.960,7285.740,0.220,,,ok
2065,87.697170360,87.704458960,87.704459660,7288.600,7289.300,0.700,,,ok
2066,87.720934640,87.728223420,87.728223080,7288.780,7288.440,0.340,,,ok
2067,87.746148130,87.753436660,87.753435780,7288.530,7287.650,0.880,,,ok
2068,87.771905300,87.779194950,87.779195220,7289.650,7289.920,0.270,,,ok
2069,87.795936510,87.803220630,87.803223400,7284.120,7286.890,2.770,,,ok
2070,87.819846080,87.827130770,87.827131770,7284.690,7285.690,1.000,,,ok
2071,87.845631680,87.852919270,87.852919290,7287.590,7287.610,0.020,,,ok
2072,87.871173370,87.878458550,87.878432290,7285.180,7258.920,26.260,,,ok
2073,87.897037390,87.904325510,87.904325980,7288.120,7288.590,0.470,,,ok
2074,87.921219940,87.928505270,87.928505600,7285.330,7285.660,0.330,,,ok
2075,87.946144080,87.953433810,87.953433990,7289.730,7289.910,0.180,,,ok
2076,87.971933990,87.979221300,87.979221280,7287.310,7287.290,0.020,,,ok
2077,87.997349550,88.004635710,88.004635950,7286.160,7286.400,0.240,,,ok
2078,88.022502370,88.029788770,88.029788460,7286.400,7286.090,0.310,,,ok
2079,88.047784470,88.055071270,88.055071840,7286.800,7287.370,0.570,,,ok
2080,88.073095570,88.080385680,88.080379000,7290.110,7283.430,6.680,,,ok
2081,88.098339590,88.105694130,88.105624620,7354.540,7285.030,69.510,,,ok
2082,88.122537280,88.129819920,88.129822140,7282.640,7284.860,2.220,,,ok
2083,88.147524710,88.154810930,88.154810550,7286.220,7285.840,0.380,,,ok
2084,88.172457290,88.179744240,88.179745030,7286.950,7287.740,0.790,,,ok
2085,88.198373350,88.205662730,88.205663360,7289.380,7290.010,0.630,,,ok
2086,88.222407340,88.229693400,88.229695900,7286.060,7288.560,2.500,,,ok
2087,88.248138420,88.255430760,88.255425320,7292.340,7286.900,5.440,,,ok
2088,88.273999330,88.281286840,88.281287690,7287.510,7288.360,0.850,,,ok
2089,88.298347010,88.305635270,88.305702520,7288.260,7355.510,67.250,,,ok
2090,88.322154700,88.329442170,88.329440580,7287.470,7285.880,1.590,,,ok
2091,88.347685970,88.354972030,88.354974180,7286.060,7288.210,2.150,,,ok
2092,88.372554980,88.379841360,88.379842450,7286.380,7287.470,1.090,,,ok
2093,88.398086290,88.405374940,88.405374900,7288.650,7288.610,0.040,,,ok
2094,88.423892180,88.431177330,88.431179300,7285.150,7287.120,1.970,,,ok
2095,88.449614970,88.456900550,88.456902750,7285.580,7287.780,2.200,,,ok
2096,88.475342050,88.482629960,88.482630400,7287.910,7288.350,0.440,,,ok
2097,88.500850110,88.508138350,88.508137230,7288.240,7287.120,1.120,,,ok
2098,88.524639800,88.531926830,88.531928160,7287.030,7288.360,1.330,,,ok
2099,88.548595120,88.555880050,88.555880660,7284.930,7285.540,0.610,,,ok
2100,88.574092930,88.581371220,88.581378950,7278.290,7286.020,7.730,,,ok
2101,88.598487150,88.605777060,88.605772470,7289.910,7285.320,4.590,,,ok
2102,88.623043970,88.630327580,88.630332000,7283.610,7288.030,4.420,,,ok
2103,88.647977900,88.655263850,88.655264250,7285.950,7286.350,0.400,,,ok
2104,88.673774020,88.681059630,88.681063810,7285.610,7289.790,4.180,,,ok
2105,88.699567390,88.706854130,88.706856290,7286.740,7288.900,2.160,,,ok
2106,88.725450310,88.732738890,88.732734770,7288.580,7284.460,4.120,,,ok
2107,88.751237450,88.758522130,88.758523870,7284.680,7286.420,1.740,,,ok
2108,88.777329580,88.784615590,88.784617340,7286.010,7287.760,1.750,,,ok
2109,88.802702970,88.809988330,88.809989950,7285.360,7286.980,1.620,,,ok
2110,88.828459530,88.835747470,88.835749150,7287.940,7289.620,1.680,,,ok
2111,88.853225660,88.860513090,88.860512590,7287.430,7286.930,0.500,,,ok
2112,88.878516140,88.885804150,88.885806210,7288.010,7290.070,2.060,,,ok
2113,88.902189810,88.909476750,88.909479540,7286.940,7289.730,2.790,,,ok
2114,88.926878380,88.934168910,88.934167200,7290.530,7288.820,1.710,,,ok
2115,88.952565690,88.959853300,88.959850430,7287.610,7284.740,2.870,,,ok
2116,88.977391850,88.984677790,88.984678950,7285.940,7287.100,1.160,,,ok
2117,89.001063310,89.008350060,89.008353300,7286.750,7289.990,3.240,,,ok
2118,89.025878700,89.033164410,89.033165900,7285.710,7287.200,1.490,,,ok
2119,89.051656200,89.058942820,89.058944420,7286.620,7288.220,1.600,,,ok
2120,89.075891120,89.083178940,89.083177830,7287.820,7286.710,1.110,,,ok
2121,89.100888930,89.108173700,89.108177220,7284.770,7288.290,3.520,,,ok
2122,89.126688210,89.133973070,89.133975640,7284.860,7287.430,2.570,,,ok
2123,89.152501150,89.159790530,89.159786240,7289.380,7285.090,4.290,,,ok
2124,89.178358560,89.185642500,89.185647360,7283.940,7288.800,4.860,,,ok
2125,89.202331650,89.209617450,89.209620670,7285.800,7289.020,3.220,,,ok
2126,89.228109210,89.235396670,89.235399270,7287.460,7290.060,2.600,,,ok
2127,89.252218660,89.259505090,89.259506850,7286.430,7288.190,1.760,,,ok
2128,89.276094020,89.283383290,89.283381230,7289.270,7287.210,2.060,,,ok
2129,89.301844600,89.309130870,89.309133830,7286.270,7289.230,2.960,,,ok
2130,89.327482120,89.334835110,89.334766700,7352.990,7284.580,68.410,,,ok
2131,89.353177450,89.360462770,89.360466470,7285.320,7289.020,3.700,,,ok
2132,89.379010570,89.386297100,89.386299700,7286.530,7289.130,2.600,,,ok
2133,89.405054500,89.412340450,89.412343240,7285.950,7288.740,2.790,,,ok
2134,89.430463460,89.437748670,89.437751840,7285.210,7288.380,3.170,,,ok
2135,89.456321980,89.463607370,89.463609920,7285.390,7287.940,2.550,,,ok
2136,89.481819720,89.489104530,89.489108480,7284.810,7288.760,3.950,,,ok
2137,89.506727530,89.514013920,89.514016120,7286.390,7288.590,2.200,,,ok
2138,89.530479890,89.537767460,89.537764680,7287.570,7284.790,2.780,,,ok
2139,89.555724530,89.563008310,89.563013890,7283.780,7289.360,5.580,,,ok
2140,89.581556960,89.588844160,89.588842420,7287.200,7285.460,1.740,,,ok
2141,89.607347380,89.614632420,89.614634800,7285.040,7287.420,2.380,,,ok
2142,89.633170810,89.640455910,89.640458440,7285.100,7287.630,2.530,,,ok
2143,89.658004200,89.665286950,89.665292710,7282.750,7288.510,5.760,,,ok
2144,89.683765700,89.691052800,89.691050290,7287.100,7284.590,2.510,,,ok
2145,89.709239630,89.716525060,89.716529410,7285.430,7289.780,4.350,,,ok
2146,89.735035710,89.742324370,89.742388080,7288.660,7352.370,63.710,,,ok
2147,89.760759270,89.768047820,89.768043740,7288.550,7284.470,4.080,,,ok
2148,89.785721090,89.793006250,89.793010010,7285.160,7288.920,3.760,,,ok
2149,89.809724810,89.817014580,89.817013340,7289.770,7288.530,1.240,,,ok
2150,89.834216610,89.841502040,89.841501730,7285.430,7285.120,0.310,,,ok
2151,89.859911550,89.867201400,89.867199290,7289.850,7287.740,2.110,,,ok
2152,89.885458850,89.892742270,89.892747270,7283.420,7288.420,5.000,,,ok
2153,89.909760050,89.917048290,89.917047010,7288.240,7286.960,1.280,,,ok
2154,89.934291270,89.941576580,89.941578120,7285.310,7286.850,1.540,,,ok
2155,89.959491300,89.966779010,89.966772950,7287.710,7281.650,6.060,,,ok
2156,89.985088880,89.992372480,89.992376530,7283.600,7287.650,4.050,,,ok
2157,90.010817960,90.018105770,90.018105820,7287.810,7287.860,0.050,,,ok
2158,90.036030560,90.043320180,90.043319080,7289.620,7288.520,1.100,,,ok
2159,90.061348370,90.068638440,90.068637640,7290.070,7289.270,0.800,,,ok
2160,90.087108370,90.094394390,90.094395970,7286.020,7287.600,1.580,,,ok
2161,90.112408380,90.119695220,90.119693620,7286.840,7285.240,1.600,,,ok
2162,90.136193410,90.143478780,90.143482860,7285.370,7289.450,4.080,,,ok
2163,90.162025510,90.169312000,90.169310510,7286.490,7285.000,1.490,,,ok
2164,90.185769660,90.193055640,90.193059800,7285.980,7290.140,4.160,,,ok
2165,90.211942990,90.219228870,90.219228020,7285.880,7285.030,0.850,,,ok
2166,90.237339840,90.244627130,90.244625750,7287.290,7285.910,1.380,,,ok
2167,90.262280500,90.269565770,90.269569430,7285.270,7288.930,3.660,,,ok
2168,90.287722620,90.295009100,90.295007680,7286.480,7285.060,1.420,,,ok
2169,90.312760140,90.320046470,90.320046950,7286.330,7286.810,0.480,,,ok
2170,90.338528150,90.345814920,90.345881090,7286.770,7352.940,66.170,,,ok
2171,90.363806920,90.371091830,90.371093670,7284.910,7286.750,1.840,,,ok
2172,90.388447820,90.395736740,90.395737250,7288.920,7289.430,0.510,,,ok
2173,90.413775150,90.421060860,90.421058190,7285.710,7283.040,2.670,,,ok
2174,90.437895910,90.445184360,90.445184220,7288.450,7288.310,0.140,,,ok
2175,90.463720700,90.471006930,90.471006260,7286.230,7285.560,0.670,,,ok
2176,90.488747860,90.496036340,90.496035990,7288.480,7288.130,0.350,,,ok
2177,90.513661500,90.520949500,90.520949630,7288.000,7288.130,0.130,,,ok
2178,90.537332670,90.544618060,90.544620320,7285.390,7287.650,2.260,,,ok
2179,90.561200380,90.568485370,90.568485040,7284.990,7284.660,0.330,,,ok
2180,90.587050000,90.594338910,90.594339640,7288.910,7289.640,0.730,,,ok
2181,90.612710130,90.619998150,90.619997350,7288.020,7287.220,0.800,,,ok
2182,90.638540330,90.645826390,90.645826660,7286.060,7286.330,0.270,,,ok
2183,90.662179880,90.669469010,90.669469950,7289.130,7290.070,0.940,,,ok
2184,90.687947250,90.695233200,90.695230840,7285.950,7283.590,2.360,,,ok
2185,90.712798550,90.720086540,90.720087020,7287.990,7288.470,0.480,,,ok
2186,90.738740450,90.746030200,90.746025290,7289.750,7284.840,4.910,,,ok
2187,90.763465710,90.770752430,90.770752870,7286.720,7287.160,0.440,,,ok
2188,90.789220390,90.796506920,90.796507060,7286.530,7286.670,0.140,,,ok
2189,90.814613160,90.821898980,90.821900720,7285.820,7287.560,1.740,,,ok
2190,90.839762380,90.847047740,90.847046930,7285.360,7284.550,0.810,,,ok
2191,90.865544000,90.872831130,90.872830010,7287.130,7286.010,1.120,,,ok
2192,90.889223630,90.896510550,90.896510960,7286.920,7287.330,0.410,,,ok
2193,90.914757790,90.922007120,90.922044330,7249.330,7286.540,37.210,,,ok
2194,90.940558830,90.947845910,90.947846790,7287.080,7287.960,0.880,,,ok
2195,90.964775780,90.972064690,90.972065470,7288.910,7289.690,0.780,,,ok
2196,90.989895980,90.997184000,90.997184720,7288.020,7288.740,0.720,,,ok
2197,91.014088990,91.021376500,91.021375610,7287.510,7286.620,0.890,,,ok
2198,91.039857690,91.047144860,91.047146590,7287.170,7288.900,1.730,,,ok
2199,91.065716090,91.073004090,91.073005000,7288.000,7288.910,0.910,,,ok
2200,91.091386230,91.098671730,91.098673380,7285.500,7287.150,1.650,,,ok
2201,91.117220000,91.124505990,91.124506060,7285.990,7286.060,0.070,,,ok
2202,91.142991550,91.150278460,91.150280310,7286.910,7288.760,1.850,,,ok
2203,91.168659840,91.175946410,91.175947870,7286.570,7288.030,1.460,,,ok
2204,91.192496470,91.199850100,91.199782110,7353.630,7285.640,67.990,,,ok
2205,91.217976300,91.225263420,91.225265780,7287.120,7289.480,2.360,,,ok
2206,91.242685120,91.249972880,91.249974110,7287.760,7288.990,1.230,,,ok
2207,91.267476220,91.274763080,91.274762400,7286.860,7286.180,0.680,,,ok
2208,91.292508440,91.299794720,91.299794620,7286.280,7286.180,0.100,,,ok
2209,91.318234290,91.325522300,91.325519430,7288.010,7285.140,2.870,,,ok
2210,91.342548020,91.349836400,91.349836970,7288.380,7288.950,0.570,,,ok
2211,91.367514720,91.374797240,91.374801430,7282.520,7286.710,4.190,,,ok
2212,91.391605150,91.398893280,91.398894670,7288.130,7289.520,1.390,,,ok
2213,91.417016680,91.424325780,91.424300540,7309.100,7283.860,25.240,,,ok
2214,91.442842490,91.450130000,91.450131500,7287.510,7289.010,1.500,,,ok
2215,91.468344550,91.475632720,91.475629870,7288.170,7285.320,2.850,,,ok
2216,91.494070090,91.501356630,91.501357540,7286.540,7287.450,0.910,,,ok
2217,91.519895730,91.527184020,91.527181720,7288.290,7285.990,2.300,,,ok
2218,91.545661290,91.552947240,91.552917180,7285.950,7255.890,30.060,,,ok
2219,91.571366740,91.578650630,91.578653650,7283.890,7286.910,3.020,,,ok
2220,91.597204720,91.604495460,91.604491360,7290.740,7286.640,4.100,,,ok
2221,91.622177090,91.629462770,91.629464210,7285.680,7287.120,1.440,,,ok
2222,91.647967150,91.655252300,91.655253270,7285.150,7286.120,0.970,,,ok
2223,91.673601040,91.680872440,91.680887430,7271.400,7286.390,14.990,,,ok
2224,91.697915130,91.705204000,91.705200780,7288.870,7285.650,3.220,,,ok
2225,91.722559450,91.729844830,91.729846890,7285.380,7287.440,2.060,,,ok
2226,91.748072120,91.755358190,91.755362650,7286.070,7290.530,4.460,,,ok
2227,91.773449030,91.780738960,91.780736190,7289.930,7287.160,2.770,,,ok
2228,91.799369420,91.806657580,91.806654690,7288.160,7285.270,2.890,,,ok
2229,91.823338010,91.830611740,91.830606000,7273.730,7267.990,5.740,,,ok
2230,91.847689750,91.854979030,91.854976410,7289.280,7286.660,2.620,,,ok
2231,91.872193860,91.879481810,91.879480010,7287.950,7286.150,1.800,,,ok
2232,91.897508730,91.904796100,91.904797180,7287.370,7288.450,1.080,,,ok
2233,91.923021520,91.930309280,91.930311780,7287.760,7290.260,2.500,,,ok
2234,91.948334470,91.955622840,91.955619000,7288.370,7284.530,3.840,,,ok
2235,91.972197850,91.979483640,91.979483710,7285.790,7285.860,0.070,,,ok
2236,91.997805450,92.005093550,92.005092160,7288.100,7286.710,1.390,,,ok
2237,92.022133330,92.029422990,92.029420530,7289.660,7287.200,2.460,,,ok
2238,92.046126260,92.053416290,92.053412990,7290.030,7286.730,3.300,,,ok
2239,92.071148330,92.078433790,92.078437340,7285.460,7289.010,3.550,,,ok
2240,92.094732770,92.102018070,92.102019400,7285.300,7286.630,1.330,,,ok
2241,92.119206930,92.126496420,92.126494270,7289.490,7287.340,2.150,,,ok
2242,92.144844130,92.152129920,92.152132620,7285.790,7288.490,2.700,,,ok
2243,92.169785290,92.177070830,92.177069970,7285.540,7284.680,0.860,,,ok
2244,92.194924760,92.202211610,92.202209490,7286.850,7284.730,2.120,,,ok
2245,92.219926730,92.227215340,92.227212780,7288.610,7286.050,2.560,,,ok
2246,92.245676830,92.252963480,92.252966270,7286.650,7289.440,2.790,,,ok
2247,92.269522220,92.276810600,92.276809100,7288.380,7286.880,1.500,,,ok
2248,92.295068690,92.302355280,92.302358120,7286.590,7289.430,2.840,,,ok
2249,92.320914420,92.328203600,92.328200810,7289.180,7286.390,2.790,,,ok
2250,92.346638290,92.353926220,92.353990280,7287.930,7351.990,64.060,,,ok
2251,92.370831710,92.378120450,92.378117690,7288.740,7285.980,2.760,,,ok
2252,92.394102940,92.401387880,92.401392110,7284.940,7289.170,4.230,,,ok
2253,92.419988400,92.427275870,92.427274500,7287.470,7286.100,1.370,,,ok
2254,92.444443870,92.451730680,92.451733850,7286.810,7289.980,3.170,,,ok
2255,92.469926950,92.477217340,92.477212260,7290.390,7285.310,5.080,,,ok
2256,92.495737050,92.503021130,92.503025620,7284.080,7288.570,4.490,,,ok
2257,92.520962390,92.528250850,92.528248030,7288.460,7285.640,2.820,,,ok
2258,92.544747460,92.552031070,92.552032440,7283.610,7284.980,1.370,,,ok
2259,92.569901850,92.577185070,92.577189770,7283.220,7287.920,4.700,,,ok
2260,92.593789460,92.601075060,92.601079430,7285.600,7289.970,4.370,,,ok
2261,92.619454580,92.626771060,92.626742080,7316.480,7287.500,28.980,,,ok
2262,92.645206500,92.652491420,92.652496410,7284.920,7289.910,4.990,,,ok
2263,92.670947260,92.678236150,92.678234740,7288.890,7287.480,1.410,,,ok
2264,92.696967890,92.704253720,92.704250690,7285.830,7282.800,3.030,,,ok
2265,92.720449660,92.727737820,92.727801920,7288.160,7352.260,64.100,,,ok
2266,92.746150030,92.753436340,92.753438850,7286.310,7288.820,2.510,,,ok
2267,92.771874650,92.779164700,92.779163600,7290.050,7288.950,1.100,,,ok
2268,92.795554280,92.802843200,92.802841050,7288.920,7286.770,2.150,,,ok
2269,92.819785850,92.827071470,92.827075400,7285.620,7289.550,3.930,,,ok
2270,92.844808200,92.852094900,92.852092480,7286.700,7284.280,2.420,,,ok
2271,92.870486720,92.877773240,92.877769900,7286.520,7283.180,3.340,,,ok
2272,92.895404350,92.902691800,92.902690790,7287.450,7286.440,1.010,,,ok
2273,92.921452370,92.928739860,92.928739140,7287.490,7286.770,0.720,,,ok
2274,92.946817720,92.954102450,92.954106160,7284.730,7288.440,3.710,,,ok
2275,92.971279310,92.978564530,92.978565900,7285.220,7286.590,1.370,,,ok
2276,92.996937520,93.004224250,93.004224460,7286.730,7286.940,0.210,,,ok
2277,93.021132190,93.028418650,93.028416960,7286.460,7284.770,1.690,,,ok
2278,93.046833580,93.054186810,93.054120370,7353.230,7286.790,66.440,,,ok
2279,93.072179890,93.079464590,93.079469830,7284.700,7289.940,5.240,,,ok
2280,93.097648050,93.104933770,93.104936830,7285.720,7288.780,3.060,,,ok
2281,93.122604690,93.129891430,93.129891700,7286.740,7287.010,0.270,,,ok
2282,93.147735640,93.155024570,93.155089090,7288.930,7353.450,64.520,,,ok
2283,93.172889550,93.180179020,93.180178340,7289.470,7288.790,0.680,,,ok
2284,93.198232830,93.205522250,93.205521830,7289.420,7289.000,0.420,,,ok
2285,93.223093160,93.230379350,93.230379450,7286.190,7286.290,0.100,,,ok
2286,93.247600650,93.254889150,93.254885970,7288.500,7285.320,3.180,,,ok
2287,93.272079070,93.279365000,93.279367280,7285.930,7288.210,2.280,,,ok
2288,93.297666030,93.304955970,93.304954550,7289.940,7288.520,1.420,,,ok
2289,93.322742830,93.330029240,93.330027840,7286.410,7285.010,1.400,,,ok
2290,93.347127900,93.354417670,93.354417560,7289.770,7289.660,0.110,,,ok
2291,93.372749670,93.380036080,93.380035180,7286.410,7285.510,0.900,,,ok
2292,93.397939750,93.405228490,93.405229390,7288.740,7289.640,0.900,,,ok
2293,93.423022640,93.430307960,93.430312760,7285.320,7290.120,4.800,,,ok
2294,93.447474690,93.454761080,93.454761230,7286.390,7286.540,0.150,,,ok
2295,93.472045590,93.479334580,93.479333750,7288.990,7288.160,0.830,,,ok
2296,93.497123110,93.504406970,93.504408100,7283.860,7284.990,1.130,,,ok
2297,93.522126450,93.529411320,93.529410680,7284.870,7284.230,0.640,,,ok
2298,93.547816530,93.555102310,93.555104840,7285.780,7288.310,2.530,,,ok
2299,93.571576250,93.578862240,93.578862420,7285.990,7286.170,0.180,,,ok
2300,93.597483680,93.604771570,93.604771210,7287.890,7287.530,0.360,,,ok
2301,93.622960860,93.630249000,93.630247850,7288.140,7286.990,1.150,,,ok
2302,93.648144170,93.655433180,93.655431230,7289.010,7287.060,1.950,,,ok
2303,93.672170170,93.679463610,93.679457370,7293.440,7287.200,6.240,,,ok
2304,93.698033110,93.705320130,93.705283300,7287.020,7250.190,36.830,,,ok
2305,93.722096490,93.729383640,93.729381740,7287.150,7285.250,1.900,,,ok
2306,93.747629740,93.754916930,93.754916570,7287.190,7286.830,0.360,,,ok
2307,93.772623670,93.779910400,93.779975310,7286.730,7351.640,64.910,,,ok
2308,93.797170320,93.804458690,93.804459200,7288.370,7288.880,0.510,,,ok
2309,93.822223040,93.829510640,93.829512890,7287.600,7289.850,2.250,,,ok
2310,93.846600430,93.853890450,93.853886200,7290.020,7285.770,4.250,,,ok
2311,93.872171420,93.879458770,93.879458730,7287.350,7287.310,0.040,,,ok
2312,93.896327970,93.903617290,93.903617900,7289.320,7289.930,0.610,,,ok
2313,93.921967360,93.929254240,93.929253710,7286.880,7286.350,0.530,,,ok
2314,93.947345400,93.954633070,93.954633950,7287.670,7288.550,0.880,,,ok
2315,93.971216720,93.978564540,93.978502340,7347.820,7285.620,62.200,,,ok
2316,93.997031650,94.004319800,94.004331130,7288.150,7299.480,11.330,,,ok
2317,94.022349500,94.029639170,94.029635170,7289.670,7285.670,4.000,,,ok
2318,94.047190220,94.054477580,94.054478650,7287.360,7288.430,1.070,,,ok
2319,94.072296480,94.079584970,94.079581180,7288.490,7284.700,3.790,,,ok
2320,94.102222500,94.109509210,94.109509730,7286.710,7287.230,0.520,,,ok
2321,94.127566910,94.134852600,94.134851180,7285.690,7284.270,1.420,,,ok
2322,94.153356890,94.160643800,94.160647490,7286.910,7290.600,3.690,,,ok
2323,94.179181300,94.186468250,94.186470970,7286.950,7289.670,2.720,,,ok
2324,94.204983760,94.212271970,94.212269230,7288.210,7285.470,2.740,,,ok
2325,94.230543360,94.237831300,94.237832790,7287.940,7289.430,1.490,,,ok
2326,94.255888420,94.263174730,94.263176140,7286.310,7287.720,1.410,,,ok
2327,94.281809330,94.289098040,94.289094600,7288.710,7285.270,3.440,,,ok
2328,94.306447610,94.313735530,94.313732070,7287.920,7284.460,3.460,,,ok
2329,94.331469250,94.338754860,94.338755530,7285.610,7286.280,0.670,,,ok
2330,94.357164910,94.364453190,94.364454960,7288.280,7290.050,1.770,,,ok
2331,94.382962140,94.390251720,94.390248420,7289.580,7286.280,3.300,,,ok
2332,94.407733440,94.415019380,94.415021690,7285.940,7288.250,2.310,,,ok
2333,94.433485650,94.440773270,94.440772680,7287.620,7287.030,0.590,,,ok
2334,94.459212750,94.466501530,94.466497260,7288.780,7284.510,4.270,,,ok
2335,94.484511840,94.491799360,94.491794510,7287.520,7282.670,4.850,,,ok
2336,94.510193570,94.517482750,94.517480570,7289.180,7287.000,2.180,,,ok
2337,94.534226510,94.541516950,94.541511500,7290.440,7284.990,5.450,,,ok
2338,94.559312510,94.566599420,94.566602180,7286.910,7289.670,2.760,,,ok
2339,94.584465580,94.591751150,94.591759970,7285.570,7294.390,8.820,,,ok
2340,94.610147370,94.617436890,94.617431590,7289.520,7284.220,5.300,,,ok
2341,94.635914950,94.643202900,94.643202650,7287.950,7287.700,0.250,,,ok
2342,94.661581260,94.668867920,94.668871190,7286.660,7289.930,3.270,,,ok
2343,94.686487750,94.693777080,94.693774560,7289.330,7286.810,2.520,,,ok
2344,94.710328940,94.717615700,94.717617930,7286.760,7288.990,2.230,,,ok
2345,94.734100360,94.741389050,94.741374760,7288.690,7274.400,14.290,,,ok
2346,94.759594770,94.766881520,94.766884070,7286.750,7289.300,2.550,,,ok
2347,94.784863430,94.792150870,94.792152530,7287.440,7289.100,1.660,,,ok
2348,94.809647220,94.816933190,94.816936790,7285.970,7289.570,3.600,,,ok
2349,94.834620900,94.841907460,94.841909160,7286.560,7288.260,1.700,,,ok
2350,94.858434750,94.865686770,94.865723470,7252.020,7288.720,36.700,,,ok
2351,94.883844520,94.891134260,94.891131740,7289.740,7287.220,2.520,,,ok
2352,94.908131320,94.915416980,94.915420420,7285.660,7289.100,3.440,,,ok
2353,94.932717180,94.940006210,94.940002670,7289.030,7285.490,3.540,,,ok
2354,94.958470910,94.965759530,94.965756480,7288.620,7285.570,3.050,,,ok
2355,94.984243720,94.991532780,94.991530700,7289.060,7286.980,2.080,,,ok
2356,95.009612480,95.016900420,95.016898090,7287.940,7285.610,2.330,,,ok
2357,95.035558870,95.042844620,95.042847530,7285.750,7288.660,2.910,,,ok
2358,95.059594610,95.066882260,95.066944670,7287.650,7350.060,62.410,,,ok
2359,95.084594910,95.091881690,95.091884460,7286.780,7289.550,2.770,,,ok
2360,95.109972840,95.117258600,95.117257950,7285.760,7285.110,0.650,,,ok
2361,95.135615820,95.142902360,95.142905580,7286.540,7289.760,3.220,,,ok
2362,95.159730100,95.167015770,95.167019740,7285.670,7289.640,3.970,,,ok
2363,95.184538570,95.191824790,95.191828170,7286.220,7289.600,3.380,,,ok
2364,95.210420500,95.217708510,95.217706670,7288.010,7286.170,1.840,,,ok
2365,95.234644470,95.241930960,95.241929210,7286.490,7284.740,1.750,,,ok
2366,95.259643400,95.266930250,95.266932140,7286.850,7288.740,1.890,,,ok
2367,95.284730780,95.292018620,95.292016990,7287.840,7286.210,1.630,,,ok
2368,95.310140900,95.317426980,95.317430360,7286.080,7289.460,3.380,,,ok
2369,95.335964940,95.343247980,95.343251150,7283.040,7286.210,3.170,,,ok
2370,95.360700810,95.368013640,95.367987230,7312.830,7286.420,26.410,,,ok
2371,95.386455590,95.393740920,95.393744750,7285.330,7289.160,3.830,,,ok
2372,95.412222670,95.419510480,95.419508050,7287.810,7285.380,2.430,,,ok
2373,95.435966680,95.443254100,95.443250010,7287.420,7283.330,4.090,,,ok
2374,95.460705650,95.467992240,95.467990820,7286.590,7285.170,1.420,,,ok
2375,95.484595110,95.491879920,95.491882000,7284.810,7286.890,2.080,,,ok
2376,95.510467380,95.517750060,95.517752870,7282.680,7285.490,2.810,,,ok
2377,95.536228750,95.543517400,95.543516280,7288.650,7287.530,1.120,,,ok
2378,95.560804470,95.568090920,95.568089840,7286.450,7285.370,1.080,,,ok
2379,95.586441800,95.593728410,95.593727860,7286.610,7286.060,0.550,,,ok
2380,95.612135980,95.619421630,95.619421650,7285.650,7285.670,0.020,,,ok
2381,95.637548870,95.644836040,95.644834350,7287.170,7285.480,1.690,,,ok
2382,95.662668880,95.669951730,95.669957540,7282.850,7288.660,5.810,,,ok
2383,95.688470130,95.695756990,95.695756910,7286.860,7286.780,0.080,,,ok
2384,95.712313300,95.719600340,95.719600170,7287.040,7286.870,0.170,,,ok
2385,95.738011500,95.745299770,95.745298650,7288.270,7287.150,1.120,,,ok
2386,95.763931710,95.771217240,95.771217140,7285.530,7285.430,0.100,,,ok
2387,95.788201470,95.795551880,95.795490640,7350.410,7289.170,61.240,,,ok
2388,95.814012780,95.821299790,95.821298120,7287.010,7285.340,1.670,,,ok
2389,95.838309620,95.845598030,95.845597470,7288.410,7287.850,0.560,,,ok
2390,95.863992380,95.871281550,95.871279900,7289.170,7287.520,1.650,,,ok
2391,95.889708440,95.897060020,95.896994290,7351.580,7285.850,65.730,,,ok
2392,95.915183580,95.922473260,95.922472730,7289.680,7289.150,0.530,,,ok
2393,95.941040500,95.948326780,95.948325330,7286.280,7284.830,1.450,,,ok
2394,95.966506370,95.973795120,95.973793840,7288.750,7287.470,1.280,,,ok
2395,95.990130640,95.997416010,95.997417210,7285.370,7286.570,1.200,,,ok
2396,96.015307300,96.022596780,96.022596360,7289.480,7289.060,0.420,,,ok
2397,96.040633060,96.047920440,96.047919080,7287.380,7286.020,1.360,,,ok
2398,96.066448040,96.073732740,96.073737010,7284.700,7288.970,4.270,,,ok
2399,96.092209160,96.099494340,96.099496820,7285.180,7287.660,2.480,,,ok
2400,96.117040780,96.124330730,96.124395590,7289.950,7354.810,64.860,,,ok
2401,96.142893230,96.150178680,96.150183570,7285.450,7290.340,4.890,,,ok
2402,96.168649620,96.175936170,96.175937210,7286.550,7287.590,1.040,,,ok
2403,96.193076760,96.200365670,96.200365490,7288.910,7288.730,0.180,,,ok
2404,96.218869270,96.226152720,96.226158050,7283.450,7288.780,5.330,,,ok
2405,96.244527270,96.251817320,96.251816510,7290.050,7289.240,0.810,,,ok
2406,96.268979590,96.276264750,96.276265820,7285.160,7286.230,1.070,,,ok
2407,96.292775530,96.300063430,96.300063750,7287.900,7288.220,0.320,,,ok
2408,96.318068630,96.325357610,96.325355310,7288.980,7286.680,2.300,,,ok
2409,96.342950390,96.350235980,96.350236240,7285.590,7285.850,0.260,,,ok
2410,96.367927610,96.375214500,96.375214550,7286.890,7286.940,0.050,,,ok
2411,96.393074310,96.400362740,96.400363070,7288.430,7288.760,0.330,,,ok
2412,96.417462360,96.424750360,96.424750670,7288.000,7288.310,0.310,,,ok
2413,96.443090130,96.450378620,96.450377470,7288.490,7287.340,1.150,,,ok
2414,96.468896810,96.476183010,96.476183330,7286.200,7286.520,0.320,,,ok
2415,96.493046950,96.500336360,96.500335610,7289.410,7288.660,0.750,,,ok
2416,96.518708920,96.525993770,96.525994280,7284.850,7285.360,0.510,,,ok
2417,96.542614780,96.549902200,96.549900270,7287.420,7285.490,1.930,,,ok
2418,96.568210690,96.575496480,96.575496020,7285.790,7285.330,0.460,,,ok
2419,96.594067210,96.601352350,96.601355510,7285.140,7288.300,3.160,,,ok
2420,96.619771850,96.627058430,96.627058800,7286.580,7286.950,0.370,,,ok
2421,96.644231670,96.651515860,96.651517400,7284.190,7285.730,1.540,,,ok
2422,96.669961440,96.677313660,96.677248210,7352.220,7286.770,65.450,,,ok
2423,96.695817500,96.703102550,96.703104350,7285.050,7286.850,1.800,,,ok
2424,96.720206340,96.727491840,96.727490330,7285.500,7283.990,1.510,,,ok
2425,96.746005690,96.753295350,96.753296220,7289.660,7290.530,0.870,,,ok
2426,96.771749540,96.779037700,96.779039670,7288.160,7290.130,1.970,,,ok
2427,96.796620740,96.803906980,96.803907840,7286.240,7287.100,0.860,,,ok
2428,96.822180050,96.829463910,96.829470230,7283.860,7290.180,6.320,,,ok
2429,96.846595930,96.853883620,96.853884060,7287.690,7288.130,0.440,,,ok
2430,96.870692440,96.877981210,96.877978320,7288.770,7285.880,2.890,,,ok
2431,96.896489640,96.903775680,96.903776590,7286.040,7286.950,0.910,,,ok
2432,96.922065330,96.929353140,96.929354270,7287.810,7288.940,1.130,,,ok
2433,96.947497880,96.954787360,96.954782560,7289.480,7284.680,4.800,,,ok
2434,96.973028110,96.980315640,96.980316910,7287.530,7288.800,1.270,,,ok
2435,96.997312450,97.004599260,97.004599490,7286.810,7287.040,0.230,,,ok
2436,97.022343310,97.029631690,97.029633820,7288.380,7290.510,2.130,,,ok
2437,97.047646540,97.054935870,97.054930860,7289.330,7284.320,5.010,,,ok
2438,97.073057910,97.080344490,97.080345710,7286.580,7287.800,1.220,,,ok
2439,97.097441370,97.104727670,97.104729240,7286.300,7287.870,1.570,,,ok
2440,97.122237880,97.129525210,97.129526220,7287.330,7288.340,1.010,,,ok
2441,97.146233490,97.153519580,97.153521050,7286.090,7287.560,1.470,,,ok
2442,97.172056660,97.179342760,97.179344610,7286.100,7287.950,1.850,,,ok
2443,97.197883260,97.205171060,97.205172890,7287.800,7289.630,1.830,,,ok
2444,97.222205910,97.229493740,97.229488740,7287.830,7282.830,5.000,,,ok
2445,97.247766740,97.255052760,97.255054800,7286.020,7288.060,2.040,,,ok
2446,97.272152540,97.279441350,97.279438010,7288.810,7285.470,3.340,,,ok
2447,97.296835260,97.304124970,97.304121670,7289.710,7286.410,3.300,,,ok
2448,97.322575820,97.329863170,97.329863540,7287.350,7287.720,0.370,,,ok
2449,97.347942770,97.355231520,97.355227660,7288.750,7284.890,3.860,,,ok
2450,97.372341650,97.379629850,97.379619700,7288.200,7278.050,10.150,,,ok
2451,97.397426290,97.404710950,97.404715230,7284.660,7288.940,4.280,,,ok
2452,97.421457170,97.428746690,97.428743850,7289.520,7286.680,2.840,,,ok
2453,97.447187350,97.454474140,97.454425390,7286.790,7238.040,48.750,,,ok
2454,97.472523830,97.479812630,97.479810740,7288.800,7286.910,1.890,,,ok
2455,97.497179900,97.504466920,97.504469050,7287.020,7289.150,2.130,,,ok
2456,97.522956920,97.530244260,97.530242650,7287.340,7285.730,1.610,,,ok
2457,97.548689410,97.555978590,97.555977250,7289.180,7287.840,1.340,,,ok
2458,97.574492760,97.581779580,97.581778500,7286.820,7285.740,1.080,,,ok
2459,97.598765620,97.606049620,97.606052740,7284.000,7287.120,3.120,,,ok
2460,97.624522140,97.631808650,97.631808680,7286.510,7286.540,0.030,,,ok
2461,97.650221930,97.657507330,97.657509730,7285.400,7287.800,2.400,,,ok
2462,97.675983420,97.683269240,97.683272230,7285.820,7288.810,2.990,,,ok
2463,97.702003500,97.709286340,97.709290810,7282.840,7287.310,4.470,,,ok
2464,97.727749410,97.735036480,97.735034930,7287.070,7285.520,1.550,,,ok
2465,97.753165050,97.760450820,97.760453470,7285.770,7288.420,2.650,,,ok
2466,97.778916300,97.786204150,97.786200420,7287.850,7284.120,3.730,,,ok
2467,97.803052530,97.810334620,97.810339380,7282.090,7286.850,4.760,,,ok
2468,97.826797020,97.834084570,97.834083730,7287.550,7286.710,0.840,,,ok
2469,97.852519850,97.859806650,97.859807200,7286.800,7287.350,0.550,,,ok
2470,97.876328640,97.883616850,97.883615760,7288.210,7287.120,1.090,,,ok
2471,97.901939050,97.909226030,97.909229050,7286.980,7290.000,3.020,,,ok
2472,97.927699280,97.934988630,97.935050500,7289.350,7351.220,61.870,,,ok
2473,97.951960540,97.959246890,97.959245970,7286.350,7285.430,0.920,,,ok
2474,97.976183960,97.983469780,97.983474300,7285.820,7290.340,4.520,,,ok
2475,98.002043660,98.009329440,98.009331720,7285.780,7288.060,2.280,,,ok
2476,98.027859950,98.035148120,98.035146250,7288.170,7286.300,1.870,,,ok
2477,98.053925970,98.061210550,98.061214810,7284.580,7288.840,4.260,,,ok
2478,98.079650720,98.086938920,98.086938080,7288.200,7287.360,0.840,,,ok
2479,98.105032040,98.112318060,98.112321530,7286.020,7289.490,3.470,,,ok
2480,98.130783680,98.138070840,98.138050200,7287.160,7266.520,20.640,,,ok
2481,98.156280320,98.163570040,98.163567210,7289.720,7286.890,2.830,,,ok
2482,98.180603830,98.187893390,98.187890710,7289.560,7286.880,2.680,,,ok
2483,98.205942030,98.213230760,98.213230370,7288.730,7288.340,0.390,,,ok
2484,98.229795500,98.237085210,98.237083680,7289.710,7288.180,1.530,,,ok
2485,98.254444800,98.261732580,98.261732190,7287.780,7287.390,0.390,,,ok
2486,98.279815100,98.287101840,98.287099710,7286.740,7284.610,2.130,,,ok
2487,98.305574830,98.312839900,98.312864000,7265.070,7289.170,24.100,,,ok
2488,98.330480670,98.337767700,98.337767640,7287.030,7286.970,0.060,,,ok
2489,98.355859460,98.363147280,98.363146030,7287.820,7286.570,1.250,,,ok
2490,98.379662900,98.386950540,98.386946960,7287.640,7284.060,3.580,,,ok
2491,98.405461830,98.412748930,98.412746610,7287.100,7284.780,2.320,,,ok
2492,98.430929300,98.438216340,98.438216230,7287.040,7286.930,0.110,,,ok
2493,98.456691070,98.463979810,98.463979660,7288.740,7288.590,0.150,,,ok
2494,98.482495480,98.489784120,98.489783070,7288.640,7287.590,1.050,,,ok
2495,98.506614950,98.513902650,98.513900210,7287.700,7285.260,2.440,,,ok
2496,98.532356750,98.539645940,98.539644980,7289.190,7288.230,0.960,,,ok
2497,98.556217630,98.563502740,98.563501910,7285.110,7284.280,0.830,,,ok
2498,98.580501720,98.587787510,98.587784350,7285.790,7282.630,3.160,,,ok
2499,98.605440420,98.612726020,98.612730490,7285.600,7290.070,4.470,,,ok
2500,98.630780060,98.638066990,98.638066150,7286.930,7286.090,0.840,,,ok
2501,98.655468010,98.662755170,98.662757160,7287.160,7289.150,1.990,,,ok
2502,98.680277560,98.687566150,98.687565430,7288.590,7287.870,0.720,,,ok
2503,98.705913580,98.713199640,98.713199010,7286.060,7285.430,0.630,,,ok
2504,98.731332470,98.738622880,98.738622480,7290.410,7290.010,0.400,,,ok
2505,98.756574960,98.763858730,98.763860020,7283.770,7285.060,1.290,,,ok
2506,98.783713130,98.790999760,98.790996890,7286.630,7283.760,2.870,,,ok
2507,98.809891900,98.817178170,98.817177950,7286.270,7286.050,0.220,,,ok
2508,98.834689510,98.841978230,98.841973610,7288.720,7284.100,4.620,,,ok
2509,98.860486070,98.867774990,98.867774570,7288.920,7288.500,0.420,,,ok
2510,98.886245500,98.893533330,98.893532090,7287.830,7286.590,1.240,,,ok
2511,98.910003380,98.917290490,98.917291520,7287.110,7288.140,1.030,,,ok
2512,98.935726360,98.943014880,98.943014740,7288.520,7288.380,0.140,,,ok
2513,98.961541170,98.968828480,98.968827410,7287.310,7286.240,1.070,,,ok
2514,98.984973230,98.992259240,98.992260860,7286.010,7287.630,1.620,,,ok
2515,99.010549870,99.017832920,99.017835290,7283.050,7285.420,2.370,,,ok
2516,99.034934920,99.042223690,99.042222310,7288.770,7287.390,1.380,,,ok
2517,99.061094650,99.068381100,99.068379720,7286.450,7285.070,1.380,,,ok
2518,99.086438370,99.093725380,99.093724510,7287.010,7286.140,0.870,,,ok
2519,99.110574580,99.117862880,99.117861270,7288.300,7286.690,1.610,,,ok
2520,99.136482540,99.143771180,99.143771170,7288.640,7288.630,0.010,,,ok
2521,99.162160870,99.169449630,99.169445950,7288.760,7285.080,3.680,,,ok
2522,99.185861640,99.193148210,99.193146700,7286.570,7285.060,1.510,,,ok
2523,99.210684590,99.217972530,99.217972590,7287.940,7288.000,0.060,,,ok
2524,99.235486740,99.242756760,99.242776080,7270.020,7289.340,19.320,,,ok
2525,99.261120300,99.268409140,99.268409600,7288.840,7289.300,0.460,,,ok
2526,99.286920590,99.294205010,99.294207890,7284.420,7287.300,2.880,,,ok
2527,99.311478780,99.318766110,99.318765510,7287.330,7286.730,0.600,,,ok
2528,99.336814420,99.344169520,99.344098900,7355.100,7284.480,70.620,,,ok
2529,99.362544690,99.369832720,99.369833270,7288.030,7288.580,0.550,,,ok
2530,99.386384710,99.393671070,99.393670740,7286.360,7286.030,0.330,,,ok
2531,99.412085290,99.419373600,99.419374260,7288.310,7288.970,0.660,,,ok
2532,99.437108030,99.444396590,99.444392190,7288.560,7284.160,4.400,,,ok
2533,99.462855900,99.470146290,99.470140900,7290.390,7285.000,5.390,,,ok
2534,99.488716920,99.496004510,99.496005460,7287.590,7288.540,0.950,,,ok
2535,99.514119850,99.521405630,99.521401600,7285.780,7281.750,4.030,,,ok
2536,99.539961010,99.547268170,99.547247200,7307.160,7286.190,20.970,,,ok
2537,99.563599200,99.570884830,99.570884760,7285.630,7285.560,0.070,,,ok
2538,99.587927040,99.595213200,99.595211520,7286.160,7284.480,1.680,,,ok
2539,99.613659230,99.620943960,99.620947580,7284.730,7288.350,3.620,,,ok
2540,99.638593090,99.645879010,99.645879950,7285.920,7286.860,0.940,,,ok
2541,99.662910060,99.670184490,99.670198490,7274.430,7288.430,14.000,,,ok
2542,99.688671740,99.695954330,99.695957820,7282.590,7286.080,3.490,,,ok
2543,99.714439510,99.721725240,99.721726210,7285.730,7286.700,0.970,,,ok
2544,99.738773450,99.746063610,99.746059740,7290.160,7286.290,3.870,,,ok
2545,99.764651410,99.771936810,99.771938090,7285.400,7286.680,1.280,,,ok
2546,99.790448820,99.797734110,99.797736730,7285.290,7287.910,2.620,,,ok
2547,99.815730960,99.823018790,99.823017500,7287.830,7286.540,1.290,,,ok
2548,99.839563960,99.846852000,99.846852540,7288.040,7288.580,0.540,,,ok
2549,99.863853380,99.871140370,99.871141840,7286.990,7288.460,1.470,,,ok
2550,99.888529960,99.895818030,99.895814530,7288.070,7284.570,3.500,,,ok
2551,99.913938950,99.921225910,99.921228880,7286.960,7289.930,2.970,,,ok
2552,99.938992770,99.946279720,99.946280870,7286.950,7288.100,1.150,,,ok
2553,99.962856300,99.970143940,99.970145890,7287.640,7289.590,1.950,,,ok
2554,99.986555030,99.993842390,99.993843110,7287.360,7288.080,0.720,,,ok
2555,100.011328390,100.018614410,100.018616500,7286.020,7288.110,2.090,,,ok
2556,100.037050140,100.044349750,100.044336040,7299.610,7285.900,13.710,,,ok
2557,100.061344710,100.068632500,100.068634470,7287.790,7289.760,1.970,,,ok
2558,100.087108180,100.094395760,100.094396970,7287.580,7288.790,1.210,,,ok
2559,100.112862760,100.120149320,100.120151230,7286.560,7288.470,1.910,,,ok
2560,100.138588440,100.145822970,100.145874670,7234.530,7286.230,51.700,,,ok
2561,100.163783330,100.171071240,100.171073060,7287.910,7289.730,1.820,,,ok
2562,100.188708550,100.195993770,100.195995570,7285.220,7287.020,1.800,,,ok
2563,100.212329010,100.219617270,100.219615010,7288.260,7286.000,2.260,,,ok
2564,100.237888550,100.245176570,100.245173480,7288.020,7284.930,3.090,,,ok
2565,100.263088450,100.270374020,100.270377000,7285.570,7288.550,2.980,,,ok
2566,100.289018640,100.296308220,100.296304350,7289.580,7285.710,3.870,,,ok
2567,100.314766170,100.322121650,100.322052820,7355.480,7286.650,68.830,,,ok
2568,100.338482950,100.345770060,100.345772130,7287.110,7289.180,2.070,,,ok
2569,100.364215880,100.371502550,100.371504560,7286.670,7288.680,2.010,,,ok
2570,100.389112260,100.396400530,100.396398910,7288.270,7286.650,1.620,,,ok
2571,100.414775740,100.422065370,100.422061640,7289.630,7285.900,3.730,,,ok
2572,100.440564170,100.447852610,100.447850760,7288.440,7286.590,1.850,,,ok
2573,100.464904720,100.472191980,100.472193090,7287.260,7288.370,1.110,,,ok
2574,100.488761030,100.496050250,100.496047770,7289.220,7286.740,2.480,,,ok
2575,100.514202420,100.521488720,100.521490430,7286.300,7288.010,1.710,,,ok
2576,100.539674600,100.546959600,100.546964530,7285.000,7289.930,4.930,,,ok
2577,100.564665570,100.571950540,100.571952150,7284.970,7286.580,1.610,,,ok
2578,100.590331400,100.597619010,100.597618960,7287.610,7287.560,0.050,,,ok
2579,100.614146150,100.621432250,100.621499100,7286.100,7352.950,66.850,,,ok
2580,100.638866790,100.646155680,100.646153340,7288.890,7286.550,2.340,,,ok
2581,100.664648720,100.671933990,100.671934170,7285.270,7285.450,0.180,,,ok
2582,100.690448050,100.697737430,100.697732650,7289.380,7284.600,4.780,,,ok
2583,100.716115460,100.723401070,100.723403620,7285.610,7288.160,2.550,,,ok
2584,100.741076490,100.748364210,100.748362070,7287.720,7285.580,2.140,,,ok
2585,100.765334660,100.772621790,100.772620400,7287.130,7285.740,1.390,,,ok
2586,100.790626090,100.797899200,100.797907670,7273.110,7281.580,8.470,,,ok
2587,100.816475900,100.823763520,100.823761520,7287.620,7285.620,2.000,,,ok
2588,100.842174620,100.849461950,100.849460790,7287.330,7286.170,1.160,,,ok
2589,100.867912270,100.875201090,100.875199200,7288.820,7286.930,1.890,,,ok
2590,100.893472800,100.900759710,100.900762650,7286.910,7289.850,2.940,,,ok
2591,100.919127550,100.926413030,100.926415960,7285.480,7288.410,2.930,,,ok
2592,100.944870560,100.952153540,100.952158310,7282.980,7287.750,4.770,,,ok
2593,100.968648000,100.975934950,100.975937200,7286.950,7289.200,2.250,,,ok
2594,100.994413060,101.001698030,101.001700570,7284.970,7287.510,2.540,,,ok
2595,101.020233490,101.027587000,101.027519980,7353.510,7286.490,67.020,,,ok
2596,101.044020120,101.051304970,101.051305620,7284.850,7285.500,0.650,,,ok
2597,101.067822540,101.075108470,101.075108870,7285.930,7286.330,0.400,,,ok
2598,101.093525120,101.100811790,101.100808860,7286.670,7283.740,2.930,,,ok
2599,101.118778130,101.126064160,101.126063340,7286.030,7285.210,0.820,,,ok
2600,101.144505980,101.151793480,101.151792120,7287.500,7286.140,1.360,,,ok
2601,101.170090520,101.177377020,101.177379430,7286.500,7288.910,2.410,,,ok
2602,101.193597350,101.200884450,101.200881240,7287.100,7283.890,3.210,,,ok
2603,101.219413560,101.226702710,101.226702190,7289.150,7288.630,0.520,,,ok
2604,101.244799760,101.252083710,101.252085750,7283.950,7285.990,2.040,,,ok
2605,101.270456500,101.277745450,101.277744100,7288.950,7287.600,1.350,,,ok
2606,101.296095470,101.303381230,101.303382390,7285.760,7286.920,1.160,,,ok
2607,101.321759050,101.329047240,101.329046220,7288.190,7287.170,1.020,,,ok
2608,101.346203810,101.353490530,101.353488460,7286.720,7284.650,2.070,,,ok
2609,101.370849590,101.378138850,101.378137810,7289.260,7288.220,1.040,,,ok
2610,101.396519770,101.403807160,101.403806430,7287.390,7286.660,0.730,,,ok
2611,101.422112200,101.429400810,101.429399800,7288.610,7287.600,1.010,,,ok
2612,101.447112730,101.454396770,101.454397360,7284.040,7284.630,0.590,,,ok
2613,101.472043870,101.479332470,101.479331560,7288.600,7287.690,0.910,,,ok
2614,101.497614340,101.504900940,101.504898890,7286.600,7284.550,2.050,,,ok
2615,101.522885690,101.530174240,101.530172610,7288.550,7286.920,1.630,,,ok
2616,101.547849700,101.555136860,101.555136880,7287.160,7287.180,0.020,,,ok
2617,101.573148790,101.580436120,101.580435520,7287.330,7286.730,0.600,,,ok
2618,101.605969500,101.613259400,101.613258750,7289.900,7289.250,0.650,32.823,32.823,ok
2619,101.631773080,101.639060330,101.639061200,7287.250,7288.120,0.870,,,ok
2620,101.657307900,101.664593860,101.664595590,7285.960,7287.690,1.730,,,ok
2621,101.681713490,101.688998290,101.689003860,7284.800,7290.370,5.570,,,ok
2622,101.706744070,101.714032120,101.714032560,7288.050,7288.490,0.440,,,ok
2623,101.731443160,101.738730530,101.738730160,7287.370,7287.000,0.370,,,ok
2624,101.756218100,101.763504850,101.763501860,7286.750,7283.760,2.990,,,ok
2625,101.782077790,101.789365820,101.789361940,7288.030,7284.150,3.880,,,ok
2626,101.806444570,101.813730590,101.813731080,7286.020,7286.510,0.490,,,ok
2627,101.832033290,101.839320020,101.839267000,7286.730,7233.710,53.020,,,ok
2628,101.857344990,101.864633400,101.864633240,7288.410,7288.250,0.160,,,ok
2629,101.882660560,101.889946020,101.889946570,7285.460,7286.010,0.550,,,ok
2630,101.906510990,101.913799990,101.913799170,7289.000,7288.180,0.820,,,ok
2631,101.931971080,101.939257150,101.939258660,7286.070,7287.580,1.510,,,ok
2632,101.956431090,101.963716900,101.963714470,7285.810,7283.380,2.430,,,ok
2633,101.981007120,101.988294290,101.988294650,7287.170,7287.530,0.360,,,ok
2634,102.006138780,102.013428800,102.013428920,7290.020,7290.140,0.120,,,ok
2635,102.032210340,102.039496190,102.039497100,7285.850,7286.760,0.910,,,ok
2636,102.057651640,102.064939030,102.064939760,7287.390,7288.120,0.730,,,ok
2637,102.082930300,102.090218840,102.090250400,7288.540,7320.100,31.560,,,ok
2638,102.108693030,102.115979620,102.115982400,7286.590,7289.370,2.780,,,ok
2639,102.133182330,102.140470550,102.140470140,7288.220,7287.810,0.410,,,ok
2640,102.158912320,102.166197830,102.166199530,7285.510,7287.210,1.700,,,ok
2641,102.184228620,102.191517490,102.191518070,7288.870,7289.450,0.580,,,ok
2642,102.209954740,102.217240840,102.217241170,7286.100,7286.430,0.330,,,ok
2643,102.235813030,102.243096560,102.243099980,7283.530,7286.950,3.420,,,ok
2644,102.261556150,102.268842590,102.268843220,7286.440,7287.070,0.630,,,ok
2645,102.287416150,,102.294701740,,7285.590,,,,missing_rx1
2646,102.313299660,102.320589220,102.320584880,7289.560,7285.220,4.340,51.747,,ok
2647,102.339063640,102.346349940,102.346353440,7286.300,7289.800,3.500,,,ok
2648,102.363161060,102.370450850,102.370444470,7289.790,7283.410,6.380,,,ok
2649,102.388991240,102.396278550,102.396280320,7287.310,7289.080,1.770,,,ok
2650,102.414652840,102.421943020,102.421937690,7290.180,7284.850,5.330,,,ok
2651,102.439618140,102.446905240,102.446906270,7287.100,7288.130,1.030,,,ok
2652,102.465117180,102.472404590,102.472405620,7287.410,7288.440,1.030,,,ok
2653,102.488838740,102.496124910,102.496126090,7286.170,7287.350,1.180,,,ok
2654,102.514344450,102.521631340,102.521629970,7286.890,7285.520,1.370,,,ok
2655,102.540044570,102.547334670,102.547328230,7290.100,7283.660,6.440,,,ok
2656,102.563854820,102.571138560,102.571144350,7283.740,7289.530,5.790,,,ok
2657,102.589621610,102.596911550,102.596907800,7289.940,7286.190,3.750,,,ok
2658,102.614801580,102.622089790,102.622090300,7288.210,7288.720,0.510,,,ok
2659,102.638793040,102.646078330,102.646079690,7285.290,7286.650,1.360,,,ok
2660,102.663842220,102.671131510,102.671127930,7289.290,7285.710,3.580,,,ok
2661,102.688852190,102.696139060,102.696141700,7286.870,7289.510,2.640,,,ok
2662,102.713856300,102.721143370,102.721144010,7287.070,7287.710,0.640,,,ok
2663,102.737897010,102.745184230,102.745183400,7287.220,7286.390,0.830,,,ok
2664,102.762802190,102.770090100,102.770091830,7287.910,7289.640,1.730,,,ok
2665,102.787883160,102.795168280,102.795162340,7285.120,7279.180,5.940,,,ok
2666,102.813648490,102.820936960,102.820933650,7288.470,7285.160,3.310,,,ok
2667,102.838811130,102.846100330,102.846095790,7289.200,7284.660,4.540,,,ok
2668,102.862655900,102.869943780,102.869955410,7287.880,7299.510,11.630,,,ok
2669,102.888517770,102.895807080,102.895803890,7289.310,7286.120,3.190,,,ok
2670,102.913973140,102.921259510,102.921261440,7286.370,7288.300,1.930,,,ok
2671,102.937803930,102.945088880,102.945090710,7284.950,7286.780,1.830,,,ok
2672,102.963123070,102.970411460,102.970409390,7288.390,7286.320,2.070,,,ok
2673,102.988890630,102.996175720,102.996176820,7285.090,7286.190,1.100,,,ok
2674,103.014592020,103.021878040,103.021881090,7286.020,7289.070,3.050,,,ok
2675,103.040520300,103.047807530,103.047809580,7287.230,7289.280,2.050,,,ok
2676,103.066081920,103.073368290,103.073367750,7286.370,7285.830,0.540,,,ok
2677,103.090423180,103.097709140,103.097710570,7285.960,7287.390,1.430,,,ok
2678,103.114202600,103.121492450,103.121489800,7289.850,7287.200,2.650,,,ok
2679,103.140042740,103.147328690,103.147328440,7285.950,7285.700,0.250,,,ok
2680,103.165758670,103.173044490,103.173046660,7285.820,7287.990,2.170,,,ok
2681,103.191974250,103.199262610,103.199257720,7288.360,7283.470,4.890,,,ok
2682,103.216838220,103.224125230,103.224123630,7287.010,7285.410,1.600,,,ok
2683,103.242476530,103.249763070,103.249762150,7286.540,7285.620,0.920,,,ok
2684,103.267030160,103.274318000,103.274315350,7287.840,7285.190,2.650,,,ok
2685,103.292043480,103.299330060,103.299328870,7286.580,7285.390,1.190,,,ok
2686,103.317805730,103.325094650,103.325092320,7288.920,7286.590,2.330,,,ok
2687,103.343610850,103.350898100,103.350895040,7287.250,7284.190,3.060,,,ok
2688,103.368316980,103.375606450,103.375604370,7289.470,7287.390,2.080,,,ok
2689,103.393080470,103.400335900,103.400367570,7255.430,7287.100,31.670,,,ok
2690,103.418743150,103.426028290,103.426030210,7285.140,7287.060,1.920,,,ok
2691,103.443259700,103.450545610,103.450548670,7285.910,7288.970,3.060,,,ok
2692,103.466937620,103.474224920,103.474227890,7287.300,7290.270,2.970,,,ok
2693,103.492732840,103.500015870,103.500011860,7283.030,7279.020,4.010,,,ok
2694,103.517954400,103.525241610,103.525239980,7287.210,7285.580,1.630,,,ok
2695,103.542915850,103.550205120,103.550202940,7289.270,7287.090,2.180,,,ok
2696,103.568305670,103.575593570,103.575591600,7287.900,7285.930,1.970,,,ok
2697,103.594023000,103.601311020,103.601375160,7288.020,7352.160,64.140,,,ok
2698,103.617971630,103.625257770,103.625258610,7286.140,7286.980,0.840,,,ok
2699,103.643350100,103.650636360,103.650636100,7286.260,7286.000,0.260,,,ok
2700,103.668153520,103.675442060,103.675439470,7288.540,7285.950,2.590,,,ok
2701,103.692128800,103.699414050,103.699417780,7285.250,7288.980,3.730,,,ok
2702,103.717885880,103.725173670,103.725172110,7287.790,7286.230,1.560,,,ok
2703,103.743428470,103.750716000,103.750715690,7287.530,7287.220,0.310,,,ok
2704,103.767876900,103.775165700,103.775163990,7288.800,7287.090,1.710,,,ok
2705,103.792932490,103.800217860,103.800220260,7285.370,7287.770,2.400,,,ok
2706,103.818661480,103.825947470,103.825950810,7285.990,7289.330,3.340,,,ok
2707,103.843086010,103.850375820,103.850374290,7289.810,7288.280,1.530,,,ok
2708,103.868936130,103.876221850,103.876221780,7285.720,7285.650,0.070,,,ok
2709,103.892811410,103.900096600,103.900098710,7285.190,7287.300,2.110,,,ok
2710,103.917226890,103.924515880,103.924514690,7288.990,7287.800,1.190,,,ok
2711,103.942905970,103.950194310,103.950192100,7288.340,7286.130,2.210,,,ok
2712,103.967858830,103.975146930,103.975168340,7288.100,7309.510,21.410,,,ok
2713,103.992066110,103.999355980,103.999355010,7289.870,7288.900,0.970,,,ok
2714,104.015936510,104.023221850,104.023264670,7285.340,7328.160,42.820,,,ok
2715,104.041625980,104.048912840,104.048910850,7286.860,7284.870,1.990,,,ok
2716,104.066205300,104.073491120,104.073494280,7285.820,7288.980,3.160,,,ok
2717,104.091973130,104.099259590,104.099258650,7286.460,7285.520,0.940,,,ok
2718,104.117761730,104.125048110,104.125046440,7286.380,7284.710,1.670,,,ok
2719,104.141984690,104.149271560,104.149270560,7286.870,7285.870,1.000,,,ok
2720,104.166988600,104.174274680,104.174272680,7286.080,7284.080,2.000,,,ok
2721,104.192937300,104.200223330,104.200227400,7286.030,7290.100,4.070,,,ok
2722,104.217932140,104.225221600,104.225221060,7289.460,7288.920,0.540,,,ok
2723,104.243333490,104.250619380,104.250619330,7285.890,7285.840,0.050,,,ok
2724,104.269164840,104.276453450,104.276452680,7288.610,7287.840,0.770,,,ok
2725,104.293008340,104.300296720,104.300295310,7288.380,7286.970,1.410,,,ok
2726,104.317008970,104.324295210,104.324293680,7286.240,7284.710,1.530,,,ok
2727,104.340910870,104.348197310,104.348198050,7286.440,7287.180,0.740,,,ok
2728,104.366679400,104.373966150,104.373965480,7286.750,7286.080,0.670,,,ok
2729,104.391861080,104.399149000,104.399149060,7287.920,7287.980,0.060,,,ok
2730,104.417565320,104.424852910,104.424850890,7287.590,7285.570,2.020,,,ok
2731,104.442150460,104.449437170,104.449435680,7286.710,7285.220,1.490,,,ok
2732,104.467909660,104.475194640,104.475200210,7284.980,7290.550,5.570,,,ok
2733,104.492192140,104.499478760,104.499477190,7286.620,7285.050,1.570,,,ok
2734,104.516701750,104.523987310,104.523987010,7285.560,7285.260,0.300,,,ok
2735,104.542523140,104.549810740,104.549809220,7287.600,7286.080,1.520,,,ok
2736,104.568354950,104.575644210,104.575642980,7289.260,7288.030,1.230,,,ok
2737,104.592876210,104.600161680,104.600162310,7285.470,7286.100,0.630,,,ok
2738,104.617889190,104.625174490,104.625175890,7285.300,7286.700,1.400,,,ok
2739,104.643200520,104.650488420,104.650489090,7287.900,7288.570,0.670,,,ok
2740,104.667940690,104.675227720,104.675226670,7287.030,7285.980,1.050,,,ok
2741,104.692340820,104.699624650,104.699625120,7283.830,7284.300,0.470,,,ok
2742,104.717948900,104.725234560,104.725232030,7285.660,7283.130,2.530,,,ok
2743,104.742807300,104.750096760,104.750091690,7289.460,7284.390,5.070,,,ok
2744,104.768782780,104.776071130,104.776070400,7288.350,7287.620,0.730,,,ok
2745,104.794200890,104.801488800,104.801489810,7287.910,7288.920,1.010,,,ok
2746,104.820074510,104.827362940,104.827363260,7288.430,7288.750,0.320,,,ok
2747,104.845744860,104.853030450,104.853031590,7285.590,7286.730,1.140,,,ok
2748,104.871538210,104.878823630,104.878825080,7285.420,7286.870,1.450,,,ok
2749,104.896698550,104.903987120,104.903988640,7288.570,7290.090,1.520,,,ok
2750,104.921709900,104.928996530,104.928996010,7286.630,7286.110,0.520,,,ok
2751,104.947445160,104.954732460,104.954730230,7287.300,7285.070,2.230,,,ok
2752,104.971770730,104.979058310,104.979121600,7287.580,7350.870,63.290,,,ok
2753,104.996609360,,105.003895930,,7286.570,,,,missing_rx1
2754,105.021623960,105.028908710,105.028909860,7284.750,7285.900,1.150,49.850,,ok
2755,105.045792750,105.053078280,105.053078090,7285.530,7285.340,0.190,,,ok
2756,105.071190810,105.078475690,105.078476750,7284.880,7285.940,1.060,,,ok
2757,105.096915570,105.104203870,105.104199780,7288.300,7284.210,4.090,,,ok
2758,105.121677580,105.128960920,105.128963440,7283.340,7285.860,2.520,,,ok
2759,105.146714160,105.154000960,105.154002860,7286.800,7288.700,1.900,,,ok
2760,105.172496630,105.179850570,105.179786430,7353.940,7289.800,64.140,,,ok
2761,105.198299730,105.205588750,105.205583760,7289.020,7284.030,4.990,,,ok
2762,105.224090810,105.231374430,105.231377050,7283.620,7286.240,2.620,,,ok
2763,105.249844280,105.257130300,105.257131480,7286.020,7287.200,1.180,,,ok
2764,105.274361390,105.281648930,105.281649270,7287.540,7287.880,0.340,,,ok
2765,105.300103070,105.307391240,105.307387450,7288.170,7284.380,3.790,,,ok
2766,105.325374940,105.332658100,105.332661960,7283.160,7287.020,3.860,,,ok
2767,105.350231280,105.357517890,105.357520250,7286.610,7288.970,2.360,,,ok
2768,105.376027090,105.383312480,105.383313870,7285.390,7286.780,1.390,,,ok
2769,105.400318450,105.407605930,105.407606530,7287.480,7288.080,0.600,,,ok
2770,105.425529650,105.432818880,105.432814790,7289.230,7285.140,4.090,,,ok
2771,105.449456570,105.456742230,105.456744180,7285.660,7287.610,1.950,,,ok
2772,105.475199460,105.482484910,105.482481160,7285.450,7281.700,3.750,,,ok
2773,105.499342130,105.506626550,105.506630940,7284.420,7288.810,4.390,,,ok
2774,105.525074290,105.532362460,105.532364440,7288.170,7290.150,1.980,,,ok
2775,105.550727160,105.558016010,105.558008350,7288.850,7281.190,7.660,,,ok
2776,105.576421010,105.583709350,105.583705300,7288.340,7284.290,4.050,,,ok
2777,105.602054460,105.609340260,105.609387500,7285.800,7333.040,47.240,,,ok
2778,105.627560770,105.634846110,105.634848000,7285.340,7287.230,1.890,,,ok
2779,105.651825710,105.659114580,105.659108890,7288.870,7283.180,5.690,,,ok
2780,105.676305780,105.683591970,105.683593630,7286.190,7287.850,1.660,,,ok
2781,105.701326980,105.708616230,105.708612040,7289.250,7285.060,4.190,,,ok
2782,105.724950790,105.732238390,105.732269180,7287.600,7318.390,30.790,,,ok
2783,105.748649190,105.755937360,105.755935280,7288.170,7286.090,2.080,,,ok
2784,105.772833360,105.780121330,105.780123650,7287.970,7290.290,2.320,,,ok
2785,105.798514920,105.805803800,105.805799660,7288.880,7284.740,4.140,,,ok
2786,105.823893620,105.831182440,105.831179030,7288.820,7285.410,3.410,,,ok
2787,105.849664760,105.856951580,105.856952970,7286.820,7288.210,1.390,,,ok
2788,105.875431900,105.882718780,105.882722400,7286.880,7290.500,3.620,,,ok
2789,105.899483970,105.906773440,105.906770830,7289.470,7286.860,2.610,,,ok
2790,105.925158170,105.932446610,105.932441740,7288.440,7283.570,4.870,,,ok
2791,105.950946350,105.958235270,105.958232760,7288.920,7286.410,2.510,,,ok
2792,105.976322530,105.983608470,105.983610020,7285.940,7287.490,1.550,,,ok
2793,106.001314730,106.008601860,106.008604390,7287.130,7289.660,2.530,,,ok
2794,106.026656950,106.033945350,106.033942970,7288.400,7286.020,2.380,,,ok
2795,106.052455510,106.059743610,106.059740380,7288.100,7284.870,3.230,,,ok
2796,106.078227230,106.085516890,106.085515020,7289.660,7287.790,1.870,,,ok
2797,106.103528870,106.110815510,106.110817010,7286.640,7288.140,1.500,,,ok
2798,106.129378450,106.136663810,106.136664110,7285.360,7285.660,0.300,,,ok
2799,106.154507840,106.161797240,106.161795230,7289.400,7287.390,2.010,,,ok
2800,106.178620650,106.185905720,106.185907140,7285.070,7286.490,1.420,,,ok
2801,106.204452000,106.211739120,106.211741970,7287.120,7289.970,2.850,,,ok
2802,106.229993740,106.237282510,106.237280510,7288.770,7286.770,2.000,,,ok
2803,106.255436840,106.262725900,106.262724000,7289.060,7287.160,1.900,,,ok
2804,106.280243580,106.287526620,106.287532520,7283.040,7288.940,5.900,,,ok
2805,106.305482180,106.312764820,106.312770680,7282.640,7288.500,5.860,,,ok
2806,106.329670080,106.336954810,106.336959230,7284.730,7289.150,4.420,,,ok
2807,106.355462650,106.362746820,106.362752640,7284.170,7289.990,5.820,,,ok
2808,106.380846790,106.388132670,106.388135030,7285.880,7288.240,2.360,,,ok
2809,106.404521320,106.411805220,106.411809420,7283.900,7288.100,4.200,,,ok
2810,106.430359140,106.437644670,106.437647080,7285.530,7287.940,2.410,,,ok
2811,106.455820890,106.463107020,106.463106430,7286.130,7285.540,0.590,,,ok
2812,106.480293480,106.487580240,106.487579840,7286.760,7286.360,0.400,,,ok
2813,106.505518110,106.512803670,106.512808300,7285.560,7290.190,4.630,,,ok
2814,106.529833100,106.537184870,106.537121600,7351.770,7288.500,63.270,,,ok
2815,106.555465070,106.562751440,106.562750080,7286.370,7285.010,1.360,,,ok
2816,106.580290770,106.587579930,106.587575800,7289.160,7285.030,4.130,,,ok
2817,106.606055870,106.613343320,106.613340560,7287.450,7284.690,2.760,,,ok
2818,106.630437100,106.637723920,106.637725390,7286.820,7288.290,1.470,,,ok
2819,106.654727880,106.662014930,106.662012950,7287.050,7285.070,1.980,,,ok
2820,106.680113370,106.687397420,106.687402170,7284.050,7288.800,4.750,,,ok
2821,106.704676030,106.711960890,106.711965500,7284.860,7289.470,4.610,,,ok
2822,106.731039130,106.738322720,106.738329060,7283.590,7289.930,6.340,,,ok
2823,106.756989980,106.764278640,106.764276590,7288.660,7286.610,2.050,,,ok
2824,106.782893410,106.790179530,106.790180900,7286.120,7287.490,1.370,,,ok
2825,106.808645510,106.815929400,106.815933250,7283.890,7287.740,3.850,,,ok
2826,106.834207270,106.841493660,106.841497740,7286.390,7290.470,4.080,,,ok
2827,106.859461660,106.866744480,106.866749940,7282.820,7288.280,5.460,,,ok
2828,106.884839720,106.892125470,106.892124790,7285.750,7285.070,0.680,,,ok
2829,106.910530380,106.917818880,106.917817270,7288.500,7286.890,1.610,,,ok
2830,106.936038370,106.943354450,106.943323930,7316.080,7285.560,30.520,,,ok
2831,106.961068610,106.968355430,106.968352420,7286.820,7283.810,3.010,,,ok
2832,106.986422060,106.993709170,106.993707500,7287.110,7285.440,1.670,,,ok
2833,107.011626860,107.018911010,107.018916970,7284.150,7290.110,5.960,,,ok
2834,107.036870500,107.044160820,107.044160240,7290.320,7289.740,0.580,,,ok
2835,107.061434590,107.068724290,107.068723940,7289.700,7289.350,0.350,,,ok
2836,107.087052290,107.094336360,107.094407020,7284.070,7354.730,70.660,,,ok
2837,107.112861930,107.120151020,107.120149680,7289.090,7287.750,1.340,,,ok
2838,107.137534990,107.144824510,107.144821420,7289.520,7286.430,3.090,,,ok
2839,107.162797350,107.170082770,107.170081540,7285.420,7284.190,1.230,,,ok
2840,107.188598870,107.195886330,107.195949220,7287.460,7350.350,62.890,,,ok
2841,107.214541280,107.221828590,107.221822930,7287.310,7281.650,5.660,,,ok
2842,107.240405420,107.247692930,107.247692630,7287.510,7287.210,0.300,,,ok
2843,107.264879180,107.272165360,107.272163390,7286.180,7284.210,1.970,,,ok
2844,107.289083120,107.296368880,107.296369530,7285.760,7286.410,0.650,,,ok
2845,107.313771610,107.321055680,107.321058050,7284.070,7286.440,2.370,,,ok
2846,107.337170630,107.344454030,107.344455140,7283.400,7284.510,1.110,,,ok
2847,107.362979100,107.370264980,107.370262410,7285.880,7283.310,2.570,,,ok
2848,107.387572570,107.394858260,107.394858400,7285.690,7285.830,0.140,,,ok
2849,107.413467810,107.420756560,107.420756690,7288.750,7288.880,0.130,,,ok
2850,107.438858680,107.446144120,107.446144230,7285.440,7285.550,0.110,,,ok
2851,107.464651320,107.471938360,107.471938620,7287.040,7287.300,0.260,,,ok
2852,107.488713280,107.496001060,107.496000690,7287.780,7287.410,0.370,,,ok
2853,107.513817360,107.521104220,107.521105390,7286.860,7288.030,1.170,,,ok
2854,107.539565890,107.546852660,107.546853080,7286.770,7287.190,0.420,,,ok
2855,107.563800250,107.571087070,107.571087380,7286.820,7287.130,0.310,,,ok
2856,107.588752200,107.596040520,107.596040880,7288.320,7288.680,0.360,,,ok
2857,107.614158920,107.621448910,107.621444180,7289.990,7285.260,4.730,,,ok
2858,107.638766280,107.646052090,107.646052740,7285.810,7286.460,0.650,,,ok
2859,107.663913090,107.671197930,107.671200110,7284.840,7287.020,2.180,,,ok
2860,107.687854360,107.695143990,107.695139540,7289.630,7285.180,4.450,,,ok
2861,107.713712090,107.721002270,107.720997820,7290.180,7285.730,4.450,,,ok
2862,107.738780280,107.746065560,107.746131820,7285.280,7351.540,66.260,,,ok
2863,107.762575830,107.769863010,107.769864830,7287.180,7289.000,1.820,,,ok
2864,107.788433930,107.795721250,107.795723390,7287.320,7289.460,2.140,,,ok
2865,107.812713390,107.819999550,107.820001720,7286.160,7288.330,2.170,,,ok
2866,107.837745940,107.845034170,107.845037610,7288.230,7291.670,3.440,,,ok
2867,107.863597790,107.870887600,107.870888370,7289.810,7290.580,0.770,,,ok
2868,107.889167830,107.896454940,107.896455970,7287.110,7288.140,1.030,,,ok
2869,107.914044070,107.921370370,107.921328980,7326.300,7284.910,41.390,,,ok
2870,107.938610570,107.945897780,107.945897850,7287.210,7287.280,0.070,,,ok
2871,107.963849710,107.971135330,107.971137140,7285.620,7287.430,1.810,,,ok
2872,107.988305910,107.995594640,107.995595630,7288.730,7289.720,0.990,,,ok
2873,108.013778230,108.021062940,108.021062690,7284.710,7284.460,0.250,,,ok
2874,108.039514520,108.046800100,108.046801020,7285.580,7286.500,0.920,,,ok
2875,108.064944510,108.072233480,108.072231050,7288.970,7286.540,2.430,,,ok
2876,108.090816920,108.098103200,108.098103090,7286.280,7286.170,0.110,,,ok
2877,108.116559370,108.123846570,108.123847850,7287.200,7288.480,1.280,,,ok
2878,108.142125850,108.149415210,108.149410240,7289.360,7284.390,4.970,,,ok
2879,108.167333820,108.174622090,108.174619570,7288.270,7285.750,2.520,,,ok
2880,108.192808870,108.200096440,108.200163770,7287.570,7354.900,67.330,,,ok
2881,108.218061800,108.225347600,108.225351470,7285.800,7289.670,3.870,,,ok
2882,108.242474850,108.249761920,108.249764010,7287.070,7289.160,2.090,,,ok
2883,108.267723840,108.275011930,108.274971110,7288.090,7247.270,40.820,,,ok
2884,108.293576020,108.300842490,108.300861890,7266.470,7285.870,19.400,,,ok
2885,108.317769610,108.325058500,108.325054220,7288.890,7284.610,4.280,,,ok
2886,108.343595460,108.350880640,108.350883630,7285.180,7288.170,2.990,,,ok
2887,108.368868870,108.376155340,108.376157170,7286.470,7288.300,1.830,,,ok
2888,108.393188890,108.400476370,108.400475600,7287.480,7286.710,0.770,,,ok
2889,108.419048510,108.426336190,108.426331470,7287.680,7282.960,4.720,,,ok
2890,108.444810800,108.452100580,108.452097290,7289.780,7286.490,3.290,,,ok
2891,108.470579190,108.477868840,108.477931060,7289.650,7351.870,62.220,,,ok
2892,108.496398700,108.503687370,108.503684160,7288.670,7285.460,3.210,,,ok
2893,108.522062450,108.529350820,108.529347840,7288.370,7285.390,2.980,,,ok
2894,108.547471670,108.554759150,108.554761020,7287.480,7289.350,1.870,,,ok
2895,108.573167020,108.580452530,108.580452200,7285.510,7285.180,0.330,,,ok
2896,108.598774510,108.606059980,108.606128180,7285.470,7353.670,68.200,,,ok
2897,108.622994200,108.630284310,108.630281380,7290.110,7287.180,2.930,,,ok
2898,108.647096810,108.654380150,108.654384700,7283.340,7287.890,4.550,,,ok
2899,108.671575840,108.678865060,108.678863280,7289.220,7287.440,1.780,,,ok
2900,108.696662640,108.703949390,108.703951800,7286.750,7289.160,2.410,,,ok
2901,108.721657210,108.728942650,108.728999560,7285.440,7342.350,56.910,,,ok
2902,108.747188600,108.754475390,108.754477620,7286.790,7289.020,2.230,,,ok
2903,108.772978280,108.780264630,108.780266990,7286.350,7288.710,2.360,,,ok
2904,108.796538100,108.803823060,108.803814370,7284.960,7276.270,8.690,,,ok
2905,108.822423220,108.829711380,108.829708970,7288.160,7285.750,2.410,,,ok
2906,108.847678420,108.854964960,108.854966360,7286.540,7287.940,1.400,,,ok
2907,108.873074490,108.880362260,108.880360770,7287.770,7286.280,1.490,,,ok
2908,108.897734420,108.905021500,108.905024100,7287.080,7289.680,2.600,,,ok
2909,108.923515640,108.930804160,108.930800030,7288.520,7284.390,4.130,,,ok
2910,108.948504420,108.955793230,108.955790960,7288.810,7286.540,2.270,,,ok
2911,108.974299520,108.981586620,108.981588660,7287.100,7289.140,2.040,,,ok
2912,109.000061140,109.007349970,109.007347720,7288.830,7286.580,2.250,,,ok
2913,109.025783030,109.033060660,109.033071420,7277.630,7288.390,10.760,,,ok
2914,109.050949000,109.058237050,109.058234750,7288.050,7285.750,2.300,,,ok
2915,109.075993740,109.083280330,109.083282430,7286.590,7288.690,2.100,,,ok
2916,109.100473810,109.107809760,109.107761400,7335.950,7287.590,48.360,,,ok
2917,109.126076220,109.133362230,109.133365190,7286.010,7288.970,2.960,,,ok
2918,109.151810880,109.159100470,109.159097310,7289.590,7286.430,3.160,,,ok
2919,109.177210510,109.184497480,109.184496990,7286.970,7286.480,0.490,,,ok
2920,109.202650470,109.209937310,109.209937880,7286.840,7287.410,0.570,,,ok
2921,109.228573960,109.235858190,109.235863730,7284.230,7289.770,5.540,,,ok
2922,109.252160840,109.259448000,109.259446240,7287.160,7285.400,1.760,,,ok
2923,109.276060920,109.283347350,109.283349780,7286.430,7288.860,2.430,,,ok
2924,109.300295180,109.307580710,109.307583370,7285.530,7288.190,2.660,,,ok
2925,109.325515440,109.332804310,109.332801180,7288.870,7285.740,3.130,,,ok
2926,109.350331530,109.357617570,109.357620970,7286.040,7289.440,3.400,,,ok
2927,109.375297730,109.382585020,109.382583560,7287.290,7285.830,1.460,,,ok
2928,109.400860200,109.408148340,109.408145390,7288.140,7285.190,2.950,,,ok
2929,109.425501480,109.432786750,109.432788720,7285.270,7287.240,1.970,,,ok
2930,109.449345570,109.456631000,109.456634690,7285.430,7289.120,3.690,,,ok
2931,109.475058500,109.482344490,109.482348200,7285.990,7289.700,3.710,,,ok
2932,109.500461640,109.507746640,109.507751450,7285.000,7289.810,4.810,,,ok
2933,109.526303650,109.533591280,109.533589900,7287.630,7286.250,1.380,,,ok
2934,109.551974670,109.559263190,109.559262500,7288.520,7287.830,0.690,,,ok
2935,109.577734780,109.585022860,109.585020470,7288.080,7285.690,2.390,,,ok
2936,109.602192520,109.609480360,109.609480340,7287.840,7287.820,0.020,,,ok
2937,109.626342480,109.633629740,109.633627400,7287.260,7284.920,2.340,,,ok
2938,109.650782930,109.658071670,109.658072100,7288.740,7289.170,0.430,,,ok
2939,109.676293650,109.683580710,109.683580490,7287.060,7286.840,0.220,,,ok
2940,109.700731820,109.708020110,109.708018150,7288.290,7286.330,1.960,,,ok
2941,109.724479320,109.731768230,109.731767370,7288.910,7288.050,0.860,,,ok
2942,109.748086740,109.755375640,109.755374950,7288.900,7288.210,0.690,,,ok
2943,109.772006350,109.779295070,109.779293560,7288.720,7287.210,1.510,,,ok
2944,109.797090760,109.804377580,109.804376540,7286.820,7285.780,1.040,,,ok
2945,109.822343580,109.829631780,109.829629780,7288.200,7286.200,2.000,,,ok
2946,109.848188740,109.855474440,109.855474570,7285.700,7285.830,0.130,,,ok
2947,109.873816750,109.881102760,109.881102330,7286.010,7285.580,0.430,,,ok
2948,109.899069100,109.906356940,109.906356450,7287.840,7287.350,0.490,,,ok
2949,109.923423710,109.930775410,109.930709780,7351.700,7286.070,65.630,,,ok
2950,109.947927380,109.955213820,109.955212520,7286.440,7285.140,1.300,,,ok
2951,109.973820790,109.981106040,109.981105930,7285.250,7285.140,0.110,,,ok
2952,109.997493980,110.004780620,110.004780190,7286.640,7286.210,0.430,,,ok
2953,110.022101600,110.029386420,110.029387730,7284.820,7286.130,1.310,,,ok
2954,110.047674460,110.054962220,110.054962160,7287.760,7287.700,0.060,,,ok
2955,110.073484020,110.080769500,110.080769490,7285.480,7285.470,0.010,,,ok
2956,110.098994530,110.106284020,110.106283850,7289.490,7289.320,0.170,,,ok
2957,110.124728240,110.132017490,110.132016430,7289.250,7288.190,1.060,,,ok
2958,110.149171600,110.156458460,110.156460800,7286.860,7289.200,2.340,,,ok
2959,110.173004790,110.180294280,110.180294330,7289.490,7289.540,0.050,,,ok
2960,110.198803610,110.206092810,110.206091520,7289.200,7287.910,1.290,,,ok
2961,110.224612320,110.231898510,110.231899490,7286.190,7287.170,0.980,,,ok
2962,110.250324120,110.257609440,110.257608210,7285.320,7284.090,1.230,,,ok
2963,110.276147990,110.283502970,110.283422790,7354.980,7274.800,80.180,,,ok
2964,110.300799670,110.308085400,110.308086450,7285.730,7286.780,1.050,,,ok
2965,110.326591060,110.333877120,110.333879800,7286.060,7288.740,2.680,,,ok
2966,110.350353710,110.357641740,110.357637230,7288.030,7283.520,4.510,,,ok
2967,110.375598570,110.382883620,110.382886870,7285.050,7288.300,3.250,,,ok
2968,110.401459920,110.408748820,110.408750050,7288.900,7290.130,1.230,,,ok
2969,110.427214870,110.434503270,110.434502810,7288.400,7287.940,0.460,,,ok
2970,110.452992120,,110.460280660,,7288.540,,,,missing_rx1
2971,110.478739720,110.486029730,110.486025470,7290.010,7285.750,4.260,51.526,,ok
2972,110.504465810,110.511753030,110.511752520,7287.220,7286.710,0.510,,,ok
2973,110.530073790,110.537361590,110.537359710,7287.800,7285.920,1.880,,,ok
2974,110.555798110,110.563084890,110.563085820,7286.780,7287.710,0.930,,,ok
2975,110.581477320,110.588763380,110.588764210,7286.060,7286.890,0.830,,,ok
2976,110.607237310,110.614525760,110.614592620,7288.450,7355.310,66.860,,,ok
2977,110.631574500,110.638859240,110.638858370,7284.740,7283.870,0.870,,,ok
2978,110.656829220,110.664118310,110.664114490,7289.090,7285.270,3.820,,,ok
2979,110.682634650,110.689921800,110.689922830,7287.150,7288.180,1.030,,,ok
2980,110.708476570,110.715762710,110.715765040,7286.140,7288.470,2.330,,,ok
2981,110.732669990,110.739957680,110.739958700,7287.690,7288.710,1.020,,,ok
2982,110.756570800,110.763857050,110.763858190,7286.250,7287.390,1.140,,,ok
2983,110.782325820,110.789615330,110.789611410,7289.510,7285.590,3.920,,,ok
2984,110.806294070,110.813582820,110.813578510,7288.750,7284.440,4.310,,,ok
2985,110.831813730,110.839102060,110.839101040,7288.330,7287.310,1.020,,,ok
2986,110.855573210,110.862860660,110.862860970,7287.450,7287.760,0.310,,,ok
2987,110.879353860,110.886641380,110.886640240,7287.520,7286.380,1.140,,,ok
2988,110.903036490,110.910322350,110.910322900,7285.860,7286.410,0.550,,,ok
2989,110.927738220,110.935025550,110.935092910,7287.330,7354.690,67.360,,,ok
2990,110.952999300,110.960287790,110.960284760,7288.490,7285.460,3.030,,,ok
2991,110.978717540,110.986001800,110.986003110,7284.260,7285.570,1.310,,,ok
2992,111.004445780,111.011730000,111.011732480,7284.220,7286.700,2.480,,,ok
2993,111.029418400,111.036704360,111.036700240,7285.960,7281.840,4.120,,,ok
2994,111.055168620,111.062457690,111.062454250,7289.070,7285.630,3.440,,,ok
2995,111.080986860,111.088275870,111.088271870,7289.010,7285.010,4.000,,,ok
2996,111.106747500,111.114033440,111.114036450,7285.940,7288.950,3.010,,,ok
2997,111.131875760,111.139161760,111.139164630,7286.000,7288.870,2.870,,,ok
2998,111.157673220,111.164960320,111.164962060,7287.100,7288.840,1.740,,,ok
2999,111.181770140,111.189059660,111.189056450,7289.520,7286.310,3.210,,,ok
3000,111.205881970,111.213168070,111.213167590,7286.100,7285.620,0.480,,,ok
3001,111.230418500,111.237703710,111.237703290,7285.210,7284.790,0.420,,,ok
3002,111.256207450,111.263494840,111.263496890,7287.390,7289.440,2.050,,,ok
3003,111.282032390,111.289318000,111.289319320,7285.610,7286.930,1.320,,,ok
3004,111.307313380,111.314600490,111.314602610,7287.110,7289.230,2.120,,,ok
3005,111.330890650,111.338179750,111.338177060,7289.100,7286.410,2.690,,,ok
3006,111.356440410,111.363728160,111.363725420,7287.750,7285.010,2.740,,,ok
3007,111.382012130,111.389300760,111.389298130,7288.630,7286.000,2.630,,,ok
3008,111.406084180,111.413369870,111.413372330,7285.690,7288.150,2.460,,,ok
3009,111.431823670,111.439110800,111.439109840,7287.130,7286.170,0.960,,,ok
3010,111.457581330,,111.464868560,,7287.230,,,,missing_rx1
3011,111.481411440,111.488699030,111.488697640,7287.590,7286.200,1.390,49.588,,ok
3012,111.505384860,111.512650500,111.512670050,7265.640,7285.190,19.550,,,ok
3013,111.531133790,111.538421660,111.538418650,7287.870,7284.860,3.010,,,ok
3014,111.555885860,111.563175190,111.563172830,7289.330,7286.970,2.360,,,ok
3015,111.581197770,111.588483460,111.588486410,7285.690,7288.640,2.950,,,ok
3016,111.606945160,111.614232070,111.614234800,7286.910,7289.640,2.730,,,ok
3017,111.632564000,111.639849660,111.639853350,7285.660,7289.350,3.690,,,ok
3018,111.656436690,111.663723590,111.663725610,7286.900,7288.920,2.020,,,ok
3019,111.681318560,111.688607170,111.688602480,7288.610,7283.920,4.690,,,ok
3020,111.707075490,111.714365490,111.714363710,7290.000,7288.220,1.780,,,ok
3021,111.732793710,111.740077860,111.740081990,7284.150,7288.280,4.130,,,ok
3022,111.758103680,111.765392240,111.765390460,7288.560,7286.780,1.780,,,ok
3023,111.782152040,111.789438300,111.789437850,7286.260,7285.810,0.450,,,ok
3024,111.808005430,111.815291410,111.815289830,7285.980,7284.400,1.580,,,ok
3025,111.833437150,111.840727490,111.840724650,7290.340,7287.500,2.840,,,ok
3026,111.859098310,111.866384870,111.866384150,7286.560,7285.840,0.720,,,ok
3027,111.884834240,111.892118470,111.892122640,7284.230,7288.400,4.170,,,ok
3028,111.910572210,111.917862580,111.917925450,7290.370,7353.240,62.870,,,ok
3029,111.934301130,111.941591240,111.941589380,7290.110,7288.250,1.860,,,ok
3030,111.960022270,111.967308380,111.967305560,7286.110,7283.290,2.820,,,ok
3031,111.984326400,111.991612780,111.991613630,7286.380,7287.230,0.850,,,ok
3032,112.009633410,112.016920420,112.016919790,7287.010,7286.380,0.630,,,ok
3033,112.035450680,112.042739580,112.042738140,7288.900,7287.460,1.440,,,ok
3034,112.061196960,112.068482050,112.068486630,7285.090,7289.670,4.580,,,ok
3035,112.085611240,112.092896470,112.092899960,7285.230,7288.720,3.490,,,ok
3036,112.111400920,112.118689650,112.118688470,7288.730,7287.550,1.180,,,ok
3037,112.136063650,112.143352230,112.143351950,7288.580,7288.300,0.280,,,ok
3038,112.159618570,112.166906410,112.166904330,7287.840,7285.760,2.080,,,ok
3039,112.184018560,112.191264610,112.191302700,7246.050,7284.140,38.090,,,ok
3040,112.207935450,112.215222260,112.215220720,7286.810,7285.270,1.540,,,ok
3041,112.233715300,112.241001800,112.241004630,7286.500,7289.330,2.830,,,ok
3042,112.259117870,112.266404220,112.266404120,7286.350,7286.250,0.100,,,ok
3043,112.284978580,112.292267460,112.292267470,7288.880,7288.890,0.010,,,ok
3044,112.309125230,112.316410910,112.316409440,7285.680,7284.210,1.470,,,ok
3045,112.334049730,112.341335260,112.341338270,7285.530,7288.540,3.010,,,ok
3046,112.359001470,112.366287270,112.366285450,7285.800,7283.980,1.820,,,ok
3047,112.384056770,112.391347090,112.391346130,7290.320,7289.360,0.960,,,ok
3048,112.409885040,112.417175210,112.417174540,7290.170,7289.500,0.670,,,ok
3049,112.434641300,112.441926410,112.441927090,7285.110,7285.790,0.680,,,ok
3050,112.460279770,112.467567070,112.467566500,7287.300,7286.730,0.570,,,ok
3051,112.485884420,112.493169410,112.493169910,7284.990,7285.490,0.500,,,ok
3052,112.509926760,112.517251800,112.517213450,7325.040,7286.690,38.350,,,ok
3053,112.534749660,112.542037310,112.542035940,7287.650,7286.280,1.370,,,ok
3054,112.560589390,112.567875570,112.567875330,7286.180,7285.940,0.240,,,ok
3055,112.586426320,112.593713450,112.593713570,7287.130,7287.250,0.120,,,ok
3056,112.611693560,112.618981740,112.618981130,7288.180,7287.570,0.610,,,ok
3057,112.637537280,112.644824890,112.644824680,7287.610,7287.400,0.210,,,ok
3058,112.663336670,112.670622880,112.670623910,7286.210,7287.240,1.030,,,ok
3059,112.687604920,112.694892560,112.694891190,7287.640,7286.270,1.370,,,ok
3060,112.713162980,112.720458340,112.720450750,7295.360,7287.770,7.590,,,ok
3061,112.737705710,112.744994440,112.744993360,7288.730,7287.650,1.080,,,ok
3062,112.762477450,112.769762970,112.769767590,7285.520,7290.140,4.620,,,ok
3063,112.788295840,112.795585440,112.795586080,7289.600,7290.240,0.640,,,ok
3064,112.814148100,112.821432120,112.821433700,7284.020,7285.600,1.580,,,ok
3065,112.839701320,112.846986940,112.846987960,7285.620,7286.640,1.020,,,ok
3066,112.864607730,112.871893950,112.871895410,7286.220,7287.680,1.460,,,ok
3067,112.888855710,112.896144720,112.896143990,7289.010,7288.280,0.730,,,ok
3068,112.912905650,112.920191960,112.920193110,7286.310,7287.460,1.150,,,ok
3069,112.938668270,112.945956450,112.945956790,7288.180,7288.520,0.340,,,ok
3070,112.963018130,112.970305100,112.970251720,7286.970,7233.590,53.380,,,ok
3071,112.986907690,112.994193240,112.994191070,7285.550,7283.380,2.170,,,ok
3072,113.010612280,113.017901590,113.017902120,7289.310,7289.840,0.530,,,ok
3073,113.036427250,113.043715180,113.043713030,7287.930,7285.780,2.150,,,ok
3074,113.062015510,113.069302130,113.069303920,7286.620,7288.410,1.790,,,ok
3075,113.087024040,113.094377290,113.094309870,7353.250,7285.830,67.420,,,ok
3076,113.111025040,113.118309180,113.118310800,7284.140,7285.760,1.620,,,ok
3077,113.136805100,113.144093730,113.144093230,7288.630,7288.130,0.500,,,ok
3078,113.160679310,113.167966970,113.167965830,7287.660,7286.520,1.140,,,ok
3079,113.186032880,113.193317920,113.193319590,7285.040,7286.710,1.670,,,ok
3080,113.211313250,113.218602990,113.218598500,7289.740,7285.250,4.490,,,ok
3081,113.237309600,113.244596250,113.244595410,7286.650,7285.810,0.840,,,ok
3082,113.262910070,113.270195620,113.270193990,7285.550,7283.920,1.630,,,ok
3083,113.288502770,113.295788960,113.295787270,7286.190,7284.500,1.690,,,ok
3084,113.314097800,113.321387220,113.321381960,7289.420,7284.160,5.260,,,ok
3085,113.339924030,113.347209900,113.347211640,7285.870,7287.610,1.740,,,ok
3086,113.363763800,113.371048870,113.371049960,7285.070,7286.160,1.090,,,ok
3087,113.387516910,113.394800050,113.394803410,7283.140,7286.500,3.360,,,ok
3088,113.413305940,113.420589940,113.420590490,7284.000,7284.550,0.550,,,ok
3089,113.439098750,113.446388300,113.446382770,7289.550,7284.020,5.530,,,ok
3090,113.463026480,113.470312600,113.470313640,7286.120,7287.160,1.040,,,ok
3091,113.488660930,113.495950200,113.495947010,7289.270,7286.080,3.190,,,ok
3092,113.512279820,113.519569540,113.519565590,7289.720,7285.770,3.950,,,ok
3093,113.536425370,113.543712760,113.543714040,7287.390,7288.670,1.280,,,ok
3094,113.561689670,113.568976050,113.568976510,7286.380,7286.840,0.460,,,ok
3095,113.587528440,113.594813720,113.594816090,7285.280,7287.650,2.370,,,ok
3096,113.611288750,113.618578070,113.618573040,7289.320,7284.290,5.030,,,ok
3097,113.634869310,113.642155520,113.642156900,7286.210,7287.590,1.380,,,ok
3098,113.658627800,113.665914660,113.665915210,7286.860,7287.410,0.550,,,ok
3099,113.682425130,113.689713300,113.689714550,7288.170,7289.420,1.250,,,ok
3100,113.708179100,113.715466370,113.715468030,7287.270,7288.930,1.660,,,ok
3101,113.733995140,113.741283550,113.741281370,7288.410,7286.230,2.180,,,ok
3102,113.759895190,113.767183200,113.767184890,7288.010,7289.700,1.690,,,ok
3103,113.785092270,113.792380690,113.792377420,7288.420,7285.150,3.270,,,ok
3104,113.810771740,113.818060140,113.818061770,7288.400,7290.030,1.630,,,ok
3105,113.834549640,113.841838260,113.841834240,7288.620,7284.600,4.020,,,ok
3106,113.858723390,113.866009310,113.866013570,7285.920,7290.180,4.260,,,ok
3107,113.884472280,113.891760180,113.891761930,7287.900,7289.650,1.750,,,ok
3108,113.908638350,113.915923620,113.915925470,7285.270,7287.120,1.850,,,ok
3109,113.934428900,113.941716990,113.941713940,7288.090,7285.040,3.050,,,ok
3110,113.959046220,113.966334330,113.966331310,7288.110,7285.090,3.020,,,ok
3111,113.984709300,113.991996350,113.991995720,7287.050,7286.420,0.630,,,ok
3112,114.010493290,114.017782020,114.017779190,7288.730,7285.900,2.830,,,ok
3113,114.034268460,114.041555350,114.041557680,7286.890,7289.220,2.330,,,ok
3114,114.058325340,114.065612590,114.065608550,7287.250,7283.210,4.040,,,ok
3115,114.083643330,114.090932310,114.090929520,7288.980,7286.190,2.790,,,ok
3116,114.107474790,114.114760700,114.114761970,7285.910,7287.180,1.270,,,ok
3117,114.131164170,114.138453920,114.138450490,7289.750,7286.320,3.430,,,ok
3118,114.155004810,114.162291510,114.162294690,7286.700,7289.880,3.180,,,ok
3119,114.178741000,114.186030940,114.186028280,7289.940,7287.280,2.660,,,ok
3120,114.202420000,114.209708390,114.209704070,7288.390,7284.070,4.320,,,ok
3121,114.228187830,114.235477670,114.235475140,7289.840,7287.310,2.530,,,ok
3122,114.253909470,114.261196060,114.261198510,7286.590,7289.040,2.450,,,ok
3123,114.279770110,114.287056720,114.287055730,7286.610,7285.620,0.990,,,ok
3124,114.303517260,114.310800440,114.310805410,7283.180,7288.150,4.970,,,ok
3125,114.329431690,114.336720990,114.336717930,7289.300,7286.240,3.060,,,ok
3126,114.354743430,114.362028580,114.362032250,7285.150,7288.820,3.670,,,ok
3127,114.380535880,114.387822880,114.387825660,7287.000,7289.780,2.780,,,ok
3128,114.404637470,114.411925520,114.411924090,7288.050,7286.620,1.430,,,ok
3129,114.430327730,114.437613780,114.437617460,7286.050,7289.730,3.680,,,ok
3130,114.456279000,114.463568190,114.463564980,7289.190,7285.980,3.210,,,ok
3131,114.482044950,114.489329090,114.489334510,7284.140,7289.560,5.420,,,ok
3132,114.507386770,114.514677500,114.514673020,7290.730,7286.250,4.480,,,ok
3133,114.531288520,114.538575800,114.538573770,7287.280,7285.250,2.030,,,ok
3134,114.555065980,114.562350610,114.562354740,7284.630,7288.760,4.130,,,ok
3135,114.580504000,114.587789970,114.587792270,7285.970,7288.270,2.300,,,ok
3136,114.605400590,114.612688480,114.612686580,7287.890,7285.990,1.900,,,ok
3137,114.630293200,114.637581640,114.637579200,7288.440,7286.000,2.440,,,ok
3138,114.654036740,114.661325240,114.661323270,7288.500,7286.530,1.970,,,ok
3139,114.679733740,114.687016000,114.687019430,7282.260,7285.690,3.430,,,ok
3140,114.705628000,114.712916990,114.712914260,7288.990,7286.260,2.730,,,ok
3141,114.730702820,114.737990310,114.737986190,7287.490,7283.370,4.120,,,ok
3142,114.755436140,114.762720970,114.762722160,7284.830,7286.020,1.190,,,ok
3143,114.781072340,114.788427630,114.788357780,7355.290,7285.440,69.850,,,ok
3144,114.806678230,114.813965620,114.813963000,7287.390,7284.770,2.620,,,ok
3145,114.832173070,114.839458040,114.839459830,7284.970,7286.760,1.790,,,ok
3146,114.855788880,114.863076370,114.863074860,7287.490,7285.980,1.510,,,ok
3147,114.881479170,114.888765790,114.888769210,7286.620,7290.040,3.420,,,ok
3148,114.907202450,114.914486740,114.914547240,7284.290,7344.790,60.500,,,ok
3149,114.933054550,114.940342670,114.940341130,7288.120,7286.580,1.540,,,ok
3150,114.958810850,114.966100740,114.966099540,7289.890,7288.690,1.200,,,ok
3151,114.984586570,114.991872980,114.991872100,7286.410,7285.530,0.880,,,ok
3152,115.010472940,115.017761620,115.017761380,7288.680,7288.440,0.240,,,ok
3153,115.034075020,115.041358190,115.041364020,7283.170,7289.000,5.830,,,ok
3154,115.059791510,115.067079220,115.067075840,7287.710,7284.330,3.380,,,ok
3155,115.085603590,115.092957440,115.092890730,7353.850,7287.140,66.710,,,ok
3156,115.111295980,115.118580260,115.118580690,7284.280,7284.710,0.430,,,ok
3157,115.137056030,115.144344380,115.144329800,7288.350,7273.770,14.580,,,ok
3158,115.160727700,115.168018040,115.168017110,7290.340,7289.410,0.930,,,ok
3159,115.186140960,115.193425400,115.193430480,7284.440,7289.520,5.080,,,ok
3160,115.211958480,115.219244660,115.219243970,7286.180,7285.490,0.690,,,ok
3161,115.237661740,115.244948130,115.244947320,7286.390,7285.580,0.810,,,ok
3162,115.262871140,115.270156330,115.270160770,7285.190,7289.630,4.440,,,ok
3163,115.288378490,115.295663900,115.295668180,7285.410,7289.690,4.280,,,ok
3164,115.313885310,115.321173160,115.321172710,7287.850,7287.400,0.450,,,ok
3165,115.339413060,115.346700400,115.346701080,7287.340,7288.020,0.680,,,ok
3166,115.363466700,115.370817710,115.370754550,7351.010,7287.850,63.160,,,ok
3167,115.388604300,115.395893420,115.395891940,7289.120,7287.640,1.480,,,ok
3168,115.414394210,115.421679230,115.421680520,7285.020,7286.310,1.290,,,ok
3169,115.440091200,115.447380130,115.447378380,7288.930,7287.180,1.750,,,ok
3170,115.464714680,115.472003350,115.472003190,7288.670,7288.510,0.160,,,ok
3171,115.488700460,115.495986990,115.495986620,7286.530,7286.160,0.370,,,ok
3172,115.513656820,115.520944420,115.520945190,7287.600,7288.370,0.770,,,ok
3173,115.539533710,115.546821280,115.546823540,7287.570,7289.830,2.260,,,ok
3174,115.565059580,115.572347150,115.572346910,7287.570,7287.330,0.240,,,ok
3175,115.590714960,115.597997990,115.598005190,7283.030,7290.230,7.200,,,ok
3176,115.614841530,115.622113000,115.622127830,7271.470,7286.300,14.830,,,ok
3177,115.638760800,115.646047430,115.646047070,7286.630,7286.270,0.360,,,ok
3178,115.663659650,115.670945730,115.670944440,7286.080,7284.790,1.290,,,ok
3179,115.687731770,115.695019080,115.695018950,7287.310,7287.180,0.130,,,ok
3180,115.712949990,115.720237440,115.720237360,7287.450,7287.370,0.080,,,ok
3181,115.738745150,115.746029830,115.746029940,7284.680,7284.790,0.110,,,ok
3182,115.764488810,115.771780610,115.771774160,7291.800,7285.350,6.450,,,ok
3183,115.789795280,115.797081330,115.797082700,7286.050,7287.420,1.370,,,ok
3184,115.813670220,115.820955800,115.820956310,7285.580,7286.090,0.510,,,ok
3185,115.837770390,115.845058460,115.845059600,7288.070,7289.210,1.140,,,ok
3186,115.862720420,115.870007740,115.870005610,7287.320,7285.190,2.130,,,ok
3187,115.887738220,115.895023630,115.895025100,7285.410,7286.880,1.470,,,ok
3188,115.913647760,115.920934430,115.920932390,7286.670,7284.630,2.040,,,ok
3189,115.937272300,115.944556960,115.944558420,7284.660,7286.120,1.460,,,ok
3190,115.962776480,115.970064930,115.970065910,7288.450,7289.430,0.980,,,ok
3191,115.988567840,115.995854540,115.995855120,7286.700,7287.280,0.580,,,ok
3192,116.014267170,116.021553120,116.021552880,7285.950,7285.710,0.240,,,ok
3193,116.039756850,116.047045460,116.047044580,7288.610,7287.730,0.880,,,ok
3194,116.063637040,116.070924560,116.070922840,7287.520,7285.800,1.720,,,ok
3195,116.088661710,116.095948230,116.095946500,7286.520,7284.790,1.730,,,ok
3196,116.113726080,116.121008830,116.121011520,7282.750,7285.440,2.690,,,ok
3197,116.137597990,116.144882570,116.144885650,7284.580,7287.660,3.080,,,ok
3198,116.163418650,116.170708430,116.170704080,7289.780,7285.430,4.350,,,ok
3199,116.187840700,116.195126740,116.195127850,7286.040,7287.150,1.110,,,ok
3200,116.213051330,116.220339180,116.220340780,7287.850,7289.450,1.600,,,ok
3201,116.238556470,116.245842650,116.245844580,7286.180,7288.110,1.930,,,ok
3202,116.263933570,116.271221790,116.271288530,7288.220,7354.960,66.740,,,ok
3203,116.289790790,116.297080300,116.297076460,7289.510,7285.670,3.840,,,ok
3204,116.313830120,116.321118730,116.321117310,7288.610,7287.190,1.420,,,ok
3205,116.338759400,116.346045970,116.346088490,7286.570,7329.090,42.520,,,ok
3206,116.363397070,116.370685480,116.370686590,7288.410,7289.520,1.110,,,ok
3207,116.389069340,116.396358840,116.396355060,7289.500,7285.720,3.780,,,ok
3208,116.412814590,116.420102250,116.420103550,7287.660,7288.960,1.300,,,ok
3209,116.436655550,116.443940560,116.443942000,7285.010,7286.450,1.440,,,ok
3210,116.460435050,116.467724010,116.467720200,7288.960,7285.150,3.810,,,ok
3211,116.486138330,116.493427290,116.493423050,7288.960,7284.720,4.240,,,ok
3212,116.511392990,116.518679820,116.518682330,7286.830,7289.340,2.510,,,ok
3213,116.535724380,116.543014020,116.543009700,7289.640,7285.320,4.320,,,ok
3214,116.561386020,116.568671150,116.568674020,7285.130,7288.000,2.870,,,ok
3215,116.585482610,116.592770830,116.592772310,7288.220,7289.700,1.480,,,ok
3216,116.609164860,116.616454260,116.616449990,7289.400,7285.130,4.270,,,ok
3217,116.635051060,116.642333250,116.642339310,7282.190,7288.250,6.060,,,ok
3218,116.660684360,116.667970050,116.667973040,7285.690,7288.680,2.990,,,ok
3219,116.686419380,116.693709270,116.693706150,7289.890,7286.770,3.120,,,ok
3220,116.712178450,116.719467740,116.719463670,7289.290,7285.220,4.070,,,ok
3221,116.738319380,116.745605350,116.745608100,7285.970,7288.720,2.750,,,ok
3222,116.763533700,116.770818630,116.770820630,7284.930,7286.930,2.000,,,ok
3223,116.789267170,116.796551890,116.796555060,7284.720,7287.890,3.170,,,ok
3224,116.814947170,116.822235470,116.822233260,7288.300,7286.090,2.210,,,ok
3225,116.838543480,116.845816540,116.845831750,7273.060,7288.270,15.210,,,ok
3226,116.862833500,116.870122300,116.870117750,7288.800,7284.250,4.550,,,ok
3227,116.888732930,116.896021440,116.896018570,7288.510,7285.640,2.870,,,ok
3228,116.912403740,116.919687390,116.919691130,7283.650,7287.390,3.740,,,ok
3229,116.938289760,116.945578380,116.945575430,7288.620,7285.670,2.950,,,ok
3230,116.963244720,116.970531530,116.970533280,7286.810,7288.560,1.750,,,ok
3231,116.988691760,116.995980020,116.995976150,7288.260,7284.390,3.870,,,ok
3232,117.012718900,117.020008290,117.020005890,7289.390,7286.990,2.400,,,ok
3233,117.038569130,117.045855860,117.045872380,7286.730,7303.250,16.520,,,ok
3234,117.064265160,117.071555200,117.071551690,7290.040,7286.530,3.510,,,ok
3235,117.088654040,117.095942460,117.095941100,7288.420,7287.060,1.360,,,ok
3236,117.112814460,117.120101700,117.120104570,7287.240,7290.110,2.870,,,ok
3237,117.138519030,117.145805420,117.145807870,7286.390,7288.840,2.450,,,ok
3238,117.163726100,117.171013830,117.171011510,7287.730,7285.410,2.320,,,ok
3239,117.189104220,117.196392190,117.196394820,7287.970,7290.600,2.630,,,ok
3240,117.214440730,117.221730540,117.221728350,7289.810,7287.620,2.190,,,ok
3241,117.238794750,117.246083010,117.246081650,7288.260,7286.900,1.360,,,ok
3242,117.263823260,117.271111120,117.271110040,7287.860,7286.780,1.080,,,ok
3243,117.287725910,117.295015660,117.295013680,7289.750,7287.770,1.980,,,ok
3244,117.313507800,117.320794000,117.320796940,7286.200,7289.140,2.940,,,ok
3245,117.337832240,117.345121490,117.345109560,7289.250,7277.320,11.930,,,ok
3246,117.363405830,117.370695850,117.370693820,7290.020,7287.990,2.030,,,ok
3247,117.387565790,117.394854350,117.394851000,7288.560,7285.210,3.350,,,ok
3248,117.413294830,117.420582770,117.420578200,7287.940,7283.370,4.570,,,ok
3249,117.438922510,117.446211010,117.446207880,7288.500,7285.370,3.130,,,ok
3250,117.463517820,117.470804460,117.470806210,7286.640,7288.390,1.750,,,ok
3251,117.488943360,117.496232660,117.496231060,7289.300,7287.700,1.600,,,ok
3252,117.514734810,117.522020270,117.522022090,7285.460,7287.280,1.820,,,ok
3253,117.540398480,117.547684510,117.547687850,7286.030,7289.370,3.340,,,ok
3254,117.565708950,117.572997810,117.572995280,7288.860,7286.330,2.530,,,ok
3255,117.591657740,117.598946380,117.598942130,7288.640,7284.390,4.250,,,ok
3256,117.615182170,117.622469540,117.622465750,7287.370,7283.580,3.790,,,ok
3257,117.641106850,117.648392910,117.648395740,7286.060,7288.890,2.830,,,ok
3258,117.664864980,117.672151560,117.672149920,7286.580,7284.940,1.640,,,ok
3259,117.688640480,117.695929950,117.695927140,7289.470,7286.660,2.810,,,ok
3260,117.712311130,117.719597070,117.719596860,7285.940,7285.730,0.210,,,ok
3261,117.736281250,117.743628910,117.743570250,7347.660,7289.000,58.660,,,ok
3262,117.762172600,117.769460170,117.769458800,7287.570,7286.200,1.370,,,ok
3263,117.787635210,117.794923350,117.794921280,7288.140,7286.070,2.070,,,ok
3264,117.813508410,117.820794240,117.820794410,7285.830,7286.000,0.170,,,ok
3265,117.839251680,117.846540120,117.846538990,7288.440,7287.310,1.130,,,ok
3266,117.862971720,117.870256070,117.870261170,7284.350,7289.450,5.100,,,ok
3267,117.888729830,117.896017080,117.896015950,7287.250,7286.120,1.130,,,ok
3268,117.912534230,117.919820340,117.919818010,7286.110,7283.780,2.330,,,ok
3269,117.936278380,117.943563900,117.943567690,7285.520,7289.310,3.790,,,ok
3270,117.962110450,117.969396140,117.969396070,7285.690,7285.620,0.070,,,ok
3271,117.987838360,117.995125690,117.995124840,7287.330,7286.480,0.850,,,ok
3272,118.013687350,118.020973820,118.020972160,7286.470,7284.810,1.660,,,ok
3273,118.039404800,118.046692140,118.046689990,7287.340,7285.190,2.150,,,ok
3274,118.065028020,118.072314630,118.072314880,7286.610,7286.860,0.250,,,ok
3275,118.090943830,118.098229000,118.098210750,7285.170,7266.920,18.250,,,ok
3276,118.116616090,118.123902630,118.123905840,7286.540,7289.750,3.210,,,ok
3277,118.141286530,118.148574910,118.148574210,7288.380,7287.680,0.700,,,ok
3278,118.166088480,118.173374200,118.173375950,7285.720,7287.470,1.750,,,ok
3279,118.191817990,118.199106350,118.199107030,7288.360,7289.040,0.680,,,ok
3280,118.216295720,118.223581110,118.223582940,7285.390,7287.220,1.830,,,ok
3281,118.239945220,118.247234370,118.247232700,7289.150,7287.480,1.670,,,ok
3282,118.265317960,118.272673530,118.272606360,7355.570,7288.400,67.170,,,ok
3283,118.290445220,118.297729790,118.297730700,7284.570,7285.480,0.910,,,ok
3284,118.315689210,118.322974610,118.322978260,7285.400,7289.050,3.650,,,ok
3285,118.341547270,118.348832920,118.348832500,7285.650,7285.230,0.420,,,ok
3286,118.367243780,118.374530240,118.374531010,7286.460,7287.230,0.770,,,ok
3287,118.392585960,118.399874810,118.399874510,7288.850,7288.550,0.300,,,ok
3288,118.417965430,118.425252220,118.425251460,7286.790,7286.030,0.760,,,ok
3289,118.441722340,118.449061000,118.449010430,7338.660,7288.090,50.570,,,ok
3290,118.467533170,118.474818840,118.474819790,7285.670,7286.620,0.950,,,ok
3291,118.493301540,118.500588120,118.500586970,7286.580,7285.430,1.150,,,ok
3292,118.519134590,118.526421570,118.526421570,7286.980,7286.980,0.000,,,ok
3293,118.544081810,118.551369960,118.551369210,7288.150,7287.400,0.750,,,ok
3294,118.568575790,118.575863380,118.575863430,7287.590,7287.640,0.050,,,ok
3295,118.594151120,118.601435810,118.601437070,7284.690,7285.950,1.260,,,ok
3296,118.619808190,118.627095300,118.627052580,7287.110,7244.390,42.720,,,ok
3297,118.645564680,118.652853440,118.652852530,7288.760,7287.850,0.910,,,ok
3298,118.669784850,118.677070880,118.677072380,7286.030,7287.530,1.500,,,ok
3299,118.693637790,118.700925310,118.700924660,7287.520,7286.870,0.650,,,ok
3300,118.717566540,118.724853700,118.724853090,7287.160,7286.550,0.610,,,ok
3301,118.743399490,118.750686170,118.750686600,7286.680,7287.110,0.430,,,ok
3302,118.769264150,118.776550430,118.776616390,7286.280,7352.240,65.960,,,ok
3303,118.794963670,118.802247980,118.802249360,7284.310,7285.690,1.380,,,ok
3304,118.820272760,118.827562200,118.827556410,7289.440,7283.650,5.790,,,ok
3305,118.845974960,118.853260580,118.853261220,7285.620,7286.260,0.640,,,ok
3306,118.871029970,118.878318280,118.878319500,7288.310,7289.530,1.220,,,ok
3307,118.896105160,118.903377980,118.903392180,7272.820,7287.020,14.200,,,ok
3308,118.921943590,118.929230800,118.929230050,7287.210,7286.460,0.750,,,ok
3309,118.946408300,118.953691750,118.953694830,7283.450,7286.530,3.080,,,ok
3310,118.972198340,118.979486720,118.979552590,7288.380,7354.250,65.870,,,ok
3311,118.997672850,119.004954600,119.004961770,7281.750,7288.920,7.170,,,ok
3312,119.023593780,119.030876880,119.030879140,7283.100,7285.360,2.260,,,ok
3313,119.048617810,119.055902710,119.055903570,7284.900,7285.760,0.860,,,ok
3314,119.074403210,119.081690260,119.081689600,7287.050,7286.390,0.660,,,ok
3315,119.100412600,119.107698640,119.107765910,7286.040,7353.310,67.270,,,ok
3316,119.126109410,119.133398010,119.133396420,7288.600,7287.010,1.590,,,ok
3317,119.151494790,119.158781240,119.158779750,7286.450,7284.960,1.490,,,ok
3318,119.177198030,119.184482280,119.184484280,7284.250,7286.250,2.000,,,ok
3319,119.201737770,119.209022120,119.209021710,7284.350,7283.940,0.410,,,ok
3320,119.227016780,119.234306340,119.234301660,7289.560,7284.880,4.680,,,ok
3321,119.252528210,119.259814870,119.259816070,7286.660,7287.860,1.200,,,ok
3322,119.278296130,119.285582300,119.285584390,7286.170,7288.260,2.090,,,ok
3323,119.302538330,119.309826600,119.309827970,7288.270,7289.640,1.370,,,ok
3324,119.328336650,119.335623860,119.335625440,7287.210,7288.790,1.580,,,ok
3325,119.354173500,119.361460850,119.361457240,7287.350,7283.740,3.610,,,ok
3326,119.379823300,119.387111750,119.387112220,7288.450,7288.920,0.470,,,ok
3327,119.405553460,119.412840140,119.412841710,7286.680,7288.250,1.570,,,ok
3328,119.429435400,119.436722270,119.436724850,7286.870,7289.450,2.580,,,ok
3329,119.453180480,119.460464120,119.460467590,7283.640,7287.110,3.470,,,ok
3330,119.478396240,119.485685400,119.485680870,7289.160,7284.630,4.530,,,ok
3331,119.502718540,119.510002750,119.510005300,7284.210,7286.760,2.550,,,ok
3332,119.528609550,119.535896190,119.535897830,7286.640,7288.280,1.640,,,ok
3333,119.554300980,119.561590330,119.561586370,7289.350,7285.390,3.960,,,ok
3334,119.581948800,119.589238690,119.589235710,7289.890,7286.910,2.980,,,ok
3335,119.607097830,119.614385850,119.614381560,7288.020,7283.730,4.290,,,ok
3336,119.633066360,119.640355580,119.640350050,7289.220,7283.690,5.530,,,ok
3337,119.658575000,119.665863110,119.665860840,7288.110,7285.840,2.270,,,ok
3338,119.683968670,119.691256440,119.691251700,7287.770,7283.030,4.740,,,ok
3339,119.709827000,119.717115700,119.717112840,7288.700,7285.840,2.860,,,ok
3340,119.735547780,119.742833230,119.742835400,7285.450,7287.620,2.170,,,ok
3341,119.761466670,119.768752440,119.768753700,7285.770,7287.030,1.260,,,ok
3342,119.787104540,119.794390060,119.794393150,7285.520,7288.610,3.090,,,ok
3343,119.812123250,119.819408190,119.819411520,7284.940,7288.270,3.330,,,ok
3344,119.838075310,119.845362470,119.845364930,7287.160,7289.620,2.460,,,ok
3345,119.862745250,119.870031070,119.870032460,7285.820,7287.210,1.390,,,ok
3346,119.888446310,119.895734450,119.895731740,7288.140,7285.430,2.710,,,ok
3347,119.912573330,119.919861940,119.919860110,7288.610,7286.780,1.830,,,ok
3348,119.936268410,119.943553730,119.943557350,7285.320,7288.940,3.620,,,ok
3349,119.961749820,119.969033740,119.969035800,7283.920,7285.980,2.060,,,ok
3350,119.987430170,119.994718080,119.994720650,7287.910,7290.480,2.570,,,ok
3351,120.013289220,120.020575320,120.020577620,7286.100,7288.400,2.300,,,ok
3352,120.038978630,120.046264740,120.046267320,7286.110,7288.690,2.580,,,ok
3353,120.063974180,120.071262300,120.071259580,7288.120,7285.400,2.720,,,ok
3354,120.088968650,120.096256490,120.096254240,7287.840,7285.590,2.250,,,ok
3355,120.113737170,120.121023610,120.121027770,7286.440,7290.600,4.160,,,ok
3356,120.138639310,120.145928310,120.145924950,7289.000,7285.640,3.360,,,ok
3357,120.164409510,120.171695770,120.171699470,7286.260,7289.960,3.700,,,ok
3358,120.189630290,120.196917640,120.196917100,7287.350,7286.810,0.540,,,ok
3359,120.214862190,120.222148480,120.222151340,7286.290,7289.150,2.860,,,ok
3360,120.239868760,120.247156760,120.247153670,7288.000,7284.910,3.090,,,ok
3361,120.263720370,120.271010280,120.271008180,7289.910,7287.810,2.100,,,ok
3362,120.289482150,120.296768560,120.296770650,7286.410,7288.500,2.090,,,ok
3363,120.314658600,120.321946040,120.321943710,7287.440,7285.110,2.330,,,ok
3364,120.338793480,120.346080450,120.346078450,7286.970,7284.970,2.000,,,ok
3365,120.364603260,120.371888800,120.371891040,7285.540,7287.780,2.240,,,ok
3366,120.390395460,120.397682140,120.397685140,7286.680,7289.680,3.000,,,ok
3367,120.416097490,120.423383150,120.423383740,7285.660,7286.250,0.590,,,ok
3368,120.441995240,120.449281470,120.449279750,7286.230,7284.510,1.720,,,ok
3369,120.467620600,120.474906480,120.474909640,7285.880,7289.040,3.160,,,ok
3370,120.493430780,120.500719760,120.500719040,7288.980,7288.260,0.720,,,ok
3371,120.519132070,120.526418330,120.526416560,7286.260,7284.490,1.770,,,ok
3372,120.544866270,120.552151320,120.552156030,7285.050,7289.760,4.710,,,ok
3373,120.570749590,120.578035810,120.578038500,7286.220,7288.910,2.690,,,ok
3374,120.596413830,120.603699130,120.603702680,7285.300,7288.850,3.550,,,ok
3375,120.621093260,120.628381790,120.628381150,7288.530,7287.890,0.640,,,ok
3376,120.646052870,120.653340110,120.653339580,7287.240,7286.710,0.530,,,ok
3377,120.671753990,120.679039310,120.679043150,7285.320,7289.160,3.840,,,ok
3378,120.697508100,120.704797690,120.704862440,7289.590,7354.340,64.750,,,ok
3379,120.723329700,120.730614930,120.730618580,7285.230,7288.880,3.650,,,ok
3380,120.746957410,120.754243610,120.754240940,7286.200,7283.530,2.670,,,ok
3381,120.773084570,120.780372990,120.780371870,7288.420,7287.300,1.120,,,ok
3382,120.798410100,120.805695400,120.805699340,7285.300,7289.240,3.940,,,ok
3383,120.824127300,120.831412220,120.831413670,7284.920,7286.370,1.450,,,ok
3384,120.849951460,120.857238060,120.857236310,7286.600,7284.850,1.750,,,ok
3385,120.875795430,120.883080240,120.883079630,7284.810,7284.200,0.610,,,ok
3386,120.900830460,120.908119890,120.908118930,7289.430,7288.470,0.960,,,ok
3387,120.926631890,120.933918470,120.933916360,7286.580,7284.470,2.110,,,ok
3388,120.952408800,120.959696620,120.959694650,7287.820,7285.850,1.970,,,ok
3389,120.978014890,120.985302510,120.985304080,7287.620,7289.190,1.570,,,ok
3390,121.002877960,121.010168310,121.010166740,7290.350,7288.780,1.570,,,ok
3391,121.028652290,121.035939230,121.036005160,7286.940,7352.870,65.930,,,ok
3392,121.054459650,121.061744200,121.061749550,7284.550,7289.900,5.350,,,ok
3393,121.080028600,121.087312690,121.087317110,7284.090,7288.510,4.420,,,ok
3394,121.104923690,121.112211800,121.112211220,7288.110,7287.530,0.580,,,ok
3395,121.131005310,121.138294310,121.138294780,7289.000,7289.470,0.470,,,ok
3396,121.156380300,121.163668490,121.163665770,7288.190,7285.470,2.720,,,ok
3397,121.180216490,121.187507190,121.187501890,7290.700,7285.400,5.300,,,ok
3398,121.205276160,121.212564470,121.212565040,7288.310,7288.880,0.570,,,ok
3399,121.230947430,121.238233750,121.238233600,7286.320,7286.170,0.150,,,ok
3400,121.256155640,121.263441990,121.263440630,7286.350,7284.990,1.360,,,ok
3401,121.281915660,121.289203170,121.289204560,7287.510,7288.900,1.390,,,ok
3402,121.307802960,121.315088930,121.315086620,7285.970,7283.660,2.310,,,ok
3403,121.333494330,121.340780950,121.340781460,7286.620,7287.130,0.510,,,ok
3404,121.359237300,121.366524530,121.366525660,7287.230,7288.360,1.130,,,ok
3405,121.384700920,121.391989120,121.391988200,7288.200,7287.280,0.920,,,ok
3406,121.409760590,121.417046170,121.417046750,7285.580,7286.160,0.580,,,ok
3407,121.435679400,121.442964970,121.442965120,7285.570,7285.720,0.150,,,ok
3408,121.461376200,121.468674130,121.468730130,7297.930,7353.930,56.000,,,ok
3409,121.487269880,121.494557700,121.494557890,7287.820,7288.010,0.190,,,ok
3410,121.512923060,121.520211150,121.520211240,7288.090,7288.180,0.090,,,ok
3411,121.538001030,121.545289410,121.545288600,7288.380,7287.570,0.810,,,ok
3412,121.563896520,121.571182830,121.571183120,7286.310,7286.600,0.290,,,ok
3413,121.589286530,121.596569860,121.596570630,7283.330,7284.100,0.770,,,ok
3414,121.614647250,121.621934750,121.621930540,7287.500,7283.290,4.210,,,ok
3415,121.639606650,121.646893070,121.646892570,7286.420,7285.920,0.500,,,ok
3416,121.663607780,121.670895620,121.670896850,7287.840,7289.070,1.230,,,ok
3417,121.688660480,121.695947170,121.695950260,7286.690,7289.780,3.090,,,ok
3418,121.713629650,121.720918080,121.720918610,7288.430,7288.960,0.530,,,ok
3419,121.737765880,121.745055630,121.745051970,7289.750,7286.090,3.660,,,ok
3420,121.761821490,121.769108870,121.769110650,7287.380,7289.160,1.780,,,ok
3421,121.786571500,121.793856910,121.793858020,7285.410,7286.520,1.110,,,ok
3422,121.811907480,121.819195750,121.819196340,7288.270,7288.860,0.590,,,ok
3423,121.837700660,121.844990260,121.844990880,7289.600,7290.220,0.620,,,ok
3424,121.862716460,121.870002270,121.870004100,7285.810,7287.640,1.830,,,ok
3425,121.887738620,121.895036840,121.895032750,7298.220,7294.130,4.090,,,ok
3426,121.912633900,121.919917540,121.919921140,7283.640,7287.240,3.600,,,ok
3427,121.937754860,121.945043470,121.945044260,7288.610,7289.400,0.790,,,ok
3428,121.963481900,121.970771870,121.970831980,7289.970,7350.080,60.110,,,ok
3429,121.989177240,121.996462590,121.996466430,7285.350,7289.190,3.840,,,ok
3430,122.014577480,122.021861200,122.021864840,7283.720,7287.360,3.640,,,ok
3431,122.040253500,122.047542110,122.047543160,7288.610,7289.660,1.050,,,ok
3432,122.063829100,122.071114580,122.071116710,7285.480,7287.610,2.130,,,ok
3433,122.089429760,122.096718750,122.096714120,7288.990,7284.360,4.630,,,ok
3434,122.114676160,122.121959870,122.121962760,7283.710,7286.600,2.890,,,ok
3435,122.140441510,122.147729810,122.147726770,7288.300,7285.260,3.040,,,ok
3436,122.164364780,122.171651600,122.171652640,7286.820,7287.860,1.040,,,ok
3437,122.190128540,122.197417380,122.197413780,7288.840,7285.240,3.600,,,ok
3438,122.214499360,122.221784930,122.221852180,7285.570,7352.820,67.250,,,ok
3439,122.240106270,122.247394210,122.247394950,7287.940,7288.680,0.740,,,ok
3440,122.265520490,122.272806470,122.272808230,7285.980,7287.740,1.760,,,ok
3441,122.291402900,122.298691000,122.298692410,7288.100,7289.510,1.410,,,ok
3442,122.316970350,122.324259490,122.324260020,7289.140,7289.670,0.530,,,ok
3443,122.342681840,122.349966390,122.350032580,7284.550,7350.740,66.190,,,ok
3444,122.366511960,122.373800220,122.373797070,7288.260,7285.110,3.150,,,ok
3445,122.392268640,122.399554700,122.399555190,7286.060,7286.550,0.490,,,ok
3446,122.417896010,122.425247610,122.425184760,7351.600,7288.750,62.850,,,ok
3447,122.443534980,122.450885350,122.450883060,7350.370,7348.080,2.290,,,ok
3448,122.469270240,122.476559650,122.476556390,7289.410,7286.150,3.260,,,ok
3449,122.494959590,122.502248160,122.502244990,7288.570,7285.400,3.170,,,ok
3450,122.518964710,122.526250710,122.526318640,7286.000,7353.930,67.930,,,ok
3451,122.542627740,122.549914890,122.549916820,7287.150,7289.080,1.930,,,ok
3452,122.568484100,122.575773230,122.575770060,7289.130,7285.960,3.170,,,ok
3453,122.593901280,122.601186340,122.601137990,7285.060,7236.710,48.350,,,ok
3454,122.619503210,122.626790020,122.626791980,7286.810,7288.770,1.960,,,ok
3455,122.645390010,122.652678510,122.652680790,7288.500,7290.780,2.280,,,ok
3456,122.669490270,122.676776890,122.676778110,7286.620,7287.840,1.220,,,ok
3457,122.695438170,122.702724340,122.702705640,7286.170,7267.470,18.700,,,ok
3458,122.719824600,122.727112290,122.727110130,7287.690,7285.530,2.160,,,ok
3459,122.745548860,122.752836780,122.752839360,7287.920,7290.500,2.580,,,ok
3460,122.769265170,122.776543890,122.776552910,7278.720,7287.740,9.020,,,ok
3461,122.794867270,122.802153630,122.802156090,7286.360,7288.820,2.460,,,ok
3462,122.820702220,122.827991100,122.827989410,7288.880,7287.190,1.690,,,ok
3463,122.846422580,122.853709400,122.853708200,7286.820,7285.620,1.200,,,ok
3464,122.871125610,122.878413870,122.878411480,7288.260,7285.870,2.390,,,ok
3465,122.895189240,122.902477170,122.902474660,7287.930,7285.420,2.510,,,ok
3466,122.921271020,122.928560600,122.928557440,7289.580,7286.420,3.160,,,ok
3467,122.946288630,122.953578090,122.953642010,7289.460,7353.380,63.920,,,ok
3468,122.970014950,122.977302510,122.977304210,7287.560,7289.260,1.700,,,ok
3469,122.996006790,123.003294940,123.003293580,7288.150,7286.790,1.360,,,ok
3470,123.020611800,123.027898180,123.027892490,7286.380,7280.690,5.690,,,ok
3471,123.046377190,123.053666690,123.053663020,7289.500,7285.830,3.670,,,ok
3472,123.071403220,123.078690800,123.078688890,7287.580,7285.670,1.910,,,ok
3473,123.097130370,123.104419250,123.104416500,7288.880,7286.130,2.750,,,ok
3474,123.122506150,123.129791880,123.129795810,7285.730,7289.660,3.930,,,ok
3475,123.147566200,123.154856160,123.154854030,7289.960,7287.830,2.130,,,ok
3476,123.171713890,123.178999720,123.179001790,7285.830,7287.900,2.070,,,ok
3477,123.197460200,123.204746850,123.204715800,7286.650,7255.600,31.050,,,ok
3478,123.223276230,123.230566340,123.230563130,7290.110,7286.900,3.210,,,ok
3479,123.249074330,123.256359550,123.256363010,7285.220,7288.680,3.460,,,ok
3480,123.274482360,123.281767860,123.281770360,7285.500,7288.000,2.500,,,ok
3481,123.300167520,123.307456390,123.307454660,7288.870,7287.140,1.730,,,ok
3482,123.325921470,123.333208870,123.333208070,7287.400,7286.600,0.800,,,ok
3483,123.349946720,123.357233140,123.357233960,7286.420,7287.240,0.820,,,ok
3484,123.375643880,123.382931460,123.382928820,7287.580,7284.940,2.640,,,ok
3485,123.401415580,123.408710110,123.408703460,7294.530,7287.880,6.650,,,ok
3486,123.426765650,123.434053330,123.434051890,7287.680,7286.240,1.440,,,ok
3487,123.450593210,123.457880720,123.457880360,7287.510,7287.150,0.360,,,ok
3488,123.475675950,123.482964140,123.482963770,7288.190,7287.820,0.370,,,ok
3489,123.501441090,123.508727550,123.508727070,7286.460,7285.980,0.480,,,ok
3490,123.527133180,123.534421100,123.534419290,7287.920,7286.110,1.810,,,ok
3491,123.552836650,123.560123730,123.560123970,7287.080,7287.320,0.240,,,ok
3492,123.578117290,123.585403700,123.585406690,7286.410,7289.400,2.990,,,ok
3493,123.603811840,123.611096960,123.611100890,7285.120,7289.050,3.930,,,ok
3494,123.629630440,123.636915240,123.636917960,7284.800,7287.520,2.720,,,ok
3495,123.653796750,123.661083810,123.661082850,7287.060,7286.100,0.960,,,ok
3496,123.679490580,123.686777300,123.686775260,7286.720,7284.680,2.040,,,ok
3497,123.705276070,123.712565540,123.712563730,7289.470,7287.660,1.810,,,ok
3498,123.730764160,123.738047960,123.738053010,7283.800,7288.850,5.050,,,ok
3499,123.755948780,123.763234970,123.763235560,7286.190,7286.780,0.590,,,ok
3500,123.781770930,123.789060710,123.789058990,7289.780,7288.060,1.720,,,ok
3501,123.806441840,123.813726450,123.813724840,7284.610,7283.000,1.610,,,ok
3502,123.832112180,123.839395000,123.839402060,7282.820,7289.880,7.060,,,ok
3503,123.857880030,123.865165740,123.865164430,7285.710,7284.400,1.310,,,ok
3504,123.883604140,123.890894270,123.890893810,7290.130,7289.670,0.460,,,ok
3505,123.909025820,123.916259970,123.916311180,7234.150,7285.360,51.210,,,ok
3506,123.933171010,123.940460500,123.940460650,7289.490,7289.640,0.150,,,ok
3507,123.958970560,123.966259670,123.966259080,7289.110,7288.520,0.590,,,ok
3508,123.983894050,123.991182750,123.991182420,7288.700,7288.370,0.330,,,ok
3509,124.008956930,124.016246280,124.016245750,7289.350,7288.820,0.530,,,ok
3510,124.034714630,124.041999620,124.042003430,7284.990,7288.800,3.810,,,ok
3511,124.060390440,124.067677860,124.067676810,7287.420,7286.370,1.050,,,ok
3512,124.086170030,124.093455570,124.093455280,7285.540,7285.250,0.290,,,ok
3513,124.111967480,124.119320460,124.119253610,7352.980,7286.130,66.850,,,ok
3514,124.137558390,124.144847320,124.144913450,7288.930,7355.060,66.130,,,ok
3515,124.161699100,124.168985620,124.168985110,7286.520,7286.010,0.510,,,ok
3516,124.186267230,124.193555030,124.193557520,7287.800,7290.290,2.490,,,ok
3517,124.211998310,124.219283250,124.219287400,7284.940,7289.090,4.150,,,ok
3518,124.235878680,124.243165860,124.243166730,7287.180,7288.050,0.870,,,ok
3519,124.261619380,124.268970330,124.268905180,7350.950,7285.800,65.150,,,ok
3520,124.287175220,124.294463570,124.294503270,7288.350,7328.050,39.700,,,ok
3521,124.312912860,124.320200870,124.320202100,7288.010,7289.240,1.230,,,ok
3522,124.338704750,124.345990290,124.345990460,7285.540,7285.710,0.170,,,ok
3523,124.362634960,124.369922300,124.369923660,7287.340,7288.700,1.360,,,ok
3524,124.388625010,124.395911150,124.395976030,7286.140,7351.020,64.880,,,ok
3525,124.413588100,124.420874220,124.420875730,7286.120,7287.630,1.510,,,ok
3526,124.437237960,124.444523650,124.444524090,7285.690,7286.130,0.440,,,ok
3527,124.460820830,124.468107300,124.468107480,7286.470,7286.650,0.180,,,ok
3528,124.486797780,124.494085420,124.494086260,7287.640,7288.480,0.840,,,ok
3529,124.511151890,124.518438740,124.518439380,7286.850,7287.490,0.640,,,ok
3530,124.536916240,124.544202460,124.544202830,7286.220,7286.590,0.370,,,ok
3531,124.562063600,124.569350630,124.569350320,7287.030,7286.720,0.310,,,ok
3532,124.587510440,124.594863100,124.594799640,7352.660,7289.200,63.460,,,ok
3533,124.612867990,124.620157670,124.620158030,7289.680,7290.040,0.360,,,ok
3534,124.636539600,124.643826080,124.643826600,7286.480,7287.000,0.520,,,ok
3535,124.662397210,124.669731280,124.669683820,7334.070,7286.610,47.460,,,ok
3536,124.687393070,124.694682640,124.694683440,7289.570,7290.370,0.800,,,ok
3537,124.712962440,124.720248650,124.720251850,7286.210,7289.410,3.200,,,ok
3538,124.738725600,124.746014450,124.746015270,7288.850,7289.670,0.820,,,ok
3539,124.763172210,124.770457060,124.770457850,7284.850,7285.640,0.790,,,ok
3540,124.787705250,124.794991030,124.794992090,7285.780,7286.840,1.060,,,ok
3541,124.813065300,124.820354540,124.820355600,7289.240,7290.300,1.060,,,ok
3542,124.838451770,124.845735470,124.845739030,7283.700,7287.260,3.560,,,ok
3543,124.862862800,124.870151140,124.870152500,7288.340,7289.700,1.360,,,ok
3544,124.888692770,124.895979800,124.895980950,7287.030,7288.180,1.150,,,ok
3545,124.913635420,124.920927810,124.920924110,7292.390,7288.690,3.700,,,ok
3546,124.937682420,124.944970210,124.944966820,7287.790,7284.400,3.390,,,ok
3547,124.962663780,124.969950100,124.969951070,7286.320,7287.290,0.970,,,ok
3548,124.987730980,124.995018110,124.995019700,7287.130,7288.720,1.590,,,ok
3549,125.013637680,125.020925870,125.020969760,7288.190,7332.080,43.890,,,ok
3550,125.038693790,125.045978710,125.045980540,7284.920,7286.750,1.830,,,ok
3551,125.064298620,125.071588430,125.071583970,7289.810,7285.350,4.460,,,ok
3552,125.090093980,125.097390500,125.097383210,7296.520,7289.230,7.290,,,ok
3553,125.115001280,125.122289150,125.122290340,7287.870,7289.060,1.190,,,ok
3554,125.140457000,125.147743620,125.147744190,7286.620,7287.190,0.570,,,ok
3555,125.164120940,125.171406820,125.171408450,7285.880,7287.510,1.630,,,ok
3556,125.189852180,125.197139000,125.197207380,7286.820,7355.200,68.380,,,ok
3557,125.215507460,125.222792860,125.222794100,7285.400,7286.640,1.240,,,ok
3558,125.240671300,125.247955910,125.247957920,7284.610,7286.620,2.010,,,ok
3559,125.264661830,125.271947920,125.272012460,7286.090,7350.630,64.540,,,ok
3560,125.289820580,125.297108140,125.297109530,7287.560,7288.950,1.390,,,ok
3561,125.315679990,125.322966400,125.322969190,7286.410,7289.200,2.790,,,ok
3562,125.339106300,125.346395700,125.346391300,7289.400,7285.000,4.400,,,ok
3563,125.363326520,125.370613940,125.370614600,7287.420,7288.080,0.660,,,ok
3564,125.388704170,125.395992620,125.395994530,7288.450,7290.360,1.910,,,ok
3565,125.413826370,125.421115750,125.421111770,7289.380,7285.400,3.980,,,ok
3566,125.439585360,,125.446871220,,7285.860,,,,missing_rx1
3567,125.465431350,125.472715930,125.472719610,7284.580,7288.260,3.680,51.600,,ok
3568,125.489441850,125.496728400,125.496727220,7286.550,7285.370,1.180,,,ok
3569,125.515145640,125.522434200,125.522431510,7288.560,7285.870,2.690,,,ok
3570,125.540970090,125.548256280,125.548259080,7286.190,7288.990,2.800,,,ok
3571,125.564745250,125.572031080,125.572030970,7285.830,7285.720,0.110,,,ok
3572,125.589029340,125.596318440,125.596316810,7289.100,7287.470,1.630,,,ok
3573,125.612773070,125.620061870,125.620060430,7288.800,7287.360,1.440,,,ok
3574,125.638408500,125.645693610,125.645692650,7285.110,7284.150,0.960,,,ok
3575,125.663562210,125.670847060,125.670852200,7284.850,7289.990,5.140,,,ok
3576,125.687498320,125.694787980,125.694783190,7289.660,7284.870,4.790,,,ok
3577,125.711699220,125.718983780,125.718987850,7284.560,7288.630,4.070,,,ok
3578,125.737366310,125.744654460,125.744651590,7288.150,7285.280,2.870,,,ok
3579,125.762736450,125.770023200,125.770025910,7286.750,7289.460,2.710,,,ok
3580,125.787279510,125.794566170,125.794569200,7286.660,7289.690,3.030,,,ok
3581,125.813041800,125.820329880,125.820327830,7288.080,7286.030,2.050,,,ok
3582,125.838258220,125.845501040,125.845544970,7242.820,7286.750,43.930,,,ok
3583,125.863668800,125.870955320,125.870951980,7286.520,7283.180,3.340,,,ok
3584,125.888664890,125.895954910,125.895952100,7290.020,7287.210,2.810,,,ok
3585,125.913653080,125.920937530,125.920941420,7284.450,7288.340,3.890,,,ok
3586,125.939452410,125.946741580,125.946738910,7289.170,7286.500,2.670,,,ok
3587,125.964087700,125.971375000,125.971373230,7287.300,7285.530,1.770,,,ok
3588,125.989935220,125.997221260,125.997221700,7286.040,7286.480,0.440,,,ok
3589,126.014908430,126.022196770,126.022194070,7288.340,7285.640,2.700,,,ok
3590,126.040458150,126.047745200,126.047743640,7287.050,7285.490,1.560,,,ok
3591,126.066292870,126.073577730,126.073580490,7284.860,7287.620,2.760,,,ok
3592,126.092037840,126.099327070,126.099325330,7289.230,7287.490,1.740,,,ok
3593,126.117381980,126.124670350,126.124667680,7288.370,7285.700,2.670,,,ok
3594,126.143218720,126.150508690,126.150507210,7289.970,7288.490,1.480,,,ok
3595,126.167399890,126.174687200,126.174750410,7287.310,7350.520,63.210,,,ok
3596,126.192851900,126.200139310,126.200139260,7287.410,7287.360,0.050,,,ok
3597,126.217298450,126.224583030,126.224586660,7284.580,7288.210,3.630,,,ok
3598,126.243179710,126.250467460,126.250466010,7287.750,7286.300,1.450,,,ok
3599,126.266768310,126.274055590,126.274054480,7287.280,7286.170,1.110,,,ok
3600,126.291843550,126.299128980,126.299132700,7285.430,7289.150,3.720,,,ok
3601,126.317635640,126.324921670,126.324918480,7286.030,7282.840,3.190,,,ok
3602,126.342393070,126.349680060,126.349679760,7286.990,7286.690,0.300,,,ok
3603,126.367497700,126.374784150,126.374787270,7286.450,7289.570,3.120,,,ok
3604,126.393369880,126.400657680,126.400656510,7287.800,7286.630,1.170,,,ok
3605,126.419122500,126.426411100,126.426408690,7288.600,7286.190,2.410,,,ok
3606,126.444660840,126.451948430,126.451947040,7287.590,7286.200,1.390,,,ok
3607,126.470453750,126.477742870,126.477741820,7289.120,7288.070,1.050,,,ok
3608,126.494318230,126.501606300,126.501603810,7288.070,7285.580,2.490,,,ok
3609,126.519956620,126.527244560,126.527309650,7287.940,7353.030,65.090,,,ok
3610,126.545728770,126.553017840,126.553016310,7289.070,7287.540,1.530,,,ok
3611,126.569530090,126.576816490,126.576820550,7286.400,7290.460,4.060,,,ok
3612,126.595390330,126.602680000,126.602678940,7289.670,7288.610,1.060,,,ok
3613,126.620998570,126.628288280,126.628286530,7289.710,7287.960,1.750,,,ok
3614,126.646726710,126.654016560,126.654015860,7289.850,7289.150,0.700,,,ok
3615,126.672488510,126.679773900,126.679774220,7285.390,7285.710,0.320,,,ok
3616,126.696258780,126.703546980,126.703575760,7288.200,7316.980,28.780,,,ok
3617,126.720136640,126.727426780,126.727425470,7290.140,7288.830,1.310,,,ok
3618,126.743882240,126.751169850,126.751168490,7287.610,7286.250,1.360,,,ok
3619,126.769676420,126.776963420,126.776962140,7287.000,7285.720,1.280,,,ok
3620,126.793453860,126.800739460,126.800740720,7285.600,7286.860,1.260,,,ok
3621,126.819147430,126.826433710,126.826444690,7286.280,7297.260,10.980,,,ok
3622,126.843889750,126.851178410,126.851177590,7288.660,7287.840,0.820,,,ok
3623,126.868751970,126.876040980,126.876040960,7289.010,7288.990,0.020,,,ok
3624,126.894462980,126.901748970,126.901750180,7285.990,7287.200,1.210,,,ok
3625,126.918294370,126.925583690,126.925583770,7289.320,7289.400,0.080,,,ok
3626,126.943993240,126.951280930,126.951281970,7287.690,7288.730,1.040,,,ok
3627,126.967768950,126.975054670,126.975055570,7285.720,7286.620,0.900,,,ok
3628,126.993619000,127.000908030,127.000908970,7289.030,7289.970,0.940,,,ok
3629,127.017081600,127.024367290,127.024366070,7285.690,7284.470,1.220,,,ok
3630,127.042452430,127.049739840,127.049740850,7287.410,7288.420,1.010,,,ok
3631,127.067390730,127.074668350,127.074679260,7277.620,7288.530,10.910,,,ok
3632,127.093083340,127.100371440,127.100368390,7288.100,7285.050,3.050,,,ok
3633,127.117446450,127.124735850,127.124734740,7289.400,7288.290,1.110,,,ok
3634,127.143264860,127.150554210,127.150554540,7289.350,7289.680,0.330,,,ok
3635,127.168955790,127.176237280,127.176242910,7281.490,7287.120,5.630,,,ok
3636,127.193260290,127.200545080,127.200544900,7284.790,7284.610,0.180,,,ok
3637,127.219069340,127.226351800,127.226354760,7282.460,7285.420,2.960,,,ok
3638,127.244877250,127.252162870,127.252163190,7285.620,7285.940,0.320,,,ok
3639,127.270117950,127.277403570,127.277406660,7285.620,7288.710,3.090,,,ok
3640,127.293770280,127.301059540,127.301060050,7289.260,7289.770,0.510,,,ok
3641,127.319567000,127.326851690,127.326852580,7284.690,7285.580,0.890,,,ok
3642,127.345276030,127.352627030,127.352561920,7351.000,7285.890,65.110,,,ok
3643,127.370992040,127.378278940,127.378280460,7286.900,7288.420,1.520,,,ok
3644,127.395570860,127.402857070,127.402858760,7286.210,7287.900,1.690,,,ok
3645,127.420758240,127.428046480,127.428045770,7288.240,7287.530,0.710,,,ok
3646,127.445888630,127.453174780,127.453175700,7286.150,7287.070,0.920,,,ok
3647,127.471743890,127.479033350,127.479033190,7289.460,7289.300,0.160,,,ok
3648,127.496097480,127.503386630,127.503382510,7289.150,7285.030,4.120,,,ok
3649,127.521036380,127.528323600,127.528323560,7287.220,7287.180,0.040,,,ok
3650,127.546698720,127.553988340,127.553988180,7289.620,7289.460,0.160,,,ok
3651,127.571948090,127.579236590,127.579237860,7288.500,7289.770,1.270,,,ok
3652,127.597694060,127.604979040,127.604981270,7284.980,7287.210,2.230,,,ok
3653,127.623149800,127.630503840,127.630438340,7354.040,7288.540,65.500,,,ok
3654,127.649083230,127.656371890,127.656367160,7288.660,7283.930,4.730,,,ok
3655,127.674640050,127.681930170,127.681925490,7290.120,7285.440,4.680,,,ok
3656,127.699255350,127.706543700,127.706543980,7288.350,7288.630,0.280,,,ok
3657,127.724091460,127.731376060,127.731378470,7284.600,7287.010,2.410,,,ok
3658,127.748430110,127.755715200,127.755733290,7285.090,7303.180,18.090,,,ok
3659,127.774039970,127.781328850,127.781322550,7288.880,7282.580,6.300,,,ok
3660,127.800156800,127.807447070,127.807443650,7290.270,7286.850,3.420,,,ok
3661,127.825054660,127.832340580,127.832341160,7285.920,7286.500,0.580,,,ok
3662,127.850725840,127.858013750,127.858011190,7287.910,7285.350,2.560,,,ok
3663,127.874662320,127.881947180,127.881948100,7284.860,7285.780,0.920,,,ok
3664,127.900450250,127.907735770,127.907737250,7285.520,7287.000,1.480,,,ok
3665,127.924400140,127.931688030,127.931689510,7287.890,7289.370,1.480,,,ok
3666,127.950089030,127.957377400,127.957376650,7288.370,7287.620,0.750,,,ok
3667,127.973768760,127.981055930,127.981057870,7287.170,7289.110,1.940,,,ok
3668,127.997797380,128.005084270,128.005085170,7286.890,7287.790,0.900,,,ok
3669,128.023165910,128.030452720,128.030454430,7286.810,7288.520,1.710,,,ok
3670,128.048887380,128.056173500,128.056172010,7286.120,7284.630,1.490,,,ok
3671,128.074822580,128.082109400,128.082111460,7286.820,7288.880,2.060,,,ok
3672,128.100237070,128.107519950,128.107523550,7282.880,7286.480,3.600,,,ok
3673,128.125966230,128.133250150,128.133253310,7283.920,7287.080,3.160,,,ok
3674,128.151726620,128.159013510,128.159016780,7286.890,7290.160,3.270,,,ok
3675,128.177583650,128.184873040,128.184869940,7289.390,7286.290,3.100,,,ok
3676,128.203376470,128.210665270,128.210662550,7288.800,7286.080,2.720,,,ok
3677,128.228692270,128.235979620,128.235980980,7287.350,7288.710,1.360,,,ok
3678,128.254566100,128.261851560,128.261855430,7285.460,7289.330,3.870,,,ok
3679,128.278545120,128.285831280,128.285832460,7286.160,7287.340,1.180,,,ok
3680,128.302492270,128.309779690,128.309782180,7287.420,7289.910,2.490,,,ok
3681,128.328277930,128.335567320,128.335563210,7289.390,7285.280,4.110,,,ok
3682,128.354143790,128.361431640,128.361428200,7287.850,7284.410,3.440,,,ok
3683,128.377838540,128.385124940,128.385126590,7286.400,7288.050,1.650,,,ok
3684,128.403281030,128.410565740,128.410569640,7284.710,7288.610,3.900,,,ok
3685,128.429029980,128.436316670,128.436319420,7286.690,7289.440,2.750,,,ok
3686,128.454839970,128.462124160,128.462127830,7284.190,7287.860,3.670,,,ok
3687,128.480630690,128.487918560,128.487916070,7287.870,7285.380,2.490,,,ok
3688,128.506389270,128.513676900,128.513678290,7287.630,7289.020,1.390,,,ok
3689,128.530805920,128.538095200,128.538093050,7289.280,7287.130,2.150,,,ok
3690,128.556558300,128.563843630,128.563846580,7285.330,7288.280,2.950,,,ok
3691,128.582388880,128.589675820,128.589675100,7286.940,7286.220,0.720,,,ok
3692,128.607761760,128.615050330,128.615048400,7288.570,7286.640,1.930,,,ok
3693,128.631574640,128.638868720,128.638870800,7294.080,7296.160,2.080,,,ok
3694,128.657045920,128.664330870,128.664335340,7284.950,7289.420,4.470,,,ok
3695,128.682806830,128.690094730,128.690093660,7287.900,7286.830,1.070,,,ok
3696,128.708600840,128.715888140,128.715887090,7287.300,7286.250,1.050,,,ok
3697,128.732675030,128.739961540,128.739959600,7286.510,7284.570,1.940,,,ok
3698,128.758379290,128.765665680,128.765668010,7286.390,7288.720,2.330,,,ok
3699,128.784572680,128.791858060,128.791912680,7285.380,7340.000,54.620,,,ok
3700,128.810232460,128.817521550,128.817520880,7289.090,7288.420,0.670,,,ok
3701,128.835960600,128.843250660,128.843248370,7290.060,7287.770,2.290,,,ok
3702,128.861783500,128.869069270,128.869072630,7285.770,7289.130,3.360,,,ok
3703,128.886778840,128.894066610,128.894066230,7287.770,7287.390,0.380,,,ok
3704,128.912619900,128.919906100,128.919908470,7286.200,7288.570,2.370,,,ok
3705,128.938364260,128.945648460,128.945652040,7284.200,7287.780,3.580,,,ok
3706,128.962717040,128.970002740,128.970005370,7285.700,7288.330,2.630,,,ok
3707,128.988381400,128.995670400,128.995668440,7289.000,7287.040,1.960,,,ok
3708,129.014239000,129.021524510,129.021545310,7285.510,7306.310,20.800,,,ok
3709,129.038694250,129.045983080,129.045981770,7288.830,7287.520,1.310,,,ok
3710,129.064425080,129.071711420,129.071714290,7286.340,7289.210,2.870,,,ok
3711,129.090153170,129.097438850,129.097442230,7285.680,7289.060,3.380,,,ok
3712,129.115971830,129.123257130,129.123255700,7285.300,7283.870,1.430,,,ok
3713,129.141706970,129.148996320,129.148994550,7289.350,7287.580,1.770,,,ok
3714,129.167271140,129.174558890,129.174558600,7287.750,7287.460,0.290,,,ok
3715,129.193207910,129.200493250,129.200497240,7285.340,7289.330,3.990,,,ok
3716,129.217392320,129.224681660,129.224680600,7289.340,7288.280,1.060,,,ok
3717,129.242026180,129.249314110,129.249314030,7287.930,7287.850,0.080,,,ok
3718,129.267789030,129.275078350,129.275076120,7289.320,7287.090,2.230,,,ok
3719,129.293526580,129.300810940,129.300815910,7284.360,7289.330,4.970,,,ok
3720,129.319280280,129.326565240,129.326569520,7284.960,7289.240,4.280,,,ok
3721,129.344471350,129.351757290,129.351756350,7285.940,7285.000,0.940,,,ok
3722,129.369992010,129.377275690,129.377281150,7283.680,7289.140,5.460,,,ok
3723,129.395742480,129.403030450,129.403027060,7287.970,7284.580,3.390,,,ok
3724,129.420603920,129.427891150,129.427893090,7287.230,7289.170,1.940,,,ok
3725,129.444989510,129.452276950,129.452276470,7287.440,7286.960,0.480,,,ok
3726,129.470432250,129.477720410,129.477717480,7288.160,7285.230,2.930,,,ok
3727,129.496146900,129.503433880,129.503430990,7286.980,7284.090,2.890,,,ok
3728,129.521953870,129.529242350,129.529240800,7288.480,7286.930,1.550,,,ok
3729,129.547456400,129.554745480,129.554744220,7289.080,7287.820,1.260,,,ok
3730,129.571183630,129.578469070,129.578473510,7285.440,7289.880,4.440,,,ok
3731,129.596977600,129.604264790,129.604267020,7287.190,7289.420,2.230,,,ok
3732,129.622372900,129.629660920,129.629658070,7288.020,7285.170,2.850,,,ok
3733,129.646917820,129.654201790,129.654204020,7283.970,7286.200,2.230,,,ok
3734,129.670953720,129.678242610,129.678242300,7288.890,7288.580,0.310,,,ok
3735,129.696788840,129.704083720,129.704073410,7294.880,7284.570,10.310,,,ok
3736,129.721972450,129.729259290,129.729257970,7286.840,7285.520,1.320,,,ok
3737,129.747123230,129.754411820,129.754412600,7288.590,7289.370,0.780,,,ok
3738,129.772857260,129.780146270,129.780146240,7289.010,7288.980,0.030,,,ok
3739,129.798683380,129.805969400,129.805967210,7286.020,7283.830,2.190,,,ok
3740,129.822784710,129.830072830,129.830071990,7288.120,7287.280,0.840,,,ok
3741,129.848220090,129.855506150,129.855506170,7286.060,7286.080,0.020,,,ok
3742,129.872932520,129.880284680,129.880218740,7352.160,7286.220,65.940,,,ok
3743,129.897701900,129.904988040,129.904986860,7286.140,7284.960,1.180,,,ok
3744,129.921952460,129.929241300,129.929241570,7288.840,7289.110,0.270,,,ok
3745,129.945577060,129.952864640,129.952864940,7287.580,7287.880,0.300,,,ok
3746,129.970853680,129.978142320,129.978142470,7288.640,7288.790,0.150,,,ok
3747,129.996700460,130.003986510,130.004051840,7286.050,7351.380,65.330,,,ok
3748,130.021896010,130.029183980,130.029185100,7287.970,7289.090,1.120,,,ok
3749,130.046919520,130.054208280,130.054207650,7288.760,7288.130,0.630,,,ok
3750,130.072621320,130.079910810,130.079907120,7289.490,7285.800,3.690,,,ok
3751,130.098382940,130.105670150,130.105648030,7287.210,7265.090,22.120,,,ok
3752,130.124034340,130.131323410,130.131323810,7289.070,7289.470,0.400,,,ok
3753,130.149813580,130.157101650,130.157101670,7288.070,7288.090,0.020,,,ok
3754,130.175504680,130.182789240,130.182790930,7284.560,7286.250,1.690,,,ok
3755,130.200624270,130.207912180,130.207908280,7287.910,7284.010,3.900,,,ok
3756,130.225623030,130.232975170,130.232911810,7352.140,7288.780,63.360,,,ok
3757,130.251415600,130.258705300,130.258703700,7289.700,7288.100,1.600,,,ok
3758,130.277239110,,130.284523620,,7284.510,,,,missing_rx1
3759,130.302942080,130.310226970,130.310226780,7284.890,7284.700,0.190,51.522,,ok
3760,130.328701140,130.335988950,130.335986420,7287.810,7285.280,2.530,,,ok
3761,130.353708580,130.360992360,130.360993990,7283.780,7285.410,1.630,,,ok
3762,130.379457180,130.386747140,130.386741880,7289.960,7284.700,5.260,,,ok
3763,130.403147700,130.410434440,130.410436610,7286.740,7288.910,2.170,,,ok
3764,130.426849340,130.434138720,130.434135060,7289.380,7285.720,3.660,,,ok
3765,130.452436410,130.459720850,130.459722090,7284.440,7285.680,1.240,,,ok
3766,130.478103970,130.485390690,130.485389560,7286.720,7285.590,1.130,,,ok
3767,130.502486550,130.509773910,130.509774490,7287.360,7287.940,0.580,,,ok
3768,130.527799810,130.535087590,130.535088810,7287.780,7289.000,1.220,,,ok
3769,130.552846900,130.560133220,130.560136300,7286.320,7289.400,3.080,,,ok
3770,130.579066330,130.586352870,130.586355770,7286.540,7289.440,2.900,,,ok
3771,130.604414240,130.611701690,130.611703220,7287.450,7288.980,1.530,,,ok
3772,130.629509270,130.636795870,130.636796400,7286.600,7287.130,0.530,,,ok
3773,130.655358700,130.662641750,130.662646030,7283.050,7287.330,4.280,,,ok
3774,130.678967570,130.686257830,130.686254320,7290.260,7286.750,3.510,,,ok
3775,130.703240430,130.710525060,130.710525450,7284.630,7285.020,0.390,,,ok
3776,130.727176280,130.734464450,130.734459840,7288.170,7283.560,4.610,,,ok
3777,130.752515730,130.759802830,130.759804680,7287.100,7288.950,1.850,,,ok
3778,130.778023800,130.785311450,130.785310420,7287.650,7286.620,1.030,,,ok
3779,130.803958310,130.811244680,130.811246580,7286.370,7288.270,1.900,,,ok
3780,130.829226150,130.836513110,130.836512400,7286.960,7286.250,0.710,,,ok
3781,130.855019850,130.862306510,130.862306010,7286.660,7286.160,0.500,,,ok
3782,130.880233280,130.887519710,130.887521770,7286.430,7288.490,2.060,,,ok
3783,130.905406930,130.912692920,130.912694030,7285.990,7287.100,1.110,,,ok
3784,130.930128750,130.937415600,130.937417730,7286.850,7288.980,2.130,,,ok
3785,130.955833380,130.963119840,130.963121220,7286.460,7287.840,1.380,,,ok
3786,130.979380880,130.986668280,130.986736000,7287.400,7355.120,67.720,,,ok
3787,131.003382240,131.010671710,131.010668700,7289.470,7286.460,3.010,,,ok
3788,131.028987790,131.036275050,131.036274920,7287.260,7287.130,0.130,,,ok
3789,131.052929020,131.060218250,131.060214990,7289.230,7285.970,3.260,,,ok
3790,131.078469340,131.085756780,131.085756590,7287.440,7287.250,0.190,,,ok
3791,131.104265020,131.111555330,131.111551530,7290.310,7286.510,3.800,,,ok
3792,131.129390420,131.136677190,131.136676190,7286.770,7285.770,1.000,,,ok
3793,131.155165310,131.162451070,131.162454490,7285.760,7289.180,3.420,,,ok
3794,131.180978300,131.188265290,131.188266960,7286.990,7288.660,1.670,,,ok
3795,131.206684790,131.213972480,131.213970580,7287.690,7285.790,1.900,,,ok
3796,131.230813610,131.238100850,131.238099750,7287.240,7286.140,1.100,,,ok
3797,131.256530600,131.263820610,131.263817350,7290.010,7286.750,3.260,,,ok
3798,131.282238130,131.289523010,131.289526590,7284.880,7288.460,3.580,,,ok
3799,131.308005120,131.315292290,131.315294120,7287.170,7289.000,1.830,,,ok
3800,131.333767220,131.341054440,131.341053340,7287.220,7286.120,1.100,,,ok
3801,131.359462960,131.366748130,131.366751890,7285.170,7288.930,3.760,,,ok
3802,131.385259780,131.392611980,131.392610860,7352.200,7351.080,1.120,,,ok
3803,131.410961230,131.418248400,131.418248870,7287.170,7287.640,0.470,,,ok
3804,131.436670320,131.443959160,131.443956130,7288.840,7285.810,3.030,,,ok
3805,131.462283560,131.469570100,131.469569700,7286.540,7286.140,0.400,,,ok
3806,131.486069630,131.493353450,131.493358240,7283.820,7288.610,4.790,,,ok
3807,131.511801820,131.519086930,131.519086310,7285.110,7284.490,0.620,,,ok
3808,131.535755350,131.543042650,131.543041050,7287.300,7285.700,1.600,,,ok
3809,131.560405660,131.567689680,131.567693100,7284.020,7287.440,3.420,,,ok
3810,131.586037400,131.593324590,131.593321880,7287.190,7284.480,2.710,,,ok
3811,131.611856960,131.619142070,131.619146310,7285.110,7289.350,4.240,,,ok
3812,131.637304940,131.644591270,131.644591670,7286.330,7286.730,0.400,,,ok
3813,131.663012660,131.670299610,131.670358330,7286.950,7345.670,58.720,,,ok
3814,131.687582170,131.694867220,131.694870050,7285.050,7287.880,2.830,,,ok
3815,131.713425740,131.720711190,131.720713910,7285.450,7288.170,2.720,,,ok
3816,131.736905490,131.744194890,131.744192420,7289.400,7286.930,2.470,,,ok
3817,131.762587190,131.769873230,131.769876850,7286.040,7289.660,3.620,,,ok
3818,131.787615180,131.794901590,131.794905360,7286.410,7290.180,3.770,,,ok
3819,131.812297990,131.819584910,131.819582830,7286.920,7284.840,2.080,,,ok
3820,131.835966930,131.843253170,131.843251230,7286.240,7284.300,1.940,,,ok
3821,131.861667860,131.868956850,131.868954450,7288.990,7286.590,2.400,,,ok
3822,131.885550150,131.892839980,131.892838920,7289.830,7288.770,1.060,,,ok
3823,131.911239620,131.918527590,131.918527490,7287.970,7287.870,0.100,,,ok
3824,131.937000110,131.944285790,131.944289650,7285.680,7289.540,3.860,,,ok
3825,131.962977720,131.970265270,131.970262910,7287.550,7285.190,2.360,,,ok
3826,131.986594770,131.993882370,131.993882750,7287.600,7287.980,0.380,,,ok
3827,132.012232820,132.019522060,132.019520870,7289.240,7288.050,1.190,,,ok
3828,132.036050610,132.043339490,132.043337090,7288.880,7286.480,2.400,,,ok
3829,132.061777640,132.069063680,132.069067740,7286.040,7290.100,4.060,,,ok
3830,132.087474050,132.094760840,132.094759900,7286.790,7285.850,0.940,,,ok
3831,132.111380550,132.118667910,132.118669640,7287.360,7289.090,1.730,,,ok
3832,132.135030110,132.142316630,132.142318150,7286.520,7288.040,1.520,,,ok
3833,132.160858580,132.168145030,132.168146580,7286.450,7288.000,1.550,,,ok
3834,132.186236340,132.193524850,132.193525130,7288.510,7288.790,0.280,,,ok
3835,132.210966380,132.218251670,132.218253410,7285.290,7287.030,1.740,,,ok
3836,132.236920690,132.244207450,132.244205920,7286.760,7285.230,1.530,,,ok
3837,132.262601220,132.269888610,132.269890280,7287.390,7289.060,1.670,,,ok
3838,132.286626010,132.293913380,132.293912790,7287.370,7286.780,0.590,,,ok
3839,132.310782740,132.318066350,132.318072180,7283.610,7289.440,5.830,,,ok
3840,132.336618150,132.343916670,132.343904650,7298.520,7286.500,12.020,,,ok
3841,132.362466600,132.369753260,132.369753180,7286.660,7286.580,0.080,,,ok
3842,132.387236620,132.394522770,132.394522320,7286.150,7285.700,0.450,,,ok
3843,132.411839000,132.419125260,132.419125950,7286.260,7286.950,0.690,,,ok
3844,132.437121260,132.444407100,132.444409360,7285.840,7288.100,2.260,,,ok
3845,132.463018920,132.470308110,132.470307740,7289.190,7288.820,0.370,,,ok
3846,132.487885590,132.495171260,132.495170290,7285.670,7284.700,0.970,,,ok
3847,132.511965090,132.519254860,132.519253680,7289.770,7288.590,1.180,,,ok
3848,132.537775480,132.545063220,132.545062170,7287.740,7286.690,1.050,,,ok
3849,132.561752810,132.569040520,132.569041640,7287.710,7288.830,1.120,,,ok
3850,132.587605490,132.594893670,132.594894980,7288.180,7289.490,1.310,,,ok
3851,132.612822810,132.620107490,132.620107340,7284.680,7284.530,0.150,,,ok
3852,132.638621530,132.645911600,132.645906630,7290.070,7285.100,4.970,,,ok
3853,132.662616780,132.669892450,132.669905260,7275.670,7288.480,12.810,,,ok
3854,132.688502750,132.695786080,132.695795830,7283.330,7293.080,9.750,,,ok
3855,132.712889860,132.720177010,132.720176990,7287.150,7287.130,0.020,,,ok
3856,132.738554200,132.745840260,132.745840500,7286.060,7286.300,0.240,,,ok
3857,132.764671630,132.771957480,132.771957590,7285.850,7285.960,0.110,,,ok
3858,132.789849870,132.797137030,132.797136420,7287.160,7286.550,0.610,,,ok
3859,132.813913470,132.821200450,132.821199720,7286.980,7286.250,0.730,,,ok
3860,132.837698680,132.844983920,132.844984230,7285.240,7285.550,0.310,,,ok
3861,132.862628690,132.869914720,132.869917720,7286.030,7289.030,3.000,,,ok
3862,132.888481510,132.895770630,132.895770960,7289.120,7289.450,0.330,,,ok
3863,132.914249070,132.921538900,132.921532090,7289.830,7283.020,6.810,,,ok
3864,132.938572090,132.945852750,132.945857850,7280.660,7285.760,5.100,,,ok
3865,132.964369100,132.971654480,132.971655200,7285.380,7286.100,0.720,,,ok
3866,132.989610710,132.996898970,132.996898870,7288.260,7288.160,0.100,,,ok
3867,133.013594050,133.020881060,133.020883010,7287.010,7288.960,1.950,,,ok
3868,133.039379640,133.046665630,133.046666620,7285.990,7286.980,0.990,,,ok
3869,133.064127170,133.071414270,133.071414170,7287.100,7287.000,0.100,,,ok
3870,133.089009130,133.096297500,133.096363790,7288.370,7354.660,66.290,,,ok
3871,133.114706140,133.121995780,133.121991630,7289.640,7285.490,4.150,,,ok
3872,133.138382020,133.145669190,133.145670390,7287.170,7288.370,1.200,,,ok
3873,133.164013150,133.171301700,133.171303570,7288.550,7290.420,1.870,,,ok
3874,133.189550060,133.196836040,133.196837180,7285.980,7287.120,1.140,,,ok
3875,133.214807020,133.222094340,133.222094780,7287.320,7287.760,0.440,,,ok
3876,133.240557470,133.247847680,133.247843950,7290.210,7286.480,3.730,,,ok
3877,133.264441780,133.271731310,133.271727530,7289.530,7285.750,3.780,,,ok
3878,133.290268730,133.297554610,133.297555790,7285.880,7287.060,1.180,,,ok
3879,133.314102610,133.321387180,133.321389110,7284.570,7286.500,1.930,,,ok
3880,133.339925640,133.347210480,133.347212560,7284.840,7286.920,2.080,,,ok
3881,133.365557530,133.372842300,133.372843460,7284.770,7285.930,1.160,,,ok
3882,133.389242300,133.396528020,133.396529660,7285.720,7287.360,1.640,,,ok
3883,133.413017440,133.420306470,133.420303130,7289.030,7285.690,3.340,,,ok
3884,133.438898790,133.446185000,133.446186530,7286.210,7287.740,1.530,,,ok
3885,133.464121190,133.471473570,133.471409650,7352.380,7288.460,63.920,,,ok
3886,133.490036850,133.497326800,133.497323220,7289.950,7286.370,3.580,,,ok
3887,133.514265290,133.521555080,133.521550750,7289.790,7285.460,4.330,,,ok
3888,133.538057580,133.545343650,133.545345050,7286.070,7287.470,1.400,,,ok
3889,133.563523110,133.570811890,133.570808560,7288.780,7285.450,3.330,,,ok
3890,133.589374120,133.596660290,133.596662070,7286.170,7287.950,1.780,,,ok
3891,133.612959080,133.620247720,133.620244400,7288.640,7285.320,3.320,,,ok
3892,133.638790900,133.646076920,133.646078930,7286.020,7288.030,2.010,,,ok
3893,133.662504670,133.669789400,133.669792170,7284.730,7287.500,2.770,,,ok
3894,133.688265200,133.695552830,133.695549760,7287.630,7284.560,3.070,,,ok
3895,133.712139120,133.719427070,133.719424040,7287.950,7284.920,3.030,,,ok
3896,133.735748160,133.743034390,133.743036590,7286.230,7288.430,2.200,,,ok
3897,133.761133690,133.768418980,133.768420040,7285.290,7286.350,1.060,,,ok
3898,133.786986800,133.794272380,133.794274340,7285.580,7287.540,1.960,,,ok
3899,133.812677100,133.819965810,133.819962870,7288.710,7285.770,2.940,,,ok
3900,133.837036190,133.844321500,133.844266760,7285.310,7230.570,54.740,,,ok
3901,133.862694950,133.869982430,133.869983870,7287.480,7288.920,1.440,,,ok
3902,133.888536340,133.895825850,133.895823230,7289.510,7286.890,2.620,,,ok
3903,133.912559500,133.919849360,133.919845660,7289.860,7286.160,3.700,,,ok
3904,133.938472120,133.945757680,133.945794230,7285.560,7322.110,36.550,,,ok
3905,133.962253640,133.969540080,133.969542620,7286.440,7288.980,2.540,,,ok
3906,133.988245720,133.995534360,133.995531960,7288.640,7286.240,2.400,,,ok
3907,134.013533870,134.020822810,134.020820260,7288.940,7286.390,2.550,,,ok
3908,134.039422050,134.046710250,134.046708670,7288.200,7286.620,1.580,,,ok
3909,134.065263540,134.072549550,134.072552180,7286.010,7288.640,2.630,,,ok
3910,134.090836300,134.098122730,134.098125670,7286.430,7289.370,2.940,,,ok
3911,134.116758750,134.124046150,134.124043030,7287.400,7284.280,3.120,,,ok
3912,134.141872920,134.149159820,134.149162340,7286.900,7289.420,2.520,,,ok
3913,134.167679600,134.174968020,134.174965970,7288.420,7286.370,2.050,,,ok
3914,134.193623260,134.200911300,134.200909400,7288.040,7286.140,1.900,,,ok
3915,134.217394210,134.224677410,134.224682680,7283.200,7288.470,5.270,,,ok
3916,134.243329540,134.250617100,134.250616100,7287.560,7286.560,1.000,,,ok
3917,134.269076340,134.276361320,134.276364680,7284.980,7288.340,3.360,,,ok
3918,134.294580290,134.301868740,134.301867210,7288.450,7286.920,1.530,,,ok
3919,134.320505680,134.327792560,134.327795590,7286.880,7289.910,3.030,,,ok
3920,134.344535260,134.351821610,134.351809830,7286.350,7274.570,11.780,,,ok
3921,134.368442720,134.375729980,134.375728220,7287.260,7285.500,1.760,,,ok
3922,134.392097340,134.399383470,134.399385870,7286.130,7288.530,2.400,,,ok
3923,134.417720980,134.425005970,134.425010050,7284.990,7289.070,4.080,,,ok
3924,134.443522280,134.450810190,134.450808700,7287.910,7286.420,1.490,,,ok
3925,134.467060820,134.474348760,134.474345690,7287.940,7284.870,3.070,,,ok
3926,134.492918250,134.500206120,134.500205410,7287.870,7287.160,0.710,,,ok
3927,134.518725150,134.526014170,134.526013980,7289.020,7288.830,0.190,,,ok
3928,134.544634420,134.551921280,134.551919740,7286.860,7285.320,1.540,,,ok
3929,134.570042420,134.577331310,134.577328230,7288.890,7285.810,3.080,,,ok
3930,134.595698940,134.602985440,134.602980990,7286.500,7282.050,4.450,,,ok
3931,134.619747540,134.627033890,134.627037880,7286.350,7290.340,3.990,,,ok
3932,134.645471740,134.652757500,134.652760910,7285.760,7289.170,3.410,,,ok
3933,134.670904790,134.678190570,134.678193520,7285.780,7288.730,2.950,,,ok
3934,134.696483130,134.703769140,134.703772720,7286.010,7289.590,3.580,,,ok
3935,134.722364560,134.729652520,134.729651290,7287.960,7286.730,1.230,,,ok
3936,134.748092280,134.755380840,134.755379700,7288.560,7287.420,1.140,,,ok
3937,134.772009220,134.779296730,134.779298170,7287.510,7288.950,1.440,,,ok
3938,134.795965280,134.803252670,134.803251680,7287.390,7286.400,0.990,,,ok
3939,134.821759460,134.829045100,134.829044850,7285.640,7285.390,0.250,,,ok
3940,134.846021670,134.853308460,134.853307470,7286.790,7285.800,0.990,,,ok
3941,134.871232650,134.878522950,134.878520960,7290.300,7288.310,1.990,,,ok
3942,134.896647710,134.903934980,134.903935240,7287.270,7287.530,0.260,,,ok
3943,134.920489750,134.927779650,134.927778830,7289.900,7289.080,0.820,,,ok
3944,134.945976130,134.953262830,134.953262110,7286.700,7285.980,0.720,,,ok
3945,134.971506370,134.978795400,134.978792970,7289.030,7286.600,2.430,,,ok
3946,134.996909630,135.004194820,135.004198170,7285.190,7288.540,3.350,,,ok
3947,135.021846400,135.029132990,135.029131200,7286.590,7284.800,1.790,,,ok
3948,135.047127640,135.054415500,135.054415840,7287.860,7288.200,0.340,,,ok
3949,135.070962020,135.078247450,135.078314660,7285.430,7352.640,67.210,,,ok
3950,135.096574750,135.103863330,135.103862840,7288.580,7288.090,0.490,,,ok
3951,135.122432720,135.129721630,135.129721220,7288.910,7288.500,0.410,,,ok
3952,135.146947080,135.154234100,135.154232150,7287.020,7285.070,1.950,,,ok
3953,135.171968150,135.179253520,135.179257090,7285.370,7288.940,3.570,,,ok
3954,135.196994180,135.204280880,135.204281420,7286.700,7287.240,0.540,,,ok
3955,135.221065550,135.228355100,135.228353930,7289.550,7288.380,1.170,,,ok
3956,135.247120500,135.254406020,135.254407390,7285.520,7286.890,1.370,,,ok
3957,135.272141360,135.279427030,135.279430740,7285.670,7289.380,3.710,,,ok
3958,135.296346380,135.303634310,135.303635040,7287.930,7288.660,0.730,,,ok
3959,135.321913120,135.329197710,135.329269130,7284.590,7356.010,71.420,,,ok
3960,135.346159330,135.353446930,135.353446990,7287.600,7287.660,0.060,,,ok
3961,135.371361880,135.378650290,135.378650250,7288.410,7288.370,0.040,,,ok
3962,135.395110150,135.402398890,135.402397930,7288.740,7287.780,0.960,,,ok
3963,135.420807780,135.428094450,135.428097110,7286.670,7289.330,2.660,,,ok
3964,135.446036060,135.453325610,135.453324740,7289.550,7288.680,0.870,,,ok
3965,135.471420470,135.478708120,135.478708020,7287.650,7287.550,0.100,,,ok
3966,135.496933940,135.504222370,135.504222470,7288.430,7288.530,0.100,,,ok
3967,135.522696800,135.529984670,135.529983520,7287.870,7286.720,1.150,,,ok
3968,135.548558000,135.555848160,135.555841990,7290.160,7283.990,6.170,,,ok
3969,135.572360580,135.579646100,135.579647730,7285.520,7287.150,1.630,,,ok
3970,135.597007110,135.604294760,135.604295400,7287.650,7288.290,0.640,,,ok
3971,135.622057070,135.629344370,135.629344640,7287.300,7287.570,0.270,,,ok
3972,135.647595080,135.654881630,135.654880420,7286.550,7285.340,1.210,,,ok
3973,135.671947460,135.679236050,135.679236450,7288.590,7288.990,0.400,,,ok
3974,135.696878110,135.704164230,135.704162340,7286.120,7284.230,1.890,,,ok
3975,135.722007110,135.729290300,135.729292390,7283.190,7285.280,2.090,,,ok
3976,135.746974950,135.754260310,135.754259250,7285.360,7284.300,1.060,,,ok
3977,135.772789860,135.780142940,135.780075260,7353.080,7285.400,67.680,,,ok
3978,135.797280200,135.804567860,135.804631500,7287.660,7351.300,63.640,,,ok
3979,135.821698160,135.828985060,135.828987010,7286.900,7288.850,1.950,,,ok
3980,135.847363150,135.854648820,135.854650460,7285.670,7287.310,1.640,,,ok
3981,135.872931680,135.880217110,135.880217930,7285.430,7286.250,0.820,,,ok
3982,135.896903070,135.904191390,135.904192160,7288.320,7289.090,0.770,,,ok
3983,135.921790310,135.929078490,135.929074740,7288.180,7284.430,3.750,,,ok
3984,135.947401820,135.954748050,135.954749140,7346.230,7347.320,1.090,,,ok
3985,135.971845130,135.979129210,135.979130030,7284.080,7284.900,0.820,,,ok
3986,135.997477410,136.004765320,136.004766040,7287.910,7288.630,0.720,,,ok
3987,136.022839070,136.030128500,136.030124420,7289.430,7285.350,4.080,,,ok
3988,136.047021820,136.054305920,136.054306910,7284.100,7285.090,0.990,,,ok
3989,136.072044030,136.079395070,136.079331190,7351.040,7287.160,63.880,,,ok
3990,136.095994820,136.103282540,136.103283720,7287.720,7288.900,1.180,,,ok
3991,136.120656810,136.127946900,136.127938540,7290.090,7281.730,8.360,,,ok
3992,136.145987150,136.153274430,136.153276510,7287.280,7289.360,2.080,,,ok
3993,136.171635910,136.178923710,136.178924790,7287.800,7288.880,1.080,,,ok
3994,136.196887420,136.204176070,136.204172460,7288.650,7285.040,3.610,,,ok
3995,136.222679680,136.229964640,136.229966000,7284.960,7286.320,1.360,,,ok
3996,136.248251500,136.255537940,136.255540360,7286.440,7288.860,2.420,,,ok
3997,136.273938280,136.281227150,136.281223680,7288.870,7285.400,3.470,,,ok
3998,136.299646960,136.306934640,136.306933020,7287.680,7286.060,1.620,,,ok
3999,136.325279950,136.332569170,136.332564580,7289.220,7284.630,4.590,,,ok
4000,136.349762320,136.357052380,136.357046250,7290.060,7283.930,6.130,,,ok
4001,136.375503670,136.382790660,136.382792450,7286.990,7288.780,1.790,,,ok
4002,136.401182470,136.408468110,136.408469940,7285.640,7287.470,1.830,,,ok
4003,136.426840270,136.434126650,136.434129160,7286.380,7288.890,2.510,,,ok
4004,136.450451290,136.457740790,136.457737620,7289.500,7286.330,3.170,,,ok
4005,136.475620570,136.482908230,136.482906030,7287.660,7285.460,2.200,,,ok
4006,136.501233310,136.508522680,136.508519350,7289.370,7286.040,3.330,,,ok
4007,136.526923570,136.534211000,136.534213050,7287.430,7289.480,2.050,,,ok
4008,136.552390620,136.559676690,136.559676430,7286.070,7285.810,0.260,,,ok
4009,136.578144920,136.585431740,136.585434130,7286.820,7289.210,2.390,,,ok
4010,136.603749100,136.611036160,136.611038240,7287.060,7289.140,2.080,,,ok
4011,136.629385900,136.636674420,136.636671770,7288.520,7285.870,2.650,,,ok
4012,136.655086760,136.662372090,136.662375080,7285.330,7288.320,2.990,,,ok
4013,136.680701460,136.687991250,136.687987690,7289.790,7286.230,3.560,,,ok
4014,136.706621530,136.713909730,136.713907030,7288.200,7285.500,2.700,,,ok
4015,136.732114940,136.739402240,136.739465830,7287.300,7350.890,63.590,,,ok
4016,136.756958690,136.764245620,136.764251240,7286.930,7292.550,5.620,,,ok
4017,136.782815080,136.790168420,136.790102230,7353.340,7287.150,66.190,,,ok
4018,136.808482420,136.815768180,136.815768010,7285.760,7285.590,0.170,,,ok
4019,136.834212870,136.841501720,136.841499060,7288.850,7286.190,2.660,,,ok
4020,136.859821500,136.867110000,136.867107470,7288.500,7285.970,2.530,,,ok
4021,136.883953920,136.891243240,136.891239950,7289.320,7286.030,3.290,,,ok
4022,136.909736990,136.917026870,136.917024340,7289.880,7287.350,2.530,,,ok
4023,136.933583160,136.940870170,136.940870260,7287.010,7287.100,0.090,,,ok
4024,136.959594380,136.966883450,136.966878790,7289.070,7284.410,4.660,,,ok
4025,136.984811970,136.992097060,136.992099510,7285.090,7287.540,2.450,,,ok
4026,137.010518790,137.017805380,137.017805630,7286.590,7286.840,0.250,,,ok
4027,137.035058250,137.042342720,137.042346590,7284.470,7288.340,3.870,,,ok
4028,137.058906650,137.066192230,137.066195120,7285.580,7288.470,2.890,,,ok
4029,137.083901280,137.091190320,137.091185990,7289.040,7284.710,4.330,,,ok
4030,137.109759410,137.117047450,137.117046830,7288.040,7287.420,0.620,,,ok
4031,137.135498670,137.142852040,137.142785220,7353.370,7286.550,66.820,,,ok
4032,137.161283950,137.168569880,137.168573520,7285.930,7289.570,3.640,,,ok
4033,137.186805730,137.194092930,137.194091190,7287.200,7285.460,1.740,,,ok
4034,137.212521810,137.219807420,137.219810470,7285.610,7288.660,3.050,,,ok
4035,137.237608190,137.244894400,137.244898980,7286.210,7290.790,4.580,,,ok
4036,137.262734750,137.270024140,137.270021410,7289.390,7286.660,2.730,,,ok
4037,137.288534910,137.295821750,137.295819540,7286.840,7284.630,2.210,,,ok
4038,137.313716880,137.321005860,137.321003220,7288.980,7286.340,2.640,,,ok
4039,137.337428640,137.344714330,137.344717620,7285.690,7288.980,3.290,,,ok
4040,137.362625130,137.369912480,137.369866720,7287.350,7241.590,45.760,,,ok
4041,137.388225720,137.395510970,137.395514600,7285.250,7288.880,3.630,,,ok
4042,137.413902560,137.421189660,137.421192050,7287.100,7289.490,2.390,,,ok
4043,137.437990210,137.445275400,137.445275430,7285.190,7285.220,0.030,,,ok
4044,137.463618820,137.470903590,137.470904800,7284.770,7285.980,1.210,,,ok
4045,137.487695200,137.494984600,137.494983180,7289.400,7287.980,1.420,,,ok
4046,137.511884600,137.519173090,137.519171690,7288.490,7287.090,1.400,,,ok
4047,137.537689900,137.544976430,137.544974180,7286.530,7284.280,2.250,,,ok
4048,137.563486470,137.570774710,137.570773460,7288.240,7286.990,1.250,,,ok
4049,137.588729870,137.596018130,137.596015550,7288.260,7285.680,2.580,,,ok
4050,137.613664170,137.620951430,137.620940250,7287.260,7276.080,11.180,,,ok
4051,137.638534110,137.645819830,137.645823900,7285.720,7289.790,4.070,,,ok
4052,137.662769930,137.670055550,137.670057250,7285.620,7287.320,1.700,,,ok
4053,137.688602460,137.695891680,137.695890480,7289.220,7288.020,1.200,,,ok
4054,137.713880970,137.721168730,137.721168870,7287.760,7287.900,0.140,,,ok
4055,137.740011870,137.747298320,137.747301210,7286.450,7289.340,2.890,,,ok
4056,137.765046280,137.772331760,137.772335970,7285.480,7289.690,4.210,,,ok
4057,137.790907330,137.798195000,137.798194090,7287.670,7286.760,0.910,,,ok
4058,137.814889080,137.822178420,137.822177780,7289.340,7288.700,0.640,,,ok
4059,137.840657340,137.847945810,137.847945020,7288.470,7287.680,0.790,,,ok
4060,137.866481310,137.873770330,137.873769610,7289.020,7288.300,0.720,,,ok
4061,137.891778110,137.899068760,137.899068040,7290.650,7289.930,0.720,,,ok
4062,137.917515910,137.924801050,137.924800380,7285.140,7284.470,0.670,,,ok
4063,137.942235430,137.949519500,137.949524100,7284.070,7288.670,4.600,,,ok
4064,137.968097150,137.975383900,137.975382360,7286.750,7285.210,1.540,,,ok
4065,137.993030990,138.000316240,138.000302180,7285.250,7271.190,14.060,,,ok
4066,138.018932000,138.026220600,138.026219320,7288.600,7287.320,1.280,,,ok
4067,138.044696820,138.051984150,138.051982600,7287.330,7285.780,1.550,,,ok
4068,138.069987830,138.077276320,138.077276980,7288.490,7289.150,0.660,,,ok
4069,138.095811430,138.103100790,138.103098990,7289.360,7287.560,1.800,,,ok
4070,138.121545210,138.128831770,138.128832900,7286.560,7287.690,1.130,,,ok
4071,138.145542060,138.152892990,138.152832380,7350.930,7290.320,60.610,,,ok
4072,138.171049150,138.178335810,138.178335640,7286.660,7286.490,0.170,,,ok
4073,138.197045730,138.204334360,138.204333990,7288.630,7288.260,0.370,,,ok
4074,138.222427010,138.229710220,138.229712560,7283.210,7285.550,2.340,,,ok
4075,138.247033280,138.254385810,138.254320800,7352.530,7287.520,65.010,,,ok
4076,138.272164140,138.279448090,138.279449490,7283.950,7285.350,1.400,,,ok
4077,138.296840900,138.304128060,138.304126810,7287.160,7285.910,1.250,,,ok
4078,138.321901920,138.329236900,138.329191280,7334.980,7289.360,45.620,,,ok
4079,138.347064120,138.354348300,138.354349520,7284.180,7285.400,1.220,,,ok
4080,138.372164000,138.379452160,138.379459030,7288.160,7295.030,6.870,,,ok
4081,138.397525300,138.404810230,138.404811540,7284.930,7286.240,1.310,,,ok
4082,138.423136450,138.430424760,138.430424150,7288.310,7287.700,0.610,,,ok
4083,138.447228180,138.454517870,138.454518450,7289.690,7290.270,0.580,,,ok
4084,138.472863840,138.480150080,138.480151880,7286.240,7288.040,1.800,,,ok
4085,138.498059110,138.505344950,138.505345350,7285.840,7286.240,0.400,,,ok
4086,138.522350530,138.529638020,138.529637880,7287.490,7287.350,0.140,,,ok
4087,138.546864890,138.554150670,138.554152200,7285.780,7287.310,1.530,,,ok
4088,138.570989930,138.578274990,138.578274670,7285.060,7284.740,0.320,,,ok
4089,138.596789630,138.604077230,138.604077900,7287.600,7288.270,0.670,,,ok
4090,138.620867940,138.628156800,138.628157290,7288.860,7289.350,0.490,,,ok
4091,138.646730640,138.654020320,138.654020630,7289.680,7289.990,0.310,,,ok
4092,138.670942520,138.678228390,138.678229220,7285.870,7286.700,0.830,,,ok
4093,138.696708880,138.703996900,138.703996750,7288.020,7287.870,0.150,,,ok
4094,138.721889740,138.729174350,138.729175140,7284.610,7285.400,0.790,,,ok
4095,138.747587810,138.754873660,138.754874440,7285.850,7286.630,0.780,,,ok
4096,138.773102280,138.780390650,138.780387910,7288.370,7285.630,2.740,,,ok
4097,138.798251180,138.805540410,138.805538710,7289.230,7287.530,1.700,,,ok
4098,138.823510880,138.830798730,138.830799630,7287.850,7288.750,0.900,,,ok
4099,138.847608960,138.854894780,138.854909160,7285.820,7300.200,14.380,,,ok
4100,138.871860570,138.879148010,138.879146590,7287.440,7286.020,1.420,,,ok
4101,138.897272990,138.904558830,138.904560140,7285.840,7287.150,1.310,,,ok
4102,138.922813170,138.930102260,138.930103380,7289.090,7290.210,1.120,,,ok
4103,138.948609570,138.955894740,138.955895910,7285.170,7286.340,1.170,,,ok
4104,138.973108890,138.980394080,138.980395460,7285.190,7286.570,1.380,,,ok
4105,138.996913910,139.004201220,139.004198570,7287.310,7284.660,2.650,,,ok
4106,139.021242910,139.028529850,139.028532100,7286.940,7289.190,2.250,,,ok
4107,139.046924290,139.054214190,139.054209740,7289.900,7285.450,4.450,,,ok
4108,139.073015680,139.080302670,139.080304040,7286.990,7288.360,1.370,,,ok
4109,139.096914320,139.104171140,139.104202670,7256.820,7288.350,31.530,,,ok
4110,139.121755310,139.129043520,139.129045720,7288.210,7290.410,2.200,,,ok
4111,139.146710980,139.153996740,139.154065100,7285.760,7354.120,68.360,,,ok
4112,139.172481010,139.179763520,139.179767660,7282.510,7286.650,4.140,,,ok
4113,139.197320850,139.204608520,139.204611160,7287.670,7290.310,2.640,,,ok
4114,139.221975710,139.229261610,139.229263650,7285.900,7287.940,2.040,,,ok
4115,139.245925250,139.253211120,139.253210410,7285.870,7285.160,0.710,,,ok
4116,139.271361550,139.278648730,139.278651440,7287.180,7289.890,2.710,,,ok
4117,139.296921510,139.304207910,139.304209740,7286.400,7288.230,1.830,,,ok
4118,139.321855330,139.329140520,139.329142330,7285.190,7287.000,1.810,,,ok
4119,139.347233940,139.354519960,139.354521760,7286.020,7287.820,1.800,,,ok
4120,139.373295310,139.380583260,139.380585210,7287.950,7289.900,1.950,,,ok
4121,139.398506460,139.405791750,139.405793760,7285.290,7287.300,2.010,,,ok
4122,139.424207740,139.431494000,139.431497040,7286.260,7289.300,3.040,,,ok
4123,139.449401080,139.456687430,139.456690570,7286.350,7289.490,3.140,,,ok
4124,139.475172450,139.482461810,139.482457870,7289.360,7285.420,3.940,,,ok
4125,139.500215870,139.507504000,139.507501420,7288.130,7285.550,2.580,,,ok
4126,139.525876300,139.533162610,139.533165620,7286.310,7289.320,3.010,,,ok
4127,139.551704180,139.558990850,139.558988110,7286.670,7283.930,2.740,,,ok
4128,139.576004540,139.583289580,139.583291160,7285.040,7286.620,1.580,,,ok
4129,139.601827820,139.609112760,139.609115040,7284.940,7287.220,2.280,,,ok
4130,139.627656580,139.634940700,139.634944510,7284.120,7287.930,3.810,,,ok
4131,139.653407170,139.660694540,139.660692950,7287.370,7285.780,1.590,,,ok
4132,139.679213870,139.686503050,139.686501300,7289.180,7287.430,1.750,,,ok
4133,139.705085690,139.712369660,139.712368290,7283.970,7282.600,1.370,,,ok
4134,139.729690860,139.736979620,139.736977170,7288.760,7286.310,2.450,,,ok
4135,139.753511150,139.760798860,139.760801550,7287.710,7290.400,2.690,,,ok
4136,139.779359390,139.786647430,139.786644100,7288.040,7284.710,3.330,,,ok
4137,139.804833610,139.812120750,139.812123260,7287.140,7289.650,2.510,,,ok
4138,139.829452530,139.836739210,139.836740830,7286.680,7288.300,1.620,,,ok
4139,139.855264370,139.862552430,139.862550170,7288.060,7285.800,2.260,,,ok
4140,139.880055710,139.887340080,139.887342740,7284.370,7287.030,2.660,,,ok
4141,139.905251200,139.912539500,139.912577170,7288.300,7325.970,37.670,,,ok
4142,139.930238430,139.937527570,139.937524720,7289.140,7286.290,2.850,,,ok
4143,139.956007480,139.963294500,139.963294040,7287.020,7286.560,0.460,,,ok
4144,139.980362130,139.987649300,139.987649820,7287.170,7287.690,0.520,,,ok
4145,140.006134350,140.013422780,140.013420830,7288.430,7286.480,1.950,,,ok
4146,140.030140850,140.037430230,140.037429210,7289.380,7288.360,1.020,,,ok
4147,140.055625960,140.062913610,140.062912790,7287.650,7286.830,0.820,,,ok
4148,140.080131770,140.087434740,140.087421150,7302.970,7289.380,13.590,,,ok
4149,140.105001860,,140.112288050,,7286.190,,,,missing_rx1
4150,140.129739490,140.137025340,140.137019350,7285.850,7279.860,5.990,49.591,,ok
4151,140.155393560,140.162679570,140.162681200,7286.010,7287.640,1.630,,,ok
4152,140.179252810,140.186540480,140.186539040,7287.670,7286.230,1.440,,,ok
4153,140.205117800,140.212406400,140.212400530,7288.600,7282.730,5.870,,,ok
4154,140.230210060,140.237497220,140.237496720,7287.160,7286.660,0.500,,,ok
4155,140.256028290,140.263313250,140.263315110,7284.960,7286.820,1.860,,,ok
4156,140.280554420,140.287839000,140.287843720,7284.580,7289.300,4.720,,,ok
4157,140.306350830,140.313638490,140.313635960,7287.660,7285.130,2.530,,,ok
4158,140.330351490,140.337637480,140.337639450,7285.990,7287.960,1.970,,,ok
4159,140.354042120,140.361330460,140.361301370,7288.340,7259.250,29.090,,,ok
4160,140.379352230,140.386702850,140.386637230,7350.620,7285.000,65.620,,,ok
4161,140.405380760,140.412668620,140.412670430,7287.860,7289.670,1.810,,,ok
4162,140.430854120,140.438141960,140.438143020,7287.840,7288.900,1.060,,,ok
4163,140.456739050,140.464022880,140.464026680,7283.830,7287.630,3.800,,,ok
4164,140.482958020,140.490243760,140.490245810,7285.740,7287.790,2.050,,,ok
4165,140.508699610,140.515986900,140.515989450,7287.290,7289.840,2.550,,,ok
4166,140.533204780,140.540487900,140.540492520,7283.120,7287.740,4.620,,,ok
4167,140.558970480,140.566258850,140.566260240,7288.370,7289.760,1.390,,,ok
4168,140.584679820,140.591967000,140.591969450,7287.180,7289.630,2.450,,,ok
4169,140.610419170,140.617704750,140.617657190,7285.580,7238.020,47.560,,,ok
4170,140.633938410,140.641222510,140.641226510,7284.100,7288.100,4.000,,,ok
4171,140.659655090,140.666941370,140.666945080,7286.280,7289.990,3.710,,,ok
4172,140.683911750,140.691263630,140.691197380,7351.880,7285.630,66.250,,,ok
4173,140.709753180,140.717039160,140.717040850,7285.980,7287.670,1.690,,,ok
4174,140.733901220,140.741186160,140.741189220,7284.940,7288.000,3.060,,,ok
4175,140.758928080,140.766207590,140.766218700,7279.510,7290.620,11.110,,,ok
4176,140.784689170,140.791977930,140.791974340,7288.760,7285.170,3.590,,,ok
4177,140.808940500,140.816227580,140.816223050,7287.080,7282.550,4.530,,,ok
4178,140.834349530,140.841634690,140.841637710,7285.160,7288.180,3.020,,,ok
4179,140.859966770,140.867254360,140.867252070,7287.590,7285.300,2.290,,,ok
4180,140.885395090,140.892682660,140.892685660,7287.570,7290.570,3.000,,,ok
4181,140.910360590,140.917644730,140.917649130,7284.140,7288.540,4.400,,,ok
4182,140.933948480,140.941233300,140.941236390,7284.820,7287.910,3.090,,,ok
4183,140.959612180,140.966895430,140.966901040,7283.250,7288.860,5.610,,,ok
4184,140.985122960,140.992411210,140.992409240,7288.250,7286.280,1.970,,,ok
4185,141.010387590,141.017674680,141.017671670,7287.090,7284.080,3.010,,,ok
4186,141.035813370,141.043098140,141.043101110,7284.770,7287.740,2.970,,,ok
4187,141.060537540,141.067825420,141.067824500,7287.880,7286.960,0.920,,,ok
4188,141.086345900,141.093634820,141.093633150,7288.920,7287.250,1.670,,,ok
4189,141.112090680,141.119377390,141.119376410,7286.710,7285.730,0.980,,,ok
4190,141.137762750,141.145051810,141.145049920,7289.060,7287.170,1.890,,,ok
4191,141.163570320,141.170858400,141.170857370,7288.080,7287.050,1.030,,,ok
4192,141.189331910,141.196618220,141.196620710,7286.310,7288.800,2.490,,,ok
4193,141.214936480,141.222220560,141.222225240,7284.080,7288.760,4.680,,,ok
4194,141.240657950,141.247945150,141.247933310,7287.200,7275.360,11.840,,,ok
4195,141.266341880,141.273627510,141.273624420,7285.630,7282.540,3.090,,,ok
4196,141.291737280,141.299024330,141.299025430,7287.050,7288.150,1.100,,,ok
4197,141.317603390,141.324888810,141.324888840,7285.420,7285.450,0.030,,,ok
4198,141.341726350,141.349011210,141.349012200,7284.860,7285.850,0.990,,,ok
4199,141.366916790,141.374206910,141.374204750,7290.120,7287.960,2.160,,,ok
4200,141.391721340,141.399007850,141.399009150,7286.510,7287.810,1.300,,,ok
4201,141.417384740,141.424673670,141.424671680,7288.930,7286.940,1.990,,,ok
4202,141.442474580,141.449762030,141.449759630,7287.450,7285.050,2.400,,,ok
4203,141.467761960,141.475049660,141.475049600,7287.700,7287.640,0.060,,,ok
4204,141.492119090,141.499408900,141.499407790,7289.810,7288.700,1.110,,,ok
4205,141.516513170,141.523800840,141.523801200,7287.670,7288.030,0.360,,,ok
4206,141.542245120,141.549530580,141.549534710,7285.460,7289.590,4.130,,,ok
4207,141.566701810,141.573989090,141.573985510,7287.280,7283.700,3.580,,,ok
4208,141.592491400,141.599762150,141.599776470,7270.750,7285.070,14.320,,,ok
4209,141.618363600,141.625649930,141.625650050,7286.330,7286.450,0.120,,,ok
4210,141.644036870,141.651324190,141.651323470,7287.320,7286.600,0.720,,,ok
4211,141.669229340,141.676517480,141.676515790,7288.140,7286.450,1.690,,,ok
4212,141.694411260,141.701700180,141.701700260,7288.920,7289.000,0.080,,,ok
4213,141.720170830,141.727459450,141.727458660,7288.620,7287.830,0.790,,,ok
4214,141.745870740,141.753157830,141.753157050,7287.090,7286.310,0.780,,,ok
4215,141.771687310,141.778976130,141.778972910,7288.820,7285.600,3.220,,,ok
4216,141.797464570,141.804749550,141.804752920,7284.980,7288.350,3.370,,,ok
4217,141.823238820,141.830527020,141.830527550,7288.200,7288.730,0.530,,,ok
4218,141.848845560,141.856130460,141.856134620,7284.900,7289.060,4.160,,,ok
4219,141.874693420,141.881979630,141.881979220,7286.210,7285.800,0.410,,,ok
4220,141.900360580,141.907646930,141.907645160,7286.350,7284.580,1.770,,,ok
4221,141.926142880,141.933431120,141.933430130,7288.240,7287.250,0.990,,,ok
4222,141.950022440,141.957308840,141.957309640,7286.400,7287.200,0.800,,,ok
4223,141.974854650,141.982143200,141.982142750,7288.550,7288.100,0.450,,,ok
4224,142.000047570,142.007335150,142.007336490,7287.580,7288.920,1.340,,,ok
4225,142.025835330,142.033124110,142.033133180,7288.780,7297.850,9.070,,,ok
4226,142.051388280,142.058678200,142.058678260,7289.920,7289.980,0.060,,,ok
4227,142.075473170,142.082761640,142.082760930,7288.470,7287.760,0.710,,,ok
4228,142.100976600,142.108262770,142.108265150,7286.170,7288.550,2.380,,,ok
4229,142.126514600,142.133800780,142.133803530,7286.180,7288.930,2.750,,,ok
4230,142.151891420,142.159176930,142.159175960,7285.510,7284.540,0.970,,,ok
4231,142.177617490,142.184904210,142.184905400,7286.720,7287.910,1.190,,,ok
4232,142.203296480,142.210583630,142.210582910,7287.150,7286.430,0.720,,,ok
4233,142.229110680,142.236394350,142.236396190,7283.670,7285.510,1.840,,,ok
4234,142.254514580,142.261800310,142.261799660,7285.730,7285.080,0.650,,,ok
4235,142.280225440,142.287513630,142.287513060,7288.190,7287.620,0.570,,,ok
4236,142.306019490,142.313304490,142.313307320,7285.000,7287.830,2.830,,,ok
4237,142.331484190,142.338770620,142.338770770,7286.430,7286.580,0.150,,,ok
4238,142.357217760,142.364502920,142.364503420,7285.160,7285.660,0.500,,,ok
4239,142.381356070,142.388642380,142.388642810,7286.310,7286.740,0.430,,,ok
4240,142.407013240,142.414300680,142.414299860,7287.440,7286.620,0.820,,,ok
4241,142.431689680,142.438979160,142.439044780,7289.480,7355.100,65.620,,,ok
4242,142.457259860,142.464544880,142.464548160,7285.020,7288.300,3.280,,,ok
4243,142.482790590,142.490074860,142.490075360,7284.270,7284.770,0.500,,,ok
4244,142.508646520,142.515933240,142.515934790,7286.720,7288.270,1.550,,,ok
4245,142.534094270,142.541381630,142.541383460,7287.360,7289.190,1.830,,,ok
4246,142.559816450,142.567093280,142.567170640,7276.830,7354.190,77.360,,,ok
4247,142.583440200,142.590728390,142.590729210,7288.190,7289.010,0.820,,,ok
4248,142.609112410,142.616402750,142.616398610,7290.340,7286.200,4.140,,,ok
4249,142.633636870,142.640925960,142.640922080,7289.090,7285.210,3.880,,,ok
4250,142.658415290,142.665703180,142.665704610,7287.890,7289.320,1.430,,,ok
4251,142.682892830,142.690180310,142.690179720,7287.480,7286.890,0.590,,,ok
4252,142.708628860,142.715915320,142.715916440,7286.460,7287.580,1.120,,,ok
4253,142.734479600,142.741768340,142.741765650,7288.740,7286.050,2.690,,,ok
4254,142.759401920,142.766685350,142.766689120,7283.430,7287.200,3.770,,,ok
4255,142.784632920,142.791921290,142.791920050,7288.370,7287.130,1.240,,,ok
4256,142.809522970,142.816809700,142.816810070,7286.730,7287.100,0.370,,,ok
4257,142.833364710,142.840652270,142.840654400,7287.560,7289.690,2.130,,,ok
4258,142.859152800,142.866441600,142.866443200,7288.800,7290.400,1.600,,,ok
4259,142.884787210,142.892072400,142.892076140,7285.190,7288.930,3.740,,,ok
4260,142.910229780,142.917518260,142.917519750,7288.480,7289.970,1.490,,,ok
4261,142.935900620,142.943185830,142.943188010,7285.210,7287.390,2.180,,,ok
4262,142.961144000,142.968429940,142.968431420,7285.940,7287.420,1.480,,,ok
4263,142.985212080,142.992498360,142.992499900,7286.280,7287.820,1.540,,,ok
4264,143.010206120,143.017491680,143.017493390,7285.560,7287.270,1.710,,,ok
4265,143.035245940,143.042600840,143.042597110,7354.900,7351.170,3.730,,,ok
4266,143.060231880,143.067518660,143.067520120,7286.780,7288.240,1.460,,,ok
4267,143.084810300,143.092094200,143.092098600,7283.900,7288.300,4.400,,,ok
4268,143.109395990,143.116684380,143.116679590,7288.390,7283.600,4.790,,,ok
4269,143.134376490,143.141663630,143.141665540,7287.140,7289.050,1.910,,,ok
4270,143.158380010,143.165667160,143.165668090,7287.150,7288.080,0.930,,,ok
4271,143.184203660,143.191490520,143.191491530,7286.860,7287.870,1.010,,,ok
4272,143.209198600,143.216487720,143.216484770,7289.120,7286.170,2.950,,,ok
4273,143.234377000,143.241662060,143.241664340,7285.060,7287.340,2.280,,,ok
4274,143.259213320,143.266499560,143.266502640,7286.240,7289.320,3.080,,,ok
4275,143.284718700,143.292003960,143.292004960,7285.260,7286.260,1.000,,,ok
4276,143.309456080,143.316741490,143.316744330,7285.410,7288.250,2.840,,,ok
4277,143.333847930,143.341134480,143.341135540,7286.550,7287.610,1.060,,,ok
4278,143.359346190,143.366634050,143.366635430,7287.860,7289.240,1.380,,,ok
4279,143.384407040,143.391692550,143.391694020,7285.510,7286.980,1.470,,,ok
4280,143.409361050,143.416701870,143.416648090,7340.820,7287.040,53.780,,,ok
4281,143.434494050,143.441783000,143.441780200,7288.950,7286.150,2.800,,,ok
4282,143.459473850,143.466762700,143.466760020,7288.850,7286.170,2.680,,,ok
4283,143.484667410,143.491955850,143.491953590,7288.440,7286.180,2.260,,,ok
4284,143.509928230,143.517210040,143.517216930,7281.810,7288.700,6.890,,,ok
4285,143.533801580,143.541087880,143.541089000,7286.300,7287.420,1.120,,,ok
4286,143.559645440,143.566931260,143.566933700,7285.820,7288.260,2.440,,,ok
4287,143.585022620,143.592308310,143.592312020,7285.690,7289.400,3.710,,,ok
4288,143.610823520,143.618111650,143.618109530,7288.130,7286.010,2.120,,,ok
4289,143.635400670,143.642686300,143.642688980,7285.630,7288.310,2.680,,,ok
4290,143.660296940,143.667583850,143.667574150,7286.910,7277.210,9.700,,,ok
4291,143.684488610,143.691778110,143.691775870,7289.500,7287.260,2.240,,,ok
4292,143.710122890,143.717411440,143.717409230,7288.550,7286.340,2.210,,,ok
4293,143.734432680,143.741718390,143.741716550,7285.710,7283.870,1.840,,,ok
4294,143.759589210,143.766878330,143.766875950,7289.120,7286.740,2.380,,,ok
4295,143.784389460,143.791674030,143.791673070,7284.570,7283.610,0.960,,,ok
4296,143.809430440,143.816719060,143.816717100,7288.620,7286.660,1.960,,,ok
4297,143.834348490,143.841637620,143.841635500,7289.130,7287.010,2.120,,,ok
4298,143.858764760,143.866051720,143.866049720,7286.960,7284.960,2.000,,,ok
4299,143.884344430,143.891629240,143.891630830,7284.810,7286.400,1.590,,,ok
4300,143.908748910,143.916038500,143.916036590,7289.590,7287.680,1.910,,,ok
4301,143.934547020,143.941836920,143.941834220,7289.900,7287.200,2.700,,,ok
4302,143.959218320,143.966505280,143.966503480,7286.960,7285.160,1.800,,,ok
4303,143.983355150,143.990643370,143.990641130,7288.220,7285.980,2.240,,,ok
4304,144.009206720,144.016495980,144.016495240,7289.260,7288.520,0.740,,,ok
4305,144.034845830,144.042135420,144.042133070,7289.590,7287.240,2.350,,,ok
4306,144.060261470,144.067546450,144.067546320,7284.980,7284.850,0.130,,,ok
4307,144.085379720,144.092666080,144.092665770,7286.360,7286.050,0.310,,,ok
4308,144.111106920,144.118395480,144.118391630,7288.560,7284.710,3.850,,,ok
4309,144.135397420,144.142682740,144.142682520,7285.320,7285.100,0.220,,,ok
4310,144.160098650,144.167387390,144.167385900,7288.740,7287.250,1.490,,,ok
4311,144.185900470,144.193189650,144.193187990,7289.180,7287.520,1.660,,,ok
4312,144.211547190,144.218834110,144.218836870,7286.920,7289.680,2.760,,,ok
4313,144.237277880,144.244567410,144.244550010,7289.530,7272.130,17.400,,,ok
4314,144.262942520,144.270229770,144.270227000,7287.250,7284.480,2.770,,,ok
4315,144.288637790,144.295924230,144.295928190,7286.440,7290.400,3.960,,,ok
4316,144.312548480,144.319881070,144.319836410,7332.590,7287.930,44.660,,,ok
4317,144.338303970,144.345590990,144.345588790,7287.020,7284.820,2.200,,,ok
4318,144.363964680,144.371254390,144.371253240,7289.710,7288.560,1.150,,,ok
4319,144.388930500,144.396216710,144.396216040,7286.210,7285.540,0.670,,,ok
4320,144.414779950,144.422066090,144.422069250,7286.140,7289.300,3.160,,,ok
4321,144.440576810,144.447864600,144.447863490,7287.790,7286.680,1.110,,,ok
4322,144.466273630,144.473562830,144.473561170,7289.200,7287.540,1.660,,,ok
4323,144.491647860,144.498936250,144.498935400,7288.390,7287.540,0.850,,,ok
4324,144.517364290,144.524653720,144.524653790,7289.430,7289.500,0.070,,,ok
4325,144.543234720,144.550523120,144.550522230,7288.400,7287.510,0.890,,,ok
4326,144.568909370,144.576196310,144.576194780,7286.940,7285.410,1.530,,,ok
4327,144.592658930,144.599944670,144.599949140,7285.740,7290.210,4.470,,,ok
4328,144.618344190,144.625630740,144.625631420,7286.550,7287.230,0.680,,,ok
4329,144.643978260,144.651239680,144.651265970,7261.420,7287.710,26.290,,,ok
4330,144.667910420,144.675199940,144.675199480,7289.520,7289.060,0.460,,,ok
4331,144.693573720,144.700862430,144.700863090,7288.710,7289.370,0.660,,,ok
4332,144.719243790,144.726531700,144.726531170,7287.910,7287.380,0.530,,,ok
4333,144.744927570,144.752212620,144.752213260,7285.050,7285.690,0.640,,,ok
4334,144.770566930,144.777853590,144.777852950,7286.660,7286.020,0.640,,,ok
4335,144.796332750,144.803620800,144.803619150,7288.050,7286.400,1.650,,,ok
4336,144.821664550,144.828950180,144.828950050,7285.630,7285.500,0.130,,,ok
4337,144.846765090,144.854053540,144.854052640,7288.450,7287.550,0.900,,,ok
4338,144.872526040,144.879812090,144.879810530,7286.050,7284.490,1.560,,,ok
4339,144.898255960,144.905544430,144.905545290,7288.470,7289.330,0.860,,,ok
4340,144.924018680,144.931301180,144.931307770,7282.500,7289.090,6.590,,,ok
4341,144.949723400,144.957011190,144.957012140,7287.790,7288.740,0.950,,,ok
4342,144.975628530,144.982914170,144.982915560,7285.640,7287.030,1.390,,,ok
4343,145.001332120,145.008618910,145.008618170,7286.790,7286.050,0.740,,,ok
4344,145.025421220,145.032707290,145.032707470,7286.070,7286.250,0.180,,,ok
4345,145.050388790,145.057674400,145.057678420,7285.610,7289.630,4.020,,,ok
4346,145.076063650,145.083349110,145.083349160,7285.460,7285.510,0.050,,,ok
4347,145.100204880,145.107492430,145.107492640,7287.550,7287.760,0.210,,,ok
4348,145.125981890,145.133270850,145.133270110,7288.960,7288.220,0.740,,,ok
4349,145.151346270,145.158634190,145.158634510,7287.920,7288.240,0.320,,,ok
4350,145.177032650,145.184322610,145.184322040,7289.960,7289.390,0.570,,,ok
4351,145.202726950,145.210014660,145.210016130,7287.710,7289.180,1.470,,,ok
4352,145.228427920,145.235711710,145.235708520,7283.790,7280.600,3.190,,,ok
4353,145.254248800,145.261536960,145.261538360,7288.160,7289.560,1.400,,,ok
4354,145.279188680,145.286473450,145.286475740,7284.770,7287.060,2.290,,,ok
4355,145.303465990,145.310753470,145.310754190,7287.480,7288.200,0.720,,,ok
4356,145.329194690,145.336482790,145.336483340,7288.100,7288.650,0.550,,,ok
4357,145.355279030,145.362565280,145.362566040,7286.250,7287.010,0.760,,,ok
4358,145.380593310,145.387879700,145.387880300,7286.390,7286.990,0.600,,,ok
4359,145.405971250,145.413257080,145.413258700,7285.830,7287.450,1.620,,,ok
4360,145.431679010,145.438966500,145.438967150,7287.490,7288.140,0.650,,,ok
4361,145.457409290,145.464699800,145.464695780,7290.510,7286.490,4.020,,,ok
4362,145.482965530,145.490225800,145.490254120,7260.270,7288.590,28.320,,,ok
4363,145.508307010,145.515596520,145.515590040,7289.510,7283.030,6.480,,,ok
4364,145.533914640,145.541205040,145.541199930,7290.400,7285.290,5.110,,,ok
4365,145.559579170,145.566865800,145.566869310,7286.630,7290.140,3.510,,,ok
4366,145.585365930,145.592651870,145.592652780,7285.940,7286.850,0.910,,,ok
4367,145.610492790,145.617780040,145.617781350,7287.250,7288.560,1.310,,,ok
4368,145.636215820,145.643503650,145.643503770,7287.830,7287.950,0.120,,,ok
4369,145.661766490,145.669051800,145.669053090,7285.310,7286.600,1.290,,,ok
4370,145.686783560,145.694068930,145.694071520,7285.370,7287.960,2.590,,,ok
4371,145.712557900,145.719843640,145.719844940,7285.740,7287.040,1.300,,,ok
4372,145.738313350,145.745601790,145.745559050,7288.440,7245.700,42.740,,,ok
4373,145.763936750,145.771225460,145.771225920,7288.710,7289.170,0.460,,,ok
4374,145.789636400,145.796923740,145.796925170,7287.340,7288.770,1.430,,,ok
4375,145.815117770,145.822407040,145.822403410,7289.270,7285.640,3.630,,,ok
4376,145.840871820,145.848225730,145.848156090,7353.910,7284.270,69.640,,,ok
4377,145.866543180,145.873828710,145.873831050,7285.530,7287.870,2.340,,,ok
4378,145.892207370,145.899497390,145.899493850,7290.020,7286.480,3.540,,,ok
4379,145.915750720,145.923070810,145.923037240,7320.090,7286.520,33.570,,,ok
4380,145.941442980,145.948728210,145.948730620,7285.230,7287.640,2.410,,,ok
4381,145.967107680,145.974397280,145.974394080,7289.600,7286.400,3.200,,,ok
4382,145.992070100,145.999355950,145.999357470,7285.850,7287.370,1.520,,,ok
4383,146.017863540,146.025147830,146.025151060,7284.290,7287.520,3.230,,,ok
4384,146.043505280,146.050792610,146.050793090,7287.330,7287.810,0.480,,,ok
4385,146.068944950,146.076231010,146.076235330,7286.060,7290.380,4.320,,,ok
4386,146.094700520,146.101989430,146.101986290,7288.910,7285.770,3.140,,,ok
4387,146.120533140,146.127822680,146.127817170,7289.540,7284.030,5.510,,,ok
4388,146.146325600,146.153610090,146.153611870,7284.490,7286.270,1.780,,,ok
4389,146.171703280,146.178989550,146.178989040,7286.270,7285.760,0.510,,,ok
4390,146.197715640,146.205001990,146.205015320,7286.350,7299.680,13.330,,,ok
4391,146.223222540,146.230511230,146.230508460,7288.690,7285.920,2.770,,,ok
4392,146.248760860,146.256048330,146.256046820,7287.470,7285.960,1.510,,,ok
4393,146.274545470,146.281831960,146.281832540,7286.490,7287.070,0.580,,,ok
4394,146.300077170,146.307363840,146.307361150,7286.670,7283.980,2.690,,,ok
4395,146.325969410,146.333253660,146.333256280,7284.250,7286.870,2.620,,,ok
4396,146.350517300,146.357803060,146.357805450,7285.760,7288.150,2.390,,,ok
4397,146.376109230,146.383395240,146.383399030,7286.010,7289.800,3.790,,,ok
4398,146.400463750,146.407750100,146.407752370,7286.350,7288.620,2.270,,,ok
4399,146.426226690,146.433512270,146.433513210,7285.580,7286.520,0.940,,,ok
4400,146.451923060,146.459210880,146.459209280,7287.820,7286.220,1.600,,,ok
4401,146.477546810,146.484834070,146.484832660,7287.260,7285.850,1.410,,,ok
4402,146.503393400,146.510683370,146.510678400,7289.970,7285.000,4.970,,,ok
4403,146.527506220,146.534791790,146.534794360,7285.570,7288.140,2.570,,,ok
4404,146.552541370,146.559830070,146.559826560,7288.700,7285.190,3.510,,,ok
4405,146.578351940,146.585690760,146.585641340,7338.820,7289.400,49.420,,,ok
4406,146.603726230,146.611011060,146.611012350,7284.830,7286.120,1.290,,,ok
4407,146.629200410,146.636490390,146.636486750,7289.980,7286.340,3.640,,,ok
4408,146.654129410,146.661418530,146.661416630,7289.120,7287.220,1.900,,,ok
4409,146.679798090,146.687085780,146.687084830,7287.690,7286.740,0.950,,,ok
4410,146.705481550,146.712769370,146.712767590,7287.820,7286.040,1.780,,,ok
4411,146.730921810,146.738208790,146.738211850,7286.980,7290.040,3.060,,,ok
4412,146.756624940,146.763912110,146.763909270,7287.170,7284.330,2.840,,,ok
4413,146.782344850,146.789630590,146.789633650,7285.740,7288.800,3.060,,,ok
4414,146.808015890,146.815302680,146.815301240,7286.790,7285.350,1.440,,,ok
4415,146.833817360,146.841102310,146.841104770,7284.950,7287.410,2.460,,,ok
4416,146.859567750,146.866853270,146.866853050,7285.520,7285.300,0.220,,,ok
4417,146.885228020,146.892514070,146.892516040,7286.050,7288.020,1.970,,,ok
4418,146.910538970,146.917827410,146.917825840,7288.440,7286.870,1.570,,,ok
4419,146.936237000,146.943523350,146.943524350,7286.350,7287.350,1.000,,,ok
4420,146.961926570,146.969214380,146.969211310,7287.810,7284.740,3.070,,,ok
4421,146.987617160,146.994901170,146.994906200,7284.010,7289.040,5.030,,,ok
4422,147.013371040,147.020655200,147.020659350,7284.160,7288.310,4.150,,,ok
4423,147.039040240,147.046329540,147.046327920,7289.300,7287.680,1.620,,,ok
4424,147.064794450,147.072082920,147.072081280,7288.470,7286.830,1.640,,,ok
4425,147.090456590,147.097743670,147.097743390,7287.080,7286.800,0.280,,,ok
4426,147.116226760,147.123513570,147.123578090,7286.810,7351.330,64.520,,,ok
4427,147.141873560,147.149162970,147.149159200,7289.410,7285.640,3.770,,,ok
4428,147.167032250,147.174321190,147.174320150,7288.940,7287.900,1.040,,,ok
4429,147.192058070,147.199343710,147.199348510,7285.640,7290.440,4.800,,,ok
4430,147.217080740,147.224367930,147.224366890,7287.190,7286.150,1.040,,,ok
4431,147.242775730,147.250058830,147.250063900,7283.100,7288.170,5.070,,,ok
4432,147.268242300,147.275529850,147.275527990,7287.550,7285.690,1.860,,,ok
4433,147.292208730,147.299497340,147.299497160,7288.610,7288.430,0.180,,,ok
4434,147.317846760,147.325136570,147.325135500,7289.810,7288.740,1.070,,,ok
4435,147.343485020,147.350769720,147.350774140,7284.700,7289.120,4.420,,,ok
4436,147.369200550,147.376482500,147.376487390,7281.950,7286.840,4.890,,,ok
4437,147.394802370,147.402090920,147.402090090,7288.550,7287.720,0.830,,,ok
4438,147.420210810,147.427497430,147.427499260,7286.620,7288.450,1.830,,,ok
4439,147.445770320,147.453058600,147.453057710,7288.280,7287.390,0.890,,,ok
4440,147.471225760,147.478511870,147.478509840,7286.110,7284.080,2.030,,,ok
4441,147.497045230,147.504329130,147.504334770,7283.900,7289.540,5.640,,,ok
4442,147.522720150,147.530005950,147.530007130,7285.800,7286.980,1.180,,,ok
4443,147.548584180,147.555871010,147.555871510,7286.830,7287.330,0.500,,,ok
4444,147.574189810,147.581472870,147.581479850,7283.060,7290.040,6.980,,,ok
4445,147.599751780,147.607036360,147.607038400,7284.580,7286.620,2.040,,,ok
4446,147.625833500,147.633127070,147.633119260,7293.570,7285.760,7.810,,,ok
4447,147.650383420,147.657670470,147.657735500,7287.050,7352.080,65.030,,,ok
4448,147.676386160,147.683673910,147.683671200,7287.750,7285.040,2.710,,,ok
4449,147.700742400,147.708032400,147.708031810,7290.000,7289.410,0.590,,,ok
4450,147.725445530,147.732734630,147.732734380,7289.100,7288.850,0.250,,,ok
4451,147.750583740,147.757868930,147.757866340,7285.190,7282.600,2.590,,,ok
4452,147.776268000,147.783556330,147.783557250,7288.330,7289.250,0.920,,,ok
4453,147.802251970,147.809539960,147.809540570,7287.990,7288.600,0.610,,,ok
4454,147.827546160,147.834833340,147.834831640,7287.180,7285.480,1.700,,,ok
4455,147.852910730,147.860197570,147.860196080,7286.840,7285.350,1.490,,,ok
4456,147.878353090,147.885640080,147.885640880,7286.990,7287.790,0.800,,,ok
4457,147.902458800,147.909743310,147.909743350,7284.510,7284.550,0.040,,,ok
4458,147.927979720,147.935267700,147.935267850,7287.980,7288.130,0.150,,,ok
4459,147.953362390,147.960651030,147.960650380,7288.640,7287.990,0.650,,,ok
4460,147.979123000,147.986409520,147.986409580,7286.520,7286.580,0.060,,,ok
4461,148.003061370,148.010347880,148.010311670,7286.510,7250.300,36.210,,,ok
4462,148.028854170,148.036138570,148.036141360,7284.400,7287.190,2.790,,,ok
4463,148.054064100,148.061348660,148.061349930,7284.560,7285.830,1.270,,,ok
4464,148.079097160,148.086380290,148.086383230,7283.130,7286.070,2.940,,,ok
4465,148.104059210,148.111343750,148.111346700,7284.540,7287.490,2.950,,,ok
4466,148.129884710,148.137173510,148.137175250,7288.800,7290.540,1.740,,,ok
4467,148.154107730,148.161391830,148.161392690,7284.100,7284.960,0.860,,,ok
4468,148.179995330,148.187281330,148.187282050,7286.000,7286.720,0.720,,,ok
4469,148.205729380,148.213019880,148.213014210,7290.500,7284.830,5.670,,,ok
4470,148.231040030,148.238328150,148.238326380,7288.120,7286.350,1.770,,,ok
4471,148.255450360,148.262736490,148.262737300,7286.130,7286.940,0.810,,,ok
4472,148.281308200,148.288593710,148.288595900,7285.510,7287.700,2.190,,,ok
4473,148.307037980,148.314328520,148.314323280,7290.540,7285.300,5.240,,,ok
4474,148.332703660,148.339991820,148.339992530,7288.160,7288.870,0.710,,,ok
4475,148.358557140,148.365845180,148.365843560,7288.040,7286.420,1.620,,,ok
4476,148.384322650,148.391608770,148.391609570,7286.120,7286.920,0.800,,,ok
4477,148.408903940,148.416189130,148.416258240,7285.190,7354.300,69.110,,,ok
4478,148.432470250,148.439752880,148.439756150,7282.630,7285.900,3.270,,,ok
4479,148.458204700,148.465493600,148.465494700,7288.900,7290.000,1.100,,,ok
4480,148.483893750,148.491182060,148.491189580,7288.310,7295.830,7.520,,,ok
4481,148.508827480,148.516114130,148.516114020,7286.650,7286.540,0.110,,,ok
4482,148.533917210,148.541202880,148.541204950,7285.670,7287.740,2.070,,,ok
4483,148.559443610,148.566729760,148.566733270,7286.150,7289.660,3.510,,,ok
4484,148.585179460,148.592464710,148.592532380,7285.250,7352.920,67.670,,,ok
4485,148.610996840,148.618281540,148.618285260,7284.700,7288.420,3.720,,,ok
4486,148.636661870,148.643947480,148.643948710,7285.610,7286.840,1.230,,,ok
4487,148.662488520,148.669729240,148.669777210,7240.720,7288.690,47.970,,,ok
4488,148.688204160,148.695493010,148.695487990,7288.850,7283.830,5.020,,,ok
4489,148.713858290,148.721147250,148.721142690,7288.960,7284.400,4.560,,,ok
4490,148.737507530,148.744795800,148.744797470,7288.270,7289.940,1.670,,,ok
4491,148.763266540,148.770554470,148.770554580,7287.930,7288.040,0.110,,,ok
4492,148.788546090,148.795832700,148.795831940,7286.610,7285.850,0.760,,,ok
4493,148.814218700,148.821506040,148.821506780,7287.340,7288.080,0.740,,,ok
4494,148.839451750,,148.846740970,,7289.220,,,,missing_rx1
4495,148.865220230,,148.872508540,,7288.310,,,,missing_rx1
4496,148.890947600,148.898234410,148.898232050,7286.810,7284.450,2.360,76.728,,ok
4497,148.916623710,148.923910480,148.923910500,7286.770,7286.790,0.020,,,ok
4498,148.942254760,148.949541100,148.949544710,7286.340,7289.950,3.610,,,ok
4499,148.967713100,148.974998530,148.975003010,7285.430,7289.910,4.480,,,ok
4500,148.992123450,148.999411660,148.999411520,7288.210,7288.070,0.140,,,ok
4501,149.017502170,149.024790450,149.024790090,7288.280,7287.920,0.360,,,ok
4502,149.042749250,149.050033810,149.050038600,7284.560,7289.350,4.790,,,ok
4503,149.068539680,149.075872090,149.075827060,7332.410,7287.380,45.030,,,ok
4504,149.093948020,149.101235450,149.101234380,7287.430,7286.360,1.070,,,ok
4505,149.117729810,149.125014830,149.125017950,7285.020,7288.140,3.120,,,ok
4506,149.143355540,149.150708600,149.150639600,7353.060,7284.060,69.000,,,ok
4507,149.168990150,149.176276480,149.176275630,7286.330,7285.480,0.850,,,ok
4508,149.194689790,149.201974930,149.201979080,7285.140,7289.290,4.150,,,ok
4509,149.218846870,149.226132410,149.226136610,7285.540,7289.740,4.200,,,ok
4510,149.244531750,149.251821580,149.251820860,7289.830,7289.110,0.720,,,ok
4511,149.270336740,149.277625050,149.277623220,7288.310,7286.480,1.830,,,ok
4512,149.295994620,149.303282550,149.303281940,7287.930,7287.320,0.610,,,ok
4513,149.321698670,149.328986870,149.328985300,7288.200,7286.630,1.570,,,ok
4514,149.346373730,149.353657520,149.353657120,7283.790,7283.390,0.400,,,ok
4515,149.371799630,149.379088500,149.379087130,7288.870,7287.500,1.370,,,ok
4516,149.397228720,149.404516710,149.404461740,7287.990,7233.020,54.970,,,ok
4517,149.422946090,149.430235390,149.430234910,7289.300,7288.820,0.480,,,ok
4518,149.448697760,149.455982580,149.455987420,7284.820,7289.660,4.840,,,ok
4519,149.474384350,149.481671850,149.481671660,7287.500,7287.310,0.190,,,ok
4520,149.499935940,149.507225360,149.507222770,7289.420,7286.830,2.590,,,ok
4521,149.525763930,149.533053840,149.533052340,7289.910,7288.410,1.500,,,ok
4522,149.551443710,149.558731340,149.558731890,7287.630,7288.180,0.550,,,ok
4523,149.576324310,149.583582870,149.583609600,7258.560,7285.290,26.730,,,ok
4524,149.601623920,149.608911250,149.608913760,7287.330,7289.840,2.510,,,ok
4525,149.626944610,149.634232260,149.634235640,7287.650,7291.030,3.380,,,ok
4526,149.652186240,149.659474570,149.659475860,7288.330,7289.620,1.290,,,ok
4527,149.677918500,149.685193680,149.685204110,7275.180,7285.610,10.430,,,ok
4528,149.703591970,149.710877520,149.710877770,7285.550,7285.800,0.250,,,ok
4529,149.729433770,149.736720770,149.736721040,7287.000,7287.270,0.270,,,ok
4530,149.753660370,149.760948300,149.760949470,7287.930,7289.100,1.170,,,ok
4531,149.779405080,149.786662280,149.786691810,7257.200,7286.730,29.530,,,ok
4532,149.805092450,149.812379980,149.812381230,7287.530,7288.780,1.250,,,ok
4533,149.830875700,149.838164370,149.838164640,7288.670,7288.940,0.270,,,ok
4534,149.856583170,149.863872480,149.863855710,7289.310,7272.540,16.770,,,ok
4535,149.882341410,149.889626050,149.889625780,7284.640,7284.370,0.270,,,ok
4536,149.907880520,149.915168390,149.915170140,7287.870,7289.620,1.750,,,ok
4537,149.933691340,149.940977830,149.940976850,7286.490,7285.510,0.980,,,ok
4538,149.959506410,149.966795170,149.966791610,7288.760,7285.200,3.560,,,ok
4539,149.983780470,149.991069760,149.991069300,7289.290,7288.830,0.460,,,ok
4540,150.009194640,150.016479760,150.016482440,7285.120,7287.800,2.680,,,ok
4541,150.034608440,150.041896350,150.041897110,7287.910,7288.670,0.760,,,ok
4542,150.060247880,150.067534770,150.067534640,7286.890,7286.760,0.130,,,ok
4543,150.086196250,150.093480420,150.093549310,7284.170,7353.060,68.890,,,ok
4544,150.111853630,150.119140530,150.119139990,7286.900,7286.360,0.540,,,ok
4545,150.137708820,150.144994590,150.144995660,7285.770,7286.840,1.070,,,ok
4546,150.163442000,150.170727350,150.170729310,7285.350,7287.310,1.960,,,ok
4547,150.189292400,150.196578890,150.196577720,7286.490,7285.320,1.170,,,ok
4548,150.214574160,150.221860070,150.221841370,7285.910,7267.210,18.700,,,ok
4549,150.238613280,150.245898300,150.245898610,7285.020,7285.330,0.310,,,ok
4550,150.264310310,150.271594290,150.271596950,7283.980,7286.640,2.660,,,ok
4551,150.289777480,150.297065140,150.297066500,7287.660,7289.020,1.360,,,ok
4552,150.315572660,150.322857580,150.322859800,7284.920,7287.140,2.220,,,ok
4553,150.340986290,150.348271960,150.348272280,7285.670,7285.990,0.320,,,ok
4554,150.366705840,150.373995260,150.373991690,7289.420,7285.850,3.570,,,ok
4555,150.392318300,150.399603680,150.399603710,7285.380,7285.410,0.030,,,ok
4556,150.418032910,150.425319520,150.425315910,7286.610,7283.000,3.610,,,ok
4557,150.442140790,150.449391050,150.449425580,7250.260,7284.790,34.530,,,ok
4558,150.467661170,150.474948780,150.474950130,7287.610,7288.960,1.350,,,ok
4559,150.492059270,150.499345910,150.499348640,7286.640,7289.370,2.730,,,ok
4560,150.517788940,150.525075600,150.525076420,7286.660,7287.480,0.820,,,ok
4561,150.543512540,150.550863940,150.550800590,7351.400,7288.050,63.350,,,ok
4562,150.566712400,150.574002340,150.573998050,7289.940,7285.650,4.290,,,ok
4563,150.592407310,150.599695580,150.599692520,7288.270,7285.210,3.060,,,ok
4564,150.618205610,150.625494120,150.625490880,7288.510,7285.270,3.240,,,ok
4565,150.644144550,150.651431580,150.651434240,7287.030,7289.690,2.660,,,ok
4566,150.667770940,150.675056050,150.675056730,7285.110,7285.790,0.680,,,ok
4567,150.693463220,150.700749260,150.700750220,7286.040,7287.000,0.960,,,ok
4568,150.718972850,150.726262640,150.726259510,7289.790,7286.660,3.130,,,ok
4569,150.744758900,150.752046000,150.752048040,7287.100,7289.140,2.040,,,ok
4570,150.770433550,150.777719380,150.777721340,7285.830,7287.790,1.960,,,ok
4571,150.796065600,150.803352630,150.803354850,7287.030,7289.250,2.220,,,ok
4572,150.820965150,150.828250120,150.828252330,7284.970,7287.180,2.210,,,ok
4573,150.846768450,150.854053520,150.854056630,7285.070,7288.180,3.110,,,ok
4574,150.872170100,150.879456960,150.879460220,7286.860,7290.120,3.260,,,ok
4575,150.897898980,150.905186270,150.905188710,7287.290,7289.730,2.440,,,ok
4576,150.922859250,150.930143840,150.930146860,7284.590,7287.610,3.020,,,ok
4577,150.948586340,150.955873120,150.955875430,7286.780,7289.090,2.310,,,ok
4578,150.974387480,150.981676560,150.981673770,7289.080,7286.290,2.790,,,ok
4579,150.997901180,151.005210960,151.005185900,7309.780,7284.720,25.060,,,ok
4580,151.023632430,151.030915550,151.030920490,7283.120,7288.060,4.940,,,ok
4581,151.047746790,151.055031490,151.055020730,7284.700,7273.940,10.760,,,ok
4582,151.073331750,151.080619060,151.080615010,7287.310,7283.260,4.050,,,ok
4583,151.099063340,151.106353350,151.106350870,7290.010,7287.530,2.480,,,ok
4584,151.122841730,151.130125300,151.130128560,7283.570,7286.830,3.260,,,ok
4585,151.148537740,151.155824070,151.155827900,7286.330,7290.160,3.830,,,ok
4586,151.174334180,151.181609450,151.181621450,7275.270,7287.270,12.000,,,ok
4587,151.200095580,151.207381710,151.207384630,7286.130,7289.050,2.920,,,ok
4588,151.225412170,151.232699270,151.232698010,7287.100,7285.840,1.260,,,ok
4589,151.251213600,151.258498630,151.258501410,7285.030,7287.810,2.780,,,ok
4590,151.276482060,151.283771240,151.283769900,7289.180,7287.840,1.340,,,ok
4591,151.302236130,151.309525370,151.309522410,7289.240,7286.280,2.960,,,ok
4592,151.327977420,151.335262870,151.335266830,7285.450,7289.410,3.960,,,ok
4593,151.353599580,151.360887110,151.360885130,7287.530,7285.550,1.980,,,ok
4594,151.379231670,151.386519110,151.386517720,7287.440,7286.050,1.390,,,ok
4595,151.404859940,151.412149050,151.412146930,7289.110,7286.990,2.120,,,ok
4596,151.430686950,151.437977370,151.437974440,7290.420,7287.490,2.930,,,ok
4597,151.456503660,151.463789640,151.463793820,7285.980,7290.160,4.180,,,ok
4598,151.482244050,151.489534040,151.489532230,7289.990,7288.180,1.810,,,ok
4599,151.507328760,151.514617360,151.514614840,7288.600,7286.080,2.520,,,ok
4600,151.532977450,151.540264950,151.540264140,7287.500,7286.690,0.810,,,ok
4601,151.558058700,151.565339830,151.565346770,7281.130,7288.070,6.940,,,ok
4602,151.583851710,151.591137600,151.591141000,7285.890,7289.290,3.400,,,ok
4603,151.609643570,151.616929850,151.616929470,7286.280,7285.900,0.380,,,ok
4604,151.635314600,151.642604210,151.642611270,7289.610,7296.670,7.060,,,ok
4605,151.660917120,151.668202700,151.668206190,7285.580,7289.070,3.490,,,ok
4606,151.686576900,151.693865990,151.693864620,7289.090,7287.720,1.370,,,ok
4607,151.711534220,151.718824270,151.718823210,7290.050,7288.990,1.060,,,ok
4608,151.737208120,151.744497880,151.744496610,7289.760,7288.490,1.270,,,ok
4609,151.762777500,151.770063880,151.770064300,7286.380,7286.800,0.420,,,ok
4610,151.788195190,151.795483760,151.795482390,7288.570,7287.200,1.370,,,ok
4611,151.814014800,151.821300580,151.821301960,7285.780,7287.160,1.380,,,ok
4612,151.839749410,151.847036370,151.847034180,7286.960,7284.770,2.190,,,ok
4613,151.865529960,151.872818600,151.872818600,7288.640,7288.640,0.000,,,ok
4614,151.891313110,151.898603150,151.898601170,7290.040,7288.060,1.980,,,ok
4615,151.916874890,151.924160720,151.924160430,7285.830,7285.540,0.290,,,ok
4616,151.942349440,151.949634840,151.949638020,7285.400,7288.580,3.180,,,ok
4617,151.967084290,151.974373200,151.974369630,7288.910,7285.340,3.570,,,ok
4618,151.992790920,152.000073870,152.000080870,7282.950,7289.950,7.000,,,ok
4619,152.018333410,152.025619960,152.025619040,7286.550,7285.630,0.920,,,ok
4620,152.044025250,152.051313460,152.051309820,7288.210,7284.570,3.640,,,ok
4621,152.069710790,152.076994240,152.077000950,7283.450,7290.160,6.710,,,ok
4622,152.095444760,152.102735180,152.102734420,7290.420,7289.660,0.760,,,ok
4623,152.120783010,152.128065980,152.128071630,7282.970,7288.620,5.650,,,ok
4624,152.146514520,152.153800830,152.153801180,7286.310,7286.660,0.350,,,ok
4625,152.171792000,152.179080210,152.179079660,7288.210,7287.660,0.550,,,ok
4626,152.197435470,152.204723610,152.204723070,7288.140,7287.600,0.540,,,ok
4627,152.222490950,152.229776950,152.229776600,7286.000,7285.650,0.350,,,ok
4628,152.247490260,152.254780270,152.254779830,7290.010,7289.570,0.440,,,ok
4629,152.273233390,152.280518650,152.280518460,7285.260,7285.070,0.190,,,ok
4630,152.298804580,152.306092130,152.306091030,7287.550,7286.450,1.100,,,ok
4631,152.324573070,152.331859640,152.331860350,7286.570,7287.280,0.710,,,ok
4632,152.350302560,152.357589040,152.357587900,7286.480,7285.340,1.140,,,ok
4633,152.375388790,152.382677230,152.382676910,7288.440,7288.120,0.320,,,ok
4634,152.400407980,152.407694710,152.407694600,7286.730,7286.620,0.110,,,ok
4635,152.426013840,152.433298920,152.433287550,7285.080,7273.710,11.370,,,ok
4636,152.449895940,152.457181510,152.457181320,7285.570,7285.380,0.190,,,ok
4637,152.475676840,152.482965770,152.482965810,7288.930,7288.970,0.040,,,ok
4638,152.501566510,152.508853210,152.508854210,7286.700,7287.700,1.000,,,ok
4639,152.527326870,152.534609920,152.534677890,7283.050,7351.020,67.970,,,ok
4640,152.553337420,152.560626070,152.560625120,7288.650,7287.700,0.950,,,ok
4641,152.579319780,152.586608430,152.586609480,7288.650,7289.700,1.050,,,ok
4642,152.605084560,152.612372600,152.612371780,7288.040,7287.220,0.820,,,ok
4643,152.630904050,152.638191020,152.638191230,7286.970,7287.180,0.210,,,ok
4644,152.655003630,152.662289380,152.662288730,7285.750,7285.100,0.650,,,ok
4645,152.680979090,152.688267690,152.688267950,7288.600,7288.860,0.260,,,ok
4646,152.706165910,152.713451340,152.713451560,7285.430,7285.650,0.220,,,ok
4647,152.731057390,152.738344780,152.738344880,7287.390,7287.490,0.100,,,ok
4648,152.756694290,152.763982160,152.763982630,7287.870,7288.340,0.470,,,ok
4649,152.782107270,152.789396210,152.789396870,7288.940,7289.600,0.660,,,ok
4650,152.807759960,152.815048880,152.815044360,7288.920,7284.400,4.520,,,ok
4651,152.833376140,152.840662320,152.840662860,7286.180,7286.720,0.540,,,ok
4652,152.858719950,152.866006470,152.866006000,7286.520,7286.050,0.470,,,ok
4653,152.884487670,152.891781450,152.891774290,7293.780,7286.620,7.160,,,ok
4654,152.910196820,152.917483250,152.917483900,7286.430,7287.080,0.650,,,ok
4655,152.935564890,152.942851590,152.942852430,7286.700,7287.540,0.840,,,ok
4656,152.961366520,152.968652340,152.968655770,7285.820,7289.250,3.430,,,ok
4657,152.985748250,152.993037100,152.993034300,7288.850,7286.050,2.800,,,ok
4658,153.009525090,153.016811770,153.016812660,7286.680,7287.570,0.890,,,ok
4659,153.035180270,153.042470150,153.042465170,7289.880,7284.900,4.980,,,ok
4660,153.060634250,153.067922480,153.067923630,7288.230,7289.380,1.150,,,ok
4661,153.086410720,153.093696860,153.093697080,7286.140,7286.360,0.220,,,ok
4662,153.112189390,153.119472950,153.119475020,7283.560,7285.630,2.070,,,ok
4663,153.137806000,153.145092330,153.145093840,7286.330,7287.840,1.510,,,ok
4664,153.162417440,153.169711900,153.169703450,7294.460,7286.010,8.450,,,ok
4665,153.188171280,153.195459230,153.195461580,7287.950,7290.300,2.350,,,ok
4666,153.212434500,153.219723680,153.219718840,7289.180,7284.340,4.840,,,ok
4667,153.237753630,153.245042350,153.245081010,7288.720,7327.380,38.660,,,ok
4668,153.263536640,153.270824330,153.270826810,7287.690,7290.170,2.480,,,ok
4669,153.287508700,153.294793980,153.294792860,7285.280,7284.160,1.120,,,ok
4670,153.313333160,153.320622440,153.320618800,7289.280,7285.640,3.640,,,ok
4671,153.338473860,153.345759280,153.345762230,7285.420,7288.370,2.950,,,ok
4672,153.364211340,153.371498220,153.371499360,7286.880,7288.020,1.140,,,ok
4673,153.390027100,153.397311160,153.397312890,7284.060,7285.790,1.730,,,ok
4674,153.415701020,153.422990900,153.422986680,7289.880,7285.660,4.220,,,ok
4675,153.441436840,153.448724250,153.448725920,7287.410,7289.080,1.670,,,ok
4676,153.466684260,153.473971440,153.473966800,7287.180,7282.540,4.640,,,ok
4677,153.492497810,153.499786220,153.499787770,7288.410,7289.960,1.550,,,ok
4678,153.516605100,153.523894290,153.523890000,7289.190,7284.900,4.290,,,ok
4679,153.542157750,153.549447750,153.549509570,7290.000,7351.820,61.820,,,ok
4680,153.567989630,153.575274770,153.575275600,7285.140,7285.970,0.830,,,ok
4681,153.592047840,153.599334450,153.599336130,7286.610,7288.290,1.680,,,ok
4682,153.617823180,153.625112910,153.625109920,7289.730,7286.740,2.990,,,ok
4683,153.643677500,153.650966240,153.651028910,7288.740,7351.410,62.670,,,ok
4684,153.669529090,153.676812100,153.676816690,7283.010,7287.600,4.590,,,ok
4685,153.695056300,153.702342900,153.702343820,7286.600,7287.520,0.920,,,ok
4686,153.720786700,153.728076420,153.728072510,7289.720,7285.810,3.910,,,ok
4687,153.746545060,153.753829820,153.753831040,7284.760,7285.980,1.220,,,ok
4688,153.772372280,,153.779660340,,7288.060,,,,missing_rx1
4689,153.797981740,153.805268030,153.805268720,7286.290,7286.980,0.690,51.438,,ok
4690,153.823502270,153.830791600,153.830792170,7289.330,7289.900,0.570,,,ok
4691,153.849373630,153.856657380,153.856660760,7283.750,7287.130,3.380,,,ok
4692,153.875042220,153.882328270,153.882328890,7286.050,7286.670,0.620,,,ok
4693,153.900733040,,153.908022410,,7289.370,,,,missing_rx1
4694,153.926434520,153.933719720,153.933719530,7285.200,7285.010,0.190,51.391,,ok
4695,153.950404310,153.957693080,153.957694340,7288.770,7290.030,1.260,,,ok
4696,153.976148340,153.983435330,153.983437870,7286.990,7289.530,2.540,,,ok
4697,154.001763760,154.009049830,154.009051230,7286.070,7287.470,1.400,,,ok
4698,154.027551830,154.034838400,154.034839550,7286.570,7287.720,1.150,,,ok
4699,154.053378340,154.060666840,154.060665450,7288.500,7287.110,1.390,,,ok
4700,154.077488840,154.084775160,154.084776440,7286.320,7287.600,1.280,,,ok
4701,154.103294140,154.110582270,154.110579930,7288.130,7285.790,2.340,,,ok
4702,154.129114200,154.136400870,154.136401930,7286.670,7287.730,1.060,,,ok
4703,154.154942820,154.162228960,154.162229520,7286.140,7286.700,0.560,,,ok
4704,154.180828720,154.188113610,154.188115090,7284.890,7286.370,1.480,,,ok
4705,154.205338200,154.212626990,154.212628510,7288.790,7290.310,1.520,,,ok
4706,154.230684450,154.237970410,154.237971920,7285.960,7287.470,1.510,,,ok
4707,154.256605480,154.263893790,154.263894490,7288.310,7289.010,0.700,,,ok
4708,154.282357820,154.289646310,154.289643760,7288.490,7285.940,2.550,,,ok
4709,154.305981150,154.313335760,154.313332940,7354.610,7351.790,2.820,,,ok
4710,154.331719070,154.339003010,154.339005860,7283.940,7286.790,2.850,,,ok
4711,154.357401390,154.364687450,154.364688180,7286.060,7286.790,0.730,,,ok
4712,154.383165900,154.390455470,154.390451540,7289.570,7285.640,3.930,,,ok
4713,154.408860320,154.416149140,154.416145820,7288.820,7285.500,3.320,,,ok
4714,154.434525740,154.441812420,154.441814390,7286.680,7288.650,1.970,,,ok
4715,154.458333990,154.465629490,154.465625470,7295.500,7291.480,4.020,,,ok
4716,154.483873280,154.491156660,154.491160360,7283.380,7287.080,3.700,,,ok
4717,154.509547670,154.516836600,154.516834650,7288.930,7286.980,1.950,,,ok
4718,154.534774170,154.542063640,154.542062390,7289.470,7288.220,1.250,,,ok
4719,154.560478400,154.567764540,154.567766540,7286.140,7288.140,2.000,,,ok
4720,154.586327580,154.593610130,154.593613490,7282.550,7285.910,3.360,,,ok
4721,154.612039730,154.619325220,154.619328260,7285.490,7288.530,3.040,,,ok
4722,154.637886260,154.645174470,154.645176730,7288.210,7290.470,2.260,,,ok
4723,154.663353410,154.670642850,154.670640280,7289.440,7286.870,2.570,,,ok
4724,154.688523540,154.695809850,154.695812700,7286.310,7289.160,2.850,,,ok
4725,154.714336340,154.721623520,154.721622060,7287.180,7285.720,1.460,,,ok
4726,154.738688380,154.745977990,154.745970570,7289.610,7282.190,7.420,,,ok
4727,154.763969960,154.771255430,154.771258970,7285.470,7289.010,3.540,,,ok
4728,154.789188820,154.796473660,154.796477160,7284.840,7288.340,3.500,,,ok
4729,154.814787200,154.822072310,154.822075670,7285.110,7288.470,3.360,,,ok
4730,154.838336280,154.845621570,154.845623990,7285.290,7287.710,2.420,,,ok
4731,154.863779600,154.871069940,154.871067510,7290.340,7287.910,2.430,,,ok
4732,154.889452310,154.896738200,154.896740960,7285.890,7288.650,2.760,,,ok
4733,154.915094770,154.922380310,154.922383380,7285.540,7288.610,3.070,,,ok
4734,154.939418380,154.946703730,154.946707680,7285.350,7289.300,3.950,,,ok
4735,154.964319400,154.971607230,154.971606170,7287.830,7286.770,1.060,,,ok
4736,154.989356460,154.996641760,154.996643300,7285.300,7286.840,1.540,,,ok
4737,155.013362420,155.020649950,155.020647240,7287.530,7284.820,2.710,,,ok
4738,155.038672460,155.045957600,155.045961560,7285.140,7289.100,3.960,,,ok
4739,155.064382550,155.071669290,155.071735320,7286.740,7352.770,66.030,,,ok
4740,155.089372760,155.096658810,155.096657340,7286.050,7284.580,1.470,,,ok
4741,155.114818040,155.122103590,155.122106890,7285.550,7288.850,3.300,,,ok
4742,155.139431500,155.146716200,155.146720290,7284.700,7288.790,4.090,,,ok
4743,155.165033130,155.172320450,155.172318860,7287.320,7285.730,1.590,,,ok
4744,155.190851660,155.198138680,155.198141120,7287.020,7289.460,2.440,,,ok
4745,155.215983830,155.223271230,155.223270460,7287.400,7286.630,0.770,,,ok
4746,155.241713020,155.248997980,155.248997880,7284.960,7284.860,0.100,,,ok
4747,155.267507070,155.274792530,155.274742700,7285.460,7235.630,49.830,,,ok
4748,155.293327800,155.300614740,155.300614810,7286.940,7287.010,0.070,,,ok
4749,155.319100310,155.326385660,155.326388550,7285.350,7288.240,2.890,,,ok
4750,155.344788610,155.352071660,155.352077720,7283.050,7289.110,6.060,,,ok
4751,155.370488240,155.377777270,155.377776270,7289.030,7288.030,1.000,,,ok
4752,155.396348100,155.403581080,155.403634540,7232.980,7286.440,53.460,,,ok
4753,155.421682610,155.428969190,155.428968090,7286.580,7285.480,1.100,,,ok
4754,155.447423300,155.454712550,155.454711540,7289.250,7288.240,1.010,,,ok
4755,155.473043660,155.480330930,155.480329770,7287.270,7286.110,1.160,,,ok
4756,155.498422500,155.505706760,155.505708380,7284.260,7285.880,1.620,,,ok
4757,155.522711910,155.529995210,155.530000890,7283.300,7288.980,5.680,,,ok
4758,155.548208420,155.555496020,155.555494230,7287.600,7285.810,1.790,,,ok
4759,155.574066860,155.581354320,155.581353800,7287.460,7286.940,0.520,,,ok
4760,155.598802450,155.606087800,155.606090970,7285.350,7288.520,3.170,,,ok
4761,155.624660700,155.631945370,155.631950370,7284.670,7289.670,5.000,,,ok
4762,155.650382540,155.657669700,155.657668860,7287.160,7286.320,0.840,,,ok
4763,155.675986710,155.683272950,155.683271050,7286.240,7284.340,1.900,,,ok
4764,155.701652160,155.708940370,155.708939770,7288.210,7287.610,0.600,,,ok
4765,155.726941330,155.734229920,155.734229110,7288.590,7287.780,0.810,,,ok
4766,155.752282020,155.759568150,155.759566430,7286.130,7284.410,1.720,,,ok
4767,155.777867840,155.785156620,155.785153260,7288.780,7285.420,3.360,,,ok
4768,155.801242180,155.808529060,155.808528210,7286.880,7286.030,0.850,,,ok
4769,155.824878030,155.832160730,155.832167860,7282.700,7289.830,7.130,,,ok
4770,155.850565720,155.857860300,155.857851280,7294.580,7285.560,9.020,,,ok
4771,155.876008000,155.883294910,155.883293810,7286.910,7285.810,1.100,,,ok
4772,155.899945100,155.907233410,155.907233070,7288.310,7287.970,0.340,,,ok
4773,155.925506290,155.932790830,155.932794030,7284.540,7287.740,3.200,,,ok
4774,155.951330510,155.958617730,155.958619950,7287.220,7289.440,2.220,,,ok
4775,155.976656970,155.983943550,155.983943380,7286.580,7286.410,0.170,,,ok
4776,156.002313700,156.009602010,156.009600860,7288.310,7287.160,1.150,,,ok
4777,156.027911080,156.035194090,156.035200080,7283.010,7289.000,5.990,,,ok
4778,156.053225360,156.060512850,156.060512540,7287.490,7287.180,0.310,,,ok
4779,156.077476130,156.084761890,156.084762010,7285.760,7285.880,0.120,,,ok
4780,156.103315840,156.110605290,156.110604510,7289.450,7288.670,0.780,,,ok
4781,156.128941790,156.136226340,156.136228000,7284.550,7286.210,1.660,,,ok
4782,156.154733520,156.162021340,156.162022230,7287.820,7288.710,0.890,,,ok
4783,156.180591490,156.187879570,156.187945660,7288.080,7354.170,66.090,,,ok
4784,156.206294050,156.213583280,156.213579180,7289.230,7285.130,4.100,,,ok
4785,156.231919310,156.239205140,156.239206610,7285.830,7287.300,1.470,,,ok
4786,156.256662430,156.263911630,156.263951050,7249.200,7288.620,39.420,,,ok
4787,156.282700360,156.289988090,156.289988310,7287.730,7287.950,0.220,,,ok
4788,156.306989340,156.314277400,156.314277850,7288.060,7288.510,0.450,,,ok
4789,156.331633730,156.338919640,156.338921260,7285.910,7287.530,1.620,,,ok
4790,156.357491200,156.364779200,156.364777120,7288.000,7285.920,2.080,,,ok
4791,156.383217160,156.390507770,156.390502290,7290.610,7285.130,5.480,,,ok
4792,156.408945080,156.416231060,156.416230750,7285.980,7285.670,0.310,,,ok
4793,156.434736550,156.442023230,156.442024950,7286.680,7288.400,1.720,,,ok
4794,156.459437730,156.466722650,156.466722470,7284.920,7284.740,0.180,,,ok
4795,156.485014510,156.492301090,156.492367080,7286.580,7352.570,65.990,,,ok
4796,156.510773790,156.518059450,156.518060150,7285.660,7286.360,0.700,,,ok
4797,156.536407770,156.543697970,156.543691100,7290.200,7283.330,6.870,,,ok
4798,156.562075150,156.569361210,156.569362100,7286.060,7286.950,0.890,,,ok
4799,156.587380740,156.594668310,156.594669630,7287.570,7288.890,1.320,,,ok
4800,156.613070970,156.620358050,156.620358950,7287.080,7287.980,0.900,,,ok
4801,156.637350410,156.644636510,156.644636430,7286.100,7286.020,0.080,,,ok
4802,156.662876140,156.670163760,156.670164980,7287.620,7288.840,1.220,,,ok
4803,156.688575650,156.695863100,156.695864030,7287.450,7288.380,0.930,,,ok
4804,156.713948360,156.721235580,156.721236770,7287.220,7288.410,1.190,,,ok
4805,156.739578450,156.746864850,156.746866060,7286.400,7287.610,1.210,,,ok
4806,156.765305680,156.772592480,156.772593470,7286.800,7287.790,0.990,,,ok
4807,156.790907650,156.798262630,156.798198010,7354.980,7290.360,64.620,,,ok
4808,156.816109300,156.823394030,156.823462140,7284.730,7352.840,68.110,,,ok
4809,156.841698930,156.848988430,156.848984780,7289.500,7285.850,3.650,,,ok
4810,156.867585200,156.874870830,156.874873320,7285.630,7288.120,2.490,,,ok
4811,156.893307610,156.900595270,156.900595290,7287.660,7287.680,0.020,,,ok
4812,156.918947720,156.926233730,156.926234940,7286.010,7287.220,1.210,,,ok
4813,156.942853150,156.950139510,156.950135860,7286.360,7282.710,3.650,,,ok
4814,156.968482510,156.975770220,156.975772040,7287.710,7289.530,1.820,,,ok
4815,156.992770920,157.000058600,157.000060210,7287.680,7289.290,1.610,,,ok
4816,157.018501030,157.025787000,157.025788800,7285.970,7287.770,1.800,,,ok
4817,157.044059060,157.051345310,157.051347100,7286.250,7288.040,1.790,,,ok
4818,157.068605810,157.075893710,157.075895500,7287.900,7289.690,1.790,,,ok
4819,157.094446830,157.101732150,157.101733020,7285.320,7286.190,0.870,,,ok
4820,157.118052930,157.125340390,157.125342320,7287.460,7289.390,1.930,,,ok
4821,157.143819960,157.151107640,157.151105890,7287.680,7285.930,1.750,,,ok
4822,157.169637010,157.176922350,157.176923600,7285.340,7286.590,1.250,,,ok
4823,157.195465740,157.202750580,157.202703240,7284.840,7237.500,47.340,,,ok
4824,157.220804020,157.228093110,157.228091140,7289.090,7287.120,1.970,,,ok
4825,157.246631520,157.253916490,157.253918560,7284.970,7287.040,2.070,,,ok
4826,157.272327460,157.279615970,157.279612210,7288.510,7284.750,3.760,,,ok
4827,157.296398460,157.303683220,157.303686450,7284.760,7287.990,3.230,,,ok
4828,157.321159460,157.328447540,157.328444600,7288.080,7285.140,2.940,,,ok
4829,157.346852610,157.354146770,157.354137150,7294.160,7284.540,9.620,,,ok
4830,157.372895140,157.380183570,157.380181650,7288.430,7286.510,1.920,,,ok
4831,157.396160170,157.403447700,157.403449080,7287.530,7288.910,1.380,,,ok
4832,157.421894580,157.429180160,157.429183460,7285.580,7288.880,3.300,,,ok
4833,157.447517980,157.454804580,157.454805550,7286.600,7287.570,0.970,,,ok
4834,157.473020710,157.480307060,157.480374640,7286.350,7353.930,67.580,,,ok
4835,157.498691420,157.505980290,157.505978520,7288.870,7287.100,1.770,,,ok
4836,157.524546720,157.531834860,157.531832080,7288.140,7285.360,2.780,,,ok
4837,157.550333310,157.557622900,157.557620590,7289.590,7287.280,2.310,,,ok
4838,157.575904650,157.583191320,157.583193830,7286.670,7289.180,2.510,,,ok
4839,157.601185300,157.608474870,157.608537770,7289.570,7352.470,62.900,,,ok
4840,157.626750660,157.634038100,157.634040980,7287.440,7290.320,2.880,,,ok
4841,157.652573040,157.659860540,157.659859220,7287.500,7286.180,1.320,,,ok
4842,157.678328900,157.685612310,157.685617600,7283.410,7288.700,5.290,,,ok
4843,157.703940070,157.711228110,157.711223360,7288.040,7283.290,4.750,,,ok
4844,157.729837720,157.737126610,157.737124510,7288.890,7286.790,2.100,,,ok
4845,157.755507730,157.762793550,157.762796660,7285.820,7288.930,3.110,,,ok
4846,157.781115670,157.788402590,157.788401330,7286.920,7285.660,1.260,,,ok
4847,157.806557200,157.813846780,157.813844670,7289.580,7287.470,2.110,,,ok
4848,157.832378240,157.839664970,157.839668180,7286.730,7289.940,3.210,,,ok
4849,157.858181460,157.865468520,157.865471640,7287.060,7290.180,3.120,,,ok
4850,157.884022550,157.891311040,157.891309070,7288.490,7286.520,1.970,,,ok
4851,157.909626530,157.916915320,157.916913490,7288.790,7286.960,1.830,,,ok
4852,157.935474410,157.942761210,157.942761080,7286.800,7286.670,0.130,,,ok
4853,157.960186160,157.967469490,157.967475250,7283.330,7289.090,5.760,,,ok
4854,157.985716860,157.993005450,157.993069090,7288.590,7352.230,63.640,,,ok
4855,158.011542880,158.018827560,158.018830870,7284.680,7287.990,3.310,,,ok
4856,158.037303140,158.044592180,158.044588140,7289.040,7285.000,4.040,,,ok
4857,158.062422160,158.069709750,158.069709050,7287.590,7286.890,0.700,,,ok
4858,158.087341660,158.094628880,158.094594930,7287.220,7253.270,33.950,,,ok
4859,158.112876650,158.120162240,158.120165790,7285.590,7289.140,3.550,,,ok
4860,158.137841520,158.145130660,158.145129250,7289.140,7287.730,1.410,,,ok
4861,158.163563550,158.170848990,158.170852650,7285.440,7289.100,3.660,,,ok
4862,158.188416260,158.195700140,158.195703760,7283.880,7287.500,3.620,,,ok
4863,158.213008340,158.220295650,158.220293500,7287.310,7285.160,2.150,,,ok
4864,158.238736240,158.246024210,158.246023090,7287.970,7286.850,1.120,,,ok
4865,158.262893820,158.270181610,158.270181320,7287.790,7287.500,0.290,,,ok
4866,158.288583430,158.295870840,158.295868580,7287.410,7285.150,2.260,,,ok
4867,158.312841360,158.320129500,158.320128210,7288.140,7286.850,1.290,,,ok
4868,158.336719250,158.344007810,158.344005800,7288.560,7286.550,2.010,,,ok
4869,158.362561740,158.369851020,158.369850160,7289.280,7288.420,0.860,,,ok
4870,158.388304470,158.395593550,158.395593620,7289.080,7289.150,0.070,,,ok
4871,158.412936830,158.420222840,158.420224400,7286.010,7287.570,1.560,,,ok
4872,158.438578900,158.445865240,158.445865320,7286.340,7286.420,0.080,,,ok
4873,158.464298420,158.471584660,158.471582830,7286.240,7284.410,1.830,,,ok
4874,158.489996120,158.497282270,158.497281330,7286.150,7285.210,0.940,,,ok
4875,158.515691410,158.522981420,158.522980690,7290.010,7289.280,0.730,,,ok
4876,158.540715480,158.548004610,158.548004010,7289.130,7288.530,0.600,,,ok
4877,158.566421730,158.573705820,158.573705000,7284.090,7283.270,0.820,,,ok
4878,158.592082530,158.599369150,158.599368500,7286.620,7285.970,0.650,,,ok
4879,158.617812370,158.625099930,158.625097940,7287.560,7285.570,1.990,,,ok
4880,158.642687770,158.649972060,158.650037910,7284.290,7350.140,65.850,,,ok
4881,158.668098310,158.675385810,158.675385350,7287.500,7287.040,0.460,,,ok
4882,158.693839960,158.701130230,158.701129520,7290.270,7289.560,0.710,,,ok
4883,158.718841490,158.726125860,158.726126630,7284.370,7285.140,0.770,,,ok
4884,158.744685620,158.751970940,158.751968830,7285.320,7283.210,2.110,,,ok
4885,158.770446640,158.777734170,158.777734810,7287.530,7288.170,0.640,,,ok
4886,158.795709170,158.802998320,158.802995670,7289.150,7286.500,2.650,,,ok
4887,158.820772190,158.828057120,158.828061680,7284.930,7289.490,4.560,,,ok
4888,158.846549050,158.853835200,158.853835020,7286.150,7285.970,0.180,,,ok
4889,158.870504940,158.877790880,158.877792540,7285.940,7287.600,1.660,,,ok
4890,158.894288480,158.901577260,158.901576950,7288.780,7288.470,0.310,,,ok
4891,158.918823790,158.926109490,158.926110470,7285.700,7286.680,0.980,,,ok
4892,158.944437560,158.951788330,158.951723790,7350.770,7286.230,64.540,,,ok
4893,158.970338280,158.977627310,158.977627150,7289.030,7288.870,0.160,,,ok
4894,158.995970240,159.003260770,159.003255740,7290.530,7285.500,5.030,,,ok
4895,159.020535850,159.027823000,159.027823200,7287.150,7287.350,0.200,,,ok
4896,159.044483400,159.051772300,159.051771560,7288.900,7288.160,0.740,,,ok
4897,159.070270260,159.077555700,159.077555800,7285.440,7285.540,0.100,,,ok
4898,159.094727760,159.102014050,159.102011830,7286.290,7284.070,2.220,,,ok
4899,159.118744030,159.126032370,159.126032810,7288.340,7288.780,0.440,,,ok
4900,159.144447370,159.151733480,159.151735320,7286.110,7287.950,1.840,,,ok
4901,159.170020270,159.177306420,159.177308240,7286.150,7287.970,1.820,,,ok
4902,159.195493520,159.202782420,159.202782140,7288.900,7288.620,0.280,,,ok
4903,159.221415960,159.228705880,159.228701500,7289.920,7285.540,4.380,,,ok
4904,159.245735270,159.253024340,159.253024780,7289.070,7289.510,0.440,,,ok
4905,159.271500590,159.278787680,159.278787410,7287.090,7286.820,0.270,,,ok
4906,159.296482780,159.303771230,159.303770770,7288.450,7287.990,0.460,,,ok
4907,159.321810070,159.329098480,159.329100150,7288.410,7290.080,1.670,,,ok
4908,159.347498330,159.354787900,159.354783590,7289.570,7285.260,4.310,,,ok
4909,159.373026230,159.380315280,159.380311050,7289.050,7284.820,4.230,,,ok
4910,159.398792940,159.406083510,159.406079600,7290.570,7286.660,3.910,,,ok
4911,159.424556430,159.431843180,159.431842710,7286.750,7286.280,0.470,,,ok
4912,159.448489170,159.455776350,159.455776360,7287.180,7287.190,0.010,,,ok
4913,159.474218310,159.481503830,159.481504720,7285.520,7286.410,0.890,,,ok
4914,159.499976500,159.507263370,159.507263290,7286.870,7286.790,0.080,,,ok
4915,159.524936000,159.532221440,159.532220150,7285.440,7284.150,1.290,,,ok
4916,159.550632550,159.557919130,159.557919890,7286.580,7287.340,0.760,,,ok
4917,159.576432340,159.583718400,159.583719390,7286.060,7287.050,0.990,,,ok
4918,159.602189600,159.609476590,159.609477690,7286.990,7288.090,1.100,,,ok
4919,159.625837570,159.633125010,159.633126420,7287.440,7288.850,1.410,,,ok
4920,159.651512100,159.658798700,159.658799680,7286.600,7287.580,0.980,,,ok
4921,159.677301400,159.684586890,159.684588160,7285.490,7286.760,1.270,,,ok
4922,159.702616770,159.709905210,159.709906550,7288.440,7289.780,1.340,,,ok
4923,159.725824350,159.733113490,159.733114880,7289.140,7290.530,1.390,,,ok
4924,159.750852040,159.758141890,159.758138080,7289.850,7286.040,3.810,,,ok
4925,159.775873890,159.783160310,159.783160770,7286.420,7286.880,0.460,,,ok
4926,159.800893410,159.808177750,159.808177670,7284.340,7284.260,0.080,,,ok
4927,159.825991650,159.833275900,159.833277780,7284.250,7286.130,1.880,,,ok
4928,159.850782830,159.858070210,159.858071870,7287.380,7289.040,1.660,,,ok
4929,159.874902810,159.882186300,159.882189730,7283.490,7286.920,3.430,,,ok
4930,159.899334180,159.906621160,159.906623860,7286.980,7289.680,2.700,,,ok
4931,159.925244000,159.932529780,159.932532180,7285.780,7288.180,2.400,,,ok
4932,159.949014160,159.956369190,159.956299520,7355.030,7285.360,69.670,,,ok
4933,159.974718830,159.982006460,159.982004000,7287.630,7285.170,2.460,,,ok
4934,160.000398340,160.007685790,160.007687610,7287.450,7289.270,1.820,,,ok
4935,160.025860950,160.033149190,160.033145990,7288.240,7285.040,3.200,,,ok
4936,160.050781220,160.058066070,160.058068640,7284.850,7287.420,2.570,,,ok
4937,160.075845490,160.083134950,160.083132770,7289.460,7287.280,2.180,,,ok
4938,160.100775720,160.108063450,160.108061220,7287.730,7285.500,2.230,,,ok
4939,160.125830820,160.133116560,160.133119700,7285.740,7288.880,3.140,,,ok
4940,160.151813560,160.159100940,160.159102980,7287.380,7289.420,2.040,,,ok
4941,160.175920760,160.183209280,160.183206420,7288.520,7285.660,2.860,,,ok
4942,160.201704250,160.208991650,160.208990070,7287.400,7285.820,1.580,,,ok
4943,160.226566600,160.233855140,160.233853370,7288.540,7286.770,1.770,,,ok
4944,160.252354420,160.259644620,160.259640670,7290.200,7286.250,3.950,,,ok
4945,160.278324530,160.285612010,160.285610260,7287.480,7285.730,1.750,,,ok
4946,160.303496890,160.310786250,160.310783640,7289.360,7286.750,2.610,,,ok
4947,160.329285400,160.336574810,160.336572100,7289.410,7286.700,2.710,,,ok
4948,160.355175900,160.362528850,160.362465460,7352.950,7289.560,63.390,,,ok
4949,160.379621170,160.386906440,160.386908740,7285.270,7287.570,2.300,,,ok
4950,160.403845540,160.411134700,160.411132350,7289.160,7286.810,2.350,,,ok
4951,160.429545130,160.436833010,160.436830690,7287.880,7285.560,2.320,,,ok
4952,160.454794070,160.462080600,160.462078110,7286.530,7284.040,2.490,,,ok
4953,160.480713270,160.487999790,160.488002570,7286.520,7289.300,2.780,,,ok
4954,160.506307980,160.513598290,160.513596040,7290.310,7288.060,2.250,,,ok
4955,160.531593790,160.538895400,160.538879400,7301.610,7285.610,16.000,,,ok
4956,160.556840730,160.564128500,160.564127690,7287.770,7286.960,0.810,,,ok
4957,160.582696570,160.589983380,160.589986360,7286.810,7289.790,2.980,,,ok
4958,160.608200990,160.615485780,160.615514270,7284.790,7313.280,28.490,,,ok
4959,160.633026580,160.640380100,160.640313130,7353.520,7286.550,66.970,,,ok
4960,160.659168250,160.666453640,160.666456590,7285.390,7288.340,2.950,,,ok
4961,160.684416230,160.691700930,160.691704030,7284.700,7287.800,3.100,,,ok
4962,160.708289830,160.715574310,160.715578290,7284.480,7288.460,3.980,,,ok
4963,160.734185340,160.741473770,160.741471730,7288.430,7286.390,2.040,,,ok
4964,160.759161090,160.766446960,160.766449260,7285.870,7288.170,2.300,,,ok
4965,160.784360070,160.791643840,160.791712620,7283.770,7352.550,68.780,,,ok
4966,160.809447490,160.816771890,160.816737160,7324.400,7289.670,34.730,,,ok
4967,160.835529460,160.842815740,160.842815340,7286.280,7285.880,0.400,,,ok
4968,160.860585420,160.867869520,160.867871340,7284.100,7285.920,1.820,,,ok
4969,160.885292730,160.892578270,160.892582370,7285.540,7289.640,4.100,,,ok
4970,160.909358410,160.916647190,160.916645770,7288.780,7287.360,1.420,,,ok
4971,160.935110690,160.942395550,160.942399210,7284.860,7288.520,3.660,,,ok
4972,160.959179190,160.966427450,160.966466610,7248.260,7287.420,39.160,,,ok
4973,160.984321060,160.991604930,160.991606100,7283.870,7285.040,1.170,,,ok
4974,161.009539090,161.016825560,161.016829330,7286.470,7290.240,3.770,,,ok
4975,161.034090770,161.041378290,161.041377980,7287.520,7287.210,0.310,,,ok
4976,161.058584870,161.065871630,161.065868840,7286.760,7283.970,2.790,,,ok
4977,161.084176900,161.091464460,161.091464740,7287.560,7287.840,0.280,,,ok
4978,161.109321900,161.116609320,161.116606870,7287.420,7284.970,2.450,,,ok
4979,161.134281070,161.141567780,161.141571610,7286.710,7290.540,3.830,,,ok
4980,161.159180630,161.166465890,161.166469050,7285.260,7288.420,3.160,,,ok
4981,161.183346480,161.190634230,161.190633450,7287.750,7286.970,0.780,,,ok
4982,161.208303520,161.215592810,161.215591980,7289.290,7288.460,0.830,,,ok
4983,161.233808690,161.241095210,161.241095300,7286.520,7286.610,0.090,,,ok
4984,161.259507470,161.266794730,161.266792780,7287.260,7285.310,1.950,,,ok
4985,161.285196220,161.292481670,161.292479720,7285.450,7283.500,1.950,,,ok
4986,161.311025670,161.318311400,161.318315460,7285.730,7289.790,4.060,,,ok
4987,161.336940940,161.344228720,161.344229010,7287.780,7288.070,0.290,,,ok
4988,161.362608220,161.369895410,161.369896410,7287.190,7288.190,1.000,,,ok
4989,161.387930810,161.395216600,161.395229910,7285.790,7299.100,13.310,,,ok
4990,161.413619710,161.420909700,161.420908400,7289.990,7288.690,1.300,,,ok
4991,161.439445980,161.446733190,161.446731590,7287.210,7285.610,1.600,,,ok
4992,161.465311370,161.472595600,161.472600970,7284.230,7289.600,5.370,,,ok
4993,161.490004340,161.497290050,161.497293100,7285.710,7288.760,3.050,,,ok
4994,161.515796470,,161.523083070,,7286.600,,,,missing_rx1
4995,161.541182500,161.548467070,161.548471050,7284.570,7288.550,3.980,51.177,,ok
4996,161.565199430,161.572485780,161.572488910,7286.350,7289.480,3.130,,,ok
4997,161.590167430,161.597455060,161.597453190,7287.630,7285.760,1.870,,,ok
4998,161.615099100,161.622388540,161.622385630,7289.440,7286.530,2.910,,,ok
4999,161.640850900,161.648136870,161.648139950,7285.970,7289.050,3.080,,,ok
5000,161.666294860,161.673585230,161.673582540,7290.370,7287.680,2.690,,,ok
5001,161.691608610,161.698893710,161.698895940,7285.100,7287.330,2.230,,,ok
5002,161.715908710,161.723196990,161.723195300,7288.280,7286.590,1.690,,,ok
5003,161.741583800,161.748869340,161.748872680,7285.540,7288.880,3.340,,,ok
5004,161.766549240,161.773837760,161.773837220,7288.520,7287.980,0.540,,,ok
5005,161.792061140,161.799346160,161.799347980,7285.020,7286.840,1.820,,,ok
5006,161.817979170,161.825264500,161.825268880,7285.330,7289.710,4.380,,,ok
5007,161.843645340,161.850933750,161.850931490,7288.410,7286.150,2.260,,,ok
5008,161.867914110,161.875199860,161.875197990,7285.750,7283.880,1.870,,,ok
5009,161.893736050,161.901024710,161.901023150,7288.660,7287.100,1.560,,,ok
5010,161.919498600,161.926784130,161.926787530,7285.530,7288.930,3.400,,,ok
5011,161.945399690,161.952686360,161.952686140,7286.670,7286.450,0.220,,,ok
5012,161.970933630,161.978220550,161.978218560,7286.920,7284.930,1.990,,,ok
5013,161.996384490,162.003674100,162.003672060,7289.610,7287.570,2.040,,,ok
5014,162.020045330,162.027332480,162.027331280,7287.150,7285.950,1.200,,,ok
5015,162.044501750,162.051790900,162.051787450,7289.150,7285.700,3.450,,,ok
5016,162.069967090,162.077254250,162.077253140,7287.160,7286.050,1.110,,,ok
5017,162.095631670,162.102916210,162.102919170,7284.540,7287.500,2.960,,,ok
5018,162.121339570,162.128624970,162.128625170,7285.400,7285.600,0.200,,,ok
5019,162.146185280,162.153472050,162.153538430,7286.770,7353.150,66.380,,,ok
5020,162.171699080,162.178987120,162.178986700,7288.040,7287.620,0.420,,,ok
5021,162.197401040,162.204686080,162.204687880,7285.040,7286.840,1.800,,,ok
5022,162.221204470,162.228489520,162.228493590,7285.050,7289.120,4.070,,,ok
5023,162.246839370,162.254192850,162.254124620,7353.480,7285.250,68.230,,,ok
5024,162.272408290,162.279693750,162.279694720,7285.460,7286.430,0.970,,,ok
5025,162.298225530,162.305514730,162.305513920,7289.200,7288.390,0.810,,,ok
5026,162.323792280,162.331078130,162.331082360,7285.850,7290.080,4.230,,,ok
5027,162.349525790,162.356811490,162.356815070,7285.700,7289.280,3.580,,,ok
5028,162.375186650,162.382486200,162.382474450,7299.550,7287.800,11.750,,,ok
5029,162.401137550,162.408422970,162.408427710,7285.420,7290.160,4.740,,,ok
5030,162.424779040,162.432060120,162.432066130,7281.080,7287.090,6.010,,,ok
5031,162.449804230,162.457089100,162.457089510,7284.870,7285.280,0.410,,,ok
5032,162.475567880,162.482858150,162.482858000,7290.270,7290.120,0.150,,,ok
5033,162.501322300,162.508611630,162.508611290,7289.330,7288.990,0.340,,,ok
5034,162.526993350,162.534279190,162.534279780,7285.840,7286.430,0.590,,,ok
5035,162.552727730,162.560013280,162.560013160,7285.550,7285.430,0.120,,,ok
5036,162.578188050,162.585540670,162.585476790,7352.620,7288.740,63.880,,,ok
5037,162.603718570,162.611005300,162.611003750,7286.730,7285.180,1.550,,,ok
5038,162.629485950,162.636772660,162.636773380,7286.710,7287.430,0.720,,,ok
5039,162.655184480,162.662472070,162.662471030,7287.590,7286.550,1.040,,,ok
5040,162.680779290,162.688064430,162.688065370,7285.140,7286.080,0.940,,,ok
5041,162.706100300,162.713387850,162.713384420,7287.550,7284.120,3.430,,,ok
5042,162.731792130,162.739077020,162.739082110,7284.890,7289.980,5.090,,,ok
5043,162.757085390,162.764370630,162.764370680,7285.240,7285.290,0.050,,,ok
5044,162.781836720,162.789123880,162.789189640,7287.160,7352.920,65.760,,,ok
5045,162.807538000,162.814827230,162.814827480,7289.230,7289.480,0.250,,,ok
5046,162.833197040,162.840485610,162.840485760,7288.570,7288.720,0.150,,,ok
5047,162.858668250,162.865953740,162.865954100,7285.490,7285.850,0.360,,,ok
5048,162.884331670,162.891616390,162.891617640,7284.720,7285.970,1.250,,,ok
5049,162.908724130,162.916010640,162.916010940,7286.510,7286.810,0.300,,,ok
5050,162.934519840,162.941808120,162.941809530,7288.280,7289.690,1.410,,,ok
5051,162.960368770,162.967657350,162.967657720,7288.580,7288.950,0.370,,,ok
5052,162.984377990,162.991713500,162.991666160,7335.510,7288.170,47.340,,,ok
5053,163.008762530,163.016049050,163.016048380,7286.520,7285.850,0.670,,,ok
5054,163.033654570,163.040941860,163.040942280,7287.290,7287.710,0.420,,,ok
5055,163.057432130,163.064718410,163.064720700,7286.280,7288.570,2.290,,,ok
5056,163.083215740,163.090503450,163.090504970,7287.710,7289.230,1.520,,,ok
5057,163.108856720,163.116142830,163.116143480,7286.110,7286.760,0.650,,,ok
5058,163.133720160,163.141005940,163.141006740,7285.780,7286.580,0.800,,,ok
5059,163.159504430,163.166794380,163.166790220,7289.950,7285.790,4.160,,,ok
5060,163.185061940,163.192346940,163.192347330,7285.000,7285.390,0.390,,,ok
5061,163.210584290,163.217871210,163.217872080,7286.920,7287.790,0.870,,,ok
5062,163.236401170,163.243689570,163.243689610,7288.400,7288.440,0.040,,,ok
5063,163.260822320,163.268107890,163.268107990,7285.570,7285.670,0.100,,,ok
5064,163.285686210,163.292971300,163.292972370,7285.090,7286.160,1.070,,,ok
5065,163.311447450,163.318734760,163.318735730,7287.310,7288.280,0.970,,,ok
5066,163.335295570,163.342582140,163.342584110,7286.570,7288.540,1.970,,,ok
5067,163.360696010,163.367980690,163.367982660,7284.680,7286.650,1.970,,,ok
5068,163.385559800,163.392845050,163.392791390,7285.250,7231.590,53.660,,,ok
5069,163.408985160,163.416273200,163.416274560,7288.040,7289.400,1.360,,,ok
5070,163.434585710,163.441870760,163.441872090,7285.050,7286.380,1.330,,,ok
5071,163.458740160,163.466024850,163.466025360,7284.690,7285.200,0.510,,,ok
5072,163.483740720,163.491028310,163.491029740,7287.590,7289.020,1.430,,,ok
5073,163.509502270,163.516791640,163.516788190,7289.370,7285.920,3.450,,,ok
5074,163.535296090,163.542585120,163.542581630,7289.030,7285.540,3.490,,,ok
5075,163.560811340,163.568098520,163.568100070,7287.180,7288.730,1.550,,,ok
5076,163.586251320,163.593536960,163.593538370,7285.640,7287.050,1.410,,,ok
5077,163.610689510,163.617975420,163.617976940,7285.910,7287.430,1.520,,,ok
5078,163.635714280,163.643003740,163.642999090,7289.460,7284.810,4.650,,,ok
5079,163.661386660,163.668672010,163.668673840,7285.350,7287.180,1.830,,,ok
5080,163.685698280,163.692985470,163.692987140,7287.190,7288.860,1.670,,,ok
5081,163.711425220,163.718713680,163.718660680,7288.460,7235.460,53.000,,,ok
5082,163.735797140,163.743087250,163.743081480,7290.110,7284.340,5.770,,,ok
5083,163.761724180,163.769009690,163.769012470,7285.510,7288.290,2.780,,,ok
5084,163.785860050,163.793146510,163.793145660,7286.460,7285.610,0.850,,,ok
5085,163.811818480,163.819107240,163.819104330,7288.760,7285.850,2.910,,,ok
5086,163.835709530,163.842994680,163.842997860,7285.150,7288.330,3.180,,,ok
5087,163.859526320,163.866811490,163.866815130,7285.170,7288.810,3.640,,,ok
5088,163.883300710,163.890587440,163.890589430,7286.730,7288.720,1.990,,,ok
5089,163.909022420,163.916294580,163.916289140,7272.160,7266.720,5.440,,,ok
5090,163.934629230,163.941918250,163.941915120,7289.020,7285.890,3.130,,,ok
5091,163.958779290,163.966067690,163.966064840,7288.400,7285.550,2.850,,,ok
5092,163.984488610,163.991776030,163.991776820,7287.420,7288.210,0.790,,,ok
5093,164.010150130,164.017439360,164.017436850,7289.230,7286.720,2.510,,,ok
5094,164.035595950,164.042881760,164.042882210,7285.810,7286.260,0.450,,,ok
5095,164.061351310,164.068639830,164.068637550,7288.520,7286.240,2.280,,,ok
5096,164.087044660,164.094334490,164.094332110,7289.830,7287.450,2.380,,,ok
5097,164.112654310,164.119940430,164.119939450,7286.120,7285.140,0.980,,,ok
5098,164.138408230,164.145696290,164.145693770,7288.060,7285.540,2.520,,,ok
5099,164.162159350,164.169444440,164.169446400,7285.090,7287.050,1.960,,,ok
5100,164.187565190,164.194851960,164.194855630,7286.770,7290.440,3.670,,,ok
5101,164.211948200,164.219233880,164.219233850,7285.680,7285.650,0.030,,,ok
5102,164.237781420,164.245068610,164.245066040,7287.190,7284.620,2.570,,,ok
5103,164.263494230,164.270783050,164.270780860,7288.820,7286.630,2.190,,,ok
5104,164.287302520,164.294591600,164.294587970,7289.080,7285.450,3.630,,,ok
5105,164.313033630,164.320318950,164.320322700,7285.320,7289.070,3.750,,,ok
5106,164.338821590,164.346108120,164.346110270,7286.530,7288.680,2.150,,,ok
5107,164.364617150,164.371906620,164.371904520,7289.470,7287.370,2.100,,,ok
5108,164.390375910,164.397663980,164.397662820,7288.070,7286.910,1.160,,,ok
5109,164.416209980,164.423498370,164.423495530,7288.390,7285.550,2.840,,,ok
5110,164.441326870,164.448615860,164.448613700,7288.990,7286.830,2.160,,,ok
5111,164.467199730,164.474490030,164.474488270,7290.300,7288.540,1.760,,,ok
5112,164.492834900,164.500121030,164.500120570,7286.130,7285.670,0.460,,,ok
5113,164.518556140,164.525841010,164.525843930,7284.870,7287.790,2.920,,,ok
5114,164.543782990,164.551067860,164.551068600,7284.870,7285.610,0.740,,,ok
5115,164.569579680,164.576867660,164.576866900,7287.980,7287.220,0.760,,,ok
5116,164.595195850,164.602482100,164.602484530,7286.250,7288.680,2.430,,,ok
5117,164.619393810,164.626680450,164.626727740,7286.640,7333.930,47.290,,,ok
5118,164.644990980,164.652278680,164.652277330,7287.700,7286.350,1.350,,,ok
5119,164.670851940,164.678135850,164.678140500,7283.910,7288.560,4.650,,,ok
5120,164.694792600,164.702077940,164.702079070,7285.340,7286.470,1.130,,,ok
5121,164.720540980,164.727828860,164.727827490,7287.880,7286.510,1.370,,,ok
5122,164.746344050,164.753632190,164.753626640,7288.140,7282.590,5.550,,,ok
5123,164.772114800,164.779399760,164.779404290,7284.960,7289.490,4.530,,,ok
5124,164.797715850,164.805004070,164.805001590,7288.220,7285.740,2.480,,,ok
5125,164.823547900,164.830835010,164.830836170,7287.110,7288.270,1.160,,,ok
5126,164.848564790,164.855850550,164.855853700,7285.760,7288.910,3.150,,,ok
5127,164.873975400,164.881263310,164.881263080,7287.910,7287.680,0.230,,,ok
5128,164.899772780,164.907061270,164.907059980,7288.490,7287.200,1.290,,,ok
5129,164.925525640,164.932810930,164.932812360,7285.290,7286.720,1.430,,,ok
5130,164.951002390,164.958303910,164.958287260,7301.520,7284.870,16.650,,,ok
5131,164.975885580,164.983171880,164.983170720,7286.300,7285.140,1.160,,,ok
5132,164.999868090,165.007155250,165.007155100,7287.160,7287.010,0.150,,,ok
5133,165.024011130,165.031298590,165.031295980,7287.460,7284.850,2.610,,,ok
5134,165.049850350,165.057136740,165.057134220,7286.390,7283.870,2.520,,,ok
5135,165.075701160,165.082986140,165.082987930,7284.980,7286.770,1.790,,,ok
5136,165.100860850,165.108148620,165.108148790,7287.770,7287.940,0.170,,,ok
5137,165.124794350,165.132082080,165.132081360,7287.730,7287.010,0.720,,,ok
5138,165.150519730,165.157806250,165.157804670,7286.520,7284.940,1.580,,,ok
5139,165.175301120,165.182588810,165.182589120,7287.690,7288.000,0.310,,,ok
5140,165.200857210,165.208142130,165.208147560,7284.920,7290.350,5.430,,,ok
5141,165.226592690,165.233881360,165.233879610,7288.670,7286.920,1.750,,,ok
5142,165.250969520,165.258254860,165.258259360,7285.340,7289.840,4.500,,,ok
5143,165.274912350,165.282198260,165.282197890,7285.910,7285.540,0.370,,,ok
5144,165.300472210,165.307756640,165.307761120,7284.430,7288.910,4.480,,,ok
5145,165.324792020,165.332079100,165.332079650,7287.080,7287.630,0.550,,,ok
5146,165.349855250,165.357143350,165.357142150,7288.100,7286.900,1.200,,,ok
5147,165.374843580,165.382130580,165.382128900,7287.000,7285.320,1.680,,,ok
5148,165.400001060,165.407268210,165.407289870,7267.150,7288.810,21.660,,,ok
5149,165.425636080,165.432923540,165.432922430,7287.460,7286.350,1.110,,,ok
5150,165.451086650,165.458375900,165.458375340,7289.250,7288.690,0.560,,,ok
5151,165.475557610,165.482842780,165.482843840,7285.170,7286.230,1.060,,,ok
5152,165.501376400,165.508728860,165.508663470,7352.460,7287.070,65.390,,,ok
5153,165.527297490,165.534586140,165.534587180,7288.650,7289.690,1.040,,,ok
5154,165.550783980,165.558069020,165.558070380,7285.040,7286.400,1.360,,,ok
5155,165.574529770,165.581818620,165.581816250,7288.850,7286.480,2.370,,,ok
5156,165.598272930,165.605562020,165.605562360,7289.090,7289.430,0.340,,,ok
5157,165.623965010,165.631249550,165.631250530,7284.540,7285.520,0.980,,,ok
5158,165.649731520,165.657017590,165.657019120,7286.070,7287.600,1.530,,,ok
5159,165.675453770,165.682742170,165.682741460,7288.400,7287.690,0.710,,,ok
5160,165.701283450,165.708569400,165.708568380,7285.950,7284.930,1.020,,,ok
5161,165.726913780,165.734203090,165.734203450,7289.310,7289.670,0.360,,,ok
5162,165.752450430,165.759734760,165.759737660,7284.330,7287.230,2.900,,,ok
5163,165.778302230,165.785589870,165.785591190,7287.640,7288.960,1.320,,,ok
5164,165.803972150,165.811258910,165.811259550,7286.760,7287.400,0.640,,,ok
5165,165.829791220,165.837077680,165.837077160,7286.460,7285.940,0.520,,,ok
5166,165.855418700,165.862704870,165.862706520,7286.170,7287.820,1.650,,,ok
5167,165.879305490,165.886594120,165.886594080,7288.630,7288.590,0.040,,,ok
5168,165.903260810,165.910546170,165.910545820,7285.360,7285.010,0.350,,,ok
5169,165.927175240,165.934461010,165.934459220,7285.770,7283.980,1.790,,,ok
5170,165.952000390,165.959287820,165.959287640,7287.430,7287.250,0.180,,,ok
5171,165.977752190,165.985036680,165.985038640,7284.490,7286.450,1.960,,,ok
5172,166.002366980,166.009656100,166.009652130,7289.120,7285.150,3.970,,,ok
5173,166.028175880,166.035464620,166.035464150,7288.740,7288.270,0.470,,,ok
5174,166.051837580,166.059160020,166.059121410,7322.440,7283.830,38.610,,,ok
5175,166.076167120,166.083456320,166.083456240,7289.200,7289.120,0.080,,,ok
5176,166.101967210,166.109253630,166.109255540,7286.420,7288.330,1.910,,,ok
5177,166.126789600,166.134081570,166.134078860,7291.970,7289.260,2.710,,,ok
5178,166.152603500,166.159891380,166.159890360,7287.880,7286.860,1.020,,,ok
5179,166.177946480,166.185234780,166.185235990,7288.300,7289.510,1.210,,,ok
5180,166.203869800,166.211156870,166.211156910,7287.070,7287.110,0.040,,,ok
5181,166.229044820,166.236331370,166.236331900,7286.550,7287.080,0.530,,,ok
5182,166.254868620,166.262217010,166.262156110,7348.390,7287.490,60.900,,,ok
5183,166.280507100,166.287793160,166.287793240,7286.060,7286.140,0.080,,,ok
5184,166.305845560,166.313130680,166.313131620,7285.120,7286.060,0.940,,,ok
5185,166.331482860,166.338770080,166.338770390,7287.220,7287.530,0.310,,,ok
5186,166.357340970,166.364628350,166.364628940,7287.380,7287.970,0.590,,,ok
5187,166.381180590,166.388466690,166.388468320,7286.100,7287.730,1.630,,,ok
5188,166.406985860,166.414275050,166.414271890,7289.190,7286.030,3.160,,,ok
5189,166.432310950,166.439597710,166.439600020,7286.760,7289.070,2.310,,,ok
5190,166.458262890,166.465551860,166.465547560,7288.970,7284.670,4.300,,,ok
5191,166.483959560,166.491245240,166.491246920,7285.680,7287.360,1.680,,,ok
5192,166.509275940,166.516563650,166.516564450,7287.710,7288.510,0.800,,,ok
5193,166.535098260,166.542387140,166.542388830,7288.880,7290.570,1.690,,,ok
5194,166.560704280,166.567990510,166.567992140,7286.230,7287.860,1.630,,,ok
5195,166.585343970,166.592626410,166.592630500,7282.440,7286.530,4.090,,,ok
5196,166.609212690,166.616497290,166.616498050,7284.600,7285.360,0.760,,,ok
5197,166.634270510,166.641625980,166.641556220,7355.470,7285.710,69.760,,,ok
5198,166.660193180,166.667477690,166.667480830,7284.510,7287.650,3.140,,,ok
5199,166.684314380,166.691602300,166.691596690,7287.920,7282.310,5.610,,,ok
5200,166.709672630,166.716959300,166.716957880,7286.670,7285.250,1.420,,,ok
5201,166.734218670,166.741503260,166.741506320,7284.590,7287.650,3.060,,,ok
5202,166.759142110,166.766427570,166.766429680,7285.460,7287.570,2.110,,,ok
5203,166.784045880,166.791287100,166.791333250,7241.220,7287.370,46.150,,,ok
5204,166.809883050,166.817166720,166.817170040,7283.670,7286.990,3.320,,,ok
5205,166.834188320,166.841477520,166.841474070,7289.200,7285.750,3.450,,,ok
5206,166.859150340,166.866434620,166.866436990,7284.280,7286.650,2.370,,,ok
5207,166.884965410,166.892251630,166.892251720,7286.220,7286.310,0.090,,,ok
5208,166.911060830,166.918345110,166.918327980,7284.280,7267.150,17.130,,,ok
5209,166.935624920,166.942910070,166.942912570,7285.150,7287.650,2.500,,,ok
5210,166.961427500,166.968714480,166.968717010,7286.980,7289.510,2.530,,,ok
5211,166.987234630,166.994522740,166.994517990,7288.110,7283.360,4.750,,,ok
5212,167.012946930,167.020235420,167.020233790,7288.490,7286.860,1.630,,,ok
5213,167.036441340,167.043729760,167.043726250,7288.420,7284.910,3.510,,,ok
5214,167.060202230,167.067487910,167.067490840,7285.680,7288.610,2.930,,,ok
5215,167.085145750,167.092431310,167.092434090,7285.560,7288.340,2.780,,,ok
5216,167.110937690,167.118224540,167.118226140,7286.850,7288.450,1.600,,,ok
5217,167.136737380,167.144005670,167.144023580,7268.290,7286.200,17.910,,,ok
5218,167.162552160,167.169840650,167.169839530,7288.490,7287.370,1.120,,,ok
5219,167.188631730,167.195919900,167.195983010,7288.170,7351.280,63.110,,,ok
5220,167.213951440,167.221238150,167.221240410,7286.710,7288.970,2.260,,,ok
5221,167.239736960,167.247026630,167.247024640,7289.670,7287.680,1.990,,,ok
5222,167.263833540,167.271119970,167.271123080,7286.430,7289.540,3.110,,,ok
5223,167.289024980,167.296313380,167.296310440,7288.400,7285.460,2.940,,,ok
5224,167.314302210,,167.321589780,,7287.570,,,,missing_rx1
5225,167.339557880,167.346844760,167.346843270,7286.880,7285.390,1.490,50.531,,ok
5226,167.365397220,167.372683120,167.372685750,7285.900,7288.530,2.630,,,ok
5227,167.391130410,167.398416660,167.398419170,7286.250,7288.760,2.510,,,ok
5228,167.415384920,167.422672310,167.422673530,7287.390,7288.610,1.220,,,ok
5229,167.440290920,167.447578460,167.447575680,7287.540,7284.760,2.780,,,ok
5230,167.465359340,167.472646670,167.472644040,7287.330,7284.700,2.630,,,ok
5231,167.489929300,167.497215230,167.497218690,7285.930,7289.390,3.460,,,ok
5232,167.515659380,167.522948550,167.522947170,7289.170,7287.790,1.380,,,ok
5233,167.539925250,167.547211170,167.547209860,7285.920,7284.610,1.310,,,ok
5234,167.565440740,167.572730360,167.572729120,7289.620,7288.380,1.240,,,ok
5235,167.590481650,167.597766280,167.597766810,7284.630,7285.160,0.530,,,ok
5236,167.615025670,167.622312200,167.622313520,7286.530,7287.850,1.320,,,ok
5237,167.638705770,167.645995390,167.645994300,7289.620,7288.530,1.090,,,ok
5238,167.663681710,167.670968810,167.670967950,7287.100,7286.240,0.860,,,ok
5239,167.689559060,167.696846230,167.696843720,7287.170,7284.660,2.510,,,ok
5240,167.715326570,167.722615500,167.722614690,7288.930,7288.120,0.810,,,ok
5241,167.741059950,167.748348040,167.748347130,7288.090,7287.180,0.910,,,ok
5242,167.766772620,167.774056400,167.774061420,7283.780,7288.800,5.020,,,ok
5243,167.790621110,167.797910590,167.797909740,7289.480,7288.630,0.850,,,ok
5244,167.816349450,167.823634110,167.823637450,7284.660,7288.000,3.340,,,ok
5245,167.839969030,167.847256680,167.847255670,7287.650,7286.640,1.010,,,ok
5246,167.864863090,167.872149430,167.872147500,7286.340,7284.410,1.930,,,ok
5247,167.889496000,167.896783350,167.896783760,7287.350,7287.760,0.410,,,ok
5248,167.913185310,167.920472520,167.920472120,7287.210,7286.810,0.400,,,ok
5249,167.936993260,167.944278550,167.944280480,7285.290,7287.220,1.930,,,ok
5250,167.962689050,167.969979130,167.969978690,7290.080,7289.640,0.440,,,ok
5251,167.987868100,167.995157820,167.995156150,7289.720,7288.050,1.670,,,ok
5252,168.013446310,168.020734650,168.020735780,7288.340,7289.470,1.130,,,ok
5253,168.038852140,168.046139490,168.046139060,7287.350,7286.920,0.430,,,ok
5254,168.062758260,168.070045580,168.070047350,7287.320,7289.090,1.770,,,ok
5255,168.088353330,168.095641250,168.095639940,7287.920,7286.610,1.310,,,ok
5256,168.114023980,168.121309410,168.121309460,7285.430,7285.480,0.050,,,ok
5257,168.137769140,168.145057150,168.145056530,7288.010,7287.390,0.620,,,ok
5258,168.162762970,168.170074000,168.170051100,7311.030,7288.130,22.900,,,ok
5259,168.187816470,168.195104900,168.195103790,7288.430,7287.320,1.110,,,ok
5260,168.212769740,168.220058380,168.220058270,7288.640,7288.530,0.110,,,ok
5261,168.238470500,168.245756530,168.245756550,7286.030,7286.050,0.020,,,ok
5262,168.264165040,168.271449840,168.271455120,7284.800,7290.080,5.280,,,ok
5263,168.287952870,168.295236950,168.295243410,7284.080,7290.540,6.460,,,ok
5264,168.313689000,168.320976740,168.320976790,7287.740,7287.790,0.050,,,ok
5265,168.337858220,168.345144140,168.345142590,7285.920,7284.370,1.550,,,ok
5266,168.363653890,168.370943410,168.371007280,7289.520,7353.390,63.870,,,ok
5267,168.387871700,168.395161830,168.395162030,7290.130,7290.330,0.200,,,ok
5268,168.413573180,168.420860080,168.420859410,7286.900,7286.230,0.670,,,ok
5269,168.438017720,168.445303610,168.445302540,7285.890,7284.820,1.070,,,ok
5270,168.463606290,168.470891860,168.470892360,7285.570,7286.070,0.500,,,ok
5271,168.489350750,168.496640300,168.496635720,7289.550,7284.970,4.580,,,ok
5272,168.514986730,168.522273690,168.522274220,7286.960,7287.490,0.530,,,ok
5273,168.540745630,168.548032010,168.548032540,7286.380,7286.910,0.530,,,ok
5274,168.564708650,168.571995340,168.571995840,7286.690,7287.190,0.500,,,ok
5275,168.589068310,168.596353890,168.596354420,7285.580,7286.110,0.530,,,ok
5276,168.614392270,168.621677100,168.621682950,7284.830,7290.680,5.850,,,ok
5277,168.638186700,168.645474660,168.645476160,7287.960,7289.460,1.500,,,ok
5278,168.663696700,168.670983770,168.670983750,7287.070,7287.050,0.020,,,ok
5279,168.689599770,168.696887310,168.696885420,7287.540,7285.650,1.890,,,ok
5280,168.714848690,168.722135520,168.722136590,7286.830,7287.900,1.070,,,ok
5281,168.739905540,168.747143880,168.747192430,7238.340,7286.890,48.550,,,ok
5282,168.765283360,168.772569900,168.772573370,7286.540,7290.010,3.470,,,ok
5283,168.790204150,168.797488510,168.797491890,7284.360,7287.740,3.380,,,ok
5284,168.815898880,168.823184260,168.823185310,7285.380,7286.430,1.050,,,ok
5285,168.841325760,168.848672400,168.848611280,7346.640,7285.520,61.120,,,ok
5286,168.866879220,168.874165970,168.874166050,7286.750,7286.830,0.080,,,ok
5287,168.891670010,168.898959280,168.898955430,7289.270,7285.420,3.850,,,ok
5288,168.916522680,168.923807910,168.923807830,7285.230,7285.150,0.080,,,ok
5289,168.942285370,168.949571220,168.949571500,7285.850,7286.130,0.280,,,ok
5290,168.967066680,168.974353810,168.974354420,7287.130,7287.740,0.610,,,ok
5291,168.991539220,168.998827960,168.998829220,7288.740,7290.000,1.260,,,ok
5292,169.017360990,169.024645310,169.024647600,7284.320,7286.610,2.290,,,ok
5293,169.041777160,169.049063790,169.049065080,7286.630,7287.920,1.290,,,ok
5294,169.066970950,169.074256670,169.074259440,7285.720,7288.490,2.770,,,ok
5295,169.090930030,169.098216570,169.098216840,7286.540,7286.810,0.270,,,ok
5296,169.116335820,169.123623930,169.123626240,7288.110,7290.420,2.310,,,ok
5297,169.140502090,169.147787280,169.147789700,7285.190,7287.610,2.420,,,ok
5298,169.165140840,169.172426490,169.172428060,7285.650,7287.220,1.570,,,ok
5299,169.190994490,169.198277500,169.198278900,7283.010,7284.410,1.400,,,ok
5300,169.214574580,169.221863500,169.221859940,7288.920,7285.360,3.560,,,ok
5301,169.239891580,169.247181650,169.247170050,7290.070,7278.470,11.600,,,ok
5302,169.264909730,169.272195150,169.272195890,7285.420,7286.160,0.740,,,ok
5303,169.290671570,169.297958570,169.297960310,7287.000,7288.740,1.740,,,ok
5304,169.316434070,169.323720940,169.323723420,7286.870,7289.350,2.480,,,ok
5305,169.342484910,169.349768750,169.349771260,7283.840,7286.350,2.510,,,ok
5306,169.366497900,169.373783570,169.373784570,7285.670,7286.670,1.000,,,ok
5307,169.391515700,169.398801930,169.398803870,7286.230,7288.170,1.940,,,ok
5308,169.417430140,169.424720410,169.424717290,7290.270,7287.150,3.120,,,ok
5309,169.442502740,169.449787530,169.449790790,7284.790,7288.050,3.260,,,ok
5310,169.467681660,169.474967080,169.474966800,7285.420,7285.140,0.280,,,ok
5311,169.492444660,169.499730350,169.499732780,7285.690,7288.120,2.430,,,ok
5312,169.517923660,169.525208870,169.525210990,7285.210,7287.330,2.120,,,ok
5313,169.542534490,169.549822160,169.549823120,7287.670,7288.630,0.960,,,ok
5314,169.566537220,169.573824270,169.573822040,7287.050,7284.820,2.230,,,ok
5315,169.592296850,169.599582730,169.599633820,7285.880,7336.970,51.090,,,ok
5316,169.617894680,169.625182460,169.625179570,7287.780,7284.890,2.890,,,ok
5317,169.643665350,169.650949420,169.650952300,7284.070,7286.950,2.880,,,ok
5318,169.667573280,169.674859170,169.674861660,7285.890,7288.380,2.490,,,ok
5319,169.692661870,169.699947550,169.699949900,7285.680,7288.030,2.350,,,ok
5320,169.718466750,169.725755900,169.725753320,7289.150,7286.570,2.580,,,ok
5321,169.744164230,169.751453030,169.751451720,7288.800,7287.490,1.310,,,ok
5322,169.769748940,169.777037550,169.777035140,7288.610,7286.200,2.410,,,ok
5323,169.795386070,169.802670220,169.802638770,7284.150,7252.700,31.450,,,ok
5324,169.821202300,169.828488490,169.828492060,7286.190,7289.760,3.570,,,ok
5325,169.846525030,169.853812680,169.853810210,7287.650,7285.180,2.470,,,ok
5326,169.870723550,169.878010180,169.878008990,7286.630,7285.440,1.190,,,ok
5327,169.896197510,169.903483120,169.903487370,7285.610,7289.860,4.250,,,ok
5328,169.921193860,169.928482100,169.928479910,7288.240,7286.050,2.190,,,ok
5329,169.946951970,169.954241210,169.954238980,7289.240,7287.010,2.230,,,ok
5330,169.971328090,169.978614710,169.978617630,7286.620,7289.540,2.920,,,ok
5331,169.996299070,170.003588130,170.003585900,7289.060,7286.830,2.230,,,ok
5332,170.022281330,170.029617650,170.029568390,7336.320,7287.060,49.260,,,ok
5333,170.047405660,170.054694820,170.054691450,7289.160,7285.790,3.370,,,ok
5334,170.073337730,170.080623130,170.080625210,7285.400,7287.480,2.080,,,ok
5335,170.098985170,170.106270190,170.106274650,7285.020,7289.480,4.460,,,ok
5336,170.123257180,170.130544860,170.130542200,7287.680,7285.020,2.660,,,ok
5337,170.147657810,170.154942010,170.154946600,7284.200,7288.790,4.590,,,ok
5338,170.173326480,170.180615660,170.180614950,7289.180,7288.470,0.710,,,ok
5339,170.197520300,170.204809040,170.204808330,7288.740,7288.030,0.710,,,ok
5340,170.222897220,170.230182180,170.230185880,7284.960,7288.660,3.700,,,ok
5341,170.248721770,170.256006790,170.256010170,7285.020,7288.400,3.380,,,ok
5342,170.274550860,170.281839190,170.281836070,7288.330,7285.210,3.120,,,ok
5343,170.299859750,170.307148560,170.307146220,7288.810,7286.470,2.340,,,ok
5344,170.325284400,170.332572020,170.332570460,7287.620,7286.060,1.560,,,ok
5345,170.350781340,170.358070500,170.358134250,7289.160,7352.910,63.750,,,ok
5346,170.375898570,170.383186040,170.383187280,7287.470,7288.710,1.240,,,ok
5347,170.401591620,170.408884520,170.408879720,7292.900,7288.100,4.800,,,ok
5348,170.427410890,170.434699520,170.434699020,7288.630,7288.130,0.500,,,ok
5349,170.453384570,170.460671150,170.460672500,7286.580,7287.930,1.350,,,ok
5350,170.477874150,170.485162090,170.485161000,7287.940,7286.850,1.090,,,ok
5351,170.503512800,170.510798010,170.510799470,7285.210,7286.670,1.460,,,ok
5352,170.529267220,170.536552990,170.536552870,7285.770,7285.650,0.120,,,ok
5353,170.554000380,170.561287470,170.561286410,7287.090,7286.030,1.060,,,ok
5354,170.577554350,170.584840700,170.584839600,7286.350,7285.250,1.100,,,ok
5355,170.602964360,170.610254100,170.610252170,7289.740,7287.810,1.930,,,ok
5356,170.628311210,170.635597410,170.635601460,7286.200,7290.250,4.050,,,ok
5357,170.654170090,170.661454850,170.661460050,7284.760,7289.960,5.200,,,ok
5358,170.679833370,170.687119040,170.687123410,7285.670,7290.040,4.370,,,ok
5359,170.705563310,170.712852250,170.712851040,7288.940,7287.730,1.210,,,ok
5360,170.729503240,170.736790830,170.736790210,7287.590,7286.970,0.620,,,ok
5361,170.753490500,170.760778400,170.760776150,7287.900,7285.650,2.250,,,ok
5362,170.776919450,170.784206650,170.784207050,7287.200,7287.600,0.400,,,ok
5363,170.800828860,170.808115200,170.808114640,7286.340,7285.780,0.560,,,ok
5364,170.824545440,170.831834390,170.831833750,7288.950,7288.310,0.640,,,ok
5365,170.849858790,170.857147950,170.857146560,7289.160,7287.770,1.390,,,ok
5366,170.873550330,170.880836310,170.880835800,7285.980,7285.470,0.510,,,ok
5367,170.897366030,170.904653610,170.904652800,7287.580,7286.770,0.810,,,ok
5368,170.921216840,170.928502960,170.928501780,7286.120,7284.940,1.180,,,ok
5369,170.945022140,170.952310340,170.952310080,7288.200,7287.940,0.260,,,ok
5370,170.968887780,170.976173970,170.976173520,7286.190,7285.740,0.450,,,ok
5371,170.994647330,171.001932220,171.001937810,7284.890,7290.480,5.590,,,ok
5372,171.020722540,171.028011530,171.028011190,7288.990,7288.650,0.340,,,ok
5373,171.045138040,171.052423970,171.052488530,7285.930,7350.490,64.560,,,ok
5374,171.070642370,171.077925740,171.077928140,7283.370,7285.770,2.400,,,ok
5375,171.094770490,171.102056600,171.102055790,7286.110,7285.300,0.810,,,ok
5376,171.118611300,171.125899980,171.125900040,7288.680,7288.740,0.060,,,ok
5377,171.143863400,171.151148520,171.151153480,7285.120,7290.080,4.960,,,ok
5378,171.169686300,171.176971860,171.176976740,7285.560,7290.440,4.880,,,ok
5379,171.193267610,171.200555110,171.200554100,7287.500,7286.490,1.010,,,ok
5380,171.216938410,171.224228570,171.224226100,7290.160,7287.690,2.470,,,ok
5381,171.241421410,171.248707030,171.248707120,7285.620,7285.710,0.090,,,ok
5382,171.266513660,171.273800220,171.273798000,7286.560,7284.340,2.220,,,ok
5383,171.291818830,171.299107850,171.299108880,7289.020,7290.050,1.030,,,ok
5384,171.317592410,171.324881870,171.324945410,7289.460,7353.000,63.540,,,ok
5385,171.342926370,171.350215370,171.350214720,7289.000,7288.350,0.650,,,ok
5386,171.366799660,,171.374089060,,7289.400,,,,missing_rx1
5387,171.392528000,171.399816730,171.399762810,7288.730,7234.810,53.920,49.601,,ok
5388,171.418352580,171.425640210,171.425640190,7287.630,7287.610,0.020,,,ok
5389,171.442381830,171.449668520,171.449666880,7286.690,7285.050,1.640,,,ok
5390,171.466478610,171.473764550,171.473767760,7285.940,7289.150,3.210,,,ok
5391,171.492413740,171.499700420,171.499699830,7286.680,7286.090,0.590,,,ok
5392,171.518170620,171.525457780,171.525459810,7287.160,7289.190,2.030,,,ok
5393,171.542600120,171.549887200,171.549888130,7287.080,7288.010,0.930,,,ok
5394,171.567164390,171.574449530,171.574450360,7285.140,7285.970,0.830,,,ok
5395,171.591514200,171.598801490,171.598797660,7287.290,7283.460,3.830,,,ok
5396,171.617404310,171.624689720,171.624693410,7285.410,7289.100,3.690,,,ok
5397,171.641765240,171.649050720,171.649050670,7285.480,7285.430,0.050,,,ok
5398,171.666572510,171.673858960,171.673860340,7286.450,7287.830,1.380,,,ok
5399,171.691037070,171.698322310,171.698323550,7285.240,7286.480,1.240,,,ok
5400,171.715265900,171.722548380,171.722552200,7282.480,7286.300,3.820,,,ok
5401,171.740701040,171.747989250,171.747989100,7288.210,7288.060,0.150,,,ok
5402,171.766532740,171.773819860,171.773818040,7287.120,7285.300,1.820,,,ok
5403,171.791598630,171.798885000,171.798887380,7286.370,7288.750,2.380,,,ok
5404,171.817055990,171.824343090,171.824344820,7287.100,7288.830,1.730,,,ok
5405,171.840772480,171.848057800,171.848059150,7285.320,7286.670,1.350,,,ok
5406,171.866494260,171.873781010,171.873782720,7286.750,7288.460,1.710,,,ok
5407,171.891846070,171.899134220,171.899136020,7288.150,7289.950,1.800,,,ok
5408,171.917155820,171.924441910,171.924441870,7286.090,7286.050,0.040,,,ok
5409,171.942492160,171.949781200,171.949777770,7289.040,7285.610,3.430,,,ok
5410,171.966658440,171.973943470,171.973946260,7285.030,7287.820,2.790,,,ok
5411,171.992415780,171.999702140,171.999704780,7286.360,7289.000,2.640,,,ok
5412,172.017374410,172.024660580,172.024723080,7286.170,7348.670,62.500,,,ok
5413,172.043261700,172.050549810,172.050551350,7288.110,7289.650,1.540,,,ok
5414,172.068960810,172.076297120,172.076248920,7336.310,7288.110,48.200,,,ok
5415,172.093954690,172.101240520,172.101243530,7285.830,7288.840,3.010,,,ok
5416,172.119740290,172.127029680,172.127026720,7289.390,7286.430,2.960,,,ok
5417,172.145500380,172.152787310,172.152788970,7286.930,7288.590,1.660,,,ok
5418,172.171297780,172.178585120,172.178583620,7287.340,7285.840,1.500,,,ok
5419,172.197162830,172.204514870,172.204451980,7352.040,7289.150,62.890,,,ok
5420,172.222969650,172.230257480,172.230254590,7287.830,7284.940,2.890,,,ok
5421,172.247032100,172.254321600,172.254384570,7289.500,7352.470,62.970,,,ok
5422,172.272794940,172.280079230,172.280081160,7284.290,7286.220,1.930,,,ok
5423,172.298453190,172.305743500,172.305739950,7290.310,7286.760,3.550,,,ok
5424,172.324283300,172.331570940,172.331569190,7287.640,7285.890,1.750,,,ok
5425,172.349859530,172.357142750,172.357146480,7283.220,7286.950,3.730,,,ok
5426,172.373877560,172.381162840,172.381165980,7285.280,7288.420,3.140,,,ok
5427,172.399671420,172.406956840,172.406959410,7285.420,7287.990,2.570,,,ok
5428,172.423753270,172.431040530,172.431042680,7287.260,7289.410,2.150,,,ok
5429,172.449635170,172.456922840,172.456920390,7287.670,7285.220,2.450,,,ok
5430,172.475293970,172.482579510,172.482579600,7285.540,7285.630,0.090,,,ok
5431,172.500644390,172.507929070,172.507933090,7284.680,7288.700,4.020,,,ok
5432,172.526444220,172.533733740,172.533731630,7289.520,7287.410,2.110,,,ok
5433,172.552263210,172.559552150,172.559550050,7288.940,7286.840,2.100,,,ok
5434,172.576800660,172.584089610,172.584088140,7288.950,7287.480,1.470,,,ok
5435,172.602679520,172.609968990,172.609966940,7289.470,7287.420,2.050,,,ok
5436,172.627684940,172.634971370,172.634974250,7286.430,7289.310,2.880,,,ok
5437,172.651558780,172.658794490,172.658847780,7235.710,7289.000,53.290,,,ok
5438,172.676732350,172.684018410,172.684022110,7286.060,7289.760,3.700,,,ok
5439,172.702634950,172.709922410,172.709924180,7287.460,7289.230,1.770,,,ok
5440,172.728419690,172.735703470,172.735706370,7283.780,7286.680,2.900,,,ok
5441,172.754328630,172.761612870,172.761616190,7284.240,7287.560,3.320,,,ok
5442,172.779810320,172.787056060,172.787100750,7245.740,7290.430,44.690,,,ok
5443,172.804299090,172.811585250,172.811589190,7286.160,7290.100,3.940,,,ok
5444,172.830145950,172.837433620,172.837430070,7287.670,7284.120,3.550,,,ok
5445,172.854947010,172.862232830,172.862236140,7285.820,7289.130,3.310,,,ok
5446,172.880706510,172.887990350,172.887991790,7283.840,7285.280,1.440,,,ok
5447,172.906531580,172.913818620,172.913817730,7287.040,7286.150,0.890,,,ok
5448,172.932235700,172.939522910,172.939521190,7287.210,7285.490,1.720,,,ok
5449,172.958014440,172.965300460,172.965302200,7286.020,7287.760,1.740,,,ok
5450,172.983445440,172.990734770,172.990733160,7289.330,7287.720,1.610,,,ok
5451,173.009248530,173.016537140,173.016535330,7288.610,7286.800,1.810,,,ok
5452,173.034184900,173.041471440,173.041469890,7286.540,7284.990,1.550,,,ok
5453,173.058914460,173.066197290,173.066267480,7282.830,7353.020,70.190,,,ok
5454,173.084263070,173.091611000,173.091552090,7347.930,7289.020,58.910,,,ok
5455,173.108816730,173.116099090,173.116105240,7282.360,7288.510,6.150,,,ok
5456,173.133896190,173.141184050,173.141166700,7287.860,7270.510,17.350,,,ok
5457,173.159268650,173.166540860,173.166556910,7272.210,7288.260,16.050,,,ok
5458,173.184267500,173.191556610,173.191554500,7289.110,7287.000,2.110,,,ok
5459,173.209133190,173.216420150,173.216416250,7286.960,7283.060,3.900,,,ok
5460,173.234853920,173.242143550,173.242142360,7289.630,7288.440,1.190,,,ok
5461,173.260300300,173.267586900,173.267585890,7286.600,7285.590,1.010,,,ok
5462,173.286121900,173.293409450,173.293408140,7287.550,7286.240,1.310,,,ok
5463,173.311665450,173.318953570,173.318952370,7288.120,7286.920,1.200,,,ok
5464,173.336011050,173.343296050,173.343300960,7285.000,7289.910,4.910,,,ok
5465,173.361875240,173.369160360,173.369161920,7285.120,7286.680,1.560,,,ok
5466,173.387048930,173.394338760,173.394336950,7289.830,7288.020,1.810,,,ok
5467,173.412868970,173.420157280,173.420156220,7288.310,7287.250,1.060,,,ok
5468,173.438596190,173.445884370,173.445884580,7288.180,7288.390,0.210,,,ok
5469,173.464292230,173.471578840,173.471577120,7286.610,7284.890,1.720,,,ok
5470,173.489316750,173.496607260,173.496606420,7290.510,7289.670,0.840,,,ok
5471,173.515190210,173.522472820,173.522478530,7282.610,7288.320,5.710,,,ok
5472,173.539425920,173.546714030,173.546713470,7288.110,7287.550,0.560,,,ok
5473,173.565122250,173.572412200,173.572410830,7289.950,7288.580,1.370,,,ok
5474,173.591011360,173.598298310,173.598300100,7286.950,7288.740,1.790,,,ok
5475,173.616643490,173.623928930,173.623932770,7285.440,7289.280,3.840,,,ok
5476,173.641793300,173.649081660,173.649080940,7288.360,7287.640,0.720,,,ok
5477,173.666476230,173.673766100,173.673762940,7289.870,7286.710,3.160,,,ok
5478,173.692603610,173.699888040,173.699893890,7284.430,7290.280,5.850,,,ok
5479,173.717916120,173.725201640,173.725202350,7285.520,7286.230,0.710,,,ok
5480,173.741802880,173.749091040,173.749088310,7288.160,7285.430,2.730,,,ok
5481,173.767575260,173.774864390,173.774864150,7289.130,7288.890,0.240,,,ok
5482,173.793277340,173.800562790,173.800566610,7285.450,7289.270,3.820,,,ok
5483,173.818298660,173.825585140,173.825583280,7286.480,7284.620,1.860,,,ok
5484,173.842004190,173.849289670,173.849289430,7285.480,7285.240,0.240,,,ok
5485,173.866553100,173.873836750,173.873842720,7283.650,7289.620,5.970,,,ok
5486,173.891795500,173.899081380,173.899081040,7285.880,7285.540,0.340,,,ok
5487,173.917631110,173.924917290,173.924918580,7286.180,7287.470,1.290,,,ok
5488,173.943257760,173.950548000,173.950543110,7290.240,7285.350,4.890,,,ok
5489,173.967735610,173.975020320,173.975020590,7284.710,7284.980,0.270,,,ok
5490,173.992895730,174.000184760,174.000184930,7289.030,7289.200,0.170,,,ok
5491,174.018487710,174.025777340,174.025773350,7289.630,7285.640,3.990,,,ok
5492,174.042261140,174.049546470,174.049550830,7285.330,7289.690,4.360,,,ok
5493,174.067955020,174.075244110,174.075242750,7289.090,7287.730,1.360,,,ok
5494,174.092158700,174.099447350,174.099447530,7288.650,7288.830,0.180,,,ok
5495,174.117615390,174.124901660,174.124901090,7286.270,7285.700,0.570,,,ok
5496,174.143123040,174.150408800,174.150410430,7285.760,7287.390,1.630,,,ok
5497,174.169038310,174.176390200,174.176327970,7351.890,7289.660,62.230,,,ok
5498,174.192788120,174.200136720,174.200136190,7348.600,7348.070,0.530,,,ok
5499,174.218700230,174.225989120,174.225985610,7288.890,7285.380,3.510,,,ok
5500,174.244045560,174.251332640,174.251334000,7287.080,7288.440,1.360,,,ok
5501,174.269579870,174.276865850,174.276866220,7285.980,7286.350,0.370,,,ok
5502,174.295377540,174.302665240,174.302665970,7287.700,7288.430,0.730,,,ok
5503,174.319344750,174.326633580,174.326634450,7288.830,7289.700,0.870,,,ok
5504,174.342953010,174.350239610,174.350241460,7286.600,7288.450,1.850,,,ok
5505,174.368263490,174.375549710,174.375551150,7286.220,7287.660,1.440,,,ok
5506,174.392006370,174.399293730,174.399294530,7287.360,7288.160,0.800,,,ok
5507,174.415625570,174.422911340,174.422978260,7285.770,7352.690,66.920,,,ok
5508,174.441443680,174.448729380,174.448730240,7285.700,7286.560,0.860,,,ok
5509,174.465599720,174.472888070,174.472887350,7288.350,7287.630,0.720,,,ok
5510,174.489128000,174.496417200,174.496418160,7289.200,7290.160,0.960,,,ok
5511,174.512962220,174.520250640,174.520250630,7288.420,7288.410,0.010,,,ok
5512,174.537929140,174.545216520,174.545215150,7287.380,7286.010,1.370,,,ok
5513,174.562987200,174.570269830,174.570271030,7282.630,7283.830,1.200,,,ok
5514,174.586504750,174.593790060,174.593791910,7285.310,7287.160,1.850,,,ok
5515,174.612129710,174.619419120,174.619414470,7289.410,7284.760,4.650,,,ok
5516,174.638280950,174.645567620,174.645567830,7286.670,7286.880,0.210,,,ok
5517,174.663349130,174.670635980,174.670636330,7286.850,7287.200,0.350,,,ok
5518,174.687438900,174.694691190,174.694725610,7252.290,7286.710,34.420,,,ok
5519,174.711336450,174.718621400,174.718623940,7284.950,7287.490,2.540,,,ok
5520,174.736939040,174.744226170,174.744227530,7287.130,7288.490,1.360,,,ok
5521,174.762889770,174.770179380,174.770185560,7289.610,7295.790,6.180,,,ok
5522,174.788137000,174.795422920,174.795423330,7285.920,7286.330,0.410,,,ok
5523,174.813368040,174.820655300,174.820655310,7287.260,7287.270,0.010,,,ok
5524,174.839431770,174.846719670,174.846721070,7287.900,7289.300,1.400,,,ok
5525,174.863477600,174.870762860,174.870763670,7285.260,7286.070,0.810,,,ok
5526,174.889284150,174.896571360,174.896572950,7287.210,7288.800,1.590,,,ok
5527,174.914693850,174.921978950,174.921981660,7285.100,7287.810,2.710,,,ok
5528,174.939883190,174.947173090,174.947168500,7289.900,7285.310,4.590,,,ok
5529,174.964556270,174.971846450,174.971842370,7290.180,7286.100,4.080,,,ok
5530,174.990373310,174.997658990,174.997661630,7285.680,7288.320,2.640,,,ok
5531,175.014179510,175.021468180,175.021465110,7288.670,7285.600,3.070,,,ok
5532,175.039683410,175.046971700,175.046973510,7288.290,7290.100,1.810,,,ok
5533,175.065450790,175.072739950,175.072736890,7289.160,7286.100,3.060,,,ok
5534,175.090991580,175.098278570,175.098280270,7286.990,7288.690,1.700,,,ok
5535,175.116841920,175.124131760,175.124128810,7289.840,7286.890,2.950,,,ok
5536,175.142601130,175.149888760,175.149886460,7287.630,7285.330,2.300,,,ok
5537,175.167937800,175.175222620,175.175225740,7284.820,7287.940,3.120,,,ok
5538,175.193351630,175.200635820,175.200638970,7284.190,7287.340,3.150,,,ok
5539,175.217162140,175.224450140,175.224451390,7288.000,7289.250,1.250,,,ok
5540,175.242658790,175.249947490,175.249943200,7288.700,7284.410,4.290,,,ok
5541,175.268513770,175.275799280,175.275804370,7285.510,7290.600,5.090,,,ok
5542,175.294259860,175.301545530,175.301546810,7285.670,7286.950,1.280,,,ok
5543,175.318451710,175.325738770,175.325764940,7287.060,7313.230,26.170,,,ok
5544,175.344357020,175.351640890,175.351644740,7283.870,7287.720,3.850,,,ok
5545,175.370470570,175.377754600,175.377757930,7284.030,7287.360,3.330,,,ok
5546,175.395638630,175.402928910,175.402925450,7290.280,7286.820,3.460,,,ok
5547,175.421164110,175.428452180,175.428448940,7288.070,7284.830,3.240,,,ok
5548,175.446602820,175.453889620,175.453953400,7286.800,7350.580,63.780,,,ok
5549,175.471647880,175.478932850,175.478936630,7284.970,7288.750,3.780,,,ok
5550,175.495357640,175.502647430,175.502644340,7289.790,7286.700,3.090,,,ok
5551,175.521276710,175.528564370,175.528563390,7287.660,7286.680,0.980,,,ok
5552,175.544967780,175.552253880,175.552256790,7286.100,7289.010,2.910,,,ok
5553,175.568615250,175.575902420,175.575897710,7287.170,7282.460,4.710,,,ok
5554,175.592567560,175.599855800,175.599853810,7288.240,7286.250,1.990,,,ok
5555,175.617589890,175.624879300,175.624871960,7289.410,7282.070,7.340,,,ok
5556,175.641924510,175.649212680,175.649210400,7288.170,7285.890,2.280,,,ok
5557,175.667736410,175.675026090,175.675022780,7289.680,7286.370,3.310,,,ok
5558,175.693364200,175.700649420,175.700652390,7285.220,7288.190,2.970,,,ok
5559,175.718742760,175.725995880,175.726030020,7253.120,7287.260,34.140,,,ok
5560,175.742641650,175.749930240,175.749928420,7288.590,7286.770,1.820,,,ok
5561,175.768501920,175.775789570,175.775786860,7287.650,7284.940,2.710,,,ok
5562,175.791993080,175.799282890,175.799281130,7289.810,7288.050,1.760,,,ok
5563,175.815950320,175.823236200,175.823238880,7285.880,7288.560,2.680,,,ok
5564,175.839817670,175.847103370,175.847107990,7285.700,7290.320,4.620,,,ok
5565,175.865632130,175.872917980,175.872921330,7285.850,7289.200,3.350,,,ok
5566,175.891386050,175.898676430,175.898674710,7290.380,7288.660,1.720,,,ok
5567,175.916672770,175.923959770,175.924028170,7287.000,7355.400,68.400,,,ok
5568,175.941251060,175.948535790,175.948535250,7284.730,7284.190,0.540,,,ok
5569,175.967097610,175.974386560,175.974384200,7288.950,7286.590,2.360,,,ok
5570,175.991361290,175.998649080,175.998648490,7287.790,7287.200,0.590,,,ok
5571,176.015323450,176.022612360,176.022611990,7288.910,7288.540,0.370,,,ok
5572,176.041119120,176.048405500,176.048405290,7286.380,7286.170,0.210,,,ok
5573,176.066812330,176.074100020,176.074096310,7287.690,7283.980,3.710,,,ok
5574,176.093439850,176.100727440,176.100725900,7287.590,7286.050,1.540,,,ok
5575,176.119157380,176.126446890,176.126445490,7289.510,7288.110,1.400,,,ok
5576,176.143678020,176.150963810,176.150963950,7285.790,7285.930,0.140,,,ok
5577,176.168379520,176.175668380,176.175664970,7288.860,7285.450,3.410,,,ok
5578,176.192565840,176.199851790,176.199855910,7285.950,7290.070,4.120,,,ok
5579,176.216276810,176.223564300,176.223562870,7287.490,7286.060,1.430,,,ok
5580,176.239981840,176.247268780,176.247267690,7286.940,7285.850,1.090,,,ok
5581,176.264689510,176.271977010,176.271975130,7287.500,7285.620,1.880,,,ok
5582,176.290411860,176.297764930,176.297698650,7353.070,7286.790,66.280,,,ok
5583,176.315019780,176.322308840,176.322307910,7289.060,7288.130,0.930,,,ok
5584,176.340139570,176.347425840,176.347425510,7286.270,7285.940,0.330,,,ok
5585,176.363683810,176.370970430,176.370968520,7286.620,7284.710,1.910,,,ok
5586,176.387412690,176.394699020,176.394696940,7286.330,7284.250,2.080,,,ok
5587,176.411922860,176.419212180,176.419211710,7289.320,7288.850,0.470,,,ok
5588,176.437545880,176.444829910,176.444835130,7284.030,7289.250,5.220,,,ok
5589,176.462258360,176.469541460,176.469547530,7283.100,7289.170,6.070,,,ok
5590,176.487982690,176.495267310,176.495271890,7284.620,7289.200,4.580,,,ok
5591,176.512718080,176.520004560,176.520004370,7286.480,7286.290,0.190,,,ok
5592,176.537296660,176.544584190,176.544583690,7287.530,7287.030,0.500,,,ok
5593,176.562299720,176.569585040,176.569587060,7285.320,7287.340,2.020,,,ok
5594,176.588033640,176.595319920,176.595320570,7286.280,7286.930,0.650,,,ok
5595,176.613846290,176.621132060,176.621133050,7285.770,7286.760,0.990,,,ok
5596,176.637623580,176.644911400,176.644911470,7287.820,7287.890,0.070,,,ok
5597,176.663281020,176.670570060,176.670570950,7289.040,7289.930,0.890,,,ok
5598,176.688380390,176.695669540,176.695669160,7289.150,7288.770,0.380,,,ok
5599,176.713332350,176.720615360,176.720622600,7283.010,7290.250,7.240,,,ok
5600,176.739126240,176.746413840,176.746480590,7287.600,7354.350,66.750,,,ok
5601,176.763539620,176.770828170,176.770823630,7288.550,7284.010,4.540,,,ok
5602,176.788112440,176.795397090,176.795396990,7284.650,7284.550,0.100,,,ok
5603,176.814134700,176.821417340,176.821421550,7282.640,7286.850,4.210,,,ok
5604,176.838869420,176.846154730,176.846154490,7285.310,7285.070,0.240,,,ok
5605,176.864734820,176.872020670,176.872023140,7285.850,7288.320,2.470,,,ok
5606,176.888897960,176.896252010,176.896186750,7354.050,7288.790,65.260,,,ok
5607,176.912906370,176.920192300,176.920194940,7285.930,7288.570,2.640,,,ok
5608,176.938614500,176.945902260,176.945903490,7287.760,7288.990,1.230,,,ok
5609,176.963318660,176.970605670,176.970605860,7287.010,7287.200,0.190,,,ok
5610,176.987860120,176.995148990,176.995150220,7288.870,7290.100,1.230,,,ok
5611,177.013277970,177.020565760,177.020566220,7287.790,7288.250,0.460,,,ok
5612,177.037434990,177.044719140,177.044720910,7284.150,7285.920,1.770,,,ok
5613,177.063140680,177.070429990,177.070427920,7289.310,7287.240,2.070,,,ok
5614,177.087270230,177.094558580,177.094559070,7288.350,7288.840,0.490,,,ok
5615,177.112259580,177.119545870,177.119547360,7286.290,7287.780,1.490,,,ok
5616,177.136587660,177.143875140,177.143875680,7287.480,7288.020,0.540,,,ok
5617,177.162310500,177.169597660,177.169598280,7287.160,7287.780,0.620,,,ok
5618,177.188149480,177.195501450,177.195437540,7351.970,7288.060,63.910,,,ok
5619,177.213254290,177.220538030,177.220540210,7283.740,7285.920,2.180,,,ok
5620,177.237414640,177.244703680,177.244699360,7289.040,7284.720,4.320,,,ok
5621,177.260968280,177.268256080,177.268255230,7287.800,7286.950,0.850,,,ok
5622,177.284940460,177.292224600,177.292226340,7284.140,7285.880,1.740,,,ok
5623,177.310443480,177.317728060,177.317794110,7284.580,7350.630,66.050,,,ok
5624,177.335344140,177.342632190,177.342626700,7288.050,7282.560,5.490,,,ok
5625,177.361128250,177.368415540,177.368415850,7287.290,7287.600,0.310,,,ok
5626,177.386901020,177.394188270,177.394187290,7287.250,7286.270,0.980,,,ok
5627,177.412524440,177.419812330,177.419813520,7287.890,7289.080,1.190,,,ok
5628,177.438283230,177.445569500,177.445571820,7286.270,7288.590,2.320,,,ok
5629,177.462827420,177.470113980,177.470115070,7286.560,7287.650,1.090,,,ok
5630,177.488673880,177.495961520,177.495963780,7287.640,7289.900,2.260,,,ok
5631,177.513959090,177.521245890,177.521247010,7286.800,7287.920,1.120,,,ok
5632,177.538274850,177.545563480,177.545559500,7288.630,7284.650,3.980,,,ok
5633,177.563269930,177.570557540,177.570558020,7287.610,7288.090,0.480,,,ok
5634,177.588327410,177.595616000,177.595617230,7288.590,7289.820,1.230,,,ok
5635,177.614035410,177.621323060,177.621319900,7287.650,7284.490,3.160,,,ok
5636,177.639757210,177.647042890,177.647043180,7285.680,7285.970,0.290,,,ok
5637,177.663421510,177.670711060,177.670707740,7289.550,7286.230,3.320,,,ok
5638,177.689283430,177.696569540,177.696569700,7286.110,7286.270,0.160,,,ok
5639,177.714400830,177.721685500,177.721688500,7284.670,7287.670,3.000,,,ok
5640,177.739109890,177.746395380,177.746395270,7285.490,7285.380,0.110,,,ok
5641,177.762798290,177.770083650,177.770086210,7285.360,7287.920,2.560,,,ok
5642,177.786813850,177.794054650,177.794099610,7240.800,7285.760,44.960,,,ok
5643,177.812612000,177.819901230,177.819897030,7289.230,7285.030,4.200,,,ok
5644,177.836484450,177.843768860,177.843771570,7284.410,7287.120,2.710,,,ok
5645,177.861245440,177.868533180,177.868534010,7287.740,7288.570,0.830,,,ok
5646,177.887020900,177.894306490,177.894308430,7285.590,7287.530,1.940,,,ok
5647,177.912346030,177.919634070,177.919631000,7288.040,7284.970,3.070,,,ok
5648,177.938103300,177.945393070,177.945389230,7289.770,7285.930,3.840,,,ok
5649,177.963387600,177.970676420,177.970673670,7288.820,7286.070,2.750,,,ok
5650,177.987405480,177.994694030,177.994691090,7288.550,7285.610,2.940,,,ok
5651,178.013241010,178.020527440,178.020529470,7286.430,7288.460,2.030,,,ok
5652,178.038291880,178.045580630,178.045578870,7288.750,7286.990,1.760,,,ok
5653,178.063698170,178.070985110,178.070984950,7286.940,7286.780,0.160,,,ok
5654,178.088428650,178.095718420,178.095714480,7289.770,7285.830,3.940,,,ok
5655,178.113326540,178.120616840,178.120614190,7290.300,7287.650,2.650,,,ok
5656,178.138387060,178.145675220,178.145655190,7288.160,7268.130,20.030,,,ok
5657,178.162573760,178.169862760,178.169861050,7289.000,7287.290,1.710,,,ok
5658,178.188015370,178.195302110,178.195304430,7286.740,7289.060,2.320,,,ok
5659,178.211723260,178.219010450,178.219012720,7287.190,7289.460,2.270,,,ok
5660,178.237554680,178.244842820,178.244841290,7288.140,7286.610,1.530,,,ok
5661,178.261275690,178.268561260,178.268562250,7285.570,7286.560,0.990,,,ok
5662,178.287001150,178.294290430,178.294287150,7289.280,7286.000,3.280,,,ok
5663,178.310764040,178.318053850,178.318051570,7289.810,7287.530,2.280,,,ok
5664,178.335883950,178.343171330,178.343171840,7287.380,7287.890,0.510,,,ok
5665,178.360112970,178.367399770,178.367397510,7286.800,7284.540,2.260,,,ok
5666,178.385883340,178.393166540,178.393170970,7283.200,7287.630,4.430,,,ok
5667,178.409796520,178.417082370,178.417085290,7285.850,7288.770,2.920,,,ok
5668,178.433776350,178.441064900,178.441063750,7288.550,7287.400,1.150,,,ok
5669,178.459263700,178.466548330,178.466550810,7284.630,7287.110,2.480,,,ok
5670,178.485135080,178.492420060,178.492424590,7284.980,7289.510,4.530,,,ok
5671,178.510806940,178.518094910,178.518093880,7287.970,7286.940,1.030,,,ok
5672,178.535014830,178.542284790,178.542301300,7269.960,7286.470,16.510,,,ok
5673,178.558821530,178.566106650,178.566109950,7285.120,7288.420,3.300,,,ok
5674,178.583831300,178.591118380,178.591118260,7287.080,7286.960,0.120,,,ok
5675,178.608421600,178.615709480,178.615688770,7287.880,7267.170,20.710,,,ok
5676,178.634252250,178.641536520,178.641541000,7284.270,7288.750,4.480,,,ok
5677,178.658715750,178.665999770,178.666004440,7284.020,7288.690,4.670,,,ok
5678,178.684452730,178.691804440,178.691742960,7351.710,7290.230,61.480,,,ok
5679,178.710334570,178.717621580,178.717620360,7287.010,7285.790,1.220,,,ok
5680,178.736306860,178.743596310,178.743593340,7289.450,7286.480,2.970,,,ok
5681,178.762059240,178.769344750,178.769347280,7285.510,7288.040,2.530,,,ok
5682,178.786420920,178.793707770,178.793710700,7286.850,7289.780,2.930,,,ok
5683,178.812122570,178.819411460,178.819408710,7288.890,7286.140,2.750,,,ok
5684,178.837297860,178.844583830,178.844583310,7285.970,7285.450,0.520,,,ok
5685,178.862373690,178.869660690,178.869660900,7287.000,7287.210,0.210,,,ok
5686,178.887484440,178.894836850,178.894769210,7352.410,7284.770,67.640,,,ok
5687,178.912404940,178.919694100,178.919693530,7289.160,7288.590,0.570,,,ok
5688,178.937237000,178.944521920,178.944527140,7284.920,7290.140,5.220,,,ok
5689,178.962868350,178.970155710,178.970154200,7287.360,7285.850,1.510,,,ok
5690,178.988794090,178.996080140,178.996084000,7286.050,7289.910,3.860,,,ok
5691,179.013078350,179.020362390,179.020364850,7284.040,7286.500,2.460,,,ok
5692,179.038700390,179.045986640,179.045988110,7286.250,7287.720,1.470,,,ok
5693,179.064466130,179.071752640,179.071754210,7286.510,7288.080,1.570,,,ok
5694,179.088268870,179.095557670,179.095556280,7288.800,7287.410,1.390,,,ok
5695,179.113686240,179.120970890,179.120976070,7284.650,7289.830,5.180,,,ok
5696,179.137618880,179.144902810,179.144902030,7283.930,7283.150,0.780,,,ok
5697,179.162483290,179.169773480,179.169772910,7290.190,7289.620,0.570,,,ok
5698,179.188254440,179.195542190,179.195541370,7287.750,7286.930,0.820,,,ok
5699,179.212823670,179.220107790,179.220108830,7284.120,7285.160,1.040,,,ok
5700,179.237428180,179.244712790,179.244718000,7284.610,7289.820,5.210,,,ok
5701,179.262679250,179.269965730,179.269966590,7286.480,7287.340,0.860,,,ok
5702,179.287352530,179.294640480,179.294639150,7287.950,7286.620,1.330,,,ok
5703,179.312365700,179.319653130,179.319653160,7287.430,7287.460,0.030,,,ok
5704,179.338137720,179.345427480,179.345426760,7289.760,7289.040,0.720,,,ok
5705,179.362265280,179.369550770,179.369552660,7285.490,7287.380,1.890,,,ok
5706,179.386044080,179.393334130,179.393332230,7290.050,7288.150,1.900,,,ok
5707,179.411508880,179.418796130,179.418795940,7287.250,7287.060,0.190,,,ok
5708,179.436957130,179.444245920,179.444245460,7288.790,7288.330,0.460,,,ok
5709,179.462185270,179.469473250,179.469473840,7287.980,7288.570,0.590,,,ok
5710,179.487488210,179.494777630,179.494776260,7289.420,7288.050,1.370,,,ok
5711,179.511491330,179.518780190,179.518779610,7288.860,7288.280,0.580,,,ok
5712,179.535651950,179.542939360,179.542939220,7287.410,7287.270,0.140,,,ok
5713,179.561244050,179.568532710,179.568532560,7288.660,7288.510,0.150,,,ok
5714,179.587007050,179.594295190,179.594294980,7288.140,7287.930,0.210,,,ok
5715,179.612683970,179.619969380,179.619974440,7285.410,7290.470,5.060,,,ok
5716,179.638270290,179.645556670,179.645557730,7286.380,7287.440,1.060,,,ok
5717,179.663928960,179.671216210,179.671216230,7287.250,7287.270,0.020,,,ok
5718,179.689128370,179.696477790,179.696412030,7349.420,7283.660,65.760,,,ok
5719,179.712989010,179.720277860,179.720278010,7288.850,7289.000,0.150,,,ok
5720,179.738336760,179.745626360,179.745626470,7289.600,7289.710,0.110,,,ok
5721,179.762814980,179.770104590,179.770105060,7289.610,7290.080,0.470,,,ok
5722,179.788377550,179.795662920,179.795662390,7285.370,7284.840,0.530,,,ok
5723,179.812383140,179.819671260,179.819671580,7288.120,7288.440,0.320,,,ok
5724,179.838120170,179.845409820,179.845410150,7289.650,7289.980,0.330,,,ok
5725,179.863376670,179.870662250,179.870662650,7285.580,7285.980,0.400,,,ok
5726,179.887869140,179.895156650,179.895155760,7287.510,7286.620,0.890,,,ok
5727,179.913685520,179.920952610,179.920974550,7267.090,7289.030,21.940,,,ok
5728,179.938938850,179.946228210,179.946228740,7289.360,7289.890,0.530,,,ok
5729,179.964153020,179.971439170,179.971441240,7286.150,7288.220,2.070,,,ok
5730,179.989684270,179.996970000,179.996969660,7285.730,7285.390,0.340,,,ok
5731,180.015132600,180.022483650,180.022419060,7351.050,7286.460,64.590,,,ok
5732,180.039386680,180.046670500,180.046670090,7283.820,7283.410,0.410,,,ok
5733,180.064633180,180.071919130,180.071920900,7285.950,7287.720,1.770,,,ok
5734,180.088500240,180.095788480,180.095788240,7288.240,7288.000,0.240,,,ok
5735,180.114068840,180.121357000,180.121356740,7288.160,7287.900,0.260,,,ok
5736,180.139252570,180.146540230,180.146541200,7287.660,7288.630,0.970,,,ok
5737,180.163448380,180.170737570,180.170733290,7289.190,7284.910,4.280,,,ok
5738,180.188799350,180.196085800,180.196085410,7286.450,7286.060,0.390,,,ok
5739,180.213271350,180.220559480,180.220561390,7288.130,7290.040,1.910,,,ok
5740,180.237907030,180.245192960,180.245195020,7285.930,7287.990,2.060,,,ok
5741,180.262451650,180.269734230,180.269735690,7282.580,7284.040,1.460,,,ok
5742,180.287416280,180.294704650,180.294699030,7288.370,7282.750,5.620,,,ok
5743,180.311213710,180.318498840,180.318499130,7285.130,7285.420,0.290,,,ok
5744,180.336299620,180.343587110,180.343588530,7287.490,7288.910,1.420,,,ok
5745,180.360800910,180.368090880,180.368087010,7289.970,7286.100,3.870,,,ok
5746,180.386618950,180.393909010,180.393904640,7290.060,7285.690,4.370,,,ok
5747,180.412368140,180.419656110,180.419653790,7287.970,7285.650,2.320,,,ok
5748,180.437897620,180.445184590,180.445187100,7286.970,7289.480,2.510,,,ok
5749,180.463634810,180.470924070,180.470919770,7289.260,7284.960,4.300,,,ok
5750,180.487346740,180.494632420,180.494634030,7285.680,7287.290,1.610,,,ok
5751,180.511116110,180.518405150,180.518402400,7289.040,7286.290,2.750,,,ok
5752,180.536912210,180.544199090,180.544200930,7286.880,7288.720,1.840,,,ok
5753,180.562668610,180.569957780,180.569954280,7289.170,7285.670,3.500,,,ok
5754,180.588369120,180.595656050,180.595657810,7286.930,7288.690,1.760,,,ok
5755,180.614248040,180.621534270,180.621533620,7286.230,7285.580,0.650,,,ok
5756,180.639927520,180.647209980,180.647214600,7282.460,7287.080,4.620,,,ok
5757,180.664297950,180.671585250,180.671582270,7287.300,7284.320,2.980,,,ok
5758,180.688335880,180.695622090,180.695625530,7286.210,7289.650,3.440,,,ok
5759,180.712309850,180.719595420,180.719599780,7285.570,7289.930,4.360,,,ok
5760,180.737679200,180.744965380,180.744967430,7286.180,7288.230,2.050,,,ok
5761,180.762405510,180.769693760,180.769691740,7288.250,7286.230,2.020,,,ok
5762,180.787391340,180.794676920,180.794678660,7285.580,7287.320,1.740,,,ok
5763,180.813236970,180.820525590,180.820521020,7288.620,7284.050,4.570,,,ok
5764,180.838444240,180.845729860,180.845731890,7285.620,7287.650,2.030,,,ok
5765,180.863756410,180.871043270,180.871045310,7286.860,7288.900,2.040,,,ok
5766,180.889132470,180.896421460,180.896421520,7288.990,7289.050,0.060,,,ok
5767,180.913356010,180.920644050,180.920641190,7288.040,7285.180,2.860,,,ok
5768,180.937577810,180.944860730,180.944863030,7282.920,7285.220,2.300,,,ok
5769,180.963427570,180.970715650,180.970714220,7288.080,7286.650,1.430,,,ok
5770,180.986895970,180.994185050,180.994181530,7289.080,7285.560,3.520,,,ok
5771,181.012655810,181.019943380,181.019939470,7287.570,7283.660,3.910,,,ok
5772,181.038456560,181.045746800,181.045744290,7290.240,7287.730,2.510,,,ok
5773,181.063151470,181.070439280,181.070437500,7287.810,7286.030,1.780,,,ok
5774,181.087313360,181.094603570,181.094600170,7290.210,7286.810,3.400,,,ok
5775,181.111759610,181.119045880,181.119049690,7286.270,7290.080,3.810,,,ok
5776,181.137450570,181.144780940,181.144737150,7330.370,7286.580,43.790,,,ok
5777,181.162763770,181.170048840,181.170051360,7285.070,7287.590,2.520,,,ok
5778,181.188349270,181.195635820,181.195585510,7286.550,7236.240,50.310,,,ok
5779,181.213308400,181.220594480,181.220597080,7286.080,7288.680,2.600,,,ok
5780,181.237361310,181.244648760,181.244651750,7287.450,7290.440,2.990,,,ok
5781,181.261549010,181.268837150,181.268835000,7288.140,7285.990,2.150,,,ok
5782,181.287318470,181.294605520,181.294607560,7287.050,7289.090,2.040,,,ok
5783,181.312722860,181.320009050,181.320011900,7286.190,7289.040,2.850,,,ok
5784,181.338476640,181.345762210,181.345765400,7285.570,7288.760,3.190,,,ok
5785,181.364250620,181.371538190,181.371537740,7287.570,7287.120,0.450,,,ok
5786,181.389706790,181.396993250,181.396991380,7286.460,7284.590,1.870,,,ok
5787,181.413482820,181.420772460,181.420770720,7289.640,7287.900,1.740,,,ok
5788,181.438829190,181.446109330,181.446118100,7280.140,7288.910,8.770,,,ok
5789,181.464315860,181.471604210,181.471600970,7288.350,7285.110,3.240,,,ok
5790,181.490117700,181.497471480,181.497405830,7353.780,7288.130,65.650,,,ok
5791,181.515651910,181.522939830,181.522938310,7287.920,7286.400,1.520,,,ok
5792,181.541320910,181.548609390,181.548606710,7288.480,7285.800,2.680,,,ok
5793,181.565577820,181.572865040,181.572866090,7287.220,7288.270,1.050,,,ok
5794,181.591431590,181.598721250,181.598718630,7289.660,7287.040,2.620,,,ok
5795,181.616537030,181.623823020,181.623823030,7285.990,7286.000,0.010,,,ok
5796,181.642330650,181.649618010,181.649630800,7287.360,7300.150,12.790,,,ok
5797,181.667907160,181.675195280,181.675197370,7288.120,7290.210,2.090,,,ok
5798,181.693547640,181.700833640,181.700833100,7286.000,7285.460,0.540,,,ok
5799,181.718858220,181.726147860,181.726146790,7289.640,7288.570,1.070,,,ok
5800,181.744647490,181.751935430,181.751935020,7287.940,7287.530,0.410,,,ok
5801,181.770456140,181.777744590,181.777807440,7288.450,7351.300,62.850,,,ok
5802,181.795895620,181.803181590,181.803181900,7285.970,7286.280,0.310,,,ok
5803,181.821641270,181.828933740,181.828929420,7292.470,7288.150,4.320,,,ok
5804,181.846343260,181.853628530,181.853632800,7285.270,7289.540,4.270,,,ok
5805,181.872135990,181.879422920,181.879430200,7286.930,7294.210,7.280,,,ok
5806,181.897613160,181.904898960,181.904900470,7285.800,7287.310,1.510,,,ok
5807,181.923271990,181.930560000,181.930559020,7288.010,7287.030,0.980,,,ok
5808,181.949096980,181.956383400,181.956386520,7286.420,7289.540,3.120,,,ok
5809,181.974715520,181.982001540,181.982006040,7286.020,7290.520,4.500,,,ok
5810,182.000382710,182.007670160,182.007669230,7287.450,7286.520,0.930,,,ok
5811,182.026288190,182.033578430,182.033577750,7290.240,7289.560,0.680,,,ok
5812,182.051991750,182.059280470,182.059280960,7288.720,7289.210,0.490,,,ok
5813,182.077785690,182.085075120,182.085074220,7289.430,7288.530,0.900,,,ok
5814,182.103661260,182.110948470,182.110947120,7287.210,7285.860,1.350,,,ok
5815,182.129499740,182.136786910,182.136786370,7287.170,7286.630,0.540,,,ok
5816,182.155286220,182.162575340,182.162574720,7289.120,7288.500,0.620,,,ok
5817,182.180990930,182.188278610,182.188278250,7287.680,7287.320,0.360,,,ok
5818,182.206431560,182.213716880,182.213720670,7285.320,7289.110,3.790,,,ok
5819,182.232289910,182.239575400,182.239579060,7285.490,7289.150,3.660,,,ok
5820,182.256125320,182.263412880,182.263413550,7287.560,7288.230,0.670,,,ok
5821,182.281860970,182.289145780,182.289146900,7284.810,7285.930,1.120,,,ok
5822,182.307561660,182.314849610,182.314847670,7287.950,7286.010,1.940,,,ok
5823,182.333259830,182.340548880,182.340548660,7289.050,7288.830,0.220,,,ok
5824,182.358959830,182.366246540,182.366245870,7286.710,7286.040,0.670,,,ok
5825,182.384779870,182.392064540,182.392111330,7284.670,7331.460,46.790,,,ok
5826,182.409939390,182.417228000,182.417228870,7288.610,7289.480,0.870,,,ok
5827,182.435827830,182.443117410,182.443114850,7289.580,7287.020,2.560,,,ok
5828,182.460240930,182.467524810,182.467529520,7283.880,7288.590,4.710,,,ok
5829,182.485682500,182.492969040,182.492969210,7286.540,7286.710,0.170,,,ok
5830,182.511333330,182.518622430,182.518622730,7289.100,7289.400,0.300,,,ok
5831,182.537118290,182.544405810,182.544404840,7287.520,7286.550,0.970,,,ok
5832,182.560727470,182.568011740,182.568014280,7284.270,7286.810,2.540,,,ok
5833,182.586576410,182.593862410,182.593862800,7286.000,7286.390,0.390,,,ok
5834,182.610455420,182.617740720,182.617740470,7285.300,7285.050,0.250,,,ok
5835,182.634323540,182.641608020,182.641609720,7284.480,7286.180,1.700,,,ok
5836,182.658163070,182.665452660,182.665452160,7289.590,7289.090,0.500,,,ok
5837,182.683922430,182.691210870,182.691264350,7288.440,7341.920,53.480,,,ok
5838,182.709718160,182.717003540,182.717005040,7285.380,7286.880,1.500,,,ok
5839,182.733550250,182.740837620,182.740838190,7287.370,7287.940,0.570,,,ok
5840,182.759377730,182.766665080,182.766664340,7287.350,7286.610,0.740,,,ok
5841,182.785234530,182.792523700,182.792520170,7289.170,7285.640,3.530,,,ok
5842,182.810923360,182.818212840,182.818213640,7289.480,7290.280,0.800,,,ok
5843,182.836814740,182.844166630,182.844100780,7351.890,7286.040,65.850,,,ok
5844,182.860676150,182.867963740,182.867965410,7287.590,7289.260,1.670,,,ok
5845,182.886637150,182.893922780,182.893924120,7285.630,7286.970,1.340,,,ok
5846,182.912341550,182.919625650,182.919627190,7284.100,7285.640,1.540,,,ok
5847,182.938097680,182.945383860,182.945384440,7286.180,7286.760,0.580,,,ok
5848,182.963804010,182.971093250,182.971093250,7289.240,7289.240,0.000,,,ok
5849,182.988002570,182.995291480,182.995292440,7288.910,7289.870,0.960,,,ok
5850,183.012918270,183.020205030,183.020204740,7286.760,7286.470,0.290,,,ok
5851,183.037974960,183.045262320,183.045263300,7287.360,7288.340,0.980,,,ok
5852,183.062802290,183.070091610,183.070091820,7289.320,7289.530,0.210,,,ok
5853,183.087733930,183.095019190,183.095021410,7285.260,7287.480,2.220,,,ok
5854,183.111857240,183.119143280,183.119144640,7286.040,7287.400,1.360,,,ok
5855,183.136795630,183.144079400,183.144083020,7283.770,7287.390,3.620,,,ok
5856,183.162618590,183.169905110,183.169905440,7286.520,7286.850,0.330,,,ok
5857,183.187869760,183.195158340,183.195158880,7288.580,7289.120,0.540,,,ok
5858,183.212343920,183.219630730,183.219633440,7286.810,7289.520,2.710,,,ok
5859,183.238463220,183.245749230,183.245751820,7286.010,7288.600,2.590,,,ok
5860,183.263690530,183.270977890,183.270979260,7287.360,7288.730,1.370,,,ok
5861,183.287516600,183.294802100,183.294869280,7285.500,7352.680,67.180,,,ok
5862,183.313462460,183.320749540,183.320751120,7287.080,7288.660,1.580,,,ok
5863,183.339110060,183.346461390,183.346395350,7351.330,7285.290,66.040,,,ok
5864,183.364230670,183.371517140,183.371519060,7286.470,7288.390,1.920,,,ok
5865,183.390022320,183.397308180,183.397312230,7285.860,7289.910,4.050,,,ok
5866,183.415243360,183.422528830,183.422530710,7285.470,7287.350,1.880,,,ok
5867,183.440422500,183.447712410,183.447707690,7289.910,7285.190,4.720,,,ok
5868,183.465768630,183.473053140,183.473057480,7284.510,7288.850,4.340,,,ok
5869,183.491499270,183.498789140,183.498785070,7289.870,7285.800,4.070,,,ok
5870,183.517264440,183.524552490,183.524599880,7288.050,7335.440,47.390,,,ok
5871,183.542836050,183.550125880,183.550122780,7289.830,7286.730,3.100,,,ok
5872,183.568599420,183.575889070,183.575883700,7289.650,7284.280,5.370,,,ok
5873,183.594234220,183.601522570,183.601524600,7288.350,7290.380,2.030,,,ok
5874,183.619960240,183.627245860,183.627247040,7285.620,7286.800,1.180,,,ok
5875,183.645695530,183.652983380,183.652981390,7287.850,7285.860,1.990,,,ok
5876,183.671431870,183.678716750,183.678719830,7284.880,7287.960,3.080,,,ok
5877,183.697115870,183.704471250,183.704402350,7355.380,7286.480,68.900,,,ok
5878,183.722878410,183.730164540,183.730166630,7286.130,7288.220,2.090,,,ok
5879,183.748616850,183.755902680,183.755902420,7285.830,7285.570,0.260,,,ok
5880,183.774546630,183.781835310,183.781832300,7288.680,7285.670,3.010,,,ok
5881,183.800157810,183.807444550,183.807446880,7286.740,7289.070,2.330,,,ok
5882,183.825711920,183.832997160,183.832999510,7285.240,7287.590,2.350,,,ok
5883,183.851562260,183.858848610,183.858848930,7286.350,7286.670,0.320,,,ok
5884,183.875697710,183.882984530,183.882984740,7286.820,7287.030,0.210,,,ok
5885,183.899286360,183.906572120,183.906575560,7285.760,7289.200,3.440,,,ok
5886,183.924312170,183.931601410,183.931599120,7289.240,7286.950,2.290,,,ok
5887,183.948634650,183.955923850,183.955922500,7289.200,7287.850,1.350,,,ok
5888,183.973981500,183.981268120,183.981268250,7286.620,7286.750,0.130,,,ok
5889,183.999759500,184.007046450,184.007049440,7286.950,7289.940,2.990,,,ok
5890,184.023711120,184.031000010,184.030996820,7288.890,7285.700,3.190,,,ok
5891,184.048833510,184.056115610,184.056118800,7282.100,7285.290,3.190,,,ok
5892,184.074724370,184.082010340,184.082014550,7285.970,7290.180,4.210,,,ok
5893,184.100544310,184.107828670,184.107833160,7284.360,7288.850,4.490,,,ok
5894,184.125796980,184.133083460,184.133086350,7286.480,7289.370,2.890,,,ok
5895,184.150792100,184.158081710,184.158079620,7289.610,7287.520,2.090,,,ok
5896,184.176136910,184.183425130,184.183423190,7288.220,7286.280,1.940,,,ok
5897,184.200935780,184.208223570,184.208220690,7287.790,7284.910,2.880,,,ok
5898,184.225739970,184.233027050,184.233030210,7287.080,7290.240,3.160,,,ok
5899,184.251501090,184.258790500,184.258784070,7289.410,7282.980,6.430,,,ok
5900,184.275807340,184.283092940,184.283144920,7285.600,7337.580,51.980,,,ok
5901,184.300904610,184.308191920,184.308190400,7287.310,7285.790,1.520,,,ok
5902,184.325709000,184.332994000,184.332998860,7285.000,7289.860,4.860,,,ok
5903,184.351419190,184.358707420,184.358707320,7288.230,7288.130,0.100,,,ok
5904,184.375796430,184.383147040,184.383084370,7350.610,7287.940,62.670,,,ok
5905,184.400692620,184.407979730,184.407976250,7287.110,7283.630,3.480,,,ok
5906,184.426320580,184.433608170,184.433607500,7287.590,7286.920,0.670,,,ok
5907,184.451908990,184.459196180,184.459195730,7287.190,7286.740,0.450,,,ok
5908,184.477747430,184.485035540,184.485034290,7288.110,7286.860,1.250,,,ok
5909,184.503444370,184.510728140,184.510732500,7283.770,7288.130,4.360,,,ok
5910,184.528593620,184.535882530,184.535881050,7288.910,7287.430,1.480,,,ok
5911,184.554504790,184.561790780,184.561793190,7285.990,7288.400,2.410,,,ok
5912,184.580240440,184.587528300,184.587591610,7287.860,7351.170,63.310,,,ok
5913,184.604336080,184.611622660,184.611626410,7286.580,7290.330,3.750,,,ok
5914,184.627723000,184.635009890,184.635008830,7286.890,7285.830,1.060,,,ok
5915,184.653539530,184.660829200,184.660827260,7289.670,7287.730,1.940,,,ok
5916,184.677330410,184.684616740,184.684616660,7286.330,7286.250,0.080,,,ok
5917,184.702964660,184.710248390,184.710254080,7283.730,7289.420,5.690,,,ok
5918,184.728759790,184.736048030,184.736048480,7288.240,7288.690,0.450,,,ok
5919,184.753911140,184.761197840,184.761196860,7286.700,7285.720,0.980,,,ok
5920,184.778996950,184.786286070,184.786285190,7289.120,7288.240,0.880,,,ok
5921,184.804726480,184.812014570,184.812020860,7288.090,7294.380,6.290,,,ok
5922,184.828708160,184.835996940,184.835996950,7288.780,7288.790,0.010,,,ok
5923,184.854424620,184.861710020,184.861710360,7285.400,7285.740,0.340,,,ok
5924,184.880011120,184.887299560,184.887296090,7288.440,7284.970,3.470,,,ok
5925,184.903637070,184.910922090,184.910927120,7285.020,7290.050,5.030,,,ok
5926,184.927436930,184.934725460,184.934725720,7288.530,7288.790,0.260,,,ok
5927,184.953284330,184.960567090,184.960573180,7282.760,7288.850,6.090,,,ok
5928,184.977054470,184.984343070,184.984342600,7288.600,7288.130,0.470,,,ok
5929,185.001733820,185.009021730,185.009020020,7287.910,7286.200,1.710,,,ok
5930,185.026267890,185.033553820,185.033554310,7285.930,7286.420,0.490,,,ok
5931,185.052118040,185.059402340,185.059408000,7284.300,7289.960,5.660,,,ok
5932,185.076728040,185.084015840,185.084016170,7287.800,7288.130,0.330,,,ok
5933,185.102464600,185.109750170,185.109754590,7285.570,7289.990,4.420,,,ok
5934,185.126599050,185.133885940,185.133888030,7286.890,7288.980,2.090,,,ok
5935,185.152252140,185.159535650,185.159541490,7283.510,7289.350,5.840,,,ok
5936,185.177987490,185.185274180,185.185274830,7286.690,7287.340,0.650,,,ok
5937,185.203713700,185.211002290,185.211000830,7288.590,7287.130,1.460,,,ok
5938,185.229578810,185.236865910,185.236865680,7287.100,7286.870,0.230,,,ok
5939,185.253585340,185.260875330,185.260875390,7289.990,7290.050,0.060,,,ok
5940,185.277545190,185.284832200,185.284833650,7287.010,7288.460,1.450,,,ok
5941,185.302766360,185.310051910,185.310050940,7285.550,7284.580,0.970,,,ok
5942,185.328127540,185.335415330,185.335478860,7287.790,7351.320,63.530,,,ok
5943,185.353938090,185.361179220,185.361223780,7241.130,7285.690,44.560,,,ok
5944,185.379649550,185.386937010,185.386936360,7287.460,7286.810,0.650,,,ok
5945,185.404897570,185.412184610,185.412184760,7287.040,7287.190,0.150,,,ok
5946,185.429671920,185.436958010,185.436990740,7286.090,7318.820,32.730,,,ok
5947,185.455497190,185.462786840,185.462782560,7289.650,7285.370,4.280,,,ok
5948,185.481249170,185.488535500,185.488535120,7286.330,7285.950,0.380,,,ok
5949,185.506945800,185.514233880,185.514234350,7288.080,7288.550,0.470,,,ok
5950,185.531008410,185.538296400,185.538296520,7287.990,7288.110,0.120,,,ok
5951,185.554958360,185.562245670,185.562245310,7287.310,7286.950,0.360,,,ok
5952,185.580672090,185.587957840,185.587959590,7285.750,7287.500,1.750,,,ok
5953,185.606469350,185.613757460,185.613756480,7288.110,7287.130,0.980,,,ok
5954,185.630276380,185.637562790,185.637561460,7286.410,7285.080,1.330,,,ok
5955,185.654910000,185.662198380,185.662198950,7288.380,7288.950,0.570,,,ok
5956,185.678910470,185.686197690,185.686198360,7287.220,7287.890,0.670,,,ok
5957,185.704318660,185.711605960,185.711606780,7287.300,7288.120,0.820,,,ok
5958,185.730049510,185.737338480,185.737333780,7288.970,7284.270,4.700,,,ok
5959,185.754892180,185.762177690,185.762178700,7285.510,7286.520,1.010,,,ok
5960,185.779000790,185.786290190,185.786284120,7289.400,7283.330,6.070,,,ok
5961,185.804445250,185.811731940,185.811728020,7286.690,7282.770,3.920,,,ok
5962,185.830017800,185.837300140,185.837302920,7282.340,7285.120,2.780,,,ok
5963,185.855714980,185.863000220,185.863002340,7285.240,7287.360,2.120,,,ok
5964,185.879896980,185.887184660,185.887185770,7287.680,7288.790,1.110,,,ok
5965,185.904904240,185.912193060,185.912194130,7288.820,7289.890,1.070,,,ok
5966,185.929985740,185.937275580,185.937272440,7289.840,7286.700,3.140,,,ok
5967,185.954850360,185.962139680,185.962134950,7289.320,7284.590,4.730,,,ok
5968,185.979835570,185.987120550,185.987149820,7284.980,7314.250,29.270,,,ok
5969,186.004993550,186.012281450,186.012282680,7287.900,7289.130,1.230,,,ok
5970,186.030713940,186.037998930,186.038001100,7284.990,7287.160,2.170,,,ok
5971,186.055956460,186.063243300,186.063244520,7286.840,7288.060,1.220,,,ok
5972,186.080853900,186.088141740,186.088140410,7287.840,7286.510,1.330,,,ok
5973,186.106647090,186.113935030,186.113936480,7287.940,7289.390,1.450,,,ok
5974,186.131316190,186.138603280,186.138603730,7287.090,7287.540,0.450,,,ok
5975,186.157110480,186.164395540,186.164397590,7285.060,7287.110,2.050,,,ok
5976,186.182620420,186.189910150,186.189906730,7289.730,7286.310,3.420,,,ok
5977,186.206979000,186.214267690,186.214265010,7288.690,7286.010,2.680,,,ok
5978,186.231871780,186.239156810,186.239155800,7285.030,7284.020,1.010,,,ok
5979,186.257533100,186.264819440,186.264885530,7286.340,7352.430,66.090,,,ok
5980,186.282660120,186.289948580,186.289949180,7288.460,7289.060,0.600,,,ok
5981,186.308375870,186.315662000,186.315663660,7286.130,7287.790,1.660,,,ok
5982,186.334241120,186.341530370,186.341526290,7289.250,7285.170,4.080,,,ok
5983,186.359805810,186.367093660,186.367095560,7287.850,7289.750,1.900,,,ok
5984,186.384317110,186.391606240,186.391603270,7289.130,7286.160,2.970,,,ok
5985,186.410460950,186.417750410,186.417744920,7289.460,7283.970,5.490,,,ok
5986,186.434107440,186.441393800,186.441395750,7286.360,7288.310,1.950,,,ok
5987,186.459294000,186.466582300,186.466579190,7288.300,7285.190,3.110,,,ok
5988,186.483738660,186.491025470,186.491026340,7286.810,7287.680,0.870,,,ok
5989,186.507514400,186.514802720,186.514800070,7288.320,7285.670,2.650,,,ok
5990,186.533207860,186.540497470,186.540494490,7289.610,7286.630,2.980,,,ok
5991,186.558712340,186.565998110,186.565997890,7285.770,7285.550,0.220,,,ok
5992,186.584318670,186.591603030,186.591605120,7284.360,7286.450,2.090,,,ok
5993,186.608190620,186.615477530,186.615478930,7286.910,7288.310,1.400,,,ok
5994,186.633479680,186.640763340,186.640768220,7283.660,7288.540,4.880,,,ok
5995,186.658915540,186.666204150,186.666201750,7288.610,7286.210,2.400,,,ok
5996,186.684395850,186.691722110,186.691685020,7326.260,7289.170,37.090,,,ok
5997,186.709016890,186.716305000,186.716303520,7288.110,7286.630,1.480,,,ok
5998,186.733848260,186.741134290,186.741135610,7286.030,7287.350,1.320,,,ok
5999,186.758338130,186.765627520,186.765625400,7289.390,7287.270,2.120,,,ok
6000,186.784485480,186.791770080,186.791773610,7284.600,7288.130,3.530,,,ok
6001,186.808100450,186.815388770,186.815387090,7288.320,7286.640,1.680,,,ok
6002,186.833102240,186.840387080,186.840388240,7284.840,7286.000,1.160,,,ok
6003,186.858814280,186.866101270,186.866103930,7286.990,7289.650,2.660,,,ok
6004,186.883686320,186.890972000,186.890972350,7285.680,7286.030,0.350,,,ok
6005,186.909097430,186.916383040,186.916383310,7285.610,7285.880,0.270,,,ok
6006,186.934792860,186.942080290,186.942078520,7287.430,7285.660,1.770,,,ok
6007,186.960616910,186.967903910,186.967901620,7287.000,7284.710,2.290,,,ok
6008,186.984264360,186.991552160,186.991551000,7287.800,7286.640,1.160,,,ok
6009,187.009156640,187.016443910,187.016443400,7287.270,7286.760,0.510,,,ok
6010,187.033555070,187.040844830,187.040842770,7289.760,7287.700,2.060,,,ok
6011,187.059338260,187.066628300,187.066626320,7290.040,7288.060,1.980,,,ok
6012,187.085228850,187.092527930,187.092513440,7299.080,7284.590,14.490,,,ok
6013,187.109900860,187.117189970,187.117188280,7289.110,7287.420,1.690,,,ok
6014,187.135702760,187.142987090,187.142991570,7284.330,7288.810,4.480,,,ok
6015,187.160110320,187.167369970,187.167399930,7259.650,7289.610,29.960,,,ok
6016,187.185903340,187.193189920,187.193193410,7286.580,7290.070,3.490,,,ok
6017,187.209417430,187.216703530,187.216706930,7286.100,7289.500,3.400,,,ok
6018,187.234000490,187.241286760,187.241288890,7286.270,7288.400,2.130,,,ok
6019,187.259242010,187.266529190,187.266528640,7287.180,7286.630,0.550,,,ok
6020,187.283570360,187.290858480,187.290856040,7288.120,7285.680,2.440,,,ok
6021,187.309100190,187.316386940,187.316389620,7286.750,7289.430,2.680,,,ok
6022,187.333282750,187.340570420,187.340568170,7287.670,7285.420,2.250,,,ok
6023,187.358836460,187.366123710,187.366121420,7287.250,7284.960,2.290,,,ok
6024,187.384591600,187.391881670,187.391897230,7290.070,7305.630,15.560,,,ok
6025,187.410286960,187.417575430,187.417574190,7288.470,7287.230,1.240,,,ok
6026,187.435799730,187.443087520,187.443087670,7287.790,7287.940,0.150,,,ok
6027,187.460974620,187.468259740,187.468258450,7285.120,7283.830,1.290,,,ok
6028,187.485878260,187.493230700,187.493164450,7352.440,7286.190,66.250,,,ok
6029,187.511545580,187.518834030,187.518831990,7288.450,7286.410,2.040,,,ok
6030,187.537367140,187.544655990,187.544654950,7288.850,7287.810,1.040,,,ok
6031,187.563091960,187.570380670,187.570379640,7288.710,7287.680,1.030,,,ok
6032,187.588821230,187.596109170,187.596107290,7287.940,7286.060,1.880,,,ok
6033,187.614493250,187.621779840,187.621781520,7286.590,7288.270,1.680,,,ok
6034,187.640252170,187.647540900,187.647538540,7288.730,7286.370,2.360,,,ok
6035,187.666108820,187.673394310,187.673398250,7285.490,7289.430,3.940,,,ok
6036,187.691854570,187.699141700,187.699140750,7287.130,7286.180,0.950,,,ok
6037,187.716473000,187.723761020,187.723760190,7288.020,7287.190,0.830,,,ok
6038,187.742273020,187.749558470,187.749557710,7285.450,7284.690,0.760,,,ok
6039,187.766814970,187.774102780,187.774101880,7287.810,7286.910,0.900,,,ok
6040,187.791706070,187.798995180,187.798994260,7289.110,7288.190,0.920,,,ok
6041,187.816730220,187.824019430,187.824017530,7289.210,7287.310,1.900,,,ok
6042,187.842400880,187.849687840,187.849687260,7286.960,7286.380,0.580,,,ok
6043,187.867123670,187.874411010,187.874410740,7287.340,7287.070,0.270,,,ok
6044,187.892731020,187.900019440,187.900019120,7288.420,7288.100,0.320,,,ok
6045,187.918269360,187.925557030,187.925557330,7287.670,7287.970,0.300,,,ok
6046,187.944095690,187.951381110,187.951385980,7285.420,7290.290,4.870,,,ok
6047,187.969759150,187.977044650,187.977046770,7285.500,7287.620,2.120,,,ok
6048,187.994215460,188.001503270,188.001502850,7287.810,7287.390,0.420,,,ok
6049,188.017856240,188.025141340,188.025146290,7285.100,7290.050,4.950,,,ok
6050,188.043613970,188.050898380,188.050897150,7284.410,7283.180,1.230,,,ok
6051,188.069127220,188.076413040,188.076412070,7285.820,7284.850,0.970,,,ok
6052,188.094991990,188.102345120,188.102343980,7353.130,7351.990,1.140,,,ok
6053,188.120735640,188.128025100,188.128023940,7289.460,7288.300,1.160,,,ok
6054,188.144901980,188.152187350,188.152187450,7285.370,7285.470,0.100,,,ok
6055,188.170695860,188.177981550,188.177981550,7285.690,7285.690,0.000,,,ok
6056,188.194751600,188.202040160,188.202040070,7288.560,7288.470,0.090,,,ok
6057,188.218120900,188.225408240,188.225407660,7287.340,7286.760,0.580,,,ok
6058,188.243749840,188.251034280,188.251034290,7284.440,7284.450,0.010,,,ok
6059,188.269958570,188.277244160,188.277244430,7285.590,7285.860,0.270,,,ok
6060,188.293351370,188.300638640,188.300638910,7287.270,7287.540,0.270,,,ok
6061,188.318961870,188.326246950,188.326245940,7285.080,7284.070,1.010,,,ok
6062,188.342706070,188.349995160,188.349995670,7289.090,7289.600,0.510,,,ok
6063,188.368482160,188.375768630,188.375769190,7286.470,7287.030,0.560,,,ok
6064,188.394247240,188.401597760,188.401500920,7350.520,7253.680,96.840,,,ok
6065,188.419637180,188.426925460,188.426925900,7288.280,7288.720,0.440,,,ok
6066,188.445303090,188.452588840,188.452589300,7285.750,7286.210,0.460,,,ok
6067,188.470673680,188.477959850,188.477961700,7286.170,7288.020,1.850,,,ok
6068,188.494405650,188.501695380,188.501691220,7289.730,7285.570,4.160,,,ok
6069,188.520209840,188.527498960,188.527498740,7289.120,7288.900,0.220,,,ok
6070,188.543998510,188.551254020,188.551288050,7255.510,7289.540,34.030,,,ok
6071,188.569856680,188.577143270,188.577146390,7286.590,7289.710,3.120,,,ok
6072,188.593608360,188.600893810,188.600894740,7285.450,7286.380,0.930,,,ok
6073,188.619293440,188.626581480,188.626583140,7288.040,7289.700,1.660,,,ok
6074,188.643011120,188.650300500,188.650295680,7289.380,7284.560,4.820,,,ok
6075,188.668193010,188.675479180,188.675477790,7286.170,7284.780,1.390,,,ok
6076,188.693763140,188.701051740,188.701050870,7288.600,7287.730,0.870,,,ok
6077,188.718394450,188.725680810,188.725679420,7286.360,7284.970,1.390,,,ok
6078,188.743295550,188.750583240,188.750580340,7287.690,7284.790,2.900,,,ok
6079,188.768256460,188.775607620,188.775543940,7351.160,7287.480,63.680,,,ok
6080,188.793659130,188.800946010,188.800946280,7286.880,7287.150,0.270,,,ok
6081,188.817666410,188.824954280,188.824955880,7287.870,7289.470,1.600,,,ok
6082,188.842379220,188.849666550,188.849668150,7287.330,7288.930,1.600,,,ok
6083,188.867006110,188.874295220,188.874292320,7289.110,7286.210,2.900,,,ok
6084,188.891299520,188.898554660,188.898585840,7255.140,7286.320,31.180,,,ok
6085,188.915101550,188.922386840,188.922388140,7285.290,7286.590,1.300,,,ok
6086,188.939614330,188.946900260,188.946901370,7285.930,7287.040,1.110,,,ok
6087,188.964556910,,188.971845120,,7288.210,,,,missing_rx1
6088,188.988255820,188.995540240,188.995543620,7284.420,7287.800,3.380,48.640,,ok
6089,189.012377580,189.019665280,189.019667830,7287.700,7290.250,2.550,,,ok
6090,189.037698830,189.044983800,189.044986430,7284.970,7287.600,2.630,,,ok
6091,189.063386540,189.070670450,189.070672330,7283.910,7285.790,1.880,,,ok
6092,189.088899180,189.096252130,189.096188100,7352.950,7288.920,64.030,,,ok
6093,189.112765260,189.120054820,189.120050750,7289.560,7285.490,4.070,,,ok
6094,189.138372800,189.145658000,189.145659980,7285.200,7287.180,1.980,,,ok
6095,189.164191030,189.171476590,189.171478380,7285.560,7287.350,1.790,,,ok
6096,189.188251020,189.195539900,189.195536940,7288.880,7285.920,2.960,,,ok
6097,189.211874890,189.219181170,189.219160150,7306.280,7285.260,21.020,,,ok
6098,189.237599110,189.244886610,189.244888590,7287.500,7289.480,1.980,,,ok
6099,189.262923970,189.270210040,189.270211300,7286.070,7287.330,1.260,,,ok
6100,189.286518210,189.293802440,189.293804530,7284.230,7286.320,2.090,,,ok
6101,189.312325890,189.319611710,189.319614180,7285.820,7288.290,2.470,,,ok
6102,189.338101600,189.345389020,189.345387340,7287.420,7285.740,1.680,,,ok
6103,189.363825000,189.371112450,189.371110820,7287.450,7285.820,1.630,,,ok
6104,189.388117620,189.395471410,189.395404410,7353.790,7286.790,67.000,,,ok
6105,189.413340140,189.420627820,189.420626790,7287.680,7286.650,1.030,,,ok
6106,189.439098430,189.446383570,189.446386080,7285.140,7287.650,2.510,,,ok
6107,189.464180010,189.471466720,189.471468270,7286.710,7288.260,1.550,,,ok
6108,189.489786530,189.497025360,189.497071960,7238.830,7285.430,46.600,,,ok
6109,189.515619680,189.522907730,189.522905460,7288.050,7285.780,2.270,,,ok
6110,189.541305740,189.548592020,189.548593730,7286.280,7287.990,1.710,,,ok
6111,189.567207300,189.574494400,189.574493250,7287.100,7285.950,1.150,,,ok
6112,189.591290210,189.598562670,189.598576650,7272.460,7286.440,13.980,,,ok
6113,189.616378460,189.623665810,189.623665000,7287.350,7286.540,0.810,,,ok
6114,189.641211660,189.648505620,189.648508250,7293.960,7296.590,2.630,,,ok
6115,189.666316370,189.673603990,189.673605760,7287.620,7289.390,1.770,,,ok
6116,189.691989780,189.699276260,189.699268970,7286.480,7279.190,7.290,,,ok
6117,189.717338840,189.724625700,189.724628820,7286.860,7289.980,3.120,,,ok
6118,189.743191990,189.750477840,189.750480760,7285.850,7288.770,2.920,,,ok
6119,189.768763470,189.776052490,189.776049550,7289.020,7286.080,2.940,,,ok
6120,189.793331170,189.800621070,189.800617910,7289.900,7286.740,3.160,,,ok
6121,189.817458100,,189.824747260,,7289.160,,,,missing_rx1
6122,189.842936580,189.850219920,189.850224640,7283.340,7288.060,4.720,49.599,,ok
6123,189.868359350,189.875645570,189.875663430,7286.220,7304.080,17.860,,,ok
6124,189.894457390,189.901743980,189.901747810,7286.590,7290.420,3.830,,,ok
6125,189.919732240,189.927016480,189.927021000,7284.240,7288.760,4.520,,,ok
6126,189.945559520,189.952844950,189.952849310,7285.430,7289.790,4.360,,,ok
6127,189.971243160,189.978529290,189.978532980,7286.130,7289.820,3.690,,,ok
6128,189.996631660,190.003916320,190.003874980,7284.660,7243.320,41.340,,,ok
6129,190.022673230,190.029960860,190.029958440,7287.630,7285.210,2.420,,,ok
6130,190.047959700,190.055248360,190.055245940,7288.660,7286.240,2.420,,,ok
6131,190.073653910,190.080942710,190.080940210,7288.800,7286.300,2.500,,,ok
6132,190.097655990,190.104945400,190.104944940,7289.410,7288.950,0.460,,,ok
6133,190.121463060,190.128748550,190.128748510,7285.490,7285.450,0.040,,,ok
6134,190.147248370,190.154537900,190.154535950,7289.530,7287.580,1.950,,,ok
6135,190.172976890,190.180266310,190.180265220,7289.420,7288.330,1.090,,,ok
6136,190.198808380,190.206094710,190.206098620,7286.330,7290.240,3.910,,,ok
6137,190.224560290,190.231847980,190.231847140,7287.690,7286.850,0.840,,,ok
6138,190.248212110,190.255501410,190.255500470,7289.300,7288.360,0.940,,,ok
6139,190.272595960,190.279884910,190.279883870,7288.950,7287.910,1.040,,,ok
6140,190.297650630,190.304936700,190.304934770,7286.070,7284.140,1.930,,,ok
6141,190.323485230,190.330764490,190.330770710,7279.260,7285.480,6.220,,,ok
6142,190.349071170,190.356358760,190.356381690,7287.590,7310.520,22.930,,,ok
6143,190.374931820,190.382218260,190.382217540,7286.440,7285.720,0.720,,,ok
6144,190.400756630,190.408046550,190.408043400,7289.920,7286.770,3.150,,,ok
6145,190.424470060,190.431754050,190.431758210,7283.990,7288.150,4.160,,,ok
6146,190.450133540,190.457423300,190.457421500,7289.760,7287.960,1.800,,,ok
6147,190.474323170,190.481611710,190.481611150,7288.540,7287.980,0.560,,,ok
6148,190.500118280,190.507402670,190.507403380,7284.390,7285.100,0.710,,,ok
6149,190.525717990,190.533008400,190.533008010,7290.410,7290.020,0.390,,,ok
6150,190.551534050,190.558819390,190.558820550,7285.340,7286.500,1.160,,,ok
6151,190.575668710,190.582952750,190.582953950,7284.040,7285.240,1.200,,,ok
6152,190.600943480,190.608228460,190.608227030,7284.980,7283.550,1.430,,,ok
6153,190.626936170,190.634221870,190.634225260,7285.700,7289.090,3.390,,,ok
6154,190.651732830,190.659020330,190.659019260,7287.500,7286.430,1.070,,,ok
6155,190.677496600,190.684782700,190.684782370,7286.100,7285.770,0.330,,,ok
6156,190.703545120,190.710832030,190.710831740,7286.910,7286.620,0.290,,,ok
6157,190.729205000,190.736490280,190.736490520,7285.280,7285.520,0.240,,,ok
6158,190.754971000,190.762256230,190.762324450,7285.230,7353.450,68.220,,,ok
6159,190.780667690,190.787957170,190.787957230,7289.480,7289.540,0.060,,,ok
6160,190.805558700,190.812845370,190.812845560,7286.670,7286.860,0.190,,,ok
6161,190.831222910,190.838506540,190.838508290,7283.630,7285.380,1.750,,,ok
6162,190.856958520,190.864246520,190.864247560,7288.000,7289.040,1.040,,,ok
6163,190.882943730,190.890229620,190.890230980,7285.890,7287.250,1.360,,,ok
6164,190.908440890,190.915727970,190.915729250,7287.080,7288.360,1.280,,,ok
6165,190.933688660,190.940977590,190.940977730,7288.930,7289.070,0.140,,,ok
6166,190.959517080,190.966805920,190.966805380,7288.840,7288.300,0.540,,,ok
6167,190.985222100,190.992509150,190.992509460,7287.050,7287.360,0.310,,,ok
6168,191.009021070,191.016306090,191.016308030,7285.020,7286.960,1.940,,,ok
6169,191.034268300,191.041555860,191.041556340,7287.560,7288.040,0.480,,,ok
6170,191.060118490,191.067403420,191.067404860,7284.930,7286.370,1.440,,,ok
6171,191.085883570,191.093172640,191.093173280,7289.070,7289.710,0.640,,,ok
6172,191.111621470,191.118905890,191.118905800,7284.420,7284.330,0.090,,,ok
6173,191.137376450,191.144663660,191.144664070,7287.210,7287.620,0.410,,,ok
6174,191.161913340,191.169202870,191.169197280,7289.530,7283.940,5.590,,,ok
6175,191.185919100,191.193206220,191.193206060,7287.120,7286.960,0.160,,,ok
6176,191.210513840,191.217745030,191.217800140,7231.190,7286.300,55.110,,,ok
6177,191.235676970,191.242961610,191.243029370,7284.640,7352.400,67.760,,,ok
6178,191.261318130,191.268606320,191.268607100,7288.190,7288.970,0.780,,,ok
6179,191.287044110,191.294329710,191.294330540,7285.600,7286.430,0.830,,,ok
6180,191.312775800,191.320063070,191.320064290,7287.270,7288.490,1.220,,,ok
6181,191.336561130,191.343851500,191.343846380,7290.370,7285.250,5.120,,,ok
6182,191.362193360,191.369478980,191.369479860,7285.620,7286.500,0.880,,,ok
6183,191.385969050,191.393258270,191.393258360,7289.220,7289.310,0.090,,,ok
6184,191.411707030,191.418996540,191.418992820,7289.510,7285.790,3.720,,,ok
6185,191.437518830,191.444804120,191.444804820,7285.290,7285.990,0.700,,,ok
6186,191.463248310,191.470537040,191.470534440,7288.730,7286.130,2.600,,,ok
6187,191.487863220,191.495149100,191.495152940,7285.880,7289.720,3.840,,,ok
6188,191.511510270,191.518800080,191.518795300,7289.810,7285.030,4.780,,,ok
6189,191.535541740,191.542828430,191.542829700,7286.690,7287.960,1.270,,,ok
6190,191.561558660,191.568846950,191.568893380,7288.290,7334.720,46.430,,,ok
6191,191.585148630,191.592434350,191.592435640,7285.720,7287.010,1.290,,,ok
6192,191.610776380,191.618063660,191.618064260,7287.280,7287.880,0.600,,,ok
6193,191.636382420,191.643669610,191.643705850,7287.190,7323.430,36.240,,,ok
6194,191.660287450,191.667574360,191.667576550,7286.910,7289.100,2.190,,,ok
6195,191.686072760,191.693331590,191.693359290,7258.830,7286.530,27.700,,,ok
6196,191.711456820,191.718744590,191.718743640,7287.770,7286.820,0.950,,,ok
6197,191.737258390,191.744545670,191.744547140,7287.280,7288.750,1.470,,,ok
6198,191.762940720,191.770229000,191.770230540,7288.280,7289.820,1.540,,,ok
6199,191.788544580,191.795832370,191.795833960,7287.790,7289.380,1.590,,,ok
6200,191.814273910,191.821581990,191.821562440,7308.080,7288.530,19.550,,,ok
6201,191.839521300,191.846807660,191.846820230,7286.360,7298.930,12.570,,,ok
6202,191.864572410,191.871861430,191.871858400,7289.020,7285.990,3.030,,,ok
6203,191.889602760,191.896889820,191.896891750,7287.060,7288.990,1.930,,,ok
6204,191.915389550,191.922676840,191.922676020,7287.290,7286.470,0.820,,,ok
6205,191.940890090,191.948177530,191.948201480,7287.440,7311.390,23.950,,,ok
6206,191.966300190,191.973585750,191.973585380,7285.560,7285.190,0.370,,,ok
6207,191.990025600,191.997314300,191.997311340,7288.700,7285.740,2.960,,,ok
6208,192.016092930,192.023382630,192.023378730,7289.700,7285.800,3.900,,,ok
6209,192.041701410,192.048990060,192.048987210,7288.650,7285.800,2.850,,,ok
6210,192.067329370,192.074614250,192.074615110,7284.880,7285.740,0.860,,,ok
6211,192.091396880,192.098682000,192.098684960,7285.120,7288.080,2.960,,,ok
6212,192.116495690,192.123781200,192.123782240,7285.510,7286.550,1.040,,,ok
6213,192.141800590,192.149088620,192.149086880,7288.030,7286.290,1.740,,,ok
6214,192.166595440,192.173882740,192.173885260,7287.300,7289.820,2.520,,,ok
6215,192.192361560,192.199649990,192.199648700,7288.430,7287.140,1.290,,,ok
6216,192.217349600,192.224634610,192.224637030,7285.010,7287.430,2.420,,,ok
6217,192.242407290,192.249692170,192.249694700,7284.880,7287.410,2.530,,,ok
6218,192.267356140,192.274646280,192.274643820,7290.140,7287.680,2.460,,,ok
6219,192.292339970,192.299629520,192.299626510,7289.550,7286.540,3.010,,,ok
6220,192.318086880,192.325372270,192.325375720,7285.390,7288.840,3.450,,,ok
6221,192.344090240,192.351376440,192.351379160,7286.200,7288.920,2.720,,,ok
6222,192.369416970,192.376703660,192.376701430,7286.690,7284.460,2.230,,,ok
6223,192.395280800,192.402567470,192.402565060,7286.670,7284.260,2.410,,,ok
6224,192.420570950,192.427856720,192.427859350,7285.770,7288.400,2.630,,,ok
6225,192.446349340,192.453633990,192.453637980,7284.650,7288.640,3.990,,,ok
6226,192.472183470,192.479472300,192.479471410,7288.830,7287.940,0.890,,,ok
6227,192.497904620,192.505191820,192.505194670,7287.200,7290.050,2.850,,,ok
6228,192.522679510,192.529965190,192.529966980,7285.680,7287.470,1.790,,,ok
6229,192.547898480,192.555188480,192.555186600,7290.000,7288.120,1.880,,,ok
6230,192.572887830,192.580176040,192.580174980,7288.210,7287.150,1.060,,,ok
6231,192.597598060,192.604885270,192.604887610,7287.210,7289.550,2.340,,,ok
6232,192.623349250,192.630638520,192.630636820,7289.270,7287.570,1.700,,,ok
6233,192.648731700,192.656016910,192.656019150,7285.210,7287.450,2.240,,,ok
6234,192.672474690,192.679760580,192.679762280,7285.890,7287.590,1.700,,,ok
6235,192.697889960,192.705178720,192.705175980,7288.760,7286.020,2.740,,,ok
6236,192.723587550,192.730874720,192.730874570,7287.170,7287.020,0.150,,,ok
6237,192.747288930,192.754574640,192.754576280,7285.710,7287.350,1.640,,,ok
6238,192.772597640,192.779882820,192.779886200,7285.180,7288.560,3.380,,,ok
6239,192.798327050,192.805616280,192.805615740,7289.230,7288.690,0.540,,,ok
6240,192.823093940,192.830379630,192.830378050,7285.690,7284.110,1.580,,,ok
6241,192.846812680,192.854099110,192.854102720,7286.430,7290.040,3.610,,,ok
6242,192.871001990,192.878287320,192.878289970,7285.330,7287.980,2.650,,,ok
6243,192.896045710,192.903333170,192.903334490,7287.460,7288.780,1.320,,,ok
6244,192.921963210,192.929248980,192.929250410,7285.770,7287.200,1.430,,,ok
6245,192.947741590,192.955027390,192.955031350,7285.800,7289.760,3.960,,,ok
6246,192.973363030,192.980649850,192.980649680,7286.820,7286.650,0.170,,,ok
6247,192.999227490,193.006507850,193.006511680,7280.360,7284.190,3.830,,,ok
6248,193.024774280,193.032061430,193.032061540,7287.150,7287.260,0.110,,,ok
6249,193.049084940,193.056371070,193.056372220,7286.130,7287.280,1.150,,,ok
6250,193.074815370,193.082103510,193.082103250,7288.140,7287.880,0.260,,,ok
6251,193.100585350,193.107871960,193.107871730,7286.610,7286.380,0.230,,,ok
6252,193.124717780,193.132006110,193.132005040,7288.330,7287.260,1.070,,,ok
6253,193.150289890,193.157564130,193.157578290,7274.240,7288.400,14.160,,,ok
6254,193.175796820,193.183082830,193.183080980,7286.010,7284.160,1.850,,,ok
6255,193.200983260,193.208268670,193.208270350,7285.410,7287.090,1.680,,,ok
6256,193.226778070,193.234064640,193.234063710,7286.570,7285.640,0.930,,,ok
6257,193.252341840,193.259627040,193.259626080,7285.200,7284.240,0.960,,,ok
6258,193.276535590,193.283821470,193.283824940,7285.880,7289.350,3.470,,,ok
6259,193.300207550,193.307494870,193.307492590,7287.320,7285.040,2.280,,,ok
6260,193.324254520,193.331542060,193.331542520,7287.540,7288.000,0.460,,,ok
6261,193.349950210,193.357236470,193.357235110,7286.260,7284.900,1.360,,,ok
6262,193.374115430,193.381402180,193.381404280,7286.750,7288.850,2.100,,,ok
6263,193.400005870,193.407292220,193.407292760,7286.350,7286.890,0.540,,,ok
6264,193.423405780,193.430690340,193.430691030,7284.560,7285.250,0.690,,,ok
6265,193.447662460,193.454949110,193.454949470,7286.650,7287.010,0.360,,,ok
6266,193.473021750,193.480308240,193.480305380,7286.490,7283.630,2.860,,,ok
6267,193.498479100,193.505765710,193.505765450,7286.610,7286.350,0.260,,,ok
6268,193.522959260,193.530242550,193.530244700,7283.290,7285.440,2.150,,,ok
6269,193.547097580,193.554383380,193.554380680,7285.800,7283.100,2.700,,,ok
6270,193.571802540,193.579089300,193.579090640,7286.760,7288.100,1.340,,,ok
6271,193.597915520,193.605205170,193.605205090,7289.650,7289.570,0.080,,,ok
6272,193.622243320,193.629528500,193.629525990,7285.180,7282.670,2.510,,,ok
6273,193.647589700,193.654874440,193.654875890,7284.740,7286.190,1.450,,,ok
6274,193.673314140,193.680599310,193.680600310,7285.170,7286.170,1.000,,,ok
6275,193.699432260,193.706718680,193.706712350,7286.420,7280.090,6.330,,,ok
6276,193.724715580,193.732000990,193.732001160,7285.410,7285.580,0.170,,,ok
6277,193.750602060,193.757890340,193.757889700,7288.280,7287.640,0.640,,,ok
6278,193.776402870,193.783687710,193.783689060,7284.840,7286.190,1.350,,,ok
6279,193.801582450,193.808870690,193.808866390,7288.240,7283.940,4.300,,,ok
6280,193.827696640,193.834984190,193.834985810,7287.550,7289.170,1.620,,,ok
6281,193.851350420,193.858638960,193.858638350,7288.540,7287.930,0.610,,,ok
6282,193.875704960,193.882992150,193.882992770,7287.190,7287.810,0.620,,,ok
6283,193.900824180,193.908110600,193.908110870,7286.420,7286.690,0.270,,,ok
6284,193.926438680,193.933728850,193.933723440,7290.170,7284.760,5.410,,,ok
6285,193.951785850,193.959135950,193.959073040,7350.100,7287.190,62.910,,,ok
6286,193.975777300,193.983065760,193.983066230,7288.460,7288.930,0.470,,,ok
6287,194.001118090,194.008404030,194.008403790,7285.940,7285.700,0.240,,,ok
6288,194.025381720,194.032667640,194.032667380,7285.920,7285.660,0.260,,,ok
6289,194.050899510,194.058185880,194.058150860,7286.370,7251.350,35.020,,,ok
6290,194.076677120,194.083964130,194.083964820,7287.010,7287.700,0.690,,,ok
6291,194.100591260,194.107876670,194.107878300,7285.410,7287.040,1.630,,,ok
6292,194.124389040,194.131669610,194.131676170,7280.570,7287.130,6.560,,,ok
6293,194.150214980,194.157504190,194.157504340,7289.210,7289.360,0.150,,,ok
6294,194.173839630,194.181127730,194.181128670,7288.100,7289.040,0.940,,,ok
6295,194.199684050,194.206968560,194.206969690,7284.510,7285.640,1.130,,,ok
6296,194.225459220,194.232744330,194.232745530,7285.110,7286.310,1.200,,,ok
6297,194.249227180,194.256512730,194.256513950,7285.550,7286.770,1.220,,,ok
6298,194.275105870,194.282391330,194.282458200,7285.460,7352.330,66.870,,,ok
6299,194.300376250,194.307662100,194.307665740,7285.850,7289.490,3.640,,,ok
6300,194.324097980,194.331386950,194.331381700,7288.970,7283.720,5.250,,,ok
6301,194.349853130,194.357138740,194.357206640,7285.610,7353.510,67.900,,,ok
6302,194.373704470,194.380989550,194.380990070,7285.080,7285.600,0.520,,,ok
6303,194.398851800,194.406137950,194.406138160,7286.150,7286.360,0.210,,,ok
6304,194.422582000,194.429871490,194.429871830,7289.490,7289.830,0.340,,,ok
6305,194.448295540,194.455584880,194.455581100,7289.340,7285.560,3.780,,,ok
6306,194.472077510,194.479363240,194.479364510,7285.730,7287.000,1.270,,,ok
6307,194.496969030,194.504242530,194.504257890,7273.500,7288.860,15.360,,,ok
6308,194.522607860,194.529894900,194.529895600,7287.040,7287.740,0.700,,,ok
6309,194.546863370,194.554152460,194.554149910,7289.090,7286.540,2.550,,,ok
6310,194.570377210,194.577666840,194.577663230,7289.630,7286.020,3.610,,,ok
6311,194.596123150,194.603408590,194.603410390,7285.440,7287.240,1.800,,,ok
6312,194.621521940,194.628808480,194.628808710,7286.540,7286.770,0.230,,,ok
6313,194.646765920,194.654050750,194.654051120,7284.830,7285.200,0.370,,,ok
6314,194.671388890,194.678674230,194.678676000,7285.340,7287.110,1.770,,,ok
6315,194.696966660,194.704251200,194.704254620,7284.540,7287.960,3.420,,,ok
6316,194.722430180,194.729716910,194.729717580,7286.730,7287.400,0.670,,,ok
6317,194.748105830,194.755435470,194.755392230,7329.640,7286.400,43.240,,,ok
6318,194.772106840,194.779392800,194.779394190,7285.960,7287.350,1.390,,,ok
6319,194.797777960,194.805067010,194.805063080,7289.050,7285.120,3.930,,,ok
6320,194.823596010,194.830884460,194.830882540,7288.450,7286.530,1.920,,,ok
6321,194.849392170,194.856678830,194.856680810,7286.660,7288.640,1.980,,,ok
6322,194.875121780,194.882407100,194.882409250,7285.320,7287.470,2.150,,,ok
6323,194.899725250,194.907009180,194.907011900,7283.930,7286.650,2.720,,,ok
6324,194.925651750,194.932936200,194.932941150,7284.450,7289.400,4.950,,,ok
6325,194.950672420,194.957957240,194.957957190,7284.820,7284.770,0.050,,,ok
6326,194.974836950,194.982124840,194.982182440,7287.890,7345.490,57.600,,,ok
6327,194.998520270,195.005808970,195.005804030,7288.700,7283.760,4.940,,,ok
6328,195.023345390,195.030629800,195.030633550,7284.410,7288.160,3.750,,,ok
6329,195.047743360,195.055030740,195.055033420,7287.380,7290.060,2.680,,,ok
6330,195.073500640,195.080788970,195.080784110,7288.330,7283.470,4.860,,,ok
6331,195.099550720,195.106837650,195.106839050,7286.930,7288.330,1.400,,,ok
6332,195.123422630,195.130710860,195.130708590,7288.230,7285.960,2.270,,,ok
6333,195.148763440,195.156048270,195.156050420,7284.830,7286.980,2.150,,,ok
6334,195.173918750,195.181207710,195.181204030,7288.960,7285.280,3.680,,,ok
6335,195.199794900,195.207081060,195.207082650,7286.160,7287.750,1.590,,,ok
6336,195.224021620,195.231308410,195.231306200,7286.790,7284.580,2.210,,,ok
6337,195.249090610,195.256377850,195.256380800,7287.240,7290.190,2.950,,,ok
6338,195.274767950,195.282056140,195.282053780,7288.190,7285.830,2.360,,,ok
6339,195.300198900,195.307484470,195.307487430,7285.570,7288.530,2.960,,,ok
6340,195.326094680,195.333382840,195.333379990,7288.160,7285.310,2.850,,,ok
6341,195.351792070,195.359080250,195.359077870,7288.180,7285.800,2.380,,,ok
6342,195.377451010,195.384738580,195.384737780,7287.570,7286.770,0.800,,,ok
6343,195.402163320,195.409453000,195.409516410,7289.680,7353.090,63.410,,,ok
6344,195.425840200,195.433125640,195.433129660,7285.440,7289.460,4.020,,,ok
6345,195.451574740,195.458862040,195.458862970,7287.300,7288.230,0.930,,,ok
6346,195.477042660,195.484325580,195.484312600,7282.920,7269.940,12.980,,,ok
6347,195.501254590,195.508540600,195.508543390,7286.010,7288.800,2.790,,,ok
6348,195.526910380,195.534199870,195.534198180,7289.490,7287.800,1.690,,,ok
6349,195.550589330,195.557877370,195.557876700,7288.040,7287.370,0.670,,,ok
6350,195.576261370,195.583545740,195.583549930,7284.370,7288.560,4.190,,,ok
6351,195.602209000,195.609494980,195.609498390,7285.980,7289.390,3.410,,,ok
6352,195.626402200,195.633688280,195.633691060,7286.080,7288.860,2.780,,,ok
6353,195.650217020,195.657505840,195.657505430,7288.820,7288.410,0.410,,,ok
6354,195.674084910,195.681375210,195.681372980,7290.300,7288.070,2.230,,,ok
6355,195.699755550,195.707043500,195.707042100,7287.950,7286.550,1.400,,,ok
6356,195.725191530,195.732476670,195.732477960,7285.140,7286.430,1.290,,,ok
6357,195.748939580,195.756230480,195.756228870,7290.900,7289.290,1.610,,,ok
6358,195.774803170,195.782092520,195.782092370,7289.350,7289.200,0.150,,,ok
6359,195.800301580,195.807586240,195.807589540,7284.660,7287.960,3.300,,,ok
6360,195.824085700,195.831372740,195.831437920,7287.040,7352.220,65.180,,,ok
6361,195.847929190,195.855218770,195.855216690,7289.580,7287.500,2.080,,,ok
6362,195.871928930,195.879217290,195.879213480,7288.360,7284.550,3.810,,,ok
6363,195.895614250,195.902899620,195.902904520,7285.370,7290.270,4.900,,,ok
6364,195.921399460,195.928687970,195.928686560,7288.510,7287.100,1.410,,,ok
6365,195.946432450,195.953722160,195.953721210,7289.710,7288.760,0.950,,,ok
6366,195.970946530,195.978235590,195.978234750,7289.060,7288.220,0.840,,,ok
6367,195.996708010,196.003993840,196.003995540,7285.830,7287.530,1.700,,,ok
6368,196.020641770,196.027927260,196.027930380,7285.490,7288.610,3.120,,,ok
6369,196.046369290,196.053654920,196.053654920,7285.630,7285.630,0.000,,,ok
6370,196.072194690,196.079481480,196.079481960,7286.790,7287.270,0.480,,,ok
6371,196.097249080,196.104537640,196.104536840,7288.560,7287.760,0.800,,,ok
6372,196.121516340,196.128792290,196.128802590,7275.950,7286.250,10.300,,,ok
6373,196.145349810,196.152639250,196.152638440,7289.440,7288.630,0.810,,,ok
6374,196.171113350,196.178402560,196.178401020,7289.210,7287.670,1.540,,,ok
6375,196.196813600,196.204099720,196.204100420,7286.120,7286.820,0.700,,,ok
6376,196.222679080,196.229969340,196.229966300,7290.260,7287.220,3.040,,,ok
6377,196.248400560,196.255686750,196.255686300,7286.190,7285.740,0.450,,,ok
6378,196.272440490,196.279723800,196.279730550,7283.310,7290.060,6.750,,,ok
6379,196.298195970,196.305481920,196.305482710,7285.950,7286.740,0.790,,,ok
6380,196.321860150,196.329147860,196.329147590,7287.710,7287.440,0.270,,,ok
6381,196.346492350,196.353780310,196.353778340,7287.960,7285.990,1.970,,,ok
6382,196.372260700,196.379549560,196.379546800,7288.860,7286.100,2.760,,,ok
6383,196.397984970,196.405272890,196.405272650,7287.920,7287.680,0.240,,,ok
6384,196.421742150,196.429031410,196.429031170,7289.260,7289.020,0.240,,,ok
6385,196.447455630,196.454741970,196.454743720,7286.340,7288.090,1.750,,,ok
6386,196.473106170,196.480390670,196.480391920,7284.500,7285.750,1.250,,,ok
6387,196.498690210,196.505976400,196.505976570,7286.190,7286.360,0.170,,,ok
6388,196.522309180,196.529594820,196.529598800,7285.640,7289.620,3.980,,,ok
6389,196.547372510,196.554658050,196.554658380,7285.540,7285.870,0.330,,,ok
6390,196.573080970,196.580366540,196.580365590,7285.570,7284.620,0.950,,,ok
6391,196.597356540,196.604644080,196.604644920,7287.540,7288.380,0.840,,,ok
6392,196.623100870,196.630387080,196.630388610,7286.210,7287.740,1.530,,,ok
6393,196.648808390,196.656096720,196.656096110,7288.330,7287.720,0.610,,,ok
6394,196.674399680,196.681684890,196.681685200,7285.210,7285.520,0.310,,,ok
6395,196.700113480,196.707402490,196.707436380,7289.010,7322.900,33.890,,,ok
6396,196.725651100,196.732936780,196.732936240,7285.680,7285.140,0.540,,,ok
6397,196.750131530,196.757420210,196.757420740,7288.680,7289.210,0.530,,,ok
6398,196.775481110,196.782768610,196.782768110,7287.500,7287.000,0.500,,,ok
6399,196.800824210,196.808110870,196.808111490,7286.660,7287.280,0.620,,,ok
6400,196.826201250,196.833489330,196.833489930,7288.080,7288.680,0.600,,,ok
6401,196.852281900,196.859567660,196.859569200,7285.760,7287.300,1.540,,,ok
6402,196.875681840,196.882972030,196.882967890,7290.190,7286.050,4.140,,,ok
6403,196.901476680,196.908830930,196.908764820,7354.250,7288.140,66.110,,,ok
6404,196.927277160,196.934563760,196.934564510,7286.600,7287.350,0.750,,,ok
6405,196.953124840,196.960412170,196.960413070,7287.330,7288.230,0.900,,,ok
6406,196.976800580,196.984089520,196.984083780,7288.940,7283.200,5.740,,,ok
6407,197.002722750,197.010008690,197.010009680,7285.940,7286.930,0.990,,,ok
6408,197.026570140,197.033866350,197.033865820,7296.210,7295.680,0.530,,,ok
6409,197.050344310,197.057628100,197.057631600,7283.790,7287.290,3.500,,,ok
6410,197.073838530,197.081129020,197.081124160,7290.490,7285.630,4.860,,,ok
6411,197.097712520,197.105002460,197.104998490,7289.940,7285.970,3.970,,,ok
6412,197.121519450,197.128805690,197.128806700,7286.240,7287.250,1.010,,,ok
6413,197.146672900,197.153959080,197.153959050,7286.180,7286.150,0.030,,,ok
6414,197.172397940,197.179679970,197.179683620,7282.030,7285.680,3.650,,,ok
6415,197.198319460,197.205606010,197.205604370,7286.550,7284.910,1.640,,,ok
6416,197.222422480,197.229706640,197.229709640,7284.160,7287.160,3.000,,,ok
6417,197.246177260,197.253460180,197.253463870,7282.920,7286.610,3.690,,,ok
6418,197.270517540,197.277805950,197.277807350,7288.410,7289.810,1.400,,,ok
6419,197.296207150,197.303494400,197.303495830,7287.250,7288.680,1.430,,,ok
6420,197.320572370,197.327857760,197.327859200,7285.390,7286.830,1.440,,,ok
6421,197.346241570,197.353525230,197.353526640,7283.660,7285.070,1.410,,,ok
6422,197.370468250,197.377753480,197.377756030,7285.230,7287.780,2.550,,,ok
6423,197.396221750,197.403508040,197.403507030,7286.290,7285.280,1.010,,,ok
6424,197.421603730,197.428890200,197.428892870,7286.470,7289.140,2.670,,,ok
6425,197.446436730,197.453786310,197.453723780,7349.580,7287.050,62.530,,,ok
6426,197.470606050,197.477892990,197.477893760,7286.940,7287.710,0.770,,,ok
6427,197.494760080,197.502045600,197.502048100,7285.520,7288.020,2.500,,,ok
6428,197.520714380,197.528004590,197.528001370,7290.210,7286.990,3.220,,,ok
6429,197.546405380,197.553691860,197.553694890,7286.480,7289.510,3.030,,,ok
6430,197.572132210,197.579421480,197.579417120,7289.270,7284.910,4.360,,,ok
6431,197.596648180,197.603933900,197.603936680,7285.720,7288.500,2.780,,,ok
6432,197.622441580,197.629727230,197.629729180,7285.650,7287.600,1.950,,,ok
6433,197.646824570,197.654111750,197.654113470,7287.180,7288.900,1.720,,,ok
6434,197.672536130,197.679823970,197.679821990,7287.840,7285.860,1.980,,,ok
6435,197.696824250,197.704113370,197.704110390,7289.120,7286.140,2.980,,,ok
6436,197.722618420,197.729906740,197.729908910,7288.320,7290.490,2.170,,,ok
6437,197.748284190,197.755569070,197.755572430,7284.880,7288.240,3.360,,,ok
6438,197.772092490,197.779378380,197.779380700,7285.890,7288.210,2.320,,,ok
6439,197.795906060,197.803189320,197.803192910,7283.260,7286.850,3.590,,,ok
6440,197.819758490,197.827044240,197.827047580,7285.750,7289.090,3.340,,,ok
6441,197.843537960,197.850823490,197.850824580,7285.530,7286.620,1.090,,,ok
6442,197.869317670,197.876606060,197.876604510,7288.390,7286.840,1.550,,,ok
6443,197.893094180,197.900379290,197.900381850,7285.110,7287.670,2.560,,,ok
6444,197.916976420,197.924263730,197.924266220,7287.310,7289.800,2.490,,,ok
6445,197.940811090,197.948097080,197.948098220,7285.990,7287.130,1.140,,,ok
6446,197.965346690,197.972634560,197.972633060,7287.870,7286.370,1.500,,,ok
6447,197.990516540,197.997802930,197.997805580,7286.390,7289.040,2.650,,,ok
6448,198.013950530,198.021237140,198.021239890,7286.610,7289.360,2.750,,,ok
6449,198.037861330,198.045150390,198.045148290,7289.060,7286.960,2.100,,,ok
6450,198.063679140,198.070963810,198.070965430,7284.670,7286.290,1.620,,,ok
6451,198.087293460,198.094581410,198.094580080,7287.950,7286.620,1.330,,,ok
6452,198.113584950,198.120870760,198.120872240,7285.810,7287.290,1.480,,,ok
6453,198.138867730,198.146154030,198.146155740,7286.300,7288.010,1.710,,,ok
6454,198.163110930,198.170395010,198.170400410,7284.080,7289.480,5.400,,,ok
6455,198.188142200,198.195428190,198.195427470,7285.990,7285.270,0.720,,,ok
6456,198.213515700,198.220804190,198.220802180,7288.490,7286.480,2.010,,,ok
6457,198.239336550,198.246622540,198.246624470,7285.990,7287.920,1.930,,,ok
6458,198.265214050,198.272500760,198.272534140,7286.710,7320.090,33.380,,,ok
6459,198.289086750,198.296371810,198.296371370,7285.060,7284.620,0.440,,,ok
6460,198.314115210,198.321402740,198.321400850,7287.530,7285.640,1.890,,,ok
6461,198.338124570,198.345409740,198.345413240,7285.170,7288.670,3.500,,,ok
6462,198.362084890,198.369374320,198.369371810,7289.430,7286.920,2.510,,,ok
6463,198.387975230,198.395262960,198.395326120,7287.730,7350.890,63.160,,,ok
6464,198.412037640,198.419326130,198.419324600,7288.490,7286.960,1.530,,,ok
6465,198.437643070,198.444929460,198.444933010,7286.390,7289.940,3.550,,,ok
6466,198.463170660,198.470456960,198.470453930,7286.300,7283.270,3.030,,,ok
6467,198.487895550,198.495181330,198.495182100,7285.780,7286.550,0.770,,,ok
6468,198.513276060,198.520563620,198.520563260,7287.560,7287.200,0.360,,,ok
6469,198.538377160,198.545662260,198.545665580,7285.100,7288.420,3.320,,,ok
6470,198.564100020,198.571385510,198.571389950,7285.490,7289.930,4.440,,,ok
6471,198.587901550,198.595189860,198.595186030,7288.310,7284.480,3.830,,,ok
6472,198.613706970,198.620992220,198.620990410,7285.250,7283.440,1.810,,,ok
6473,198.637608960,198.644893940,198.644895220,7284.980,7286.260,1.280,,,ok
6474,198.663402390,198.670689940,198.670686060,7287.550,7283.670,3.880,,,ok
6475,198.687437490,198.694723290,198.694726060,7285.800,7288.570,2.770,,,ok
6476,198.712337210,198.719625330,198.719624600,7288.120,7287.390,0.730,,,ok
6477,198.736084060,198.743369920,198.743373990,7285.860,7289.930,4.070,,,ok
6478,198.760989200,198.768296830,198.768276600,7307.630,7287.400,20.230,,,ok
6479,198.785616130,198.792901870,198.792904850,7285.740,7288.720,2.980,,,ok
6480,198.811408110,198.818695050,198.818692890,7286.940,7284.780,2.160,,,ok
6481,198.835169330,198.842458510,198.842457720,7289.180,7288.390,0.790,,,ok
6482,198.858820210,198.866106010,198.866104780,7285.800,7284.570,1.230,,,ok
6483,198.882693490,198.889979390,198.889979280,7285.900,7285.790,0.110,,,ok
6484,198.906408710,198.913697660,198.913696930,7288.950,7288.220,0.730,,,ok
6485,198.932263440,198.939552110,198.939551220,7288.670,7287.780,0.890,,,ok
6486,198.957989250,198.965275440,198.965273600,7286.190,7284.350,1.840,,,ok
6487,198.983060350,198.990346340,198.990347100,7285.990,7286.750,0.760,,,ok
6488,199.008779430,199.016066310,199.016066530,7286.880,7287.100,0.220,,,ok
6489,199.032775550,199.040064210,199.040064950,7288.660,7289.400,0.740,,,ok
6490,199.056119720,199.063408810,199.063407010,7289.090,7287.290,1.800,,,ok
6491,199.080750050,199.088035870,199.088036840,7285.820,7286.790,0.970,,,ok
6492,199.104378230,199.111665500,199.111665180,7287.270,7286.950,0.320,,,ok
6493,199.129942250,199.137228990,199.137228680,7286.740,7286.430,0.310,,,ok
6494,199.154185170,199.161471140,199.161472050,7285.970,7286.880,0.910,,,ok
6495,199.178805250,199.186094870,199.186095680,7289.620,7290.430,0.810,,,ok
6496,199.204455960,199.211809570,199.211741450,7353.610,7285.490,68.120,,,ok
6497,199.230104170,199.237392300,199.237392220,7288.130,7288.050,0.080,,,ok
6498,199.255793190,199.263079900,199.263080660,7286.710,7287.470,0.760,,,ok
6499,199.281401270,199.288688190,199.288689180,7286.920,7287.910,0.990,,,ok
6500,199.307193140,199.314480100,199.314479820,7286.960,7286.680,0.280,,,ok
6501,199.332374060,199.339661160,199.339661050,7287.100,7286.990,0.110,,,ok
6502,199.358071580,199.365359340,199.365358510,7287.760,7286.930,0.830,,,ok
6503,199.383767030,199.391051320,199.391052840,7284.290,7285.810,1.520,,,ok
6504,199.409216800,199.416506150,199.416506180,7289.350,7289.380,0.030,,,ok
6505,199.434879180,199.442168580,199.442235010,7289.400,7355.830,66.430,,,ok
6506,199.458468850,199.465757870,199.465756800,7289.020,7287.950,1.070,,,ok
6507,199.484103830,199.491391310,199.491391490,7287.480,7287.660,0.180,,,ok
6508,199.509666890,199.516954550,199.517020510,7287.660,7353.620,65.960,,,ok
6509,199.538791720,199.546077170,199.546077360,7285.450,7285.640,0.190,,,ok
6510,199.564427180,199.571713580,199.571715820,7286.400,7288.640,2.240,,,ok
6511,199.588215020,199.595502190,199.595505070,7287.170,7290.050,2.880,,,ok
6512,199.613110600,199.620395600,199.620398280,7285.000,7287.680,2.680,,,ok
6513,199.638290640,199.645576490,199.645576900,7285.850,7286.260,0.410,,,ok
6514,199.663215050,199.670504820,199.670505360,7289.770,7290.310,0.540,,,ok
6515,199.688537420,199.695823320,199.695821260,7285.900,7283.840,2.060,,,ok
6516,199.714003520,199.721288960,199.721292090,7285.440,7288.570,3.130,,,ok
6517,199.739054930,199.746345130,199.746339900,7290.200,7284.970,5.230,,,ok
6518,199.764407350,199.771693270,199.771694090,7285.920,7286.740,0.820,,,ok
6519,199.788311460,199.795595830,199.795597530,7284.370,7286.070,1.700,,,ok
6520,199.814069750,199.821352430,199.821356050,7282.680,7286.300,3.620,,,ok
6521,199.838728850,199.846018450,199.846014380,7289.600,7285.530,4.070,,,ok
6522,199.862272670,199.869560930,199.869559190,7288.260,7286.520,1.740,,,ok
6523,199.886412790,199.893698910,199.893700280,7286.120,7287.490,1.370,,,ok
6524,199.911999890,199.919288450,199.919287030,7288.560,7287.140,1.420,,,ok
6525,199.937440180,199.944726690,199.944727070,7286.510,7286.890,0.380,,,ok
6526,199.963212260,199.970564570,199.970500610,7352.310,7288.350,63.960,,,ok
6527,199.988584720,199.995872750,199.995874710,7288.030,7289.990,1.960,,,ok
6528,200.014272480,200.021561120,200.021558230,7288.640,7285.750,2.890,,,ok
6529,200.039210860,200.046499490,200.046495860,7288.630,7285.000,3.630,,,ok
6530,200.064924040,200.072204160,200.072210070,7280.120,7286.030,5.910,,,ok
6531,200.089866870,200.097157150,200.097153670,7290.280,7286.800,3.480,,,ok
6532,200.115399200,200.122685530,200.122686590,7286.330,7287.390,1.060,,,ok
6533,200.139232110,200.146516340,200.146519250,7284.230,7287.140,2.910,,,ok
6534,200.163328220,200.170617300,200.170617960,7289.080,7289.740,0.660,,,ok
6535,200.188400990,200.195689770,200.195687150,7288.780,7286.160,2.620,,,ok
6536,200.214218470,200.221504060,200.221505650,7285.590,7287.180,1.590,,,ok
6537,200.239835090,200.247121430,200.247123980,7286.340,7288.890,2.550,,,ok
6538,200.265665740,200.272950570,200.272952290,7284.830,7286.550,1.720,,,ok
6539,200.290734770,200.298021610,200.298019830,7286.840,7285.060,1.780,,,ok
6540,200.314872260,200.322162340,200.322159020,7290.080,7286.760,3.320,,,ok
6541,200.340704810,200.347990020,200.347992630,7285.210,7287.820,2.610,,,ok
6542,200.366452510,200.373738250,200.373740940,7285.740,7288.430,2.690,,,ok
6543,200.391933740,200.399222520,200.399218520,7288.780,7284.780,4.000,,,ok
6544,200.417632180,200.424900050,200.424917120,7267.870,7284.940,17.070,,,ok
6545,200.443393760,200.450679340,200.450680350,7285.580,7286.590,1.010,,,ok
6546,200.468833720,200.476120030,200.476119870,7286.310,7286.150,0.160,,,ok
6547,200.494661400,200.501950940,200.501948290,7289.540,7286.890,2.650,,,ok
6548,200.518244350,200.525534420,200.525529040,7290.070,7284.690,5.380,,,ok
6549,200.542204050,200.549491940,200.549490060,7287.890,7286.010,1.880,,,ok
6550,200.566780750,200.574071170,200.574067500,7290.420,7286.750,3.670,,,ok
6551,200.592495440,200.599784600,200.599780790,7289.160,7285.350,3.810,,,ok
6552,200.616676820,200.623962950,200.623965270,7286.130,7288.450,2.320,,,ok
6553,200.642407550,200.649696360,200.649692790,7288.810,7285.240,3.570,,,ok
6554,200.668191530,200.675479510,200.675482060,7287.980,7290.530,2.550,,,ok
6555,200.691809330,200.699098150,200.699094310,7288.820,7284.980,3.840,,,ok
6556,200.715746470,200.723036400,200.723033080,7289.930,7286.610,3.320,,,ok
6557,200.741442550,200.748729770,200.748731330,7287.220,7288.780,1.560,,,ok
6558,200.766793030,200.774082250,200.774080700,7289.220,7287.670,1.550,,,ok
6559,200.791926380,200.799216660,200.799214100,7290.280,7287.720,2.560,,,ok
6560,200.817673650,200.824957410,200.824962560,7283.760,7288.910,5.150,,,ok
6561,200.841744390,200.849033220,200.849028260,7288.830,7283.870,4.960,,,ok
6562,200.867443430,200.874731720,200.874729240,7288.290,7285.810,2.480,,,ok
6563,200.893199950,200.900475940,200.900477780,7275.990,7277.830,1.840,,,ok
6564,200.916822750,200.924108280,200.924111180,7285.530,7288.430,2.900,,,ok
6565,200.941779020,200.949066670,200.949069700,7287.650,7290.680,3.030,,,ok
6566,200.966810470,200.974100250,200.974098090,7289.780,7287.620,2.160,,,ok
6567,200.992573530,200.999860890,200.999858950,7287.360,7285.420,1.940,,,ok
6568,201.018410200,201.025695970,201.025699910,7285.770,7289.710,3.940,,,ok
6569,201.043760360,201.051049050,201.051046950,7288.690,7286.590,2.100,,,ok
6570,201.068193230,201.075477740,201.075479300,7284.510,7286.070,1.560,,,ok
6571,201.093578350,201.100866980,201.100863840,7288.630,7285.490,3.140,,,ok
6572,201.119195810,201.126485360,201.126483530,7289.550,7287.720,1.830,,,ok
6573,201.144557240,201.151843500,201.151846090,7286.260,7288.850,2.590,,,ok
6574,201.168629860,201.175916330,201.175915530,7286.470,7285.670,0.800,,,ok
6575,201.193351440,201.200639790,201.200637590,7288.350,7286.150,2.200,,,ok
6576,201.219081040,201.226356950,201.226347630,7275.910,7266.590,9.320,,,ok
6577,201.243650660,201.250937170,201.250935800,7286.510,7285.140,1.370,,,ok
6578,201.269547010,201.276835630,201.276831690,7288.620,7284.680,3.940,,,ok
6579,201.295345050,201.302634020,201.302632480,7288.970,7287.430,1.540,,,ok
6580,201.321113700,201.328401410,201.328400980,7287.710,7287.280,0.430,,,ok
6581,201.346845820,201.354135870,201.354133540,7290.050,7287.720,2.330,,,ok
6582,201.372427140,201.379713130,201.379710460,7285.990,7283.320,2.670,,,ok
6583,201.397355510,201.404642510,201.404641080,7287.000,7285.570,1.430,,,ok
6584,201.423051840,201.430340000,201.430339600,7288.160,7287.760,0.400,,,ok
6585,201.447233450,201.454519330,201.454523040,7285.880,7289.590,3.710,,,ok
6586,201.472471240,201.479757710,201.479758920,7286.470,7287.680,1.210,,,ok
6587,201.498584140,201.505871060,201.505869940,7286.920,7285.800,1.120,,,ok
6588,201.522454040,201.529736850,201.529742480,7282.810,7288.440,5.630,,,ok
6589,201.548118540,201.555406950,201.555406750,7288.410,7288.210,0.200,,,ok
6590,201.573881920,201.581171070,201.581170290,7289.150,7288.370,0.780,,,ok
6591,201.599690170,201.606978770,201.606976120,7288.600,7285.950,2.650,,,ok
6592,201.625365130,201.632652620,201.632650810,7287.490,7285.680,1.810,,,ok
6593,201.650166600,201.657455230,201.657455390,7288.630,7288.790,0.160,,,ok
6594,201.676028040,201.683314410,201.683313870,7286.370,7285.830,0.540,,,ok
6595,201.700191820,201.707477030,201.707474540,7285.210,7282.720,2.490,,,ok
6596,201.725916150,201.733205150,201.733204790,7289.000,7288.640,0.360,,,ok
6597,201.750043850,201.757329800,201.757333990,7285.950,7290.140,4.190,,,ok
6598,201.774653340,201.781940710,201.781895700,7287.370,7242.360,45.010,,,ok
6599,201.798498810,201.805786500,201.805784910,7287.690,7286.100,1.590,,,ok
6600,201.822560720,201.829848860,201.829911350,7288.140,7350.630,62.490,,,ok
6601,201.848307360,201.855590710,201.855592720,7283.350,7285.360,2.010,,,ok
6602,201.873986130,201.881275680,201.881276200,7289.550,7290.070,0.520,,,ok
6603,201.899589530,201.906873950,201.906873680,7284.420,7284.150,0.270,,,ok
6604,201.925228880,201.932517420,201.932517930,7288.540,7289.050,0.510,,,ok
6605,201.950831110,201.958116710,201.958143530,7285.600,7312.420,26.820,,,ok
6606,201.976561380,201.983849920,201.983850070,7288.540,7288.690,0.150,,,ok
6607,202.002378900,202.009668430,202.009668400,7289.530,7289.500,0.030,,,ok
6608,202.026261310,202.033546750,202.033546010,7285.440,7284.700,0.740,,,ok
6609,202.050838110,202.058125010,202.058125170,7286.900,7287.060,0.160,,,ok
6610,202.076690340,202.083978590,202.083978670,7288.250,7288.330,0.080,,,ok
6611,202.102327050,202.109611960,202.109616960,7284.910,7289.910,5.000,,,ok
6612,202.128049840,202.135333860,202.135335440,7284.020,7285.600,1.580,,,ok
6613,202.154962640,202.162246270,202.162247590,7283.630,7284.950,1.320,,,ok
6614,202.180585390,202.187871910,202.187852940,7286.520,7267.550,18.970,,,ok
6615,202.205755280,202.213044590,202.213045800,7289.310,7290.520,1.210,,,ok
6616,202.230713630,202.238002760,202.237996400,7289.130,7282.770,6.360,,,ok
6617,202.255582140,202.262871110,202.262872520,7288.970,7290.380,1.410,,,ok
6618,202.280697810,202.287984630,202.287985960,7286.820,7288.150,1.330,,,ok
6619,202.305762140,202.313048850,202.313048400,7286.710,7286.260,0.450,,,ok
6620,202.330690260,202.337976660,202.337977630,7286.400,7287.370,0.970,,,ok
6621,202.355787690,202.363073220,202.363076230,7285.530,7288.540,3.010,,,ok
6622,202.381436960,202.388724030,202.388724670,7287.070,7287.710,0.640,,,ok
6623,202.407075440,202.414361460,202.414363020,7286.020,7287.580,1.560,,,ok
6624,202.432784210,202.440069270,202.440071310,7285.060,7287.100,2.040,,,ok
6625,202.458053080,202.465339190,202.465339040,7286.110,7285.960,0.150,,,ok
6626,202.483363290,202.490652450,202.490650710,7289.160,7287.420,1.740,,,ok
6627,202.508995050,202.516280830,202.516281750,7285.780,7286.700,0.920,,,ok
6628,202.534761600,202.542049150,202.542050140,7287.550,7288.540,0.990,,,ok
6629,202.560218990,202.567507530,202.567507290,7288.540,7288.300,0.240,,,ok
6630,202.584202650,202.591490860,202.591491850,7288.210,7289.200,0.990,,,ok
6631,202.609861750,202.617148580,202.617150350,7286.830,7288.600,1.770,,,ok
6632,202.635182410,202.642490560,202.642467510,7308.150,7285.100,23.050,,,ok
6633,202.661246690,202.668533430,202.668597950,7286.740,7351.260,64.520,,,ok
6634,202.686537450,202.693824470,202.693825580,7287.020,7288.130,1.110,,,ok
6635,202.712302640,202.719587690,202.719586490,7285.050,7283.850,1.200,,,ok
6636,202.738074640,202.745360250,202.745362590,7285.610,7287.950,2.340,,,ok
6637,202.763370800,202.770724830,202.770660090,7354.030,7289.290,64.740,,,ok
6638,202.787179560,202.794466830,202.794468300,7287.270,7288.740,1.470,,,ok
6639,202.812892600,202.820180370,202.820182700,7287.770,7290.100,2.330,,,ok
6640,202.838259770,202.845601800,202.845546050,7342.030,7286.280,55.750,,,ok
6641,202.863955640,202.871243090,202.871244470,7287.450,7288.830,1.380,,,ok
6642,202.889614890,202.896901460,202.896903050,7286.570,7288.160,1.590,,,ok
6643,202.915285430,202.922574960,202.922571190,7289.530,7285.760,3.770,,,ok
6644,202.940662810,202.947947220,202.947949690,7284.410,7286.880,2.470,,,ok
6645,202.966297550,202.973586530,202.973580800,7288.980,7283.250,5.730,,,ok
6646,202.992182740,202.999469800,202.999471500,7287.060,7288.760,1.700,,,ok
6647,203.017810720,203.025098270,203.025099860,7287.550,7289.140,1.590,,,ok
6648,203.043523050,203.050811600,203.050808340,7288.550,7285.290,3.260,,,ok
6649,203.069219950,203.076504930,203.076506920,7284.980,7286.970,1.990,,,ok
6650,203.093348520,203.100633200,203.100635130,7284.680,7286.610,1.930,,,ok
6651,203.118491540,203.125774200,203.125778750,7282.660,7287.210,4.550,,,ok
6652,203.144231580,203.151517760,203.151522040,7286.180,7290.460,4.280,,,ok
6653,203.169722060,203.177066130,203.177009120,7344.070,7287.060,57.010,,,ok
6654,203.195769370,203.203056850,203.203057710,7287.480,7288.340,0.860,,,ok
6655,203.220583220,203.227870200,203.227872160,7286.980,7288.940,1.960,,,ok
6656,203.246207840,203.253493580,203.253495680,7285.740,7287.840,2.100,,,ok
6657,203.271872930,203.279161970,203.279157890,7289.040,7284.960,4.080,,,ok
6658,203.297597380,203.304885190,203.304882540,7287.810,7285.160,2.650,,,ok
6659,203.323337900,203.330623850,203.330624580,7285.950,7286.680,0.730,,,ok
6660,203.348930380,203.356216140,203.356219390,7285.760,7289.010,3.250,,,ok
6661,203.374564860,203.381847930,203.381852760,7283.070,7287.900,4.830,,,ok
6662,203.400185090,203.407473760,203.407471220,7288.670,7286.130,2.540,,,ok
6663,203.425763800,203.433052170,203.433049450,7288.370,7285.650,2.720,,,ok
6664,203.451236480,203.458524770,203.458522260,7288.290,7285.780,2.510,,,ok
6665,203.477280670,203.484568810,203.484566510,7288.140,7285.840,2.300,,,ok
6666,203.502721670,203.510006390,203.510009970,7284.720,7288.300,3.580,,,ok
6667,203.528424020,203.535710590,203.535713280,7286.570,7289.260,2.690,,,ok
6668,203.554189790,203.561479130,203.561476650,7289.340,7286.860,2.480,,,ok
6669,203.579849270,203.587136420,203.587135360,7287.150,7286.090,1.060,,,ok
6670,203.605583210,203.612871000,203.612868340,7287.790,7285.130,2.660,,,ok
6671,203.631296520,203.638583240,203.638586900,7286.720,7290.380,3.660,,,ok
6672,203.657062020,203.664346280,203.664349030,7284.260,7287.010,2.750,,,ok
6673,203.682437310,203.689725030,203.689723650,7287.720,7286.340,1.380,,,ok
6674,203.708734040,203.716019290,203.716020860,7285.250,7286.820,1.570,,,ok
6675,203.734125720,203.741410330,203.741414840,7284.610,7289.120,4.510,,,ok
6676,203.758862780,203.766149790,203.766148170,7287.010,7285.390,1.620,,,ok
6677,203.784612990,203.791886360,203.791901580,7273.370,7288.590,15.220,,,ok
6678,203.808515920,203.815801590,203.815805770,7285.670,7289.850,4.180,,,ok
6679,203.833447180,203.840736070,203.840733350,7288.890,7286.170,2.720,,,ok
6680,203.858438110,203.865723480,203.865727520,7285.370,7289.410,4.040,,,ok
6681,203.884229300,203.891517960,203.891516080,7288.660,7286.780,1.880,,,ok
6682,203.908479040,203.915766210,203.915763600,7287.170,7284.560,2.610,,,ok
6683,203.934191750,203.941487680,203.941477890,7295.930,7286.140,9.790,,,ok
6684,203.959879420,203.967167050,203.967164970,7287.630,7285.550,2.080,,,ok
6685,203.983458820,203.990746570,203.990743910,7287.750,7285.090,2.660,,,ok
6686,204.008555070,204.015844990,204.015843220,7289.920,7288.150,1.770,,,ok
6687,204.034317130,204.041601730,204.041606410,7284.600,7289.280,4.680,,,ok
6688,204.060103210,204.067391410,204.067387600,7288.200,7284.390,3.810,,,ok
6689,204.085907560,204.093194780,204.093193450,7287.220,7285.890,1.330,,,ok
6690,204.111611560,204.118897430,204.118901890,7285.870,7290.330,4.460,,,ok
6691,204.137074920,204.144361800,204.144359380,7286.880,7284.460,2.420,,,ok
6692,204.161579970,204.168865090,204.168868510,7285.120,7288.540,3.420,,,ok
6693,204.187188370,204.194475810,204.194477050,7287.440,7288.680,1.240,,,ok
6694,204.213044840,204.220331910,204.220330650,7287.070,7285.810,1.260,,,ok
6695,204.238774820,204.246064220,204.246063760,7289.400,7288.940,0.460,,,ok
6696,204.262963040,204.270247630,204.270247900,7284.590,7284.860,0.270,,,ok
6697,204.288690330,204.295976860,204.295980840,7286.530,7290.510,3.980,,,ok
6698,204.314041960,204.321328980,204.321326790,7287.020,7284.830,2.190,,,ok
6699,204.339386100,204.346673580,204.346672750,7287.480,7286.650,0.830,,,ok
6700,204.364656720,204.371942020,204.371944830,7285.300,7288.110,2.810,,,ok
6701,204.390430010,204.397717600,204.397719380,7287.590,7289.370,1.780,,,ok
6702,204.416185050,204.423473740,204.423472020,7288.690,7286.970,1.720,,,ok
6703,204.441817620,204.449106860,204.449106390,7289.240,7288.770,0.470,,,ok
6704,204.466752360,204.474040350,204.474039350,7287.990,7286.990,1.000,,,ok
6705,204.492666110,204.499952750,204.499953160,7286.640,7287.050,0.410,,,ok
6706,204.518303210,204.525591160,204.525591500,7287.950,7288.290,0.340,,,ok
6707,204.544237650,204.551524420,204.551524910,7286.770,7287.260,0.490,,,ok
6708,204.567812260,204.575097920,204.575098470,7285.660,7286.210,0.550,,,ok
6709,204.593667180,204.600949770,204.600955850,7282.590,7288.670,6.080,,,ok
6710,204.618060630,204.625350630,204.625349410,7290.000,7288.780,1.220,,,ok
6711,204.643438300,204.650721500,204.650727720,7283.200,7289.420,6.220,,,ok
6712,204.669209500,204.676497510,204.676497220,7288.010,7287.720,0.290,,,ok
6713,204.695003440,204.702290680,204.702290510,7287.240,7287.070,0.170,,,ok
6714,204.719213540,204.726498050,204.726498030,7284.510,7284.490,0.020,,,ok
6715,204.743184420,204.750471510,204.750472130,7287.090,7287.710,0.620,,,ok
6716,204.768749170,204.776034480,204.776035630,7285.310,7286.460,1.150,,,ok
6717,204.796443330,204.803728120,204.803728190,7284.790,7284.860,0.070,,,ok
6718,204.822228910,204.829516870,204.829517380,7287.960,7288.470,0.510,,,ok
6719,204.848058910,204.855345860,204.855345920,7286.950,7287.010,0.060,,,ok
6720,204.873820990,204.881109270,204.881106920,7288.280,7285.930,2.350,,,ok
6721,204.899589240,204.906876330,204.906876810,7287.090,7287.570,0.480,,,ok
6722,204.925376120,204.932665870,204.932665290,7289.750,7289.170,0.580,,,ok
6723,204.951292760,204.958578490,204.958579400,7285.730,7286.640,0.910,,,ok
6724,204.975165500,204.982452840,204.982452940,7287.340,7287.440,0.100,,,ok
6725,205.000284390,205.007571150,205.007571460,7286.760,7287.070,0.310,,,ok
6726,205.025182990,205.032468790,205.032469100,7285.800,7286.110,0.310,,,ok
6727,205.050183820,205.057472890,205.057473370,7289.070,7289.550,0.480,,,ok
6728,205.075241550,205.082524990,205.082526770,7283.440,7285.220,1.780,,,ok
6729,205.100936920,205.108224700,205.108223950,7287.780,7287.030,0.750,,,ok
6730,205.126754820,205.134042150,205.134043530,7287.330,7288.710,1.380,,,ok
6731,205.152553110,205.159840190,205.159841910,7287.080,7288.800,1.720,,,ok
6732,205.178218110,205.185503940,205.185505340,7285.830,7287.230,1.400,,,ok
6733,205.202699740,205.209987180,205.209987970,7287.440,7288.230,0.790,,,ok
6734,205.228431450,205.235721570,205.235717240,7290.120,7285.790,4.330,,,ok
6735,205.254188830,205.261474030,205.261474610,7285.200,7285.780,0.580,,,ok
6736,205.279818600,205.287108190,205.287109110,7289.590,7290.510,0.920,,,ok
6737,205.304784260,205.312071670,205.312071590,7287.410,7287.330,0.080,,,ok
6738,205.328814480,205.336097250,205.336100840,7282.770,7286.360,3.590,,,ok
6739,205.354228220,205.361517390,205.361512820,7289.170,7284.600,4.570,,,ok
6740,205.379664620,205.386951870,205.386952730,7287.250,7288.110,0.860,,,ok
6741,205.404787530,205.412074280,205.412075060,7286.750,7287.530,0.780,,,ok
6742,205.428793440,205.436083590,205.436079540,7290.150,7286.100,4.050,,,ok
6743,205.454541440,205.461824440,205.461826960,7283.000,7285.520,2.520,,,ok
6744,205.479965750,205.487253890,205.487251190,7288.140,7285.440,2.700,,,ok
6745,205.505815580,205.513111680,205.513104580,7296.100,7289.000,7.100,,,ok
6746,205.530336340,205.537621070,205.537623290,7284.730,7286.950,2.220,,,ok
6747,205.555421400,205.562710470,205.562705580,7289.070,7284.180,4.890,,,ok
6748,205.580250600,205.587538630,205.587539850,7288.030,7289.250,1.220,,,ok
6749,205.606229810,205.613514690,205.613518430,7284.880,7288.620,3.740,,,ok
6750,205.630892550,205.638180440,205.638181780,7287.890,7289.230,1.340,,,ok
6751,205.655230340,205.662518710,205.662520100,7288.370,7289.760,1.390,,,ok
6752,205.680767420,205.688057350,205.688051050,7289.930,7283.630,6.300,,,ok
6753,205.704777180,205.712065570,205.712066240,7288.390,7289.060,0.670,,,ok
6754,205.728873540,205.736164050,205.736159630,7290.510,7286.090,4.420,,,ok
6755,205.754351270,205.761636490,205.761638050,7285.220,7286.780,1.560,,,ok
6756,205.780105100,205.787390810,205.787392240,7285.710,7287.140,1.430,,,ok
6757,205.805421600,,205.812709940,,7288.340,,,,missing_rx1
6758,205.829761590,,205.837046710,,7285.120,,,,missing_rx1
6759,205.854083810,205.861368930,205.861372630,7285.120,7288.820,3.700,73.978,,ok
6760,205.879708520,205.886996390,205.886995900,7287.870,7287.380,0.490,,,ok
6761,205.904825390,205.912109920,205.912113460,7284.530,7288.070,3.540,,,ok
6762,205.930398390,205.937684040,205.937638710,7285.650,7240.320,45.330,,,ok
6763,205.954884130,205.962172640,205.962171440,7288.510,7287.310,1.200,,,ok
6764,205.980518190,205.987805790,205.987802210,7287.600,7284.020,3.580,,,ok
6765,206.004960370,206.012249290,206.012248140,7288.920,7287.770,1.150,,,ok
6766,206.029803450,206.037091640,206.037090410,7288.190,7286.960,1.230,,,ok
6767,206.053840770,206.061128450,206.061129950,7287.680,7289.180,1.500,,,ok
6768,206.079667450,206.086953420,206.086953450,7285.970,7286.000,0.030,,,ok
6769,206.105464250,206.112752830,206.112751700,7288.580,7287.450,1.130,,,ok
6770,206.129792050,206.137080160,206.137079410,7288.110,7287.360,0.750,,,ok
6771,206.155550820,206.162839470,206.162837700,7288.650,7286.880,1.770,,,ok
6772,206.181442130,206.188726860,206.188731900,7284.730,7289.770,5.040,,,ok
6773,206.207317650,206.214606190,206.214604650,7288.540,7287.000,1.540,,,ok
6774,206.232533940,206.239885020,206.239823940,7351.080,7290.000,61.080,,,ok
6775,206.258320880,206.265608020,206.265606320,7287.140,7285.440,1.700,,,ok
6776,206.283075140,206.290358870,206.290359320,7283.730,7284.180,0.450,,,ok
6777,206.308756850,206.316042050,206.316043230,7285.200,7286.380,1.180,,,ok
6778,206.334566910,206.341853210,206.341852420,7286.300,7285.510,0.790,,,ok
6779,206.360064320,206.367349000,206.367348480,7284.680,7284.160,0.520,,,ok
6780,206.384716020,206.391998370,206.392004310,7282.350,7288.290,5.940,,,ok
6781,206.410366460,206.417653200,206.417652730,7286.740,7286.270,0.470,,,ok
6782,206.436097040,206.443385610,206.443386100,7288.570,7289.060,0.490,,,ok
6783,206.461861040,206.469149920,206.469148600,7288.880,7287.560,1.320,,,ok
6784,206.485930220,206.493218320,206.493218160,7288.100,7287.940,0.160,,,ok
6785,206.509526290,206.516810770,206.516816310,7284.480,7290.020,5.540,,,ok
6786,206.535238160,206.542525080,206.542523910,7286.920,7285.750,1.170,,,ok
6787,206.560627890,206.567910970,206.567925950,7283.080,7298.060,14.980,,,ok
6788,206.586297530,206.593585990,206.593584090,7288.460,7286.560,1.900,,,ok
6789,206.611898760,206.619185280,206.619184070,7286.520,7285.310,1.210,,,ok
6790,206.637301570,206.644588610,206.644588430,7287.040,7286.860,0.180,,,ok
6791,206.662417560,206.669706980,206.669704340,7289.420,7286.780,2.640,,,ok
6792,206.688284000,206.695570240,206.695569460,7286.240,7285.460,0.780,,,ok
6793,206.713224080,206.720512820,206.720513690,7288.740,7289.610,0.870,,,ok
6794,206.737402570,206.744689470,206.744692270,7286.900,7289.700,2.800,,,ok
6795,206.763198090,206.770485510,206.770485540,7287.420,7287.450,0.030,,,ok
6796,206.788554290,206.795844290,206.795844040,7290.000,7289.750,0.250,,,ok
6797,206.813148740,206.820439620,206.820437150,7290.880,7288.410,2.470,,,ok
6798,206.838269590,206.845555560,206.845616810,7285.970,7347.220,61.250,,,ok
6799,206.863479320,206.870767640,206.870768350,7288.320,7289.030,0.710,,,ok
6800,206.888170770,206.895455970,206.895457480,7285.200,7286.710,1.510,,,ok
6801,206.913765720,206.921053230,206.921050910,7287.510,7285.190,2.320,,,ok
6802,206.938231840,206.945523920,206.945519350,7292.080,7287.510,4.570,,,ok
6803,206.963947210,206.971230960,206.971231510,7283.750,7284.300,0.550,,,ok
6804,206.988112930,206.995400890,206.995401100,7287.960,7288.170,0.210,,,ok
6805,207.013071340,207.020362490,207.020358510,7291.150,7287.170,3.980,,,ok
6806,207.038069670,207.045354910,207.045355450,7285.240,7285.780,0.540,,,ok
6807,207.062037050,207.069324780,207.069326360,7287.730,7289.310,1.580,,,ok
6808,207.087919890,207.095200960,207.095208970,7281.070,7289.080,8.010,,,ok
6809,207.112185520,207.119471670,207.119470820,7286.150,7285.300,0.850,,,ok
6810,207.138050880,207.145340930,207.145336730,7290.050,7285.850,4.200,,,ok
6811,207.163158770,207.170444220,207.170444940,7285.450,7286.170,0.720,,,ok
6812,207.188200660,207.195486700,207.195487230,7286.040,7286.570,0.530,,,ok
6813,207.213985610,207.221273440,207.221270770,7287.830,7285.160,2.670,,,ok
6814,207.238209190,207.245499420,207.245495520,7290.230,7286.330,3.900,,,ok
6815,207.263873730,207.271162810,207.271157480,7289.080,7283.750,5.330,,,ok
6816,207.289635500,207.296921240,207.296922160,7285.740,7286.660,0.920,,,ok
6817,207.315366950,207.322654450,207.322654430,7287.500,7287.480,0.020,,,ok
6818,207.339425270,207.346712930,207.346713950,7287.660,7288.680,1.020,,,ok
6819,207.363834560,207.371120400,207.371122390,7285.840,7287.830,1.990,,,ok
6820,207.388872550,207.396159880,207.396159930,7287.330,7287.380,0.050,,,ok
6821,207.413084230,207.420373000,207.420366850,7288.770,7282.620,6.150,,,ok
6822,207.438097080,207.445385410,207.445382700,7288.330,7285.620,2.710,,,ok
6823,207.463196680,207.470484700,207.470551630,7288.020,7354.950,66.930,,,ok
6824,207.488769940,207.496032240,207.496058530,7262.300,7288.590,26.290,,,ok
6825,207.514583170,207.521870570,207.521872900,7287.400,7289.730,2.330,,,ok
6826,207.540351690,207.547639790,207.547638880,7288.100,7287.190,0.910,,,ok
6827,207.565409730,207.572698370,207.572694840,7288.640,7285.110,3.530,,,ok
6828,207.591073390,207.598359310,207.598362110,7285.920,7288.720,2.800,,,ok
6829,207.616805330,207.624094070,207.624089170,7288.740,7283.840,4.900,,,ok
6830,207.641817570,207.649103340,207.649104850,7285.770,7287.280,1.510,,,ok
6831,207.666922940,207.674210960,207.674213500,7288.020,7290.560,2.540,,,ok
6832,207.691887670,207.699123980,207.699175890,7236.310,7288.220,51.910,,,ok
6833,207.716273430,207.723558620,207.723559370,7285.190,7285.940,0.750,,,ok
6834,207.741825860,207.749111140,207.749113790,7285.280,7287.930,2.650,,,ok
6835,207.767835920,207.775122630,207.775120790,7286.710,7284.870,1.840,,,ok
6836,207.793600510,207.800888650,207.800887780,7288.140,7287.270,0.870,,,ok
6837,207.818179580,207.825467120,207.825469010,7287.540,7289.430,1.890,,,ok
6838,207.843911620,207.851200330,207.851197280,7288.710,7285.660,3.050,,,ok
6839,207.869738720,207.877027890,207.877024860,7289.170,7286.140,3.030,,,ok
6840,207.894955800,207.902255090,207.902244300,7299.290,7288.500,10.790,,,ok
6841,207.919964490,207.927248110,207.927252570,7283.620,7288.080,4.460,,,ok
6842,207.945749400,207.953038910,207.953035230,7289.510,7285.830,3.680,,,ok
6843,207.971509570,207.978794660,207.978799300,7285.090,7289.730,4.640,,,ok
6844,207.996450080,208.003800160,208.003738040,7350.080,7287.960,62.120,,,ok
6845,208.021233450,208.028519070,208.028521190,7285.620,7287.740,2.120,,,ok
6846,208.046796840,208.054087340,208.054084650,7290.500,7287.810,2.690,,,ok
6847,208.072297530,208.079585790,208.079583060,7288.260,7285.530,2.730,,,ok
6848,208.097396650,208.104684100,208.104685730,7287.450,7289.080,1.630,,,ok
6849,208.122392790,208.129676120,208.129680020,7283.330,7287.230,3.900,,,ok
6850,208.146839200,208.154125910,208.154193600,7286.710,7354.400,67.690,,,ok
6851,208.172538320,208.179823340,208.179826600,7285.020,7288.280,3.260,,,ok
6852,208.197692340,208.204977670,208.204979010,7285.330,7286.670,1.340,,,ok
6853,208.222533500,208.229821020,208.229818640,7287.520,7285.140,2.380,,,ok
6854,208.248201370,208.255489370,208.255486970,7288.000,7285.600,2.400,,,ok
6855,208.272338800,208.279627640,208.279625430,7288.840,7286.630,2.210,,,ok
6856,208.298057250,208.305346130,208.305342840,7288.880,7285.590,3.290,,,ok
6857,208.323799790,208.331089400,208.331086380,7289.610,7286.590,3.020,,,ok
6858,208.348727000,208.356010190,208.356014770,7283.190,7287.770,4.580,,,ok
6859,208.374488010,208.381776200,208.381774040,7288.190,7286.030,2.160,,,ok
6860,208.400221830,208.407509360,208.407507440,7287.530,7285.610,1.920,,,ok
6861,208.426022240,208.433307920,208.433308500,7285.680,7286.260,0.580,,,ok
6862,208.451488930,208.458775420,208.458779390,7286.490,7290.460,3.970,,,ok
6863,208.476836030,208.484124770,208.484122830,7288.740,7286.800,1.940,,,ok
6864,208.502688920,208.509977180,208.509973600,7288.260,7284.680,3.580,,,ok
6865,208.528424250,208.535709880,208.535713410,7285.630,7289.160,3.530,,,ok
6866,208.553876350,208.561162400,208.561162890,7286.050,7286.540,0.490,,,ok
6867,208.579566830,208.586853100,208.586802680,7286.270,7235.850,50.420,,,ok
6868,208.604817640,208.612104080,208.612104780,7286.440,7287.140,0.700,,,ok
6869,208.629808550,208.637094820,208.637097030,7286.270,7288.480,2.210,,,ok
6870,208.654916480,208.662203300,208.662201800,7286.820,7285.320,1.500,,,ok
6871,208.679734330,208.687021670,208.687020110,7287.340,7285.780,1.560,,,ok
6872,208.705181430,208.712468900,208.712468460,7287.470,7287.030,0.440,,,ok
6873,208.729086670,208.736372330,208.736348820,7285.660,7262.150,23.510,,,ok
6874,208.753732430,208.761021890,208.761020290,7289.460,7287.860,1.600,,,ok
6875,208.777635260,208.784920200,208.784923790,7284.940,7288.530,3.590,,,ok
6876,208.803409860,208.810698590,208.810697080,7288.730,7287.220,1.510,,,ok
6877,208.827299450,208.834585650,208.834584710,7286.200,7285.260,0.940,,,ok
6878,208.853268780,208.860555310,208.860554080,7286.530,7285.300,1.230,,,ok
6879,208.878798930,208.886088680,208.886084620,7289.750,7285.690,4.060,,,ok
6880,208.904689240,208.911970580,208.911974760,7281.340,7285.520,4.180,,,ok
6881,208.930187840,208.937475180,208.937474280,7287.340,7286.440,0.900,,,ok
6882,208.955915980,208.963202900,208.963202620,7286.920,7286.640,0.280,,,ok
6883,208.980690940,208.987977230,208.987973740,7286.290,7282.800,3.490,,,ok
6884,209.004891430,209.012180460,209.012177010,7289.030,7285.580,3.450,,,ok
6885,209.029783040,209.037068850,209.037072740,7285.810,7289.700,3.890,,,ok
6886,209.055449310,209.062737280,209.062735320,7287.970,7286.010,1.960,,,ok
6887,209.080452810,209.087740700,209.087739670,7287.890,7286.860,1.030,,,ok
6888,209.104886820,209.112174110,209.112172170,7287.290,7285.350,1.940,,,ok
6889,209.130592130,209.137882250,209.137879190,7290.120,7287.060,3.060,,,ok
6890,209.155738660,209.163023270,209.163024190,7284.610,7285.530,0.920,,,ok
6891,209.179713210,209.186998060,209.186998420,7284.850,7285.210,0.360,,,ok
6892,209.204891580,209.212175010,209.212174100,7283.430,7282.520,0.910,,,ok
6893,209.230604750,209.237890760,209.237890200,7286.010,7285.450,0.560,,,ok
6894,209.256359830,209.263649210,209.263647260,7289.380,7287.430,1.950,,,ok
6895,209.282477640,209.289766240,209.289766910,7288.600,7289.270,0.670,,,ok
6896,209.306504690,209.313790850,209.313789140,7286.160,7284.450,1.710,,,ok
6897,209.330640290,209.337928390,209.337929010,7288.100,7288.720,0.620,,,ok
6898,209.354802400,209.362086430,209.362092340,7284.030,7289.940,5.910,,,ok
6899,209.379540120,209.386823490,209.386824860,7283.370,7284.740,1.370,,,ok
6900,209.404856180,209.412144420,209.412144300,7288.240,7288.120,0.120,,,ok
6901,209.429725380,209.437012960,209.437012550,7287.580,7287.170,0.410,,,ok
6902,209.454694650,209.461980160,209.461980040,7285.510,7285.390,0.120,,,ok
6903,209.479712970,209.486998720,209.486999540,7285.750,7286.570,0.820,,,ok
6904,209.505525010,209.512813010,209.512811500,7288.000,7286.490,1.510,,,ok
6905,209.529732460,209.537018670,209.537021100,7286.210,7288.640,2.430,,,ok
6906,209.554056080,209.561344730,209.561344620,7288.650,7288.540,0.110,,,ok
6907,209.579842680,209.587127210,209.587127930,7284.530,7285.250,0.720,,,ok
6908,209.604744590,209.612031350,209.612096060,7286.760,7351.470,64.710,,,ok
6909,209.628410720,209.635698810,209.635698560,7288.090,7287.840,0.250,,,ok
6910,209.654224080,209.661513260,209.661512390,7289.180,7288.310,0.870,,,ok
6911,209.679799550,209.687086440,209.687086740,7286.890,7287.190,0.300,,,ok
6912,209.703826830,209.711115080,209.711114900,7288.250,7288.070,0.180,,,ok
6913,209.728761660,209.736048270,209.736048700,7286.610,7287.040,0.430,,,ok
6914,209.754774180,209.762060530,209.762061960,7286.350,7287.780,1.430,,,ok
6915,209.779945280,209.787235050,209.787235130,7289.770,7289.850,0.080,,,ok
6916,209.806207220,209.813492250,209.813489380,7285.030,7282.160,2.870,,,ok
6917,209.830537920,209.837826670,209.837826130,7288.750,7288.210,0.540,,,ok
6918,209.854932600,209.862220190,209.862220710,7287.590,7288.110,0.520,,,ok
6919,209.879107110,209.886392370,209.886391620,7285.260,7284.510,0.750,,,ok
6920,209.904738580,209.912092260,209.912027310,7353.680,7288.730,64.950,,,ok
6921,209.930186140,209.937475050,209.937475910,7288.910,7289.770,0.860,,,ok
6922,209.954664010,209.961952630,209.961954330,7288.620,7290.320,1.700,,,ok
6923,209.980488820,209.987777000,209.987776780,7288.180,7287.960,0.220,,,ok
6924,210.005710770,210.013000160,210.012993430,7289.390,7282.660,6.730,,,ok
6925,210.029889410,210.037178680,210.037173740,7289.270,7284.330,4.940,,,ok
6926,210.053723060,210.061009720,210.061012780,7286.660,7289.720,3.060,,,ok
6927,210.078812060,210.086100260,210.086101400,7288.200,7289.340,1.140,,,ok
6928,210.103804860,210.111087380,210.111094780,7282.520,7289.920,7.400,,,ok
6929,210.129346650,210.136626330,210.136632380,7279.680,7285.730,6.050,,,ok
6930,210.154717320,210.162005790,210.162071920,7288.470,7354.600,66.130,,,ok
6931,210.179719230,210.187007640,210.187004330,7288.410,7285.100,3.310,,,ok
6932,210.204934260,210.212222190,210.212223190,7287.930,7288.930,1.000,,,ok
6933,210.229739940,210.237025460,210.237024350,7285.520,7284.410,1.110,,,ok
6934,210.254767140,210.262054120,210.262055250,7286.980,7288.110,1.130,,,ok
6935,210.279881410,210.287164970,210.287168700,7283.560,7287.290,3.730,,,ok
6936,210.304819990,210.312105700,210.312106120,7285.710,7286.130,0.420,,,ok
6937,210.328724740,210.336014160,210.336010450,7289.420,7285.710,3.710,,,ok
6938,210.354642490,210.361927400,210.361928910,7284.910,7286.420,1.510,,,ok
6939,210.379676800,210.386965940,210.386961240,7289.140,7284.440,4.700,,,ok
6940,210.404056710,210.411344230,210.411345740,7287.520,7289.030,1.510,,,ok
6941,210.429794240,210.437081680,210.437084230,7287.440,7289.990,2.550,,,ok
6942,210.454719110,210.462005910,210.462007570,7286.800,7288.460,1.660,,,ok
6943,210.479424080,210.486709470,210.486711020,7285.390,7286.940,1.550,,,ok
6944,210.504740410,210.512027520,210.512028440,7287.110,7288.030,0.920,,,ok
6945,210.529161400,210.536446170,210.536447730,7284.770,7286.330,1.560,,,ok
6946,210.554764650,210.562053290,210.562051120,7288.640,7286.470,2.170,,,ok
6947,210.580456610,210.587742820,210.587743720,7286.210,7287.110,0.900,,,ok
6948,210.606306830,210.613593800,210.613593120,7286.970,7286.290,0.680,,,ok
6949,210.630094530,210.637382270,210.637395140,7287.740,7300.610,12.870,,,ok
6950,210.654784650,210.662071520,210.662074930,7286.870,7290.280,3.410,,,ok
6951,210.680179980,210.687463830,210.687468200,7283.850,7288.220,4.370,,,ok
6952,210.704760840,210.712049780,210.712111760,7288.940,7350.920,61.980,,,ok
6953,210.728953140,210.736242280,210.736238820,7289.140,7285.680,3.460,,,ok
6954,210.754756180,210.762080800,210.762043730,7324.620,7287.550,37.070,,,ok
6955,210.779874590,210.787159770,210.787162090,7285.180,7287.500,2.320,,,ok
6956,210.805250510,210.812538200,210.812540270,7287.690,7289.760,2.070,,,ok
6957,210.830502710,210.837790740,210.837788850,7288.030,7286.140,1.890,,,ok
6958,210.855693910,210.862979820,210.862981020,7285.910,7287.110,1.200,,,ok
6959,210.879743130,210.887033220,210.887030700,7290.090,7287.570,2.520,,,ok
6960,210.904749420,210.912036670,210.912038910,7287.250,7289.490,2.240,,,ok
6961,210.929905470,210.937195060,210.937192280,7289.590,7286.810,2.780,,,ok
6962,210.955701720,210.962987390,210.962989910,7285.670,7288.190,2.520,,,ok
6963,210.981742890,210.989030930,210.989026990,7288.040,7284.100,3.940,,,ok
6964,211.005712810,211.013000190,211.013001670,7287.380,7288.860,1.480,,,ok
6965,211.029914660,211.037202670,211.037200880,7288.010,7286.220,1.790,,,ok
6966,211.054872380,211.062161130,211.062158650,7288.750,7286.270,2.480,,,ok
6967,211.079487600,211.086775100,211.086777130,7287.500,7289.530,2.030,,,ok
6968,211.104770140,211.112058740,211.112056380,7288.600,7286.240,2.360,,,ok
6969,211.129820690,211.137106970,211.137109980,7286.280,7289.290,3.010,,,ok
6970,211.155654230,211.163006000,211.162943370,7351.770,7289.140,62.630,,,ok
6971,211.179709550,211.186998650,211.186996620,7289.100,7287.070,2.030,,,ok
6972,211.204349800,211.211637140,211.211634180,7287.340,7284.380,2.960,,,ok
6973,211.229736380,211.237024640,211.237023390,7288.260,7287.010,1.250,,,ok
6974,211.253818320,211.261103870,211.261105590,7285.550,7287.270,1.720,,,ok
6975,211.277545790,211.284829800,211.284835200,7284.010,7289.410,5.400,,,ok
6976,211.302908660,211.310194320,211.310261260,7285.660,7352.600,66.940,,,ok
6977,211.326456190,211.333744030,211.333740940,7287.840,7284.750,3.090,,,ok
6978,211.352250750,211.359536040,211.359539420,7285.290,7288.670,3.380,,,ok
6979,211.378082410,211.385370760,211.385369020,7288.350,7286.610,1.740,,,ok
6980,211.403710200,211.410999180,211.410997440,7288.980,7287.240,1.740,,,ok
6981,211.429002720,211.436292480,211.436290750,7289.760,7288.030,1.730,,,ok
6982,211.454817110,211.462105920,211.462104160,7288.810,7287.050,1.760,,,ok
6983,211.478843600,211.486128270,211.486131370,7284.670,7287.770,3.100,,,ok
6984,211.504584910,211.511871700,211.511871050,7286.790,7286.140,0.650,,,ok
6985,211.530213300,211.537500880,211.537499530,7287.580,7286.230,1.350,,,ok
6986,211.555964590,211.563253080,211.563252760,7288.490,7288.170,0.320,,,ok
6987,211.581687610,211.588972640,211.588973690,7285.030,7286.080,1.050,,,ok
6988,211.605813620,211.613100040,211.613098590,7286.420,7284.970,1.450,,,ok
6989,211.630778490,211.638062010,211.638068070,7283.520,7289.580,6.060,,,ok
6990,211.656563780,211.663852760,211.663850520,7288.980,7286.740,2.240,,,ok
6991,211.682300320,211.689585040,211.689573420,7284.720,7273.100,11.620,,,ok
6992,211.708150420,211.715436970,211.715438190,7286.550,7287.770,1.220,,,ok
6993,211.733961610,211.741247860,211.741251790,7286.250,7290.180,3.930,,,ok
6994,211.759681500,211.767036840,211.766970060,7355.340,7288.560,66.780,,,ok
6995,211.785475960,211.792764600,211.792763640,7288.640,7287.680,0.960,,,ok
6996,211.811285370,211.818572990,211.818571990,7287.620,7286.620,1.000,,,ok
6997,211.835220340,211.842506680,211.842510410,7286.340,7290.070,3.730,,,ok
6998,211.858886060,211.866172350,211.866173050,7286.290,7286.990,0.700,,,ok
6999,211.882338230,211.889628320,211.889626280,7290.090,7288.050,2.040,,,ok
7000,211.907631740,211.914921510,211.914920690,7289.770,7288.950,0.820,,,ok
7001,211.931763150,211.939049020,211.939047960,7285.870,7284.810,1.060,,,ok
7002,211.957545310,211.964836520,211.964832480,7291.210,7287.170,4.040,,,ok
7003,211.983034230,211.990319180,211.990320210,7284.950,7285.980,1.030,,,ok
7004,212.007877100,212.015165010,212.015229330,7287.910,7352.230,64.320,,,ok
7005,212.033542360,212.040827510,212.040826370,7285.150,7284.010,1.140,,,ok
7006,212.059442880,212.066729370,212.066731300,7286.490,7288.420,1.930,,,ok
7007,212.083820940,212.091110020,212.091109530,7289.080,7288.590,0.490,,,ok
7008,212.107851590,212.115137220,212.115138130,7285.630,7286.540,0.910,,,ok
7009,212.132229020,212.139516870,212.139515530,7287.850,7286.510,1.340,,,ok
7010,212.155902860,212.163189390,212.163188780,7286.530,7285.920,0.610,,,ok
7011,212.181583710,212.188873570,212.188873230,7289.860,7289.520,0.340,,,ok
7012,212.206027080,212.213317060,212.213315770,7289.980,7288.690,1.290,,,ok
7013,212.232164140,212.239450370,212.239514000,7286.230,7349.860,63.630,,,ok
7014,212.257458350,212.264742910,212.264742520,7284.560,7284.170,0.390,,,ok
7015,212.283026010,212.290311260,212.290311770,7285.250,7285.760,0.510,,,ok
7016,212.307832650,212.315120500,212.315119350,7287.850,7286.700,1.150,,,ok
7017,212.333585790,212.340873910,212.340938470,7288.120,7352.680,64.560,,,ok
7018,212.357910160,212.365197200,212.365197010,7287.040,7286.850,0.190,,,ok
7019,212.383290090,212.390575740,212.390574610,7285.650,7284.520,1.130,,,ok
7020,212.408019330,212.415306440,212.415307980,7287.110,7288.650,1.540,,,ok
7021,212.432537930,212.439827420,212.439827210,7289.490,7289.280,0.210,,,ok
7022,212.457700760,212.464985640,212.464990610,7284.880,7289.850,4.970,,,ok
7023,212.483478490,212.490763950,212.490764040,7285.460,7285.550,0.090,,,ok
7024,212.507957660,212.515247510,212.515246810,7289.850,7289.150,0.700,,,ok
7025,212.533730660,212.541015920,212.541015000,7285.260,7284.340,0.920,,,ok
7026,212.559424080,212.566713270,212.566714390,7289.190,7290.310,1.120,,,ok
7027,212.583913130,212.591201210,212.591202850,7288.080,7289.720,1.640,,,ok
7028,212.609636940,212.616991180,212.616926220,7354.240,7289.280,64.960,,,ok
7029,212.635248150,212.642533360,212.642534570,7285.210,7286.420,1.210,,,ok
7030,212.659251780,212.666537570,212.666538110,7285.790,7286.330,0.540,,,ok
7031,212.684912200,212.692200830,212.692201520,7288.630,7289.320,0.690,,,ok
7032,212.710507760,212.717794240,212.717794920,7286.480,7287.160,0.680,,,ok
7033,212.736212070,212.743497800,212.743497020,7285.730,7284.950,0.780,,,ok
7034,212.761776360,212.769065960,212.769066620,7289.600,7290.260,0.660,,,ok
7035,212.787513270,212.794799580,212.794864950,7286.310,7351.680,65.370,,,ok
7036,212.813245600,212.820532660,212.820530930,7287.060,7285.330,1.730,,,ok
7037,212.838942540,212.846231260,212.846231890,7288.720,7289.350,0.630,,,ok
7038,212.864293930,212.871579570,212.871580280,7285.640,7286.350,0.710,,,ok
7039,212.889251490,212.896537960,212.896538840,7286.470,7287.350,0.880,,,ok
7040,212.915012880,212.922301310,212.922299590,7288.430,7286.710,1.720,,,ok
7041,212.940893170,212.948178450,212.948180590,7285.280,7287.420,2.140,,,ok
7042,212.966310060,212.973597210,212.973597560,7287.150,7287.500,0.350,,,ok
7043,212.992164960,212.999450120,212.999451310,7285.160,7286.350,1.190,,,ok
7044,213.016519840,213.023809830,213.023805850,7289.990,7286.010,3.980,,,ok
7045,213.041295290,213.048580660,213.048584220,7285.370,7288.930,3.560,,,ok
7046,213.066864440,213.074151490,213.074151800,7287.050,7287.360,0.310,,,ok
