Time [s],Tx,Rx1,Rx2
0.000000000,0,0,0
35.798299710,1,0,0
35.805310530,0,0,0
35.805592560,0,0,1
35.805594690,0,1,1
35.805608730,0,1,0
35.805610870,0,0,0
35.824094820,1,0,0
35.831100520,0,0,0
35.831382420,0,0,1
35.831384710,0,1,1
35.831397820,0,1,0
35.831400000,0,0,0
35.849822940,1,0,0
35.856829090,0,0,0
35.857112780,0,1,0
35.857127990,0,0,0
35.857175660,0,0,1
35.857190910,0,0,0
35.875595300,1,0,0
35.882602050,0,0,0
35.882884070,0,0,1
35.882885970,0,1,1
35.882899190,0,1,0
35.882901070,0,0,0
35.901081280,1,0,0
35.908085250,0,0,0
35.908366290,0,1,0
35.908367390,0,1,1
35.908381480,0,0,1
35.908382640,0,0,0
35.926840690,1,0,0
35.933846800,0,0,0
35.934126880,0,1,0
35.934131110,0,1,1
35.934142190,0,0,1
35.934146270,0,0,0
35.952485260,1,0,0
35.959491240,0,0,0
35.959773740,0,0,1
35.959775380,0,1,1
35.959789030,0,1,0
35.959790570,0,0,0
35.978271450,1,0,0
35.985274480,0,0,0
35.985557170,0,0,1
35.985557910,0,1,1
35.985572420,0,1,0
35.985573070,0,0,0
36.003882650,1,0,0
36.010885610,0,0,0
36.011168100,0,0,1
36.011169250,0,1,1
36.011183390,0,1,0
36.011184430,0,0,0
36.029470640,1,0,0
36.036476540,0,0,0
36.036758000,0,1,0
36.036758290,0,1,1
36.036773270,0,0,1
36.036773620,0,0,0
36.055231190,1,0,0
36.062237110,0,0,0
36.062516590,0,0,1
36.062518990,0,1,1
36.062531780,0,1,0
36.062534220,0,0,0
36.080957840,1,0,0
36.087963930,0,0,0
36.088246150,0,0,1
36.088247310,0,1,1
36.088261390,0,1,0
36.088262350,0,0,0
36.106334410,1,0,0
36.113339080,0,0,0
36.113573670,0,1,0
36.113588830,0,0,0
36.113657680,0,0,1
36.113672900,0,0,0
36.132092170,1,0,0
36.139100590,0,0,0
36.139377000,0,0,1
36.139378190,0,1,1
36.139392160,0,1,0
36.139393340,0,0,0
36.155924000,1,0,0
36.162929810,0,0,0
36.163211210,0,0,1
36.163212430,0,1,1
36.163226360,0,1,0
36.163227610,0,0,0
36.181622710,1,0,0
36.188627220,0,0,0
36.188909870,0,0,1
36.188910910,0,1,1
36.188925090,0,1,0
36.188926180,0,0,0
36.207393350,1,0,0
36.214399180,0,0,0
36.214678150,0,0,1
36.214679230,0,1,1
36.214693420,0,1,0
36.214694390,0,0,0
36.233107770,1,0,0
36.240113840,0,0,0
36.240394200,0,0,1
36.240397610,0,1,1
36.240409450,0,1,0
36.240412780,0,0,0
36.257361810,1,0,0
36.264368040,0,0,0
36.264650230,0,0,1
36.264650300,0,1,1
36.264665370,0,1,0
36.264665530,0,0,0
36.282932860,1,0,0
36.289936090,0,0,0
36.290219500,0,1,0
36.290223800,0,1,1
36.290234790,0,0,1
36.290239010,0,0,0
36.308690600,1,0,0
36.315696750,0,0,0
36.315975620,0,0,1
36.315977840,0,1,1
36.315990770,0,1,0
36.315992940,0,0,0
36.334551290,1,0,0
36.341555800,0,0,0
36.341836380,0,1,0
36.341840530,0,1,1
36.341851510,0,0,1
36.341855730,0,0,0
36.360046490,1,0,0
36.367052800,0,0,0
36.367333620,0,1,0
36.367334060,0,1,1
36.367348780,0,0,1
36.367349280,0,0,0
36.385757240,1,0,0
36.392763370,0,0,0
36.393041710,0,1,0
36.393046270,0,1,1
36.393056910,0,0,1
36.393061400,0,0,0
36.411216960,1,0,0
36.418220010,0,0,0
36.418503330,0,0,1
36.418506550,0,1,1
36.418518470,0,1,0
36.418521730,0,0,0
36.436875530,1,0,0
36.443881050,0,0,0
36.444163290,0,0,1
36.444164150,0,1,1
36.444178560,0,1,0
36.444179340,0,0,0
36.462065470,1,0,0
36.469071140,0,0,0
36.469352510,0,0,1
36.469353350,0,1,1
36.469367680,0,1,0
36.469368600,0,0,0
36.487793310,1,0,0
36.494790880,0,0,0
36.495080230,0,0,1
36.495081750,0,1,1
36.495095500,0,1,0
36.495096870,0,0,0
36.513170400,1,0,0
36.520176570,0,0,0
36.520458740,0,0,1
36.520460030,0,1,1
36.520473940,0,1,0
36.520475130,0,0,0
36.539463040,1,0,0
36.546467440,0,0,0
36.546748530,0,1,0
36.546750100,0,1,1
36.546763650,0,0,1
36.546765250,0,0,0
36.564534190,1,0,0
36.571540070,0,0,0
36.571819100,0,1,0
36.571821420,0,1,1
36.571834310,0,0,1
36.571836590,0,0,0
36.589033940,1,0,0
36.596040150,0,0,0
36.596317980,0,1,0
36.596319930,0,1,1
36.596333230,0,0,1
36.596335200,0,0,0
36.614216320,1,0,0
36.621222070,0,0,0
36.621502380,0,0,1
36.621503760,0,1,1
36.621517560,0,1,0
36.621519030,0,0,0
36.639131130,1,0,0
36.646137200,0,0,0
36.646415890,0,0,1
36.646417140,0,1,1
36.646430970,0,1,0
36.646432340,0,0,0
36.664469430,1,0,0
36.671475180,0,0,0
36.671754350,0,0,1
36.671755540,0,1,1
36.671769600,0,1,0
36.671770830,0,0,0
36.690164900,1,0,0
36.697169630,0,0,0
36.697453690,0,1,0
36.697453760,0,1,1
36.697468880,0,0,1
36.697469010,0,0,0
36.715930820,1,0,0
36.722936970,0,0,0
36.723216090,0,1,0
36.723216950,0,1,1
36.723231280,0,0,1
36.723232180,0,0,0
36.741132830,1,0,0
36.748139040,0,0,0
36.748420550,0,1,0
36.748420570,0,1,1
36.748435720,0,0,1
36.748435730,0,0,0
36.766857060,1,0,0
36.773862980,0,0,0
36.774143310,0,1,0
36.774144080,0,1,1
36.774158430,0,0,1
36.774159350,0,0,0
36.792614010,1,0,0
36.799619910,0,0,0
36.799901360,0,0,1
36.799902460,0,1,1
36.799916630,0,1,0
36.799917730,0,0,0
36.818210250,1,0,0
36.825215750,0,0,0
36.825493380,0,1,0
36.825495740,0,1,1
36.825508570,0,0,1
36.825510890,0,0,0
36.843969520,1,0,0
36.850972610,0,0,0
36.851215200,0,1,0
36.851230430,0,0,0
36.851258480,0,0,1
36.851273580,0,0,0
36.867584080,1,0,0
36.874590480,0,0,0
36.874872710,0,1,0
36.874872820,0,1,1
36.874887970,0,0,1
36.874888110,0,0,0
36.893158710,1,0,0
36.900167150,0,0,0
36.900446070,0,1,0
36.900446120,0,1,1
36.900461170,0,0,1
36.900461350,0,0,0
36.918343260,1,0,0
36.925349220,0,0,0
36.925629510,0,1,0
36.925644820,0,0,0
36.925684760,0,0,1
36.925699960,0,0,0
36.944016330,1,0,0
36.951022100,0,0,0
36.951302120,0,1,0
36.951303200,0,1,1
36.951317280,0,0,1
36.951318300,0,0,0
36.969741750,1,0,0
36.976747510,0,0,0
36.977030670,0,0,1
36.977031330,0,1,1
36.977045770,0,1,0
36.977046520,0,0,0
36.994433110,1,0,0
37.001439110,0,0,0
37.001719800,0,1,0
37.001720110,0,1,1
37.001734940,0,0,1
37.001735340,0,0,0
37.019226150,1,0,0
37.026232110,0,0,0
37.026513220,0,1,0
37.026513580,0,1,1
37.026528490,0,0,1
37.026528870,0,0,0
37.044839470,1,0,0
37.051843870,0,0,0
37.052122220,0,1,0
37.052126130,0,1,1
37.052137370,0,0,1
37.052141280,0,0,0
37.070475060,1,0,0
37.077481110,0,0,0
37.077760450,0,0,1
37.077764940,0,1,1
37.077775680,0,1,0
37.077780180,0,0,0
37.093850160,1,0,0
37.100853410,0,0,0
37.101137110,0,1,0
37.101138980,0,1,1
37.101152360,0,0,1
37.101154120,0,0,0
37.119612190,1,0,0
37.126618250,0,0,0
37.126900640,0,1,0
37.126901320,0,1,1
37.126915800,0,0,1
37.126916510,0,0,0
37.145247570,1,0,0
37.152251970,0,0,0
37.152534290,0,1,0
37.152535710,0,1,1
37.152549450,0,0,1
37.152550890,0,0,0
37.170727390,1,0,0
37.177733850,0,0,0
37.178012250,0,1,0
37.178014070,0,1,1
37.178027410,0,0,1
37.178029280,0,0,0
37.196814110,1,0,0
37.203820280,0,0,0
37.204100250,0,0,1
37.204105710,0,1,1
37.204115390,0,1,0
37.204120940,0,0,0
37.221844500,1,0,0
37.228847550,0,0,0
37.229128820,0,1,0
37.229130990,0,1,1
37.229143990,0,0,1
37.229146210,0,0,0
37.247058070,1,0,0
37.254063990,0,0,0
37.254343720,0,1,0
37.254344470,0,1,1
37.254358930,0,0,1
37.254359660,0,0,0
37.272681250,1,0,0
37.279687600,0,0,0
37.279967060,0,1,0
37.279967250,0,1,1
37.279982250,0,0,1
37.279982540,0,0,0
37.298310860,1,0,0
37.305316880,0,0,0
37.305555030,0,1,0
37.305570170,0,0,0
37.305596430,0,0,1
37.305611680,0,0,0
37.323668720,1,0,0
37.330671680,0,0,0
37.330953870,0,1,0
37.330954790,0,1,1
37.330969090,0,0,1
37.330970040,0,0,0
37.349292260,1,0,0
37.356298370,0,0,0
37.356578340,0,0,1
37.356580980,0,1,1
37.356593650,0,1,0
37.356596160,0,0,0
37.374924130,1,0,0
37.381929650,0,0,0
37.382209710,0,1,0
37.382210850,0,1,1
37.382224980,0,0,1
37.382226060,0,0,0
37.400773510,1,0,0
37.407779780,0,0,0
37.408059210,0,1,0
37.408060150,0,1,1
37.408074400,0,0,1
37.408075420,0,0,0
37.426444160,1,0,0
37.433450040,0,0,0
37.433733580,0,0,1
37.433748700,0,0,0
37.433797070,0,1,0
37.433812380,0,0,0
37.452219400,1,0,0
37.459223650,0,0,0
37.459506000,0,1,0
37.459507210,0,1,1
37.459521180,0,0,1
37.459522460,0,0,0
37.477837390,1,0,0
37.484903640,0,0,0
37.485183040,0,1,0
37.485185450,0,1,1
37.485198290,0,0,1
37.485200680,0,0,0
37.503627120,1,0,0
37.510633230,0,0,0
37.510912460,0,1,0
37.510913960,0,1,1
37.510927630,0,0,1
37.510929210,0,0,0
37.529580630,1,0,0
37.536586660,0,0,0
37.536866180,0,1,0
37.536866490,0,1,1
37.536881400,0,0,1
37.536881700,0,0,0
37.554860240,1,0,0
37.561866440,0,0,0
37.562104830,0,1,0
37.562119970,0,0,0
37.562144810,0,0,1
37.562159980,0,0,0
37.580082250,1,0,0
37.587088170,0,0,0
37.587368040,0,1,0
37.587369360,0,1,1
37.587383210,0,0,1
37.587384550,0,0,0
37.605832470,1,0,0
37.612838550,0,0,0
37.613117890,0,0,1
37.613121400,0,1,1
37.613133120,0,1,0
37.613136570,0,0,0
37.631627810,1,0,0
37.638636210,0,0,0
37.638913930,0,1,0
37.638916550,0,1,1
37.638929090,0,0,1
37.638931690,0,0,0
37.656683890,1,0,0
37.663690110,0,0,0
37.663969450,0,0,1
37.663973270,0,1,1
37.663984680,0,1,0
37.663988390,0,0,0
37.682441010,1,0,0
37.689446890,0,0,0
37.689710110,0,0,1
37.689725370,0,0,0
37.689726770,0,1,0
37.689741980,0,0,0
37.706671980,1,0,0
37.713677970,0,0,0
37.713960000,0,1,0
37.713960570,0,1,1
37.713975250,0,0,1
37.713975860,0,0,0
37.732143140,1,0,0
37.739149160,0,0,0
37.739427640,0,0,1
37.739428470,0,1,1
37.739442850,0,1,0
37.739443490,0,0,0
37.757809390,1,0,0
37.764815650,0,0,0
37.765098460,0,0,1
37.765113710,0,0,0
37.765160370,0,1,0
37.765175620,0,0,0
37.783440300,1,0,0
37.790446300,0,0,0
37.790724460,0,1,0
37.790726180,0,1,1
37.790739600,0,0,1
37.790741370,0,0,0
37.809279010,1,0,0
37.816285290,0,0,0
37.816565360,0,0,1
37.816568690,0,1,1
37.816580540,0,1,0
37.816583900,0,0,0
37.834894150,1,0,0
37.841900050,0,0,0
37.842182130,0,1,0
37.842183780,0,1,1
37.842197320,0,0,1
37.842199030,0,0,0
37.860588840,1,0,0
37.867596970,0,0,0
37.867875490,0,1,0
37.867876460,0,1,1
37.867890600,0,0,1
37.867891600,0,0,0
37.886321200,1,0,0
37.893327310,0,0,0
37.893610500,0,1,0
37.893610720,0,1,1
37.893625790,0,0,1
37.893625860,0,0,0
37.912208670,1,0,0
37.919214900,0,0,0
37.919491600,0,0,1
37.919494730,0,1,1
37.919506870,0,1,0
37.919510020,0,0,0
37.937992700,1,0,0
37.944998660,0,0,0
37.945280860,0,1,0
37.945281630,0,1,1
37.945296090,0,0,1
37.945296880,0,0,0
37.962926120,1,0,0
37.969932000,0,0,0
37.970214140,0,1,0
37.970215990,0,1,1
37.970229340,0,0,1
37.970231140,0,0,0
37.988234850,1,0,0
37.995240980,0,0,0
37.995521600,0,1,0
37.995524320,0,1,1
37.995536790,0,0,1
37.995539480,0,0,0
38.013955490,1,0,0
38.020961680,0,0,0
38.021240900,0,1,0
38.021242850,0,1,1
38.021256020,0,0,1
38.021258090,0,0,0
38.039849910,1,0,0
38.046856040,0,0,0
38.047135330,0,0,1
38.047138510,0,1,1
38.047150620,0,1,0
38.047153610,0,0,0
38.065637570,1,0,0
38.072643690,0,0,0
38.072924880,0,0,1
38.072927760,0,1,1
38.072939970,0,1,0
38.072943110,0,0,0
38.091465120,1,0,0
38.098469700,0,0,0
38.098751160,0,1,0
38.098752370,0,1,1
38.098766370,0,0,1
38.098767540,0,0,0
38.117081480,1,0,0
38.124087360,0,0,0
38.124366780,0,0,1
38.124369360,0,1,1
38.124381900,0,1,0
38.124384560,0,0,0
38.142306340,1,0,0
38.149312130,0,0,0
38.149590220,0,1,0
38.149594240,0,1,1
38.149605400,0,0,1
38.149609510,0,0,0
38.168064800,1,0,0
38.175071010,0,0,0
38.175351050,0,1,0
38.175352770,0,1,1
38.175366260,0,0,1
38.175367980,0,0,0
38.192672140,1,0,0
38.199677890,0,0,0
38.199959770,0,1,0
38.199961160,0,1,1
38.199975100,0,0,1
38.199976380,0,0,0
38.218727150,1,0,0
38.225732860,0,0,0
38.226013100,0,1,0
38.226015580,0,1,1
38.226028350,0,0,1
38.226030830,0,0,0
38.242467580,1,0,0
38.249473560,0,0,0
38.249753900,0,0,1
38.249754990,0,1,1
38.249769190,0,1,0
38.249770280,0,0,0
38.268035060,1,0,0
38.275041130,0,0,0
38.275319970,0,0,1
38.275324140,0,1,1
38.275335180,0,1,0
38.275339240,0,0,0
38.292986090,1,0,0
38.299990490,0,0,0
38.300272250,0,1,0
38.300275790,0,1,1
38.300287470,0,0,1
38.300291080,0,0,0
38.318144820,1,0,0
38.325147950,0,0,0
38.325421490,0,0,1
38.325430790,0,1,1
38.325436670,0,1,0
38.325446170,0,0,0
38.343643510,1,0,0
38.350646600,0,0,0
38.350930130,0,1,0
38.350932680,0,1,1
38.350945320,0,0,1
38.350947790,0,0,0
38.369311750,1,0,0
38.376316630,0,0,0
38.376597660,0,1,0
38.376599920,0,1,1
38.376612820,0,0,1
38.376615110,0,0,0
38.393434750,1,0,0
38.400440860,0,0,0
38.400721960,0,1,0
38.400723870,0,1,1
38.400737200,0,0,1
38.400739070,0,0,0
38.417495020,1,0,0
38.424500810,0,0,0
38.424777810,0,1,0
38.424783100,0,1,1
38.424793040,0,0,1
38.424798290,0,0,0
38.443239540,1,0,0
38.450235940,0,0,0
38.450525280,0,0,1
38.450528760,0,1,1
38.450540460,0,1,0
38.450543960,0,0,0
38.467626770,1,0,0
38.474631230,0,0,0
38.474909740,0,1,0
38.474918520,0,1,1
38.474924950,0,0,1
38.474933740,0,0,0
38.491801710,1,0,0
38.498804730,0,0,0
38.499088190,0,0,1
38.499089580,0,1,1
38.499103370,0,1,0
38.499104790,0,0,0
38.517749220,1,0,0
38.524755160,0,0,0
38.525036990,0,0,1
38.525039070,0,1,1
38.525052110,0,1,0
38.525054330,0,0,0
38.542364030,1,0,0
38.549372220,0,0,0
38.549651360,0,1,0
38.549666530,0,0,0
38.549715540,0,0,1
38.549730790,0,0,0
38.568393960,1,0,0
38.575398420,0,0,0
38.575680850,0,1,0
38.575683780,0,1,1
38.575695930,0,0,1
38.575698960,0,0,0
38.593738150,1,0,0
38.600744110,0,0,0
38.601023270,0,1,0
38.601027140,0,1,1
38.601038410,0,0,1
38.601042350,0,0,0
38.618176980,1,0,0
38.625183130,0,0,0
38.625465670,0,0,1
38.625466750,0,1,1
38.625480870,0,1,0
38.625481920,0,0,0
38.642568190,1,0,0
38.649574230,0,0,0
38.649853170,0,0,1
38.649855860,0,1,1
38.649868420,0,1,0
38.649871030,0,0,0
38.667592270,1,0,0
38.674644610,0,0,0
38.674878430,0,1,0
38.674881520,0,1,1
38.674893610,0,0,1
38.674896760,0,0,0
38.692669670,1,0,0
38.699673660,0,0,0
38.699956170,0,0,1
38.699957600,0,1,1
38.699971420,0,1,0
38.699972810,0,0,0
38.718120810,1,0,0
38.725125270,0,0,0
38.725405420,0,1,0
38.725408410,0,1,1
38.725420650,0,0,1
38.725423610,0,0,0
38.742457450,1,0,0
38.749525330,0,0,0
38.749744380,0,1,0
38.749747960,0,1,1
38.749759590,0,0,1
38.749763180,0,0,0
38.767582830,1,0,0
38.774587920,0,0,0
38.774868710,0,0,1
38.774873010,0,1,1
38.774883960,0,1,0
38.774888200,0,0,0
38.793609340,1,0,0
38.800615300,0,0,0
38.800887890,0,0,1
38.800896290,0,1,1
38.800903010,0,1,0
38.800911430,0,0,0
38.819593100,1,0,0
38.826599500,0,0,0
38.826878440,0,1,0
38.826883290,0,1,1
38.826893670,0,0,1
38.826898460,0,0,0
38.843717180,1,0,0
38.850726100,0,0,0
38.851003030,0,1,0
38.851005280,0,1,1
38.851018340,0,0,1
38.851020590,0,0,0
38.867460610,1,0,0
38.874466610,0,0,0
38.874746510,0,1,0
38.874749970,0,1,1
38.874761660,0,0,1
38.874765180,0,0,0
38.893020970,1,0,0
38.900027040,0,0,0
38.900308590,0,0,1
38.900310040,0,1,1
38.900323840,0,1,0
38.900325290,0,0,0
38.918519460,1,0,0
38.925525920,0,0,0
38.925807000,0,1,0
38.925807030,0,1,1
38.925822250,0,0,1
38.925822260,0,0,0
38.943056540,1,0,0
38.950061360,0,0,0
38.950346900,0,1,0
38.950362090,0,0,0
38.950392870,0,0,1
38.950407980,0,0,0
38.968856150,1,0,0
38.975859110,0,0,0
38.976143650,0,0,1
38.976145260,0,1,1
38.976158980,0,1,0
38.976160550,0,0,0
38.992572380,1,0,0
38.999575650,0,0,0
38.999862490,0,0,1
38.999877680,0,0,0
38.999922580,0,1,0
38.999937770,0,0,0
39.018682990,1,0,0
39.025687720,0,0,0
39.025970880,0,0,1
39.025971900,0,1,1
39.025985980,0,1,0
39.025987170,0,0,0
39.043678700,1,0,0
39.050683200,0,0,0
39.050962990,0,0,1
39.050965490,0,1,1
39.050978300,0,1,0
39.050980690,0,0,0
39.068162910,1,0,0
39.075168850,0,0,0
39.075446300,0,1,0
39.075452730,0,1,1
39.075461510,0,0,1
39.075467890,0,0,0
39.093453640,1,0,0
39.100459730,0,0,0
39.100739750,0,0,1
39.100741250,0,1,1
39.100754980,0,1,0
39.100756470,0,0,0
39.118617650,1,0,0
39.125626190,0,0,0
39.125904530,0,0,1
39.125905560,0,1,1
39.125919820,0,1,0
39.125920750,0,0,0
39.142721850,1,0,0
39.149725670,0,0,0
39.150007160,0,0,1
39.150008150,0,1,1
39.150022350,0,1,0
39.150023340,0,0,0
39.168578440,1,0,0
39.175584450,0,0,0
39.175866510,0,0,1
39.175867240,0,1,1
39.175881690,0,1,0
39.175882430,0,0,0
39.193691860,1,0,0
39.200697830,0,0,0
39.200979910,0,0,1
39.200980950,0,1,1
39.200995050,0,1,0
39.200996220,0,0,0
39.219464220,1,0,0
39.226470230,0,0,0
39.226753190,0,0,1
39.226753210,0,1,1
39.226768420,0,0,1
39.226768440,0,0,0
39.243933970,1,0,0
39.250938390,0,0,0
39.251189190,0,1,0
39.251204380,0,0,0
39.251221760,0,0,1
39.251237010,0,0,0
39.269879730,1,0,0
39.276888150,0,0,0
39.277163850,0,0,1
39.277165180,0,1,1
39.277179120,0,1,0
39.277180360,0,0,0
39.295487780,1,0,0
39.302494160,0,0,0
39.302773610,0,0,1
39.302774520,0,1,1
39.302788820,0,1,0
39.302789580,0,0,0
39.320300450,1,0,0
39.327303750,0,0,0
39.327585760,0,0,1
39.327587690,0,1,1
39.327600930,0,1,0
39.327602890,0,0,0
39.344987140,1,0,0
39.351991700,0,0,0
39.352274790,0,0,1
39.352276250,0,1,1
39.352289890,0,1,0
39.352291500,0,0,0
39.370761020,1,0,0
39.377767090,0,0,0
39.378047110,0,1,0
39.378048030,0,1,1
39.378062490,0,0,1
39.378063170,0,0,0
39.396397570,1,0,0
39.403403800,0,0,0
39.403683140,0,1,0
39.403686580,0,1,1
39.403698430,0,0,1
39.403701720,0,0,0
39.421718950,1,0,0
39.428724740,0,0,0
39.429005750,0,0,1
39.429006410,0,1,1
39.429020920,0,1,0
39.429021540,0,0,0
39.445652240,1,0,0
39.452656760,0,0,0
39.452939300,0,0,1
39.452939880,0,1,1
39.452954470,0,1,0
39.452955000,0,0,0
39.469364880,1,0,0
39.476370780,0,0,0
39.476652770,0,0,1
39.476653030,0,1,1
39.476667970,0,1,0
39.476668320,0,0,0
39.494956090,1,0,0
39.501961990,0,0,0
39.502244960,0,0,1
39.502245100,0,1,1
39.502260110,0,1,0
39.502324240,0,0,0
39.520242850,1,0,0
39.527248700,0,0,0
39.527529800,0,0,1
39.527529960,0,1,1
39.527545010,0,1,0
39.527545180,0,0,0
39.545645660,1,0,0
39.552650060,0,0,0
39.552930860,0,1,0
39.552931920,0,1,1
39.552946060,0,0,1
39.552947100,0,0,0
39.571377530,1,0,0
39.578383800,0,0,0
39.578665570,0,0,1
39.578666740,0,1,1
39.578680960,0,1,0
39.578682050,0,0,0
39.597231890,1,0,0
39.604236500,0,0,0
39.604518800,0,1,0
39.604520100,0,1,1
39.604534050,0,0,1
39.604535240,0,0,0
39.622922040,1,0,0
39.629925000,0,0,0
39.630205820,0,0,1
39.630207680,0,1,1
39.630221020,0,1,0
39.630222910,0,0,0
39.648584880,1,0,0
39.655591090,0,0,0
39.655870880,0,1,0
39.655871850,0,1,1
39.655886060,0,0,1
39.655887070,0,0,0
39.674312560,1,0,0
39.681318440,0,0,0
39.681599480,0,0,1
39.681600400,0,1,1
39.681614710,0,1,0
39.681615520,0,0,0
39.699727210,1,0,0
39.706733360,0,0,0
39.707012390,0,1,0
39.707012760,0,1,1
39.707027610,0,0,1
39.707028050,0,0,0
39.725538900,1,0,0
39.732595970,0,0,0
39.732827120,0,0,1
39.732827240,0,1,1
39.732842350,0,1,0
39.732842470,0,0,0
39.749611980,1,0,0
39.756617990,0,0,0
39.756897980,0,1,0
39.756913270,0,0,0
39.756965340,0,0,1
39.756980480,0,0,0
39.775649700,1,0,0
39.782655680,0,0,0
39.782937500,0,1,0
39.782938240,0,1,1
39.782952710,0,0,1
39.782953410,0,0,0
39.801313810,1,0,0
39.808319900,0,0,0
39.808602320,0,1,0
39.808602440,0,1,1
39.808617550,0,0,1
39.808617710,0,0,0
39.825761710,1,0,0
39.832765980,0,0,0
39.833049370,0,1,0
39.833050150,0,1,1
39.833064600,0,0,1
39.833065360,0,0,0
39.851655570,1,0,0
39.858661410,0,0,0
39.858943520,0,0,1
39.858944160,0,1,1
39.858958800,0,1,0
39.858959470,0,0,0
39.877604850,1,0,0
39.884610920,0,0,0
39.884892580,0,1,0
39.884892980,0,1,1
39.884907790,0,0,1
39.884908080,0,0,0
39.901829410,1,0,0
39.908897790,0,0,0
39.909115900,0,1,0
39.909116380,0,1,1
39.909131090,0,0,1
39.909131760,0,0,0
39.926915710,1,0,0
39.933924110,0,0,0
39.934203070,0,1,0
39.934203890,0,1,1
39.934218150,0,0,1
39.934219080,0,0,0
39.950338530,1,0,0
39.957343040,0,0,0
39.957626770,0,1,0
39.957628320,0,1,1
39.957641970,0,0,1
39.957643460,0,0,0
39.975756600,1,0,0
39.982762440,0,0,0
39.983041550,0,0,1
39.983045230,0,1,1
39.983056780,0,1,0
39.983060480,0,0,0
39.999593950,1,0,0
40.006600120,0,0,0
40.006879550,0,1,0
40.006880200,0,1,1
40.006894880,0,0,1
40.006895450,0,0,0
40.025247250,1,0,0
40.032253730,0,0,0
40.032530490,0,1,0
40.032532800,0,1,1
40.032545780,0,0,1
40.032548060,0,0,0
40.051073690,1,0,0
40.058078430,0,0,0
40.058348600,0,1,0
40.058360780,0,1,1
40.058363870,0,0,1
40.058376090,0,0,0
40.076897010,1,0,0
40.083901480,0,0,0
40.084184600,0,0,1
40.084184650,0,1,1
40.084199850,0,1,0
40.084199910,0,0,0
40.102746900,1,0,0
40.109752210,0,0,0
40.110030670,0,1,0
40.110034050,0,1,1
40.110045850,0,0,1
40.110049260,0,0,0
40.128642680,1,0,0
40.135651030,0,0,0
40.135931380,0,1,0
40.135932290,0,1,1
40.135946590,0,0,1
40.135947520,0,0,0
40.152120230,1,0,0
40.159125960,0,0,0
40.159403380,0,0,1
40.159409850,0,1,1
40.159418520,0,1,0
40.159425120,0,0,0
40.175838620,1,0,0
40.182844650,0,0,0
40.183122990,0,0,1
40.183128520,0,1,1
40.183138190,0,1,0
40.183143730,0,0,0
40.201725590,1,0,0
40.208731780,0,0,0
40.209010230,0,0,1
40.209011770,0,1,1
40.209025410,0,1,0
40.209026980,0,0,0
40.227487510,1,0,0
40.234493370,0,0,0
40.234775130,0,1,0
40.234776210,0,1,1
40.234790380,0,0,1
40.234791480,0,0,0
40.252952600,1,0,0
40.259958380,0,0,0
40.260237030,0,0,1
40.260237600,0,1,1
40.260252140,0,1,0
40.260252860,0,0,0
40.278625190,1,0,0
40.285629590,0,0,0
40.285868790,0,0,1
40.285884060,0,0,0
40.285911970,0,1,0
40.285927140,0,0,0
40.304541220,1,0,0
40.311547700,0,0,0
40.311830370,0,1,0
40.311831530,0,1,1
40.311845600,0,0,1
40.311846710,0,0,0
40.330441650,1,0,0
40.337447860,0,0,0
40.337728840,0,1,0
40.337730060,0,1,1
40.337744110,0,0,1
40.337745220,0,0,0
40.356098710,1,0,0
40.363135720,0,0,0
40.363386990,0,1,0
40.363388400,0,1,1
40.363402260,0,0,1
40.363403650,0,0,0
40.380448630,1,0,0
40.387454530,0,0,0
40.387733120,0,1,0
40.387736910,0,1,1
40.387748280,0,0,1
40.387752010,0,0,0
40.406264450,1,0,0
40.413270720,0,0,0
40.413550250,0,0,1
40.413553890,0,1,1
40.413565410,0,1,0
40.413569160,0,0,0
40.432032730,1,0,0
40.439037560,0,0,0
40.439318820,0,0,1
40.439321400,0,1,1
40.439334010,0,1,0
40.439336520,0,0,0
40.457823360,1,0,0
40.464829490,0,0,0
40.465110780,0,1,0
40.465112180,0,1,1
40.465125960,0,0,1
40.465127310,0,0,0
40.483609760,1,0,0
40.490615680,0,0,0
40.490895610,0,0,1
40.490898160,0,1,1
40.490910770,0,1,0
40.490913200,0,0,0
40.509496310,1,0,0
40.516502320,0,0,0
40.516782680,0,1,0
40.516784070,0,1,1
40.516797800,0,0,1
40.516799220,0,0,0
40.533128390,1,0,0
40.540134310,0,0,0
40.540414730,0,1,0
40.540414930,0,1,1
40.540429910,0,0,1
40.540430100,0,0,0
40.556958970,1,0,0
40.563965200,0,0,0
40.564245960,0,0,1
40.564249400,0,1,1
40.564261210,0,1,0
40.564264560,0,0,0
40.582678200,1,0,0
40.589684160,0,0,0
40.589963430,0,0,1
40.589967760,0,1,1
40.589978680,0,1,0
40.589982990,0,0,0
40.606422820,1,0,0
40.613428390,0,0,0
40.613711060,0,1,0
40.613712790,0,1,1
40.613726280,0,0,1
40.613728120,0,0,0
40.632375040,1,0,0
40.639381190,0,0,0
40.639661300,0,0,1
40.639664560,0,1,1
40.639676480,0,1,0
40.639679740,0,0,0
40.655708050,1,0,0
40.662714260,0,0,0
40.662992900,0,1,0
40.662994740,0,1,1
40.663008150,0,0,1
40.663009840,0,0,0
40.681275300,1,0,0
40.688283850,0,0,0
40.688561380,0,1,0
40.688563120,0,1,1
40.688576510,0,0,1
40.688578370,0,0,0
40.705491110,1,0,0
40.712497220,0,0,0
40.712778910,0,1,0
40.712780590,0,1,1
40.712794110,0,0,1
40.712795790,0,0,0
40.731301950,1,0,0
40.738307690,0,0,0
40.738588140,0,1,0
40.738590120,0,1,1
40.738603290,0,0,1
40.738605280,0,0,0
40.755604080,1,0,0
40.762610160,0,0,0
40.762890610,0,1,0
40.762892000,0,1,1
40.762905890,0,0,1
40.762907250,0,0,0
40.780920910,1,0,0
40.787926440,0,0,0
40.788207130,0,0,1
40.788209920,0,1,1
40.788222270,0,1,0
40.788225170,0,0,0
40.805242830,1,0,0
40.812247000,0,0,0
40.812528410,0,1,0
40.812530330,0,1,1
40.812543590,0,0,1
40.812545550,0,0,0
40.831124190,1,0,0
40.838130190,0,0,0
40.838410330,0,1,0
40.838414020,0,1,1
40.838425600,0,0,1
40.838429250,0,0,0
40.855354630,1,0,0
40.862360710,0,0,0
40.862640000,0,1,0
40.862642260,0,1,1
40.862655230,0,0,1
40.862657400,0,0,0
40.881243280,1,0,0
40.888251640,0,0,0
40.888530770,0,0,1
40.888532460,0,1,1
40.888545970,0,1,0
40.888547590,0,0,0
40.905050310,1,0,0
40.912056730,0,0,0
40.912336030,0,1,0
40.912337830,0,1,1
40.912351200,0,0,1
40.912353020,0,0,0
40.928696560,1,0,0
40.935702830,0,0,0
40.935981740,0,0,1
40.935985330,0,1,1
40.935996920,0,1,0
40.936000470,0,0,0
40.954271830,1,0,0
40.961278000,0,0,0
40.961534120,0,1,0
40.961549390,0,0,0
40.961560330,0,0,1
40.961575530,0,0,0
40.977909280,1,0,0
40.984915180,0,0,0
40.985196940,0,1,0
40.985199620,0,1,1
40.985212130,0,0,1
40.985214770,0,0,0
41.001782090,1,0,0
41.008786620,0,0,0
41.009066990,0,0,1
41.009069660,0,1,1
41.009082210,0,1,0
41.009084920,0,0,0
41.026735010,1,0,0
41.033740470,0,0,0
41.034021330,0,1,0
41.034021430,0,1,1
41.034036550,0,0,1
41.034036680,0,0,0
41.051798160,1,0,0
41.058804370,0,0,0
41.059085040,0,0,1
41.059086040,0,1,1
41.059100210,0,1,0
41.059101100,0,0,0
41.077165790,1,0,0
41.084171830,0,0,0
41.084453340,0,0,1
41.084468500,0,0,0
41.084507980,0,1,0
41.084523230,0,0,0
41.100753760,1,0,0
41.107759800,0,0,0
41.108038150,0,1,0
41.108041830,0,1,1
41.108053380,0,0,1
41.108057030,0,0,0
41.126060640,1,0,0
41.133066850,0,0,0
41.133347640,0,1,0
41.133349380,0,1,1
41.133362780,0,0,1
41.133364460,0,0,0
41.151755730,1,0,0
41.158764060,0,0,0
41.159038330,0,1,0
41.159041130,0,1,1
41.159053600,0,0,1
41.159056360,0,0,0
41.176465560,1,0,0
41.183471500,0,0,0
41.183751770,0,1,0
41.183752100,0,1,1
41.183766960,0,0,1
41.183767280,0,0,0
41.202091860,1,0,0
41.209097950,0,0,0
41.209376880,0,1,0
41.209380420,0,1,1
41.209391960,0,0,1
41.209395580,0,0,0
41.227674300,1,0,0
41.234680120,0,0,0
41.234960200,0,1,0
41.234963090,0,1,1
41.234975400,0,0,1
41.234978300,0,0,0
41.252784660,1,0,0
41.259790750,0,0,0
41.260071460,0,0,1
41.260074390,0,1,1
41.260086620,0,1,0
41.260089660,0,0,0
41.276592740,1,0,0
41.283598970,0,0,0
41.283877870,0,1,0
41.283880860,0,1,1
41.283893140,0,0,1
41.283896060,0,0,0
41.302458280,1,0,0
41.309464080,0,0,0
41.309744280,0,0,1
41.309746360,0,1,1
41.309759630,0,1,0
41.309761520,0,0,0
41.326219780,1,0,0
41.333223030,0,0,0
41.333506770,0,0,1
41.333509680,0,1,1
41.333522060,0,1,0
41.333524860,0,0,0
41.352105910,1,0,0
41.359114480,0,0,0
41.359390550,0,1,0
41.359395400,0,1,1
41.359405780,0,0,1
41.359410650,0,0,0
41.376437130,1,0,0
41.383443120,0,0,0
41.383724760,0,0,1
41.383739910,0,0,0
41.383788980,0,1,0
41.383804240,0,0,0
41.402229180,1,0,0
41.409233980,0,0,0
41.409514850,0,1,0
41.409516830,0,1,1
41.409529960,0,0,1
41.409532120,0,0,0
41.428008060,1,0,0
41.435014320,0,0,0
41.435292170,0,1,0
41.435296610,0,1,1
41.435307290,0,0,1
41.435311840,0,0,0
41.452563540,1,0,0
41.459569320,0,0,0
41.459847530,0,0,1
41.459849200,0,1,1
41.459862640,0,1,0
41.459864450,0,0,0
41.477107310,1,0,0
41.484113590,0,0,0
41.484393210,0,0,1
41.484394220,0,1,1
41.484408460,0,1,0
41.484409430,0,0,0
41.502931900,1,0,0
41.509938160,0,0,0
41.510215870,0,1,0
41.510221840,0,1,1
41.510231120,0,0,1
41.510236980,0,0,0
41.528653410,1,0,0
41.535657790,0,0,0
41.535923540,0,0,1
41.535938890,0,0,0
41.535941150,0,1,0
41.535956350,0,0,0
41.554476850,1,0,0
41.561480090,0,0,0
41.561762780,0,1,0
41.561763790,0,1,1
41.561778070,0,0,1
41.561778940,0,0,0
41.580038900,1,0,0
41.587044920,0,0,0
41.587327390,0,0,1
41.587328820,0,1,1
41.587342590,0,1,0
41.587343970,0,0,0
41.605822050,1,0,0
41.612830470,0,0,0
41.613104870,0,1,0
41.613110670,0,1,1
41.613120050,0,0,1
41.613125870,0,0,0
41.630427860,1,0,0
41.637433950,0,0,0
41.637711630,0,0,1
41.637712960,0,1,1
41.637726790,0,1,0
41.637728160,0,0,0
41.655462550,1,0,0
41.662468790,0,0,0
41.662748920,0,1,0
41.662751680,0,1,1
41.662764060,0,0,1
41.662766780,0,0,0
41.681239080,1,0,0
41.688245130,0,0,0
41.688479960,0,1,0
41.688495150,0,0,0
41.688525960,0,0,1
41.688541180,0,0,0
41.706734300,1,0,0
41.713738860,0,0,0
41.714020950,0,1,0
41.714022990,0,1,1
41.714036030,0,0,1
41.714038150,0,0,0
41.730451750,1,0,0
41.737457830,0,0,0
41.737737970,0,0,1
41.737738350,0,1,1
41.737753160,0,1,0
41.737753540,0,0,0
41.755478210,1,0,0
41.762482400,0,0,0
41.762766080,0,1,0
41.762766150,0,1,1
41.762781310,0,0,1
41.762781370,0,0,0
41.781299210,1,0,0
41.788303300,0,0,0
41.788583990,0,0,1
41.788586040,0,1,1
41.788599150,0,1,0
41.788601190,0,0,0
41.806013380,1,0,0
41.813019530,0,0,0
41.813299300,0,1,0
41.813303310,0,1,1
41.813314670,0,0,1
41.813318550,0,0,0
41.831847580,1,0,0
41.838853120,0,0,0
41.839132800,0,1,0
41.839136770,0,1,1
41.839148030,0,0,1
41.839151920,0,0,0
41.857149160,1,0,0
41.864155230,0,0,0
41.864435160,0,0,1
41.864436160,0,1,1
41.864450400,0,1,0
41.864451310,0,0,0
41.882870480,1,0,0
41.889876570,0,0,0
41.890158560,0,0,1
41.890159600,0,1,1
41.890173790,0,1,0
41.890174770,0,0,0
41.908368240,1,0,0
41.915374050,0,0,0
41.915656380,0,0,1
41.915656630,0,1,1
41.915671650,0,1,0
41.915671830,0,0,0
41.934321680,1,0,0
41.941327940,0,0,0
41.941610430,0,0,1
41.941611280,0,1,1
41.941625700,0,1,0
41.941626460,0,0,0
41.960083310,1,0,0
41.967088380,0,0,0
41.967364350,0,0,1
41.967368820,0,1,1
41.967379600,0,1,0
41.967384050,0,0,0
41.985090520,1,0,0
41.992096650,0,0,0
41.992377360,0,0,1
41.992378250,0,1,1
41.992392590,0,1,0
41.992393370,0,0,0
42.010169670,1,0,0
42.017175450,0,0,0
42.017455580,0,1,0
42.017455720,0,1,1
42.017470910,0,0,0
42.035701780,1,0,0
42.042707720,0,0,0
42.042989020,0,1,0
42.042989190,0,1,1
42.043004210,0,0,1
42.043004390,0,0,0
42.061015620,1,0,0
42.068019870,0,0,0
42.068302630,0,0,1
42.068303530,0,1,1
42.068317780,0,1,0
42.068318730,0,0,0
42.086769690,1,0,0
42.093775520,0,0,0
42.094054810,0,0,1
42.094056760,0,1,1
42.094069970,0,1,0
42.094071950,0,0,0
42.112566220,1,0,0
42.119572090,0,0,0
42.119853520,0,0,1
42.119855100,0,1,1
42.119868610,0,1,0
42.119870330,0,0,0
42.137612090,1,0,0
42.144615510,0,0,0
42.144897970,0,0,1
42.144898460,0,1,1
42.144913220,0,1,0
42.144913700,0,0,0
42.163312430,1,0,0
42.170318270,0,0,0
42.170601090,0,1,0
42.170601370,0,1,1
42.170616270,0,0,1
42.170616580,0,0,0
42.189073520,1,0,0
42.196079570,0,0,0
42.196337490,0,1,0
42.196352690,0,0,0
42.196359690,0,0,1
42.196374860,0,0,0
42.213379040,1,0,0
42.220385190,0,0,0
42.220667720,0,1,0
42.220668320,0,1,1
42.220682860,0,0,1
42.220683570,0,0,0
42.237141970,1,0,0
42.244148310,0,0,0
42.244378250,0,1,0
42.244393430,0,0,0
42.244431830,0,0,1
42.244447120,0,0,0
42.261303430,1,0,0
42.268309300,0,0,0
42.268589650,0,1,0
42.268590250,0,1,1
42.268604850,0,0,1
42.268605420,0,0,0
42.287216520,1,0,0
42.294220960,0,0,0
42.294503260,0,1,0
42.294503470,0,1,1
42.294518440,0,0,1
42.294518720,0,0,0
42.312945090,1,0,0
42.319951570,0,0,0
42.320231290,0,0,1
42.320231410,0,1,1
42.320246580,0,1,0
42.320246610,0,0,0
42.338745070,1,0,0
42.345751060,0,0,0
42.346021390,0,1,0
42.346034690,0,1,1
42.346036680,0,0,1
42.346049800,0,0,0
42.364469100,1,0,0
42.371474940,0,0,0
42.371757700,0,0,1
42.371759160,0,1,1
42.371772930,0,1,0
42.371774370,0,0,0
42.388939930,1,0,0
42.395946080,0,0,0
42.396227400,0,0,1
42.396227650,0,1,1
42.396242500,0,1,0
42.396242750,0,0,0
42.414580020,1,0,0
42.421585840,0,0,0
42.421865820,0,0,1
42.421865860,0,1,1
42.421880940,0,1,0
42.421881110,0,0,0
42.439995400,1,0,0
42.447063430,0,0,0
42.447283410,0,1,0
42.447284310,0,1,1
42.447298650,0,0,1
42.447299510,0,0,0
42.464666860,1,0,0
42.471671700,0,0,0
42.471951520,0,0,1
42.471951810,0,1,1
42.471966690,0,1,0
42.471966990,0,0,0
42.490515180,1,0,0
42.497521040,0,0,0
42.497800240,0,0,1
42.497801120,0,1,1
42.497815530,0,1,0
42.497816410,0,0,0
42.515824790,1,0,0
42.522828560,0,0,0
42.523112420,0,1,0
42.523113850,0,1,1
42.523127620,0,0,1
42.523128950,0,0,0
42.541207230,1,0,0
42.548211880,0,0,0
42.548492000,0,1,0
42.548493070,0,1,1
42.548507210,0,0,1
42.548508170,0,0,0
42.567029450,1,0,0
42.574035570,0,0,0
42.574316490,0,1,1
42.574331670,0,0,1
42.574331800,0,0,0
42.592885180,1,0,0
42.599888160,0,0,0
42.600173930,0,1,0
42.600174960,0,1,1
42.600189130,0,0,1
42.600190230,0,0,0
42.617236120,1,0,0
42.624242250,0,0,0
42.624520870,0,1,0
42.624523260,0,1,1
42.624536060,0,0,1
42.624538520,0,0,0
42.642974460,1,0,0
42.650044270,0,0,0
42.650260870,0,0,1
42.650261520,0,1,1
42.650276140,0,1,0
42.650276730,0,0,0
42.667437680,1,0,0
42.674446290,0,0,0
42.674724330,0,0,1
42.674725150,0,1,1
42.674739540,0,1,0
42.674740250,0,0,0
42.692955630,1,0,0
42.699958490,0,0,0
42.700243450,0,1,0
42.700258630,0,0,0
42.700309570,0,0,1
42.700324820,0,0,0
42.716755810,1,0,0
42.723762290,0,0,0
42.724040970,0,1,0
42.724042260,0,1,1
42.724056180,0,0,1
42.724057550,0,0,0
42.742779940,1,0,0
42.749785430,0,0,0
42.750062640,0,1,0
42.750064580,0,1,1
42.750077890,0,0,1
42.750079730,0,0,0
42.768308070,1,0,0
42.775313970,0,0,0
42.775593670,0,1,0
42.775594280,0,1,1
42.775608770,0,0,1
42.775609570,0,0,0
42.793730700,1,0,0
42.800736500,0,0,0
42.801016540,0,0,1
42.801016960,0,1,1
42.801031740,0,1,0
42.801032150,0,0,0
42.819630730,1,0,0
42.826636940,0,0,0
42.826915810,0,0,1
42.826931020,0,0,0
42.826986300,0,1,0
42.827001500,0,0,0
42.845592970,1,0,0
42.852597470,0,0,0
42.852877010,0,0,1
42.852878860,0,1,1
42.852892240,0,1,0
42.852894110,0,0,0
42.871465890,1,0,0
42.878471440,0,0,0
42.878751290,0,1,0
42.878752810,0,1,1
42.878766570,0,0,1
42.878767910,0,0,0
42.896534870,1,0,0
42.903540900,0,0,0
42.903818190,0,1,0
42.903818840,0,1,1
42.903833430,0,0,1
42.903833960,0,0,0
42.922321420,1,0,0
42.929327140,0,0,0
42.929609020,0,1,0
42.929609680,0,1,1
42.929624370,0,0,1
42.929624910,0,0,0
42.946571980,1,0,0
42.953578210,0,0,0
42.953858270,0,0,1
42.953862490,0,1,1
42.953873540,0,1,0
42.953877690,0,0,0
42.972131380,1,0,0
42.979139530,0,0,0
42.979416630,0,0,1
42.979419930,0,1,1
42.979431860,0,1,0
42.979435150,0,0,0
42.997161780,1,0,0
43.004167580,0,0,0
43.004449220,0,1,0
43.004450160,0,1,1
43.004464410,0,0,1
43.004465340,0,0,0
43.022831290,1,0,0
43.029837310,0,0,0
43.030117640,0,0,1
43.030132830,0,0,0
43.030142120,0,1,0
43.030157270,0,0,0
43.047435910,1,0,0
43.054442290,0,0,0
43.054721880,0,0,1
43.054723380,0,1,1
43.054737130,0,1,0
43.054738500,0,0,0
43.072625390,1,0,0
43.079629630,0,0,0
43.079914550,0,1,0
43.079915510,0,1,1
43.079929670,0,0,1
43.079930700,0,0,0
43.098312630,1,0,0
43.105318780,0,0,0
43.105598830,0,0,1
43.105601840,0,1,1
43.105613980,0,1,0
43.105617010,0,0,0
43.122386230,1,0,0
43.129392360,0,0,0
43.129672320,0,0,1
43.129675290,0,1,1
43.129687480,0,1,0
43.129690450,0,0,0
43.147789090,1,0,0
43.154795280,0,0,0
43.155073290,0,1,0
43.155075870,0,1,1
43.155088580,0,0,1
43.155091130,0,0,0
43.173668320,1,0,0
43.180674410,0,0,0
43.180955730,0,1,0
43.180970870,0,0,0
43.181019310,0,0,1
43.181034560,0,0,0
43.199399450,1,0,0
43.206405310,0,0,0
43.206685400,0,1,0
43.206687670,0,1,1
43.206700690,0,0,1
43.206702860,0,0,0
43.225110360,1,0,0
43.232115050,0,0,0
43.232396060,0,0,1
43.232399840,0,1,1
43.232411370,0,1,0
43.232415050,0,0,0
43.250960320,1,0,0
43.257966030,0,0,0
43.258248280,0,1,0
43.258249560,0,1,1
43.258263490,0,0,1
43.258264770,0,0,0
43.276612990,1,0,0
43.283619140,0,0,0
43.283899040,0,1,0
43.283902880,0,1,1
43.283914160,0,0,1
43.283918170,0,0,0
43.300553300,1,0,0
43.307559260,0,0,0
43.307840020,0,1,0
43.307841470,0,1,1
43.307855270,0,0,1
43.307856680,0,0,0
43.324474460,1,0,0
43.331480240,0,0,0
43.331763400,0,1,0
43.331764750,0,1,1
43.331778550,0,0,1
43.331779960,0,0,0
43.348841670,1,0,0
43.355847900,0,0,0
43.356126990,0,0,1
43.356142150,0,0,0
43.356197550,0,1,0
43.356212740,0,0,0
43.374700820,1,0,0
43.381705470,0,0,0
43.381986810,0,0,1
43.381990120,0,1,1
43.382001930,0,1,0
43.382005240,0,0,0
43.400456660,1,0,0
43.407462580,0,0,0
43.407743640,0,1,0
43.407743920,0,1,1
43.407758780,0,0,1
43.407759270,0,0,0
43.426254590,1,0,0
43.433260670,0,0,0
43.433542040,0,1,0
43.433543590,0,1,1
43.433557310,0,0,1
43.433558800,0,0,0
43.450768360,1,0,0
43.457774440,0,0,0
43.458055440,0,1,0
43.458057160,0,1,1
43.458070690,0,0,1
43.458072390,0,0,0
43.475088080,1,0,0
43.482092710,0,0,0
43.482372950,0,1,0
43.482375520,0,1,1
43.482388170,0,0,1
43.482390750,0,0,0
43.500366560,1,0,0
43.507372610,0,0,0
43.507652280,0,1,0
43.507654070,0,1,1
43.507667490,0,0,1
43.507669210,0,0,0
43.524198660,1,0,0
43.531204890,0,0,0
43.531484770,0,1,0
43.531486700,0,1,1
43.531499990,0,0,1
43.531501970,0,0,0
43.548069160,1,0,0
43.555075100,0,0,0
43.555354090,0,1,0
43.555355810,0,1,1
43.555369170,0,0,1
43.555371100,0,0,0
43.573742890,1,0,0
43.580748850,0,0,0
43.581028380,0,0,1
43.581032510,0,1,1
43.581043540,0,1,0
43.581047690,0,0,0
43.599183290,1,0,0
43.606189340,0,0,0
43.606470740,0,1,0
43.606472890,0,1,1
43.606485990,0,0,1
43.606488110,0,0,0
43.625033740,1,0,0
43.632039800,0,0,0
43.632319120,0,1,0
43.632319940,0,1,1
43.632334410,0,0,1
43.632335020,0,0,0
43.650352740,1,0,0
43.657361060,0,0,0
43.657637520,0,1,0
43.657639630,0,1,1
43.657652720,0,0,1
43.657654820,0,0,0
43.676299580,1,0,0
43.683305750,0,0,0
43.683586230,0,1,0
43.683587080,0,1,1
43.683601430,0,0,1
43.683602260,0,0,0
43.701712040,1,0,0
43.708718340,0,0,0
43.709001610,0,0,1
43.709011610,0,1,1
43.709016770,0,1,0
43.709026920,0,0,0
43.725455180,1,0,0
43.732460980,0,0,0
43.732742820,0,1,0
43.732744880,0,1,1
43.732758030,0,0,1
43.732760000,0,0,0
43.751239980,1,0,0
43.758248980,0,0,0
43.758526200,0,1,0
43.758528290,0,1,1
43.758541340,0,0,1
43.758543430,0,0,0
43.776274420,1,0,0
43.783282970,0,0,0
43.783561880,0,0,1
43.783564560,0,1,1
43.783577040,0,1,0
43.783579870,0,0,0
43.802092990,1,0,0
43.809098950,0,0,0
43.809379450,0,0,1
43.809382890,0,1,1
43.809394650,0,1,0
43.809398080,0,0,0
43.825768000,1,0,0
43.832774070,0,0,0
43.833052830,0,0,1
43.833053880,0,1,1
43.833067970,0,1,0
43.833069020,0,0,0
43.850581210,1,0,0
43.857587150,0,0,0
43.857867290,0,0,1
43.857869900,0,1,1
43.857882540,0,1,0
43.857885150,0,0,0
43.875316650,1,0,0
43.882322670,0,0,0
43.882603450,0,1,0
43.882605590,0,1,1
43.882618550,0,0,1
43.882620750,0,0,0
43.900877800,1,0,0
43.907882800,0,0,0
43.908164260,0,0,1
43.908166680,0,1,1
43.908179470,0,1,0
43.908181910,0,0,0
43.926420890,1,0,0
43.933426830,0,0,0
43.933706400,0,0,1
43.933710120,0,1,1
43.933721710,0,1,0
43.933725370,0,0,0
43.952150210,1,0,0
43.959156170,0,0,0
43.959435880,0,0,1
43.959438460,0,1,1
43.959451110,0,1,0
43.959453620,0,0,0
43.975990490,1,0,0
43.982994980,0,0,0
43.983275740,0,1,0
43.983279510,0,1,1
43.983291050,0,0,1
43.983294740,0,0,0
44.001782730,1,0,0
44.008788800,0,0,0
44.009069970,0,1,0
44.009083980,0,1,1
44.009085150,0,0,1
44.009099230,0,0,0
44.027571630,1,0,0
44.034576800,0,0,0
44.034858700,0,1,0
44.034860360,0,1,1
44.034873950,0,0,1
44.034875590,0,0,0
44.052572160,1,0,0
44.059578390,0,0,0
44.059858910,0,0,1
44.059859390,0,1,1
44.059874070,0,1,0
44.059874620,0,0,0
44.078332080,1,0,0
44.085340210,0,0,0
44.085613940,0,0,1
44.085620420,0,1,1
44.085629250,0,1,0
44.085635710,0,0,0
44.104132290,1,0,0
44.111138340,0,0,0
44.111416300,0,1,0
44.111420800,0,1,1
44.111431540,0,0,1
44.111435940,0,0,0
44.129920610,1,0,0
44.136926910,0,0,0
44.137207280,0,1,0
44.137213660,0,1,1
44.137222460,0,0,1
44.137228810,0,0,0
44.154272260,1,0,0
44.161280760,0,0,0
44.161557920,0,0,1
44.161573080,0,0,0
44.180340080,1,0,0
44.187348350,0,0,0
44.187627070,0,0,1
44.187627850,0,1,1
44.187642340,0,1,0
44.187643180,0,0,0
44.205714350,1,0,0
44.212720400,0,0,0
44.212999580,0,0,1
44.213002290,0,1,1
44.213014810,0,1,0
44.213017540,0,0,0
44.229622350,1,0,0
44.236630930,0,0,0
44.236907960,0,0,1
44.236910730,0,1,1
44.236923210,0,1,0
44.236925830,0,0,0
44.255565500,1,0,0
44.262570150,0,0,0
44.262852450,0,0,1
44.262853110,0,1,1
44.262867740,0,1,0
44.262868310,0,0,0
44.280780690,1,0,0
44.287789400,0,0,0
44.288065890,0,0,1
44.288066570,0,1,1
44.288081120,0,1,0
44.288081800,0,0,0
44.305929740,1,0,0
44.312935930,0,0,0
44.313203950,0,1,0
44.313218500,0,1,1
44.313219180,0,0,1
44.313233710,0,0,0
44.330808340,1,0,0
44.337814050,0,0,0
44.338093330,0,1,0
44.338096760,0,1,1
44.338108540,0,0,1
44.338111920,0,0,0
44.356618080,1,0,0
44.363621100,0,0,0
44.363905350,0,0,1
44.363907500,0,1,1
44.363920510,0,1,0
44.363922750,0,0,0
44.382376710,1,0,0
44.389382750,0,0,0
44.389664690,0,0,1
44.389665980,0,1,1
44.389679900,0,1,0
44.389681150,0,0,0
44.406428390,1,0,0
44.413486960,0,0,0
44.413713490,0,1,0
44.413718010,0,1,1
44.413728730,0,0,1
44.413733190,0,0,0
44.432095860,1,0,0
44.439102170,0,0,0
44.439381700,0,0,1
44.439382990,0,1,1
44.439396970,0,1,0
44.439398110,0,0,0
44.455971640,1,0,0
44.462977440,0,0,0
44.463258850,0,1,0
44.463259980,0,1,1
44.463274030,0,0,1
44.463275120,0,0,0
44.479647130,1,0,0
44.486651470,0,0,0
44.486930820,0,0,1
44.486934560,0,1,1
44.486946020,0,1,0
44.486949770,0,0,0
44.503456110,1,0,0
44.510462030,0,0,0
44.510741990,0,0,1
44.510743020,0,1,1
44.510757220,0,1,0
44.510823500,0,0,0
44.529215970,1,0,0
44.536221950,0,0,0
44.536501400,0,1,0
44.536505390,0,1,1
44.536516610,0,0,1
44.536520510,0,0,0
44.553036920,1,0,0
44.560043010,0,0,0
44.560323900,0,0,1
44.560324970,0,1,1
44.560339040,0,1,0
44.560340130,0,0,0
44.578792630,1,0,0
44.585798510,0,0,0
44.586077080,0,1,0
44.586081220,0,1,1
44.586092220,0,0,1
44.586096460,0,0,0
44.602923260,1,0,0
44.609931760,0,0,0
44.610209080,0,1,0
44.610210850,0,1,1
44.610224310,0,0,1
44.610226070,0,0,0
44.627605550,1,0,0
44.634611400,0,0,0
44.634893190,0,0,1
44.634895150,0,1,1
44.634908390,0,1,0
44.634910330,0,0,0
44.653261490,1,0,0
44.660267660,0,0,0
44.660546300,0,0,1
44.660554010,0,1,1
44.660561530,0,1,0
44.660569170,0,0,0
44.679064040,1,0,0
44.686064480,0,0,0
44.686351010,0,1,0
44.686351040,0,1,1
44.686366150,0,0,1
44.686366280,0,0,0
44.704209850,1,0,0
44.711215940,0,0,0
44.711499250,0,0,1
44.711500350,0,1,1
44.711514540,0,1,0
44.711515530,0,0,0
44.729829440,1,0,0
44.736833760,0,0,0
44.737118050,0,0,1
44.737118640,0,1,1
44.737133150,0,1,0
44.737133850,0,0,0
44.754772820,1,0,0
44.761778680,0,0,0
44.762125990,0,0,1
44.762127480,0,1,1
44.762141220,0,1,0
44.762142680,0,0,0
44.780633680,1,0,0
44.787617700,0,0,0
44.787918020,0,1,0
44.787919710,0,1,1
44.787933210,0,0,1
44.787934890,0,0,0
44.806328750,1,0,0
44.813334650,0,0,0
44.813613780,0,1,0
44.813618170,0,1,1
44.813629000,0,0,1
44.813633360,0,0,0
44.830948560,1,0,0
44.837954500,0,0,0
44.838235220,0,0,1
44.838237180,0,1,1
44.838250340,0,1,0
44.838252400,0,0,0
44.856742230,1,0,0
44.863750970,0,0,0
44.864029330,0,1,0
44.864030000,0,1,1
44.864044680,0,0,1
44.864045230,0,0,0
44.880733480,1,0,0
44.887741980,0,0,0
44.888022650,0,0,1
44.888023180,0,1,1
44.888037880,0,1,0
44.888038480,0,0,0
44.905784130,1,0,0
44.912790150,0,0,0
44.913070970,0,0,1
44.913072650,0,1,1
44.913086180,0,1,0
44.913087750,0,0,0
44.929301330,1,0,0
44.936307390,0,0,0
44.936589250,0,0,1
44.936589760,0,1,1
44.936604410,0,1,0
44.936604860,0,0,0
44.953618610,1,0,0
44.960624580,0,0,0
44.960903770,0,0,1
44.960904180,0,1,1
44.960918980,0,1,0
44.960919320,0,0,0
44.977311500,1,0,0
44.984317800,0,0,0
44.984597420,0,0,1
44.984597540,0,1,1
44.984612530,0,1,0
44.984612700,0,0,0
45.001081160,1,0,0
45.008087230,0,0,0
45.008370600,0,0,1
45.008371120,0,1,1
45.008385880,0,1,0
45.008386370,0,0,0
45.026780170,1,0,0
45.033786260,0,0,0
45.034068360,0,1,0
45.034069310,0,1,1
45.034083600,0,0,1
45.034084430,0,0,0
45.052609410,1,0,0
45.059615510,0,0,0
45.059897670,0,0,1
45.059897900,0,1,1
45.059912900,0,1,0
45.059913150,0,0,0
45.078298930,1,0,0
45.085305040,0,0,0
45.085583370,0,0,1
45.085586220,0,1,1
45.085598570,0,1,0
45.085601400,0,0,0
45.104163570,1,0,0
45.111168070,0,0,0
45.111449440,0,0,1
45.111449660,0,1,1
45.111464620,0,1,0
45.111464760,0,0,0
45.129629510,1,0,0
45.136635390,0,0,0
45.136916720,0,1,0
45.136917860,0,1,1
45.136931930,0,0,1
45.136933020,0,0,0
45.154819380,1,0,0
45.161825470,0,0,0
45.162106370,0,1,0
45.162106410,0,1,1
45.162121550,0,1,0
45.162121580,0,0,0
45.180076890,1,0,0
45.187082870,0,0,0
45.187363980,0,0,1
45.187364980,0,1,1
45.187379200,0,1,0
45.187380160,0,0,0
45.205726230,1,0,0
45.212734560,0,0,0
45.213013170,0,1,0
45.213013320,0,1,1
45.213028420,0,1,0
45.213028460,0,0,0
45.231145920,1,0,0
45.238152130,0,0,0
45.238431630,0,1,0
45.238431760,0,1,1
45.238446880,0,0,1
45.238447030,0,0,0
45.256878200,1,0,0
45.263884260,0,0,0
45.264164990,0,1,0
45.264180170,0,0,0
45.264230600,0,0,1
45.264245870,0,0,0
45.280773880,1,0,0
45.287776880,0,0,0
45.288062250,0,0,1
45.288063520,0,1,1
45.288077440,0,1,0
45.288078720,0,0,0
45.306217650,1,0,0
45.313223740,0,0,0
45.313506790,0,1,0
45.313507070,0,1,1
45.313522000,0,0,1
45.313522240,0,0,0
45.331433090,1,0,0
45.338438990,0,0,0
45.338719310,0,1,0
45.338720680,0,1,1
45.338734480,0,0,1
45.338735910,0,0,0
45.357195580,1,0,0
45.364201620,0,0,0
45.364483270,0,0,1
45.364483610,0,1,1
45.364498540,0,1,0
45.364498790,0,0,0
45.382723730,1,0,0
45.389729710,0,0,0
45.390009930,0,0,1
45.390011900,0,1,1
45.390025150,0,1,0
45.390027170,0,0,0
45.406308280,1,0,0
45.413314640,0,0,0
45.413595370,0,1,0
45.413595870,0,1,1
45.413610640,0,0,1
45.413611140,0,0,0
45.431877770,1,0,0
45.438883980,0,0,0
45.439162540,0,1,0
45.439164270,0,1,1
45.439177740,0,0,1
45.439179460,0,0,0
45.457738690,1,0,0
45.464744550,0,0,0
45.465025980,0,1,0
45.465027680,0,1,1
45.465041060,0,0,1
45.465042840,0,0,0
45.483145820,1,0,0
45.490152050,0,0,0
45.490435630,0,1,0
45.490436140,0,1,1
45.490450810,0,0,1
45.490451410,0,0,0
45.508969120,1,0,0
45.515975160,0,0,0
45.516254480,0,0,1
45.516258230,0,1,1
45.516269770,0,1,0
45.516273340,0,0,0
45.533417740,1,0,0
45.540423680,0,0,0
45.540702170,0,0,1
45.540706670,0,1,1
45.540717400,0,1,0
45.540721860,0,0,0
45.559072270,1,0,0
45.566077960,0,0,0
45.566359890,0,1,0
45.566361490,0,1,1
45.566375050,0,0,1
45.566376720,0,0,0
45.584455500,1,0,0
45.591461610,0,0,0
45.591744100,0,1,0
45.591744900,0,1,1
45.591759300,0,0,1
45.591760080,0,0,0
45.610239990,1,0,0
45.617246220,0,0,0
45.617479210,0,1,0
45.617494270,0,0,0
45.617527440,0,0,1
45.617542670,0,0,0
45.635967410,1,0,0
45.642971980,0,0,0
45.643255810,0,1,0
45.643256010,0,1,1
45.643271060,0,0,1
45.643271160,0,0,0
45.659781320,1,0,0
45.666787450,0,0,0
45.667069520,0,1,0
45.667070540,0,1,1
45.667084710,0,0,1
45.667085600,0,0,0
45.683549270,1,0,0
45.690583230,0,0,0
45.690836820,0,1,0
45.690838730,0,1,1
45.690852010,0,0,1
45.690853940,0,0,0
45.708837250,1,0,0
45.715843280,0,0,0
45.716123680,0,1,0
45.716127180,0,1,1
45.716138860,0,0,1
45.716142400,0,0,0
45.734554820,1,0,0
45.741563260,0,0,0
45.741840560,0,0,1
45.741844600,0,1,1
45.741855780,0,1,0
45.741859850,0,0,0
45.760408020,1,0,0
45.767416230,0,0,0
45.767692080,0,1,0
45.767693230,0,1,1
45.767707270,0,0,1
45.767708500,0,0,0
45.784545760,1,0,0
45.791551250,0,0,0
45.791830130,0,0,1
45.791845320,0,0,0
45.810236330,1,0,0
45.817239500,0,0,0
45.817524610,0,1,0
45.817525870,0,1,1
45.817539920,0,0,1
45.817541050,0,0,0
45.836131440,1,0,0
45.843137160,0,0,0
45.843418130,0,1,0
45.843419400,0,1,1
45.843433440,0,0,1
45.843434580,0,0,0
45.859998190,1,0,0
45.866980420,0,0,0
45.867285480,0,0,1
45.867286410,0,1,1
45.867300750,0,1,0
45.867301700,0,0,0
45.883839970,1,0,0
45.890846200,0,0,0
45.891125430,0,0,1
45.891128410,0,1,1
45.891140670,0,1,0
45.891143680,0,0,0
45.908960490,1,0,0
45.915966370,0,0,0
45.916247290,0,1,0
45.916249770,0,1,1
45.916262560,0,0,1
45.916265100,0,0,0
45.934705920,1,0,0
45.941773300,0,0,0
45.941991670,0,1,0
45.941993210,0,1,1
45.942006790,0,0,1
45.942008460,0,0,0
45.959235000,1,0,0
45.966240750,0,0,0
45.966520740,0,0,1
45.966524130,0,1,1
45.966536030,0,1,0
45.966539400,0,0,0
45.984921320,1,0,0
45.991925650,0,0,0
45.992207600,0,0,1
45.992208530,0,1,1
45.992222800,0,1,0
45.992223820,0,0,0
46.010602410,1,0,0
46.017606910,0,0,0
46.017888580,0,0,1
46.017891660,0,1,1
46.017903690,0,1,0
46.017906840,0,0,0
46.034572260,1,0,0
46.041580590,0,0,0
46.041859360,0,0,1
46.041859430,0,1,1
46.041874490,0,0,1
46.041874650,0,0,0
46.058217250,1,0,0
46.065223060,0,0,0
46.065503690,0,1,0
46.065518910,0,0,0
46.065571070,0,0,1
46.065586360,0,0,0
46.082782850,1,0,0
46.089789020,0,0,0
46.090068790,0,0,1
46.090072020,0,1,1
46.090084030,0,1,0
46.090087310,0,0,0
46.107853750,1,0,0
46.114859650,0,0,0
46.115140440,0,1,0
46.115142340,0,1,1
46.115155690,0,0,1
46.115157480,0,0,0
46.133527480,1,0,0
46.140533420,0,0,0
46.140812920,0,1,0
46.140814340,0,1,1
46.140828150,0,0,1
46.140829630,0,0,0
46.159066450,1,0,0
46.166070660,0,0,0
46.166351010,0,1,0
46.166353140,0,1,1
46.166366240,0,0,1
46.166368370,0,0,0
46.184572470,1,0,0
46.191578290,0,0,0
46.191856750,0,0,1
46.191860620,0,1,1
46.191871920,0,1,0
46.191875740,0,0,0
46.209464560,1,0,0
46.216470870,0,0,0
46.216750210,0,0,1
46.216753020,0,1,1
46.216765500,0,1,0
46.216768240,0,0,0
46.235005750,1,0,0
46.242011770,0,0,0
46.242292310,0,1,0
46.242294640,0,1,1
46.242307500,0,0,1
46.242309780,0,0,0
46.260544270,1,0,0
46.267550510,0,0,0
46.267829980,0,1,0
46.267832000,0,1,1
46.267845190,0,0,1
46.267847250,0,0,0
46.284609230,1,0,0
46.291613830,0,0,0
46.291896250,0,0,1
46.291899240,0,1,1
46.291911380,0,1,0
46.291914380,0,0,0
46.310506440,1,0,0
46.317512670,0,0,0
46.317760180,0,1,0
46.317775340,0,0,0
46.317794740,0,0,1
46.317809950,0,0,0
46.336198740,1,0,0
46.343204600,0,0,0
46.343485950,0,1,0
46.343487060,0,1,1
46.343501180,0,0,1
46.343502240,0,0,0
46.359912210,1,0,0
46.366916480,0,0,0
46.367198460,0,1,0
46.367201690,0,1,1
46.367213760,0,0,1
46.367216830,0,0,0
46.385678720,1,0,0
46.392684910,0,0,0
46.392964260,0,0,1
46.392965420,0,1,1
46.392979420,0,1,0
46.392980540,0,0,0
46.409716250,1,0,0
46.416722340,0,0,0
46.417000090,0,1,0
46.417003620,0,1,1
46.417015210,0,0,1
46.417018800,0,0,0
46.435690240,1,0,0
46.442696510,0,0,0
46.442976940,0,0,1
46.442978360,0,1,1
46.442992040,0,1,0
46.442993630,0,0,0
46.461389040,1,0,0
46.468394600,0,0,0
46.468675530,0,0,1
46.468678090,0,1,1
46.468690780,0,1,0
46.468693360,0,0,0
46.487203380,1,0,0
46.494206550,0,0,0
46.494489030,0,0,1
46.494490470,0,1,1
46.494504320,0,1,0
46.494505550,0,0,0
46.512778900,1,0,0
46.519784680,0,0,0
46.520062260,0,1,0
46.520066560,0,1,1
46.520077470,0,0,1
46.520081810,0,0,0
46.538633260,1,0,0
46.545616790,0,0,0
46.545918080,0,1,0
46.545920900,0,1,1
46.545933290,0,0,1
46.545936170,0,0,0
46.564145950,1,0,0
46.571148850,0,0,0
46.571430690,0,1,0
46.571431870,0,1,1
46.571445770,0,0,1
46.571447160,0,0,0
46.589399170,1,0,0
46.596405150,0,0,0
46.596685000,0,1,0
46.596686960,0,1,1
46.596700210,0,0,1
46.596702180,0,0,0
46.615203340,1,0,0
46.622209450,0,0,0
46.622450900,0,1,0
46.622466150,0,0,0
46.622490210,0,0,1
46.622505400,0,0,0
46.640899820,1,0,0
46.647905620,0,0,0
46.648186990,0,1,0
46.648189870,0,1,1
46.648202210,0,0,1
46.648205050,0,0,0
46.665148650,1,0,0
46.672154720,0,0,0
46.672435140,0,1,0
46.672437080,0,1,1
46.672450360,0,0,1
46.672452310,0,0,0
46.690551930,1,0,0
46.697555010,0,0,0
46.697838600,0,1,0
46.697840550,0,1,1
46.697853850,0,0,1
46.697855770,0,0,0
46.716324310,1,0,0
46.723330480,0,0,0
46.723609140,0,0,1
46.723609230,0,1,1
46.723624420,0,1,0
46.723624470,0,0,0
46.742086940,1,0,0
46.749091610,0,0,0
46.749361540,0,0,1
46.749375580,0,1,1
46.749376680,0,1,0
46.749390810,0,0,0
46.767849340,1,0,0
46.774855550,0,0,0
46.775135820,0,0,1
46.775138690,0,1,1
46.775151060,0,1,0
46.775153900,0,0,0
46.792742590,1,0,0
46.799748800,0,0,0
46.800029360,0,0,1
46.800031320,0,1,1
46.800044610,0,1,0
46.800046460,0,0,0
46.817843150,1,0,0
46.824849220,0,0,0
46.825127930,0,0,1
46.825130700,0,1,1
46.825142990,0,1,0
46.825145880,0,0,0
46.842825050,1,0,0
46.849831140,0,0,0
46.850112060,0,0,1
46.850114010,0,1,1
46.850127290,0,1,0
46.850129260,0,0,0
46.867779950,1,0,0
46.874785600,0,0,0
46.875064670,0,0,1
46.875065010,0,1,1
46.875079980,0,1,0
46.875080140,0,0,0
46.893595600,1,0,0
46.900601770,0,0,0
46.900884280,0,0,1
46.900885750,0,1,1
46.900899530,0,1,0
46.900900950,0,0,0
46.918854560,1,0,0
46.925860480,0,0,0
46.926141080,0,0,1
46.926141750,0,1,1
46.926156370,0,1,0
46.926157000,0,0,0
46.944583570,1,0,0
46.951587780,0,0,0
46.951870130,0,0,1
46.951871790,0,1,1
46.951885250,0,1,0
46.951886810,0,0,0
46.970419370,1,0,0
46.977423830,0,0,0
46.977703280,0,0,1
46.977706170,0,1,1
46.977718510,0,1,0
46.977721460,0,0,0
46.996483390,1,0,0
47.003489440,0,0,0
47.003769360,0,1,0
47.003773000,0,1,1
47.003784590,0,0,1
47.003788200,0,0,0
47.021828690,1,0,0
47.028835260,0,0,0
47.029113940,0,0,1
47.029117760,0,1,1
47.029129070,0,1,0
47.029133030,0,0,0
47.047563950,1,0,0
47.054569780,0,0,0
47.054849910,0,0,1
47.054851300,0,1,1
47.054865030,0,1,0
47.054866410,0,0,0
47.073429180,1,0,0
47.080435140,0,0,0
47.080718240,0,1,0
47.080718370,0,1,1
47.080733470,0,0,1
47.080733600,0,0,0
47.097550930,1,0,0
47.104557050,0,0,0
47.104835420,0,0,1
47.104837140,0,1,1
47.104850670,0,1,0
47.104852250,0,0,0
47.121200400,1,0,0
47.128203610,0,0,0
47.128486380,0,1,0
47.128489920,0,1,1
47.128501630,0,0,1
47.128505170,0,0,0
47.146444940,1,0,0
47.153451170,0,0,0
47.153732200,0,0,1
47.153734760,0,1,1
47.153747450,0,1,0
47.153749960,0,0,0
47.170575000,1,0,0
47.177580980,0,0,0
47.177861980,0,0,1
47.177862240,0,1,1
47.177877180,0,1,0
47.177877420,0,0,0
47.194260970,1,0,0
47.201267120,0,0,0
47.201546810,0,1,0
47.201550500,0,1,1
47.201561910,0,0,1
47.201565650,0,0,0
47.220085230,1,0,0
47.227091290,0,0,0
47.227373820,0,0,1
47.227375020,0,1,1
47.227389050,0,1,0
47.227390200,0,0,0
47.243865990,1,0,0
47.250871870,0,0,0
47.251150990,0,0,1
47.251152580,0,1,1
47.251166180,0,1,0
47.251167600,0,0,0
47.267929150,1,0,0
47.274935220,0,0,0
47.275214600,0,0,1
47.275216710,0,1,1
47.275229790,0,1,0
47.275231940,0,0,0
47.293589140,1,0,0
47.300593890,0,0,0
47.300875230,0,1,0
47.300878340,0,1,1
47.300890420,0,0,1
47.300893520,0,0,0
47.319285520,1,0,0
47.326291190,0,0,0
47.326572530,0,0,1
47.326573740,0,1,1
47.326587760,0,1,0
47.326588940,0,0,0
47.344446000,1,0,0
47.351451790,0,0,0
47.351730990,0,1,0
47.351735950,0,1,1
47.351746240,0,0,1
47.351751120,0,0,0
47.370101570,1,0,0
47.377107490,0,0,0
47.377389650,0,0,1
47.377390530,0,1,1
47.377404830,0,1,0
47.377405800,0,0,0
47.396125410,1,0,0
47.403131600,0,0,0
47.403411910,0,0,1
47.403413750,0,1,1
47.403427110,0,1,0
47.403428870,0,0,0
47.421698680,1,0,0
47.428702850,0,0,0
47.428985000,0,0,1
47.428986250,0,1,1
47.429000180,0,1,0
47.429001450,0,0,0
47.446429260,1,0,0
47.453435370,0,0,0
47.453714830,0,0,1
47.453715540,0,1,1
47.453729940,0,1,0
47.453730830,0,0,0
47.471582450,1,0,0
47.478588790,0,0,0
47.478866480,0,1,0
47.478867990,0,1,1
47.478881650,0,0,1
47.478883320,0,0,0
47.495336570,1,0,0
47.502342600,0,0,0
47.502622220,0,0,1
47.502622320,0,1,1
47.502637320,0,1,0
47.502637460,0,0,0
47.520609820,1,0,0
47.527615580,0,0,0
47.527894410,0,1,0
47.527899870,0,1,1
47.527909650,0,0,1
47.527915120,0,0,0
47.546441640,1,0,0
47.553449980,0,0,0
47.553727540,0,0,1
47.553728430,0,1,1
47.553742710,0,1,0
47.553743640,0,0,0
47.571872900,1,0,0
47.578879460,0,0,0
47.579162110,0,0,1
47.579177220,0,0,0
47.579228450,0,1,0
47.579243720,0,0,0
47.597640650,1,0,0
47.604646610,0,0,0
47.604926160,0,1,0
47.604930270,0,1,1
47.604941270,0,0,1
47.604945470,0,0,0
47.621441230,1,0,0
47.628445770,0,0,0
47.628727920,0,0,1
47.628728060,0,1,1
47.628743100,0,1,0
47.628743330,0,0,0
47.646250480,1,0,0
47.653320110,0,0,0
47.653595340,0,1,0
47.653602280,0,1,1
47.653610540,0,0,1
47.653617460,0,0,0
47.672003550,1,0,0
47.679009610,0,0,0
47.679288490,0,1,0
47.679290780,0,1,1
47.679303590,0,0,1
47.679305800,0,0,0
47.697538570,1,0,0
47.704544700,0,0,0
47.704824340,0,1,0
47.704824460,0,1,1
47.704839490,0,0,1
47.704839680,0,0,0
47.722462360,1,0,0
47.729468490,0,0,0
47.729747120,0,1,0
47.729751880,0,1,1
47.729762370,0,0,1
47.729766980,0,0,0
47.748200390,1,0,0
47.755206960,0,0,0
47.755485310,0,1,0
47.755488820,0,1,1
47.755500470,0,0,1
47.755503920,0,0,0
47.773129640,1,0,0
47.780135460,0,0,0
47.780418810,0,0,1
47.780419660,0,1,1
47.780434010,0,1,0
47.780434870,0,0,0
47.798918580,1,0,0
47.805921550,0,0,0
47.806208060,0,1,0
47.806210520,0,1,1
47.806223310,0,0,1
47.806225670,0,0,0
47.824422610,1,0,0
47.831426970,0,0,0
47.831709110,0,1,0
47.831711340,0,1,1
47.831724290,0,0,1
47.831726610,0,0,0
47.850182720,1,0,0
47.857188680,0,0,0
47.857469060,0,0,1
47.857470110,0,1,1
47.857484320,0,1,0
47.857485210,0,0,0
47.875622870,1,0,0
47.882625830,0,0,0
47.882907030,0,1,0
47.882908230,0,1,1
47.882922210,0,0,1
47.882923460,0,0,0
47.901536040,1,0,0
47.908539230,0,0,0
47.908820780,0,1,0
47.908821880,0,1,1
47.908835970,0,0,1
47.908837150,0,0,0
47.926201900,1,0,0
47.933210400,0,0,0
47.933487530,0,1,0
47.933490430,0,1,1
47.933502740,0,0,1
47.933505610,0,0,0
47.952064960,1,0,0
47.959070760,0,0,0
47.959352220,0,1,0
47.959353640,0,1,1
47.959367330,0,0,1
47.959368850,0,0,0
47.977732550,1,0,0
47.984737220,0,0,0
47.985021940,0,1,0
47.985022230,0,1,1
47.985037020,0,0,1
47.985037520,0,0,0
48.001535800,1,0,0
48.008541940,0,0,0
48.008824150,0,1,0
48.008824670,0,1,1
48.008839460,0,0,1
48.008839840,0,0,0
48.026917670,1,0,0
48.033922140,0,0,0
48.034203860,0,1,0
48.034203970,0,1,1
48.034219150,0,0,1
48.034219180,0,0,0
48.052666870,1,0,0
48.059673060,0,0,0
48.059956250,0,0,1
48.059956320,0,1,1
48.059971430,0,1,0
48.059971440,0,0,0
48.076599610,1,0,0
48.083605590,0,0,0
48.083885570,0,1,0
48.083885920,0,1,1
48.083900900,0,0,1
48.083901020,0,0,0
48.101821090,1,0,0
48.108827030,0,0,0
48.109108490,0,0,1
48.109109030,0,1,1
48.109123690,0,1,0
48.109124180,0,0,0
48.125921250,1,0,0
48.132927420,0,0,0
48.133207350,0,1,0
48.133207740,0,1,1
48.133222540,0,0,1
48.133222950,0,0,0
48.151771410,1,0,0
48.158775890,0,0,0
48.159060940,0,1,0
48.159061040,0,1,1
48.159076140,0,0,1
48.159076270,0,0,0
48.177243160,1,0,0
48.184249410,0,0,0
48.184528740,0,0,1
48.184529230,0,1,1
48.184543900,0,1,0
48.184544440,0,0,0
48.203098120,1,0,0
48.210102110,0,0,0
48.210387520,0,1,0
48.210388140,0,1,1
48.210402670,0,0,1
48.210403280,0,0,0
48.228568790,1,0,0
48.235575090,0,0,0
48.235855070,0,1,0
48.235856440,0,1,1
48.235870270,0,0,1
48.235871620,0,0,0
48.254424450,1,0,0
48.261430410,0,0,0
48.261714380,0,1,0
48.261714940,0,1,1
48.261729750,0,0,1
48.261730230,0,0,0
48.278440860,1,0,0
48.285446800,0,0,0
48.285727680,0,0,1
48.285727760,0,1,1
48.285742820,0,1,0
48.285742880,0,0,0
48.304188170,1,0,0
48.311194180,0,0,0
48.311476720,0,0,1
48.311491850,0,0,0
48.311540260,0,1,0
48.311555550,0,0,0
48.329896950,1,0,0
48.336902850,0,0,0
48.337184040,0,0,1
48.337184540,0,1,1
48.337199250,0,1,0
48.337199640,0,0,0
48.355738170,1,0,0
48.362744150,0,0,0
48.363021680,0,1,0
48.363022860,0,1,1
48.363036890,0,0,1
48.363038070,0,0,0
48.380602230,1,0,0
48.387608710,0,0,0
48.387889890,0,0,1
48.387891350,0,1,1
48.387905140,0,1,0
48.387906560,0,0,0
48.405407230,1,0,0
48.412412040,0,0,0
48.412692230,0,1,0
48.412695580,0,1,1
48.412707420,0,0,1
48.412710810,0,0,0
48.431131540,1,0,0
48.438137260,0,0,0
48.438418170,0,1,0
48.438418360,0,1,1
48.438433420,0,0,1
48.438433520,0,0,0
48.456765450,1,0,0
48.463833240,0,0,0
48.464050630,0,1,0
48.464051590,0,1,1
48.464065750,0,0,1
48.464066820,0,0,0
48.481246340,1,0,0
48.488252610,0,0,0
48.488533560,0,0,1
48.488535160,0,1,1
48.488548760,0,1,0
48.488550340,0,0,0
48.507134090,1,0,0
48.514140060,0,0,0
48.514419480,0,0,1
48.514422330,0,1,1
48.514434690,0,1,0
48.514437470,0,0,0
48.532847410,1,0,0
48.539853190,0,0,0
48.540132740,0,0,1
48.540136990,0,1,1
48.540147980,0,1,0
48.540152080,0,0,0
48.558565020,1,0,0
48.565571090,0,0,0
48.565849310,0,1,0
48.565851370,0,1,1
48.565864500,0,0,1
48.565866550,0,0,0
48.584294630,1,0,0
48.591300570,0,0,0
48.591583500,0,1,0
48.591583890,0,1,1
48.591598750,0,0,1
48.591599120,0,0,0
48.609675130,1,0,0
48.616681050,0,0,0
48.616961940,0,1,0
48.616963190,0,1,1
48.616977060,0,0,1
48.616978420,0,0,0
48.635218060,1,0,0
48.642224330,0,0,0
48.642505460,0,1,0
48.642506640,0,1,1
48.642520710,0,0,1
48.642521780,0,0,0
48.658797280,1,0,0
48.665803320,0,0,0
48.666083510,0,1,0
48.666084310,0,1,1
48.666098710,0,0,1
48.666099450,0,0,0
48.684109170,1,0,0
48.691115070,0,0,0
48.691396300,0,1,0
48.691398560,0,1,1
48.691411530,0,0,1
48.691413810,0,0,0
48.707661480,1,0,0
48.714667500,0,0,0
48.714928110,0,0,1
48.714943440,0,0,0
48.714949740,0,1,0
48.714964950,0,0,0
48.733582570,1,0,0
48.740587470,0,0,0
48.740868850,0,1,0
48.740869700,0,1,1
48.740883910,0,0,1
48.740884840,0,0,0
48.757550620,1,0,0
48.764556610,0,0,0
48.764835940,0,1,0
48.764838700,0,1,1
48.764851040,0,0,1
48.764853970,0,0,0
48.783404880,1,0,0
48.790410950,0,0,0
48.790690750,0,1,0
48.790691150,0,1,1
48.790705980,0,0,1
48.790706370,0,0,0
48.807430230,1,0,0
48.814438770,0,0,0
48.814715690,0,0,1
48.814716750,0,1,1
48.814730980,0,1,0
48.814731960,0,0,0
48.833198780,1,0,0
48.840204860,0,0,0
48.840486570,0,0,1
48.840487590,0,1,1
48.840501860,0,1,0
48.840502820,0,0,0
48.859019180,1,0,0
48.866025220,0,0,0
48.866305900,0,1,0
48.866306160,0,1,1
48.866321050,0,0,1
48.866321260,0,0,0
48.884599930,1,0,0
48.891605670,0,0,0
48.891885290,0,0,1
48.891889300,0,1,1
48.891900390,0,1,0
48.891904550,0,0,0
48.909225140,1,0,0
48.916230000,0,0,0
48.916511890,0,1,0
48.916514340,0,1,1
48.916527090,0,0,1
48.916529520,0,0,0
48.934795810,1,0,0
48.941802150,0,0,0
48.942078570,0,0,1
48.942078680,0,1,1
48.942093760,0,1,0
48.942093950,0,0,0
48.958794990,1,0,0
48.965803470,0,0,0
48.966081330,0,0,1
48.966083580,0,1,1
48.966096580,0,1,0
48.966098830,0,0,0
48.984072410,1,0,0
48.991078330,0,0,0
48.991356940,0,1,0
48.991359880,0,1,1
48.991372120,0,0,1
48.991375040,0,0,0
49.009350430,1,0,0
49.016356560,0,0,0
49.016635740,0,0,1
49.016636400,0,1,1
49.016650840,0,1,0
49.016651690,0,0,0
49.035151060,1,0,0
49.042155670,0,0,0
49.042436780,0,0,1
49.042438340,0,1,1
49.042451950,0,1,0
49.042453480,0,0,0
49.060354070,1,0,0
49.067359940,0,0,0
49.067640230,0,0,1
49.067642200,0,1,1
49.067655330,0,1,0
49.067657420,0,0,0
49.084943270,1,0,0
49.091948190,0,0,0
49.092227230,0,0,1
49.092229070,0,1,1
49.092242480,0,1,0
49.092244400,0,0,0
49.109914130,1,0,0
49.116920400,0,0,0
49.117198890,0,1,0
49.117202320,0,1,1
49.117214140,0,0,1
49.117217510,0,0,0
49.133948060,1,0,0
49.140954310,0,0,0
49.141233410,0,1,0
49.141235450,0,1,1
49.141248580,0,0,1
49.141250590,0,0,0
49.158983270,1,0,0
49.165991460,0,0,0
49.166266520,0,0,1
49.166270850,0,1,1
49.166281700,0,1,0
49.166286000,0,0,0
49.184783790,1,0,0
49.191789840,0,0,0
49.192070080,0,1,0
49.192072520,0,1,1
49.192085370,0,0,1
49.192087690,0,0,0
49.209013230,1,0,0
49.216018920,0,0,0
49.216299990,0,0,1
49.216302400,0,1,1
49.216315130,0,1,0
49.216317610,0,0,0
49.233969020,1,0,0
49.240972000,0,0,0
49.241256880,0,1,0
49.241258120,0,1,1
49.241272090,0,0,1
49.241273260,0,0,0
49.258824120,1,0,0
49.265832650,0,0,0
49.266108740,0,1,0
49.266112940,0,1,1
49.266123970,0,0,1
49.266128180,0,0,0
49.283304240,1,0,0
49.290308140,0,0,0
49.290591090,0,0,1
49.290593700,0,1,1
49.290606290,0,1,0
49.290608910,0,0,0
49.308947190,1,0,0
49.315953380,0,0,0
49.316234590,0,0,1
49.316237020,0,1,1
49.316249840,0,1,0
49.316252240,0,0,0
49.333973600,1,0,0
49.340976820,0,0,0
49.341259620,0,1,0
49.341263200,0,1,1
49.341274660,0,0,1
49.341278390,0,0,0
49.359790440,1,0,0
49.366796450,0,0,0
49.367076330,0,1,0
49.367076440,0,1,1
49.367091460,0,0,1
49.367091680,0,0,0
49.384911780,1,0,0
49.391917990,0,0,0
49.392197360,0,1,0
49.392199110,0,1,1
49.392212640,0,0,1
49.392214400,0,0,0
49.410579450,1,0,0
49.417583490,0,0,0
49.417864800,0,1,0
49.417868550,0,1,1
49.417880020,0,0,1
49.417883650,0,0,0
49.434890340,1,0,0
49.441841510,0,0,0
49.442176870,0,0,1
49.442178320,0,1,1
49.442192100,0,1,0
49.442193630,0,0,0
49.459866180,1,0,0
49.466872180,0,0,0
49.467151470,0,1,0
49.467155390,0,1,1
49.467166650,0,0,1
49.467170600,0,0,0
49.483400710,1,0,0
49.490407000,0,0,0
49.490687900,0,0,1
49.490689680,0,1,1
49.490703040,0,1,0
49.490704890,0,0,0
49.509127550,1,0,0
49.516133740,0,0,0
49.516413370,0,1,0
49.516417300,0,1,1
49.516428640,0,0,1
49.516432550,0,0,0
49.534920110,1,0,0
49.541928780,0,0,0
49.542204620,0,0,1
49.542206600,0,1,1
49.542219820,0,1,0
49.542221890,0,0,0
49.560176240,1,0,0
49.567182370,0,0,0
49.567463940,0,0,1
49.567465980,0,1,1
49.567479080,0,1,0
49.567481180,0,0,0
49.583969510,1,0,0
49.590975700,0,0,0
49.591252070,0,1,0
49.591257500,0,1,1
49.591267310,0,0,1
49.591272710,0,0,0
49.609810300,1,0,0
49.616816080,0,0,0
49.617095950,0,0,1
49.617097030,0,1,1
49.617111150,0,1,0
49.617112090,0,0,0
49.634854430,1,0,0
49.641860680,0,0,0
49.642140260,0,1,0
49.642142910,0,1,1
49.642155400,0,0,1
49.642158200,0,0,0
49.659798180,1,0,0
49.666804040,0,0,0
49.667082090,0,1,0
49.667087890,0,1,1
49.667097260,0,0,1
49.667103080,0,0,0
49.684954350,1,0,0
49.691958930,0,0,0
49.692186590,0,0,1
49.692201810,0,0,0
49.692242260,0,1,0
49.692257430,0,0,0
49.709403640,1,0,0
49.716409490,0,0,0
49.716688760,0,0,1
49.716690620,0,1,1
49.716704010,0,1,0
49.716705820,0,0,0
49.734030200,1,0,0
49.741097680,0,0,0
49.741317390,0,0,1
49.741319750,0,1,1
49.741332570,0,1,0
49.741335040,0,0,0
49.759405930,1,0,0
49.766409140,0,0,0
49.766692370,0,1,0
49.766696750,0,1,1
49.766707450,0,0,1
49.766711930,0,0,0
49.785300480,1,0,0
49.792306750,0,0,0
49.792585650,0,1,0
49.792589210,0,1,1
49.792600900,0,0,1
49.792604500,0,0,0
49.810261980,1,0,0
49.817267850,0,0,0
49.817546090,0,0,1
49.817548940,0,1,1
49.817561300,0,1,0
49.817563980,0,0,0
49.834849310,1,0,0
49.841855160,0,0,0
49.842136910,0,0,1
49.842138380,0,1,1
49.842152090,0,1,0
49.842153670,0,0,0
49.859932580,1,0,0
49.866937060,0,0,0
49.867219330,0,0,1
49.867221800,0,1,1
49.867234520,0,1,0
49.867237030,0,0,0
49.884887790,1,0,0
49.891894000,0,0,0
49.892173000,0,0,1
49.892174300,0,1,1
49.892188230,0,1,0
49.892189490,0,0,0
49.910426020,1,0,0
49.917484980,0,0,0
49.917712220,0,0,1
49.917712830,0,1,1
49.917727340,0,1,0
49.917728010,0,0,0
49.935541250,1,0,0
49.942547360,0,0,0
49.942826200,0,1,0
49.942830780,0,1,1
49.942841390,0,0,1
49.942845990,0,0,0
49.959899160,1,0,0
49.966905060,0,0,0
49.967182920,0,1,0
49.967189160,0,1,1
49.967198120,0,0,1
49.967204390,0,0,0
49.984315560,1,0,0
49.991321660,0,0,0
49.991602770,0,0,1
49.991603020,0,1,1
49.991617920,0,1,0
49.991618160,0,0,0
50.010140290,1,0,0
50.017146250,0,0,0
50.017426030,0,0,1
50.017427110,0,1,1
50.017441320,0,1,0
50.017442340,0,0,0
50.035925880,1,0,0
50.042928920,0,0,0
50.043213310,0,0,1
50.043214780,0,1,1
50.043228530,0,1,0
50.043230020,0,0,0
50.061013880,1,0,0
50.068019760,0,0,0
50.068303100,0,0,1
50.068303400,0,1,1
50.068318310,0,1,0
50.068318630,0,0,0
50.085190290,1,0,0
50.092196420,0,0,0
50.092475000,0,0,1
50.092477550,0,1,1
50.092490120,0,1,0
50.092492630,0,0,0
50.108957800,1,0,0
50.115962540,0,0,0
50.116244900,0,0,1
50.116245910,0,1,1
50.116260110,0,1,0
50.116261090,0,0,0
50.134048580,1,0,0
50.141054520,0,0,0
50.141333310,0,1,0
50.141337410,0,1,1
50.141348450,0,0,1
50.141352590,0,0,0
50.158843350,1,0,0
50.165849180,0,0,0
50.166131710,0,1,0
50.166131850,0,1,1
50.166146980,0,0,1
50.166147100,0,0,0
50.183968890,1,0,0
50.190975330,0,0,0
50.191254170,0,0,1
50.191255850,0,1,1
50.191269520,0,1,0
50.191271040,0,0,0
50.209603140,1,0,0
50.216608520,0,0,0
50.216887110,0,1,0
50.216888510,0,1,1
50.216902250,0,0,1
50.216903690,0,0,0
50.234146620,1,0,0
50.241152310,0,0,0
50.241431070,0,0,1
50.241433130,0,1,1
50.241446320,0,1,0
50.241448290,0,0,0
50.260067710,1,0,0
50.267073570,0,0,0
50.267353040,0,0,1
50.267356220,0,1,1
50.267368220,0,1,0
50.267371460,0,0,0
50.285059190,1,0,0
50.292065110,0,0,0
50.292344840,0,1,0
50.292349000,0,1,1
50.292360010,0,0,1
50.292364230,0,0,0
50.310562360,1,0,0
50.317568380,0,0,0
50.317847120,0,1,0
50.317852440,0,1,1
50.317862340,0,0,1
50.317867710,0,0,0
50.334107660,1,0,0
50.341113580,0,0,0
50.341395200,0,1,0
50.341395780,0,1,1
50.341410430,0,0,1
50.341410990,0,0,0
50.358975080,1,0,0
50.365981080,0,0,0
50.366264160,0,0,1
50.366264910,0,1,1
50.366279300,0,1,0
50.366280180,0,0,0
50.384793980,1,0,0
50.391799770,0,0,0
50.392082600,0,0,1
50.392083290,0,1,1
50.392097770,0,1,0
50.392098460,0,0,0
50.410551960,1,0,0
50.417557820,0,0,0
50.417840330,0,1,0
50.417841050,0,1,1
50.417855420,0,0,1
50.417856210,0,0,0
50.435005540,1,0,0
50.442011820,0,0,0
50.442292340,0,1,0
50.442294610,0,1,1
50.442307500,0,0,1
50.442309820,0,0,0
50.459006580,1,0,0
50.466012660,0,0,0
50.466291950,0,0,1
50.466293300,0,1,1
50.466307100,0,1,0
50.466308440,0,0,0
50.484823270,1,0,0
50.491829710,0,0,0
50.492110620,0,0,1
50.492111630,0,1,1
50.492125810,0,1,0
50.492126800,0,0,0
50.510740260,1,0,0
50.517746150,0,0,0
50.518029260,0,1,0
50.518029860,0,1,1
50.518044450,0,0,1
50.518045130,0,0,0
50.535914400,1,0,0
50.542920220,0,0,0
50.543203390,0,0,1
50.543203450,0,1,1
50.543218530,0,1,0
50.543218590,0,0,0
50.560432650,1,0,0
50.567435800,0,0,0
50.567721060,0,1,0
50.567721740,0,1,1
50.567736300,0,0,1
50.567736950,0,0,0
50.584966360,1,0,0
50.591972550,0,0,0
50.592254120,0,0,1
50.592254520,0,1,1
50.592269370,0,1,0
50.592269620,0,0,0
50.609008740,1,0,0
50.616017480,0,0,0
50.616275880,0,0,1
50.616291130,0,0,0
50.616298630,0,1,0
50.616313710,0,0,0
50.633636410,1,0,0
50.640639370,0,0,0
50.640921230,0,1,0
50.640921320,0,1,1
50.640936420,0,0,1
50.640936460,0,0,0
50.658024660,1,0,0
50.665030490,0,0,0
50.665309530,0,1,0
50.665310680,0,1,1
50.665324730,0,0,1
50.665325880,0,0,0
50.681838610,1,0,0
50.688846750,0,0,0
50.689123260,0,1,0
50.689128100,0,1,1
50.689138550,0,0,1
50.689143300,0,0,0
50.707553630,1,0,0
50.714558090,0,0,0
50.714840040,0,0,1
50.714841450,0,1,1
50.714855270,0,1,0
50.714856650,0,0,0
50.733325930,1,0,0
50.740333600,0,0,0
50.740613360,0,0,1
50.740615870,0,1,1
50.740628460,0,1,0
50.740631200,0,0,0
50.759004810,1,0,0
50.766010690,0,0,0
50.766294280,0,1,0
50.766294340,0,1,1
50.766309490,0,0,1
50.766309630,0,0,0
50.784571440,1,0,0
50.791577360,0,0,0
50.791835660,0,1,0
50.791850810,0,0,0
50.791857680,0,0,1
50.791872890,0,0,0
50.810291300,1,0,0
50.817297320,0,0,0
50.817580330,0,0,1
50.817581060,0,1,1
50.817595440,0,1,0
50.817596080,0,0,0
50.833968600,1,0,0
50.840973210,0,0,0
50.841254560,0,1,0
50.841254750,0,1,1
50.841269830,0,0,1
50.841270090,0,0,0
50.859866810,1,0,0
50.866874960,0,0,0
50.867152000,0,1,0
50.867167170,0,0,0
50.867218490,0,0,1
50.867233720,0,0,0
50.885044170,1,0,0
50.892048840,0,0,0
50.892331250,0,1,0
50.892331640,0,1,1
50.892346420,0,0,1
50.892346850,0,0,0
50.910005150,1,0,0
50.917011150,0,0,0
50.917294040,0,0,1
50.917294650,0,1,1
50.917309210,0,1,0
50.917309770,0,0,0
50.934890940,1,0,0
50.941896900,0,0,0
50.942177630,0,0,1
50.942178150,0,1,1
50.942192840,0,1,0
50.942193340,0,0,0
50.959656480,1,0,0
50.966662530,0,0,0
50.966940950,0,0,1
50.966944070,0,1,1
50.966956130,0,1,0
50.966959170,0,0,0
50.985328710,1,0,0
50.992334570,0,0,0
50.992614970,0,1,0
50.992615350,0,1,1
50.992630130,0,0,1
50.992630620,0,0,0
51.009363120,1,0,0
51.016366250,0,0,0
51.016648220,0,1,0
51.016652940,0,1,1
51.016663490,0,0,1
51.016733480,0,0,0
51.034795340,1,0,0
51.041800050,0,0,0
51.042080790,0,1,0
51.042081400,0,1,1
51.042096020,0,0,1
51.042096560,0,0,0
51.058348350,1,0,0
51.065352910,0,0,0
51.065632620,0,1,0
51.065634360,0,1,1
51.065647850,0,0,1
51.065649610,0,0,0
51.084075960,1,0,0
51.091081440,0,0,0
51.091363440,0,1,0
51.091364070,0,1,1
51.091378710,0,0,1
51.091379220,0,0,0
51.109867340,1,0,0
51.116873300,0,0,0
51.117152460,0,0,1
51.117156150,0,1,1
51.117167640,0,1,0
51.117171330,0,0,0
51.134983750,1,0,0
51.141989700,0,0,0
51.142269360,0,1,0
51.142271040,0,1,1
51.142284520,0,0,1
51.142286250,0,0,0
51.159879020,1,0,0
51.166884760,0,0,0
51.167161880,0,0,1
51.167168400,0,1,1
51.167177030,0,1,0
51.167183690,0,0,0
51.185537050,1,0,0
51.192543140,0,0,0
51.192808030,0,1,0
51.192822890,0,1,1
51.192823130,0,0,1
51.192838140,0,0,0
51.211011430,1,0,0
51.218015740,0,0,0
51.218299530,0,1,0
51.218301270,0,1,1
51.218314800,0,0,1
51.218316470,0,0,0
51.236682540,1,0,0
51.243688600,0,0,0
51.243968810,0,0,1
51.243968890,0,1,1
51.243983980,0,1,0
51.243984140,0,0,0
51.262407520,1,0,0
51.269413230,0,0,0
51.269693340,0,0,1
51.269697260,0,1,1
51.269708570,0,1,0
51.269712350,0,0,0
51.288171010,1,0,0
51.295179070,0,0,0
51.295459220,0,1,0
51.295461580,0,1,1
51.295474490,0,0,1
51.295476720,0,0,0
51.313983120,1,0,0
51.320989390,0,0,0
51.321263140,0,0,1
51.321268230,0,1,1
51.321278430,0,1,0
51.321283470,0,0,0
51.339206510,1,0,0
51.346209560,0,0,0
51.346492520,0,1,0
51.346492730,0,1,1
51.346507660,0,0,1
51.346507920,0,0,0
51.364587370,1,0,0
51.371593420,0,0,0
51.371875870,0,1,0
51.371877070,0,1,1
51.371891160,0,0,1
51.371892260,0,0,0
51.388617660,1,0,0
51.395623350,0,0,0
51.395849540,0,1,0
51.395864750,0,0,0
51.395971140,0,0,1
51.395986280,0,0,0
51.412632090,1,0,0
51.419638360,0,0,0
51.419915230,0,1,0
51.419916220,0,1,1
51.419930570,0,0,1
51.419931450,0,0,0
51.438436430,1,0,0
51.445442260,0,0,0
51.445722400,0,0,1
51.445726010,0,1,1
51.445737600,0,1,0
51.445741130,0,0,0
51.464206180,1,0,0
51.471209230,0,0,0
51.471494400,0,1,0
51.471495690,0,1,1
51.471509510,0,0,1
51.471511000,0,0,0
51.489958580,1,0,0
51.496967130,0,0,0
51.497246720,0,1,0
51.497249220,0,1,1
51.497264360,0,1,0
51.497326970,0,0,0
51.515463190,1,0,0
51.522467510,0,0,0
51.522750350,0,1,0
51.522752700,0,1,1
51.522765570,0,0,1
51.522767890,0,0,0
51.541158320,1,0,0
51.548163010,0,0,0
51.548442050,0,1,0
51.548445060,0,1,1
51.548457340,0,0,1
51.548460290,0,0,0
51.567404990,1,0,0
51.574411020,0,0,0
51.574692970,0,1,0
51.574694530,0,1,1
51.574708180,0,0,1
51.574709670,0,0,0
51.593197690,1,0,0
51.600206020,0,0,0
51.600483060,0,0,1
51.600486410,0,1,1
51.600498260,0,1,0
51.600501620,0,0,0
51.618993980,1,0,0
51.625998700,0,0,0
51.626278790,0,1,0
51.626281440,0,1,1
51.626294020,0,0,1
51.626296680,0,0,0
51.644700930,1,0,0
51.651705160,0,0,0
51.651987190,0,0,1
51.651988100,0,1,1
51.652002360,0,1,0
51.652003290,0,0,0
51.669133880,1,0,0
51.676139700,0,0,0
51.676419210,0,1,0
51.676422380,0,1,1
51.676434330,0,0,1
51.676437630,0,0,0
51.692826620,1,0,0
51.699832770,0,0,0
51.700114190,0,1,0
51.700115740,0,1,1
51.700129340,0,0,1
51.700130930,0,0,0
51.718256850,1,0,0
51.725262670,0,0,0
51.725543400,0,1,0
51.725544330,0,1,1
51.725558650,0,0,1
51.725559470,0,0,0
51.743992800,1,0,0
51.751000970,0,0,0
51.751278630,0,0,1
51.751280880,0,1,1
51.751293870,0,1,0
51.751296170,0,0,0
51.768149210,1,0,0
51.775153730,0,0,0
51.775434950,0,1,0
51.775435670,0,1,1
51.775449990,0,0,1
51.775450880,0,0,0
51.791948890,1,0,0
51.798955160,0,0,0
51.799235610,0,0,1
51.799238740,0,1,1
51.799250760,0,1,0
51.799253950,0,0,0
51.815629630,1,0,0
51.822635800,0,0,0
51.822917080,0,1,0
51.822918160,0,1,1
51.822932220,0,0,1
51.822933320,0,0,0
51.839181490,1,0,0
51.846185020,0,0,0
51.846464910,0,0,1
51.846470270,0,1,1
51.846480030,0,1,0
51.846485430,0,0,0
51.863036050,1,0,0
51.870041860,0,0,0
51.870322900,0,1,0
51.870325210,0,1,1
51.870338080,0,0,1
51.870340290,0,0,0
51.888819850,1,0,0
51.895825720,0,0,0
51.896107290,0,1,0
51.896109170,0,1,1
51.896122500,0,0,1
51.896124270,0,0,0
51.914584180,1,0,0
51.921590580,0,0,0
51.921869690,0,1,0
51.921871900,0,1,1
51.921884900,0,0,1
51.921887070,0,0,0
51.940240520,1,0,0
51.947246420,0,0,0
51.947526120,0,0,1
51.947528090,0,1,1
51.947541340,0,1,0
51.947543360,0,0,0
51.966035630,1,0,0
51.973044050,0,0,0
51.973322150,0,1,0
51.973323830,0,1,1
51.973337360,0,0,1
51.973339080,0,0,0
51.991922490,1,0,0
51.998925640,0,0,0
51.999207920,0,0,1
51.999208420,0,1,1
51.999223080,0,1,0
51.999223480,0,0,0
52.017677830,1,0,0
52.024683710,0,0,0
52.024963320,0,1,0
52.024965660,0,1,1
52.024978490,0,0,1
52.024980900,0,0,0
52.042015080,1,0,0
52.049019470,0,0,0
52.049301850,0,1,0
52.049304830,0,1,1
52.049317050,0,0,1
52.049319990,0,0,0
52.067723290,1,0,0
52.074729500,0,0,0
52.075009910,0,1,0
52.075012600,0,1,1
52.075025090,0,0,1
52.075027770,0,0,0
52.093461460,1,0,0
52.100465800,0,0,0
52.100746690,0,0,1
52.100749430,0,1,1
52.100762000,0,1,0
52.100764580,0,0,0
52.117426310,1,0,0
52.124432080,0,0,0
52.124712750,0,1,0
52.124715260,0,1,1
52.124727930,0,0,1
52.124730420,0,0,0
52.143092900,1,0,0
52.150098460,0,0,0
52.150381250,0,1,0
52.150383800,0,1,1
52.150396460,0,0,1
52.150399110,0,0,0
52.168278290,1,0,0
52.175284270,0,0,0
52.175564600,0,1,0
52.175567200,0,1,1
52.175579710,0,0,1
52.175582350,0,0,0
52.192693140,1,0,0
52.199701420,0,0,0
52.199979750,0,0,1
52.199982020,0,1,1
52.199995040,0,1,0
52.199997270,0,0,0
52.218447270,1,0,0
52.225451610,0,0,0
52.225732800,0,0,1
52.225736320,0,1,1
52.225748020,0,1,0
52.225751570,0,0,0
52.242447810,1,0,0
52.249453660,0,0,0
52.249734760,0,1,0
52.249737360,0,1,1
52.249749900,0,0,1
52.249752460,0,0,0
52.266290530,1,0,0
52.273296010,0,0,0
52.273575890,0,0,1
52.273576970,0,1,1
52.273590970,0,1,0
52.273592180,0,0,0
52.292141490,1,0,0
52.299147270,0,0,0
52.299426770,0,0,1
52.299429070,0,1,1
52.299442010,0,1,0
52.299444320,0,0,0
52.317846710,1,0,0
52.324853000,0,0,0
52.325132860,0,0,1
52.325134850,0,1,1
52.325148100,0,1,0
52.325150070,0,0,0
52.343613960,1,0,0
52.350620190,0,0,0
52.350898760,0,0,1
52.350900640,0,1,1
52.350913920,0,1,0
52.350915800,0,0,0
52.369234170,1,0,0
52.376240400,0,0,0
52.376521870,0,1,0
52.376522120,0,1,1
52.376537030,0,0,1
52.376537340,0,0,0
52.394960240,1,0,0
52.401966120,0,0,0
52.402246850,0,0,1
52.402248730,0,1,1
52.402262010,0,1,0
52.402263890,0,0,0
52.419982030,1,0,0
52.426987870,0,0,0
52.427266040,0,1,0
52.427271480,0,1,1
52.427281290,0,0,1
52.427286660,0,0,0
52.444937300,1,0,0
52.451943330,0,0,0
52.452225050,0,0,1
52.452226080,0,1,1
52.452240340,0,1,0
52.452241330,0,0,0
52.470697370,1,0,0
52.477703370,0,0,0
52.477982010,0,0,1
52.477984460,0,1,1
52.477997090,0,1,0
52.477999670,0,0,0
52.496458060,1,0,0
52.503464170,0,0,0
52.503741210,0,1,0
52.503746040,0,1,1
52.503756460,0,0,1
52.503761260,0,0,0
52.521577520,1,0,0
52.528583060,0,0,0
52.528864420,0,0,1
52.528879480,0,0,0
52.528929710,0,1,0
52.528944940,0,0,0
52.546315790,1,0,0
52.553322080,0,0,0
52.553603940,0,0,1
52.553605490,0,1,1
52.553619060,0,1,0
52.553620690,0,0,0
52.570174320,1,0,0
52.577180390,0,0,0
52.577461280,0,0,1
52.577463970,0,1,1
52.577476550,0,1,0
52.577479130,0,0,0
52.593762710,1,0,0
52.600768670,0,0,0
52.601049990,0,1,0
52.601050530,0,1,1
52.601065180,0,0,1
52.601065630,0,0,0
52.618428710,1,0,0
52.625437670,0,0,0
52.625715790,0,1,0
52.625718220,0,1,1
52.625730950,0,0,1
52.625733220,0,0,0
52.643113350,1,0,0
52.650119350,0,0,0
52.650397770,0,1,0
52.650402520,0,1,1
52.650412930,0,0,1
52.650417680,0,0,0
52.668832750,1,0,0
52.675838730,0,0,0
52.676121040,0,0,1
52.676122580,0,1,1
52.676136310,0,1,0
52.676137810,0,0,0
52.692610200,1,0,0
52.699616490,0,0,0
52.699898550,0,0,1
52.699913690,0,0,0
52.699959190,0,1,0
52.699974290,0,0,0
52.718274120,1,0,0
52.725280040,0,0,0
52.725561790,0,1,0
52.725562030,0,1,1
52.725577000,0,0,1
52.725577170,0,0,0
52.742865970,1,0,0
52.749872100,0,0,0
52.750149870,0,0,1
52.750152860,0,1,1
52.750165010,0,1,0
52.750168080,0,0,0
52.768060930,1,0,0
52.775066930,0,0,0
52.775349750,0,0,1
52.775351070,0,1,1
52.775364950,0,1,0
52.775366250,0,0,0
52.794179330,1,0,0
52.801185360,0,0,0
52.801468070,0,0,1
52.801483210,0,0,0
52.801530110,0,1,0
52.801545290,0,0,0
52.819421040,1,0,0
52.826426880,0,0,0
52.826705200,0,0,1
52.826706820,0,1,1
52.826720460,0,1,0
52.826722020,0,0,0
52.845288800,1,0,0
52.852294700,0,0,0
52.852574100,0,0,1
52.852576320,0,1,1
52.852589200,0,1,0
52.852591630,0,0,0
52.868991390,1,0,0
52.875997170,0,0,0
52.876277790,0,0,1
52.876293010,0,0,0
52.876345660,0,1,0
52.876360840,0,0,0
52.894746380,1,0,0
52.901754920,0,0,0
52.902030570,0,1,0
52.902037060,0,1,1
52.902045680,0,0,1
52.902052230,0,0,0
52.919765610,1,0,0
52.926771400,0,0,0
52.927050150,0,0,1
52.927050390,0,1,1
52.927065270,0,1,0
52.927065430,0,0,0
52.944431270,1,0,0
52.951435830,0,0,0
52.951718720,0,0,1
52.951719930,0,1,1
52.951733780,0,1,0
52.951735160,0,0,0
52.970121480,1,0,0
52.977126300,0,0,0
52.977408290,0,1,0
52.977412180,0,1,1
52.977423470,0,0,1
52.977427350,0,0,0
52.995135770,1,0,0
53.002148800,0,0,0
53.002430370,0,0,1
53.002431830,0,1,1
53.002445520,0,1,0
53.002446930,0,0,0
53.020570360,1,0,0
53.027576360,0,0,0
53.027859040,0,0,1
53.027860000,0,1,1
53.027874290,0,1,0
53.027875210,0,0,0
53.046586590,1,0,0
53.053592680,0,0,0
53.053871100,0,1,0
53.053872280,0,1,1
53.053886350,0,0,1
53.053887440,0,0,0
53.072416490,1,0,0
53.079422500,0,0,0
53.079701860,0,1,0
53.079705870,0,1,1
53.079717130,0,0,1
53.079721090,0,0,0
53.097665140,1,0,0
53.104671120,0,0,0
53.104949460,0,1,0
53.104954230,0,1,1
53.104964690,0,0,1
53.104969390,0,0,0
53.122600290,1,0,0
53.129606450,0,0,0
53.129886900,0,0,1
53.129887710,0,1,1
53.129902150,0,1,0
53.129903050,0,0,0
53.147454760,1,0,0
53.154460950,0,0,0
53.154739610,0,1,0
53.154741130,0,1,1
53.154754800,0,0,1
53.154756400,0,0,0
53.172253640,1,0,0
53.179258100,0,0,0
53.179538760,0,0,1
53.179540700,0,1,1
53.179554010,0,1,0
53.179555840,0,0,0
53.197865530,1,0,0
53.204871640,0,0,0
53.205150510,0,0,1
53.205151300,0,1,1
53.205165680,0,1,0
53.205166590,0,0,0
53.223647660,1,0,0
53.230653560,0,0,0
53.230936480,0,0,1
53.230937300,0,1,1
53.230951600,0,1,0
53.230952510,0,0,0
53.249409940,1,0,0
53.256413000,0,0,0
53.256694130,0,0,1
53.256694800,0,1,1
53.256709290,0,1,0
53.256710010,0,0,0
53.274785840,1,0,0
53.281791990,0,0,0
53.282072780,0,1,0
53.282073340,0,1,1
53.282087860,0,0,1
53.282088550,0,0,0
53.300553320,1,0,0
53.307559160,0,0,0
53.307839450,0,0,1
53.307842470,0,1,1
53.307854740,0,1,0
53.307857680,0,0,0
53.325154630,1,0,0
53.332160840,0,0,0
53.332440950,0,1,0
53.332444390,0,1,1
53.332456030,0,0,1
53.332459450,0,0,0
53.350945510,1,0,0
53.357951700,0,0,0
53.358231480,0,1,0
53.358233860,0,1,1
53.358246660,0,0,1
53.358249150,0,0,0
53.376611180,1,0,0
53.383615930,0,0,0
53.383897320,0,0,1
53.383897730,0,1,1
53.383912400,0,1,0
53.383912930,0,0,0
53.401149320,1,0,0
53.408155430,0,0,0
53.408434340,0,0,1
53.408435170,0,1,1
53.408449470,0,1,0
53.408450350,0,0,0
53.425564340,1,0,0
53.432568780,0,0,0
53.432851920,0,1,0
53.432854290,0,1,1
53.432867130,0,0,1
53.432869550,0,0,0
53.451347240,1,0,0
53.458353050,0,0,0
53.458631940,0,1,0
53.458632670,0,1,1
53.458647150,0,0,1
53.458647870,0,0,0
53.476566530,1,0,0
53.483572560,0,0,0
53.483855050,0,0,1
53.483855380,0,1,1
53.483870250,0,1,0
53.483870440,0,0,0
53.501540470,1,0,0
53.508546640,0,0,0
53.508829420,0,0,1
53.508829780,0,1,1
53.508844570,0,1,0
53.508844900,0,0,0
53.527008620,1,0,0
53.534011700,0,0,0
53.534296910,0,0,1
53.534298090,0,1,1
53.534312070,0,1,0
53.534313300,0,0,0
53.552991210,1,0,0
53.559997150,0,0,0
53.560275390,0,0,1
53.560281550,0,1,1
53.560290600,0,1,0
53.560296650,0,0,0
53.576422340,1,0,0
53.583428410,0,0,0
53.583708480,0,0,1
53.583709740,0,1,1
53.583723710,0,1,0
53.583725030,0,0,0
53.602247870,1,0,0
53.609253830,0,0,0
53.609532190,0,0,1
53.609533320,0,1,1
53.609547270,0,1,0
53.609548550,0,0,0
53.627154300,1,0,0
53.634159950,0,0,0
53.634441530,0,1,0
53.634441590,0,1,1
53.634456700,0,0,1
53.634456820,0,0,0
53.651751840,1,0,0
53.658757990,0,0,0
53.659039100,0,0,1
53.659040040,0,1,1
53.659054260,0,1,0
53.659055260,0,0,0
53.677481390,1,0,0
53.684486260,0,0,0
53.684767200,0,1,0
53.684767680,0,1,1
53.684782310,0,0,1
53.684782930,0,0,0
53.703202040,1,0,0
53.710208100,0,0,0
53.710491660,0,1,0
53.710491960,0,1,1
53.710506850,0,0,1
53.710507170,0,0,0
53.729038580,1,0,0
53.736044900,0,0,0
53.736324330,0,1,0
53.736324490,0,1,1
53.736339520,0,0,1
53.736339670,0,0,0
53.754503670,1,0,0
53.761509670,0,0,0
53.761788890,0,0,1
53.761793730,0,1,1
53.761804110,0,1,0
53.761808890,0,0,0
53.780076510,1,0,0
53.787081490,0,0,0
53.787361470,0,0,1
53.787366000,0,1,1
53.787376620,0,1,0
53.787381250,0,0,0
53.805260110,1,0,0
53.812266450,0,0,0
53.812550290,0,1,0
53.812550690,0,1,1
53.812565460,0,0,1
53.812565930,0,0,0
53.830791470,1,0,0
53.837797530,0,0,0
53.838078940,0,1,0
53.838079270,0,1,1
53.838094250,0,0,1
53.838094500,0,0,0
53.856041300,1,0,0
53.863047030,0,0,0
53.863327400,0,1,0
53.863327590,0,1,1
53.863342610,0,0,1
53.863342840,0,0,0
53.881542280,1,0,0
53.888548390,0,0,0
53.888829780,0,0,1
53.888830610,0,1,1
53.888845030,0,1,0
53.888845750,0,0,0
53.905288440,1,0,0
53.912294320,0,0,0
53.912574010,0,1,0
53.912574470,0,1,1
53.912589190,0,0,1
53.912589600,0,0,0
53.931002550,1,0,0
53.938008390,0,0,0
53.938289950,0,1,0
53.938291980,0,1,1
53.938305050,0,0,1
53.938307020,0,0,0
53.956534840,1,0,0
53.963540890,0,0,0
53.963819490,0,1,0
53.963821420,0,1,1
53.963834550,0,0,1
53.963836630,0,0,0
53.981901640,1,0,0
53.988907770,0,0,0
53.989186660,0,1,0
53.989188880,0,1,1
53.989201950,0,0,1
53.989204070,0,0,0
54.007668450,1,0,0
54.014674040,0,0,0
54.014909550,0,1,0
54.014924780,0,0,0
54.014958350,0,0,1
54.014973590,0,0,0
54.033455710,1,0,0
54.040461690,0,0,0
54.040740500,0,0,1
54.040740720,0,1,1
54.040755660,0,1,0
54.040755870,0,0,0
54.057557870,1,0,0
54.064563930,0,0,0
54.064843540,0,1,0
54.064845150,0,1,1
54.064858800,0,0,1
54.064860440,0,0,0
54.083540310,1,0,0
54.090545270,0,0,0
54.090827610,0,0,1
54.090827770,0,1,1
54.090842860,0,1,0
54.090842970,0,0,0
54.108917020,1,0,0
54.115923150,0,0,0
54.116206230,0,1,0
54.116206240,0,1,1
54.116221370,0,0,1
54.116221490,0,0,0
54.134710280,1,0,0
54.141716090,0,0,0
54.141997140,0,1,0
54.141998020,0,1,1
54.142012330,0,0,1
54.142013120,0,0,0
54.159734650,1,0,0
54.166739130,0,0,0
54.167022080,0,1,0
54.167023890,0,1,1
54.167037270,0,0,1
54.167039140,0,0,0
54.184797360,1,0,0
54.191803320,0,0,0
54.192082630,0,0,1
54.192086380,0,1,1
54.192097790,0,1,0
54.192101460,0,0,0
54.209026060,1,0,0
54.216032000,0,0,0
54.216314810,0,1,0
54.216315740,0,1,1
54.216330060,0,0,1
54.216331000,0,0,0
54.234815980,1,0,0
54.241820570,0,0,0
54.242103040,0,1,0
54.242104180,0,1,1
54.242118230,0,0,1
54.242119470,0,0,0
54.259267890,1,0,0
54.266272500,0,0,0
54.266555260,0,1,0
54.266556760,0,1,1
54.266570460,0,0,1
54.266571990,0,0,0
54.284575020,1,0,0
54.291581170,0,0,0
54.291859050,0,1,0
54.291861210,0,1,1
54.291874170,0,0,1
54.291876450,0,0,0
54.308239880,1,0,0
54.315291140,0,0,0
54.315528450,0,1,0
54.315529420,0,1,1
54.315543550,0,0,1
54.315544560,0,0,0
54.332798460,1,0,0
54.339804200,0,0,0
54.340086910,0,1,0
54.340087900,0,1,1
54.340102110,0,0,1
54.340103060,0,0,0
54.358544430,1,0,0
54.365550600,0,0,0
54.365830050,0,1,0
54.365830550,0,1,1
54.365845300,0,0,1
54.365845840,0,0,0
54.383970180,1,0,0
54.390976280,0,0,0
54.391257720,0,1,0
54.391258560,0,1,1
54.391272820,0,0,1
54.391273760,0,0,0
54.409735600,1,0,0
54.416803580,0,0,0
54.417020790,0,0,1
54.417021950,0,1,1
54.417036060,0,1,0
54.417037120,0,0,0
54.435528640,1,0,0
54.442534770,0,0,0
54.442814390,0,1,0
54.442816710,0,1,1
54.442829550,0,0,1
54.442831850,0,0,0
54.460036600,1,0,0
54.467041410,0,0,0
54.467323660,0,1,0
54.467325130,0,1,1
54.467338930,0,0,1
54.467340340,0,0,0
54.484546610,1,0,0
54.491605660,0,0,0
54.491830830,0,1,0
54.491832820,0,1,1
54.491846010,0,0,1
54.491847900,0,0,0
54.510244260,1,0,0
54.517250290,0,0,0
54.517530540,0,1,0
54.517531970,0,1,1
54.517545810,0,0,1
54.517547220,0,0,0
54.534148010,1,0,0
54.541153780,0,0,0
54.541431440,0,1,0
54.541433000,0,1,1
54.541446620,0,0,1
54.541448160,0,0,0
54.558956610,1,0,0
54.565962480,0,0,0
54.566242270,0,1,0
54.566244000,0,1,1
54.566257580,0,0,1
54.566259140,0,0,0
54.584646380,1,0,0
54.591652320,0,0,0
54.591932520,0,0,1
54.591934800,0,1,1
54.591947710,0,1,0
54.591950060,0,0,0
54.609861780,1,0,0
54.616866200,0,0,0
54.617126740,0,0,1
54.617141900,0,0,0
54.617149070,0,1,0
54.617164250,0,0,0
54.634855590,1,0,0
54.641860220,0,0,0
54.642140070,0,1,0
54.642144200,0,1,1
54.642155300,0,0,1
54.642159410,0,0,0
54.659880130,1,0,0
54.666888150,0,0,0
54.667164940,0,1,0
54.667166520,0,1,1
54.667180170,0,0,1
54.667181720,0,0,0
54.685756700,1,0,0
54.692762100,0,0,0
54.693044090,0,1,0
54.693044850,0,1,1
54.693059280,0,0,1
54.693060100,0,0,0
54.711549870,1,0,0
54.718555850,0,0,0
54.718836880,0,1,0
54.718839480,0,1,1
54.718852070,0,0,1
54.718854690,0,0,0
54.737455540,1,0,0
54.744462080,0,0,0
54.744741070,0,1,0
54.744742260,0,1,1
54.744756240,0,0,1
54.744757400,0,0,0
54.763083060,1,0,0
54.770091710,0,0,0
54.770369510,0,1,0
54.770371560,0,1,1
54.770384670,0,0,1
54.770386620,0,0,0
54.788802440,1,0,0
54.795808590,0,0,0
54.796087560,0,0,1
54.796088090,0,1,1
54.796102790,0,1,0
54.796103280,0,0,0
54.817401280,1,0,0
54.824414680,0,0,0
54.824696280,0,1,0
54.824698400,0,1,1
54.824711440,0,0,1
54.824713500,0,0,0
54.841113830,1,0,0
54.848118290,0,0,0
54.848399760,0,1,0
54.848401800,0,1,1
54.848414950,0,0,1
54.848417070,0,0,0
54.866005410,1,0,0
54.873011440,0,0,0
54.873293050,0,1,0
54.873293910,0,1,1
54.873308280,0,0,1
54.873309130,0,0,0
54.891810000,1,0,0
54.898814340,0,0,0
54.899096470,0,1,0
54.899098620,0,1,1
54.899111720,0,0,1
54.899113870,0,0,0
54.917552300,1,0,0
54.924558090,0,0,0
54.924839810,0,0,1
54.924839990,0,1,1
54.924854960,0,1,0
54.924855240,0,0,0
54.943095840,1,0,0
54.950101680,0,0,0
54.950340100,0,1,0
54.950355180,0,0,0
54.950385630,0,0,1
54.950400750,0,0,0
54.968757180,1,0,0
54.975765680,0,0,0
54.976044090,0,0,1
54.976044160,0,1,1
54.976059300,0,1,0
54.976059370,0,0,0
54.994592310,1,0,0
55.001596670,0,0,0
55.001878730,0,1,0
55.001882600,0,1,1
55.001893870,0,0,1
55.001897760,0,0,0
55.020341060,1,0,0
55.027346920,0,0,0
55.027627640,0,1,0
55.027630830,0,1,1
55.027642890,0,0,1
55.027646100,0,0,0
55.044310890,1,0,0
55.051316970,0,0,0
55.051597020,0,1,0
55.051599440,0,1,1
55.051612120,0,0,1
55.051614520,0,0,0
55.069232050,1,0,0
55.076238220,0,0,0
55.076520350,0,1,0
55.076530860,0,1,1
55.076535520,0,0,1
55.076546020,0,0,0
55.093338420,1,0,0
55.100341420,0,0,0
55.100626280,0,0,1
55.100628610,0,1,1
55.100641480,0,1,0
55.100643810,0,0,0
55.118950170,1,0,0
55.125956410,0,0,0
55.126237210,0,1,0
55.126239760,0,1,1
55.126252360,0,0,1
55.126254970,0,0,0
55.144691620,1,0,0
55.151697640,0,0,0
55.151978140,0,0,1
55.151980440,0,1,1
55.151993350,0,1,0
55.151995540,0,0,0
55.168532380,1,0,0
55.175601880,0,0,0
55.175816210,0,1,0
55.175819190,0,1,1
55.175831400,0,0,1
55.175834410,0,0,0
55.193774630,1,0,0
55.200780740,0,0,0
55.201059900,0,0,1
55.201062400,0,1,1
55.201075040,0,1,0
55.201077670,0,0,0
55.219157110,1,0,0
55.226162900,0,0,0
55.226443550,0,0,1
55.226445630,0,1,1
55.226458840,0,1,0
55.226460820,0,0,0
55.244905610,1,0,0
55.251911800,0,0,0
55.252191930,0,0,1
55.252194150,0,1,1
55.252207130,0,1,0
55.252209380,0,0,0
55.270678640,1,0,0
55.277684870,0,0,0
55.277965350,0,0,1
55.277967410,0,1,1
55.277980450,0,1,0
55.277982630,0,0,0
55.296450160,1,0,0
55.303456040,0,0,0
55.303735860,0,1,0
55.303738750,0,1,1
55.303750990,0,0,1
55.303753910,0,0,0
55.320659760,1,0,0
55.327666080,0,0,0
55.327946190,0,0,1
55.327948370,0,1,1
55.327961370,0,1,0
55.327963550,0,0,0
55.346393580,1,0,0
55.353398440,0,0,0
55.353680490,0,0,1
55.353681370,0,1,1
55.353695670,0,1,0
55.353696590,0,0,0
55.372234380,1,0,0
55.379240380,0,0,0
55.379518490,0,1,0
55.379524180,0,1,1
55.379533660,0,0,1
55.379539510,0,0,0
55.397912630,1,0,0
55.404918550,0,0,0
55.405198560,0,1,0
55.405201790,0,1,1
55.405213760,0,0,1
55.405216950,0,0,0
55.421742520,1,0,0
55.428745660,0,0,0
55.429032870,0,1,0
55.429048010,0,0,0
55.429096560,0,0,1
55.429111810,0,0,0
55.447416190,1,0,0
55.454422310,0,0,0
55.454700290,0,1,0
55.454703190,0,1,1
55.454715580,0,0,1
55.454718480,0,0,0
55.472407730,1,0,0
55.479416210,0,0,0
55.479694620,0,1,0
55.479697940,0,1,1
55.479709850,0,0,1
55.479713230,0,0,0
55.496899290,1,0,0
55.503905250,0,0,0
55.504186400,0,0,1
55.504188150,0,1,1
55.504201470,0,1,0
55.504203310,0,0,0
55.522165100,1,0,0
55.529170750,0,0,0
55.529449980,0,1,0
55.529453550,0,1,1
55.529465160,0,0,1
55.529468720,0,0,0
55.546427200,1,0,0
55.553433100,0,0,0
55.553712270,0,1,0
55.553713310,0,1,1
55.553727440,0,0,1
55.553728640,0,0,0
55.571396240,1,0,0
55.578402120,0,0,0
55.578682460,0,1,0
55.578696580,0,1,1
55.578697620,0,0,1
55.578711680,0,0,0
55.595029690,1,0,0
55.602035610,0,0,0
55.602314170,0,1,0
55.602315170,0,1,1
55.602330440,0,1,0
55.602393520,0,0,0
55.618845070,1,0,0
55.625851430,0,0,0
55.626130940,0,0,1
55.626133760,0,1,1
55.626146150,0,1,0
55.626148920,0,0,0
55.642556440,1,0,0
55.649560880,0,0,0
55.649841900,0,0,1
55.649843610,0,1,1
55.649857150,0,1,0
55.649858840,0,0,0
55.668420670,1,0,0
55.675426680,0,0,0
55.675705910,0,1,0
55.675710300,0,1,1
55.675721090,0,0,1
55.675725430,0,0,0
55.694073360,1,0,0
55.701079140,0,0,0
55.701358770,0,0,1
55.701360240,0,1,1
55.701373910,0,1,0
55.701375590,0,0,0
55.717564440,1,0,0
55.724570590,0,0,0
55.724850850,0,0,1
55.724852870,0,1,1
55.724866040,0,1,0
55.724867990,0,0,0
55.743060670,1,0,0
55.750066650,0,0,0
55.750344860,0,0,1
55.750346120,0,1,1
55.750360080,0,1,0
55.750361260,0,0,0
55.766642320,1,0,0
55.773647930,0,0,0
55.773929110,0,0,1
55.773930450,0,1,1
55.773944270,0,1,0
55.773945660,0,0,0
55.792437390,1,0,0
55.799443850,0,0,0
55.799723790,0,1,0
55.799725070,0,1,1
55.799738990,0,0,1
55.799740280,0,0,0
55.818199290,1,0,0
55.825207940,0,0,0
55.825486100,0,0,1
55.825486410,0,1,1
55.825501240,0,1,0
55.825501520,0,0,0
55.843963420,1,0,0
55.850969550,0,0,0
55.851248600,0,0,1
55.851250540,0,1,1
55.851263830,0,1,0
55.851265750,0,0,0
55.868134190,1,0,0
55.875140170,0,0,0
55.875416520,0,1,0
55.875422810,0,1,1
55.875431790,0,0,1
55.875438000,0,0,0
55.893618080,1,0,0
55.900624040,0,0,0
55.900906520,0,0,1
55.900907520,0,1,1
55.900921670,0,1,0
55.900922660,0,0,0
55.917996310,1,0,0
55.925001750,0,0,0
55.925282440,0,0,1
55.925284980,0,1,1
55.925297670,0,1,0
55.925300210,0,0,0
55.941961110,1,0,0
55.948967090,0,0,0
55.949245780,0,0,1
55.949249040,0,1,1
55.949260960,0,1,0
55.949264270,0,0,0
55.967689870,1,0,0
55.974695810,0,0,0
55.974974180,0,0,1
55.974977440,0,1,1
55.974989280,0,1,0
55.974992580,0,0,0
55.993275700,1,0,0
56.000280390,0,0,0
56.000560110,0,1,0
56.000575250,0,0,0
56.000630480,0,0,1
56.000645640,0,0,0
56.019022520,1,0,0
56.026026560,0,0,0
56.026308420,0,0,1
56.026309250,0,1,1
56.026323540,0,1,0
56.026324250,0,0,0
56.044111810,1,0,0
56.051117690,0,0,0
56.051396860,0,0,1
56.051412090,0,0,0
56.051463460,0,1,0
56.051478630,0,0,0
56.069229850,1,0,0
56.076236170,0,0,0
56.076515190,0,1,0
56.076515380,0,1,1
56.076530360,0,0,1
56.076530760,0,0,0
56.094161310,1,0,0
56.101167370,0,0,0
56.101448910,0,0,1
56.101449720,0,1,1
56.101464070,0,1,0
56.101464820,0,0,0
56.119181600,1,0,0
56.126186000,0,0,0
56.126466430,0,0,1
56.126467900,0,1,1
56.126481530,0,1,0
56.126483190,0,0,0
56.144089010,1,0,0
56.151095040,0,0,0
56.151375010,0,1,0
56.151375830,0,1,1
56.151390150,0,0,1
56.151390870,0,0,0
56.168587410,1,0,0
56.175593600,0,0,0
56.175871750,0,0,1
56.175874800,0,1,1
56.175886940,0,1,0
56.175889970,0,0,0
56.193298400,1,0,0
56.200303890,0,0,0
56.200586760,0,0,1
56.200588080,0,1,1
56.200602000,0,1,0
56.200603240,0,0,0
56.219059600,1,0,0
56.226065910,0,0,0
56.226346240,0,0,1
56.226346330,0,1,1
56.226361490,0,1,0
56.226361510,0,0,0
56.244893620,1,0,0
56.251899520,0,0,0
56.252179580,0,0,1
56.252179890,0,1,1
56.252194740,0,1,0
56.252195070,0,0,0
56.269585030,1,0,0
56.276582700,0,0,0
56.276873040,0,0,1
56.276873290,0,1,1
56.276888220,0,1,0
56.276888490,0,0,0
56.293728690,1,0,0
56.300734610,0,0,0
56.301013920,0,0,1
56.301014410,0,1,1
56.301029160,0,1,0
56.301029550,0,0,0
56.317572440,1,0,0
56.324639520,0,0,0
56.324859810,0,0,1
56.324860140,0,1,1
56.324874980,0,1,0
56.324875270,0,0,0
56.341340780,1,0,0
56.348346870,0,0,0
56.348627340,0,0,1
56.348628400,0,1,1
56.348642460,0,1,0
56.348643640,0,0,0
56.365116130,1,0,0
56.372122130,0,0,0
56.372399300,0,0,1
56.372400710,0,1,1
56.372414530,0,1,0
56.372415870,0,0,0
56.390138210,1,0,0
56.397142880,0,0,0
56.397425140,0,0,1
56.397425340,0,1,1
56.397440300,0,1,0
56.397440560,0,0,0
56.414557160,1,0,0
56.421563190,0,0,0
56.421841260,0,0,1
56.421843590,0,1,1
56.421856430,0,1,0
56.421858860,0,0,0
56.438406340,1,0,0
56.445411970,0,0,0
56.445691190,0,1,0
56.445692020,0,1,1
56.445706480,0,0,1
56.445707200,0,0,0
56.462103810,1,0,0
56.469109500,0,0,0
56.469389270,0,0,1
56.469389570,0,1,1
56.469404330,0,1,0
56.469404820,0,0,0
56.487935360,1,0,0
56.494940150,0,0,0
56.495185670,0,1,0
56.495200840,0,0,0
56.495221580,0,0,1
56.495236730,0,0,0
56.513695190,1,0,0
56.520701200,0,0,0
56.520982260,0,1,0
56.520982360,0,1,1
56.520997510,0,0,1
56.520997610,0,0,0
56.539551720,1,0,0
56.546557640,0,0,0
56.546840050,0,1,0
56.546840890,0,1,1
56.546855200,0,0,1
56.546855990,0,0,0
56.564717030,1,0,0
56.571723410,0,0,0
56.572003130,0,1,0
56.572003490,0,1,1
56.572018340,0,0,1
56.572018590,0,0,0
56.590575020,1,0,0
56.597581020,0,0,0
56.597861890,0,0,1
56.597862410,0,1,1
56.597877100,0,1,0
56.597877650,0,0,0
56.616261460,1,0,0
56.623266060,0,0,0
56.623551190,0,0,1
56.623552570,0,1,1
56.623566310,0,1,0
56.623567780,0,0,0
56.640132510,1,0,0
56.647138430,0,0,0
56.647418350,0,1,0
56.647418750,0,1,1
56.647433660,0,0,1
56.647433920,0,0,0
56.665863620,1,0,0
56.672869040,0,0,0
56.673150590,0,0,1
56.673152720,0,1,1
56.673165710,0,1,0
56.673167950,0,0,0
56.691264660,1,0,0
56.698273140,0,0,0
56.698550490,0,0,1
56.698550910,0,1,1
56.698565680,0,1,0
56.698566200,0,0,0
56.716945190,1,0,0
56.723951580,0,0,0
56.724233490,0,1,0
56.724234970,0,1,1
56.724248660,0,0,1
56.724250050,0,0,0
56.740871430,1,0,0
56.747876740,0,0,0
56.748157350,0,0,1
56.748157910,0,1,1
56.748172560,0,1,0
56.748173080,0,0,0
56.764610250,1,0,0
56.771616110,0,0,0
56.771896080,0,0,1
56.771896310,0,1,1
56.771911250,0,1,0
56.771911500,0,0,0
56.790449360,1,0,0
56.797455490,0,0,0
56.797732270,0,1,0
56.797735150,0,1,1
56.797747390,0,0,1
56.797750370,0,0,0
56.816044510,1,0,0
56.823048700,0,0,0
56.823332230,0,1,0
56.823333840,0,1,1
56.823347430,0,0,1
56.823348940,0,0,0
56.839726460,1,0,0
56.846732380,0,0,0
56.847012050,0,0,1
56.847016400,0,1,1
56.847027280,0,1,0
56.847031600,0,0,0
56.865423130,1,0,0
56.872429070,0,0,0
56.872708460,0,1,0
56.872709800,0,1,1
56.872723770,0,0,1
56.872724930,0,0,0
56.889276700,1,0,0
56.896285060,0,0,0
56.896563400,0,1,0
56.896563950,0,1,1
56.896578500,0,0,1
56.896579140,0,0,0
56.913075070,1,0,0
56.920081220,0,0,0
56.920361580,0,0,1
56.920361670,0,1,1
56.920376790,0,0,1
56.920376850,0,0,0
56.938806280,1,0,0
56.945812220,0,0,0
56.946076540,0,0,1
56.946091710,0,0,0
56.946095070,0,1,0
56.946110340,0,0,0
56.963905410,1,0,0
56.970911390,0,0,0
56.971193400,0,1,0
56.971194440,0,1,1
56.971208540,0,0,1
56.971209460,0,0,0
56.988537360,1,0,0
56.995540360,0,0,0
56.995822690,0,0,1
56.995825900,0,1,1
56.995837940,0,1,0
56.995841070,0,0,0
57.013530480,1,0,0
57.020536380,0,0,0
57.020820090,0,1,0
57.020835340,0,0,0
57.020882050,0,0,1
57.020897220,0,0,0
57.038535650,1,0,0
57.045539070,0,0,0
57.045790010,0,1,0
57.045805250,0,0,0
57.045824780,0,0,1
57.045840030,0,0,0
57.063559340,1,0,0
57.070565110,0,0,0
57.070846970,0,0,1
57.070846990,0,1,1
57.070862180,0,1,0
57.070862260,0,0,0
57.087767100,1,0,0
57.094773000,0,0,0
57.095054380,0,1,0
57.095056500,0,1,1
57.095069590,0,0,1
57.095071600,0,0,0
57.112773370,1,0,0
57.119777370,0,0,0
57.120057870,0,1,0
57.120058670,0,1,1
57.120073130,0,0,1
57.120073940,0,0,0
57.138518750,1,0,0
57.145527340,0,0,0
57.145804530,0,1,0
57.145808360,0,1,1
57.145819760,0,0,1
57.145823500,0,0,0
57.164351320,1,0,0
57.171357340,0,0,0
57.171636130,0,0,1
57.171640680,0,1,1
57.171651320,0,1,0
57.171655820,0,0,0
57.188541310,1,0,0
57.195547250,0,0,0
57.195827740,0,0,1
57.195828140,0,1,1
57.195842930,0,1,0
57.195843390,0,0,0
57.214268900,1,0,0
57.221274710,0,0,0
57.221556160,0,1,0
57.221558700,0,1,1
57.221571220,0,0,1
57.221573930,0,0,0
57.239706920,1,0,0
57.246712920,0,0,0
57.246992230,0,0,1
57.246994970,0,1,1
57.247007480,0,1,0
57.247010280,0,0,0
57.265268710,1,0,0
57.272274760,0,0,0
57.272554200,0,1,0
57.272554360,0,1,1
57.272569490,0,0,1
57.272569520,0,0,0
57.290652960,1,0,0
57.297659200,0,0,0
57.297938170,0,0,1
57.297941740,0,1,1
57.297953400,0,1,0
57.297956970,0,0,0
57.316412430,1,0,0
57.323418390,0,0,0
57.323696490,0,0,1
57.323711720,0,0,0
57.323719470,0,1,0
57.323734620,0,0,0
57.341984780,1,0,0
57.348990620,0,0,0
57.349271060,0,0,1
57.349273450,0,1,1
57.349286260,0,1,0
57.349288740,0,0,0
57.367257530,1,0,0
57.374263600,0,0,0
57.374541830,0,0,1
57.374547740,0,1,1
57.374557040,0,1,0
57.374562930,0,0,0
57.393224500,1,0,0
57.400230310,0,0,0
57.400509850,0,1,0
57.400513000,0,1,1
57.400525030,0,0,1
57.400528190,0,0,0
57.418343390,1,0,0
57.425346000,0,0,0
57.425629790,0,1,0
57.425630280,0,1,1
57.425644950,0,0,1
57.425645610,0,0,0
57.444320090,1,0,0
57.451324880,0,0,0
57.451605520,0,1,0
57.451608450,0,1,1
57.451620700,0,0,1
57.451623630,0,0,0
57.470078960,1,0,0
57.477084760,0,0,0
57.477366410,0,1,0
57.477367200,0,1,1
57.477381600,0,0,1
57.477382320,0,0,0
57.495947890,1,0,0
57.502950930,0,0,0
57.503233470,0,1,0
57.503236680,0,1,1
57.503248760,0,0,1
57.503251990,0,0,0
57.521786100,1,0,0
57.528792230,0,0,0
57.529073250,0,1,0
57.529074310,0,1,1
57.529088470,0,0,1
57.529089480,0,0,0
57.545726720,1,0,0
57.552732910,0,0,0
57.553013520,0,0,1
57.553015230,0,1,1
57.553028730,0,1,0
57.553030470,0,0,0
57.569327430,1,0,0
57.576333520,0,0,0
57.576615120,0,1,0
57.576616980,0,1,1
57.576630250,0,0,1
57.576632230,0,0,0
57.595135210,1,0,0
57.602141230,0,0,0
57.602422290,0,1,0
57.602424450,0,1,1
57.602437580,0,0,1
57.602439690,0,0,0
57.621047900,1,0,0
57.628050740,0,0,0
57.628333910,0,0,1
57.628349110,0,0,0
57.628366980,0,1,0
57.628382290,0,0,0
57.646776970,1,0,0
57.653782780,0,0,0
57.654062290,0,0,1
57.654064060,0,1,1
57.654077580,0,1,0
57.654079310,0,0,0
57.672642760,1,0,0
57.679648990,0,0,0
57.679928540,0,1,0
57.679930670,0,1,1
57.679943790,0,0,1
57.679945910,0,0,0
57.698418200,1,0,0
57.705424310,0,0,0
57.705704190,0,0,1
57.705707000,0,1,1
57.705719400,0,1,0
57.705722230,0,0,0
57.724159100,1,0,0
57.731167590,0,0,0
57.731425720,0,0,1
57.731440860,0,0,0
57.731445210,0,1,0
57.731460330,0,0,0
57.747942280,1,0,0
57.754946470,0,0,0
57.755228960,0,1,0
57.755231030,0,1,1
57.755244230,0,0,1
57.755246280,0,0,0
57.773715030,1,0,0
57.780721160,0,0,0
57.781002400,0,1,0
57.781004390,0,1,1
57.781017480,0,0,1
57.781019570,0,0,0
57.797653920,1,0,0
57.804659950,0,0,0
57.804939360,0,1,0
57.804942080,0,1,1
57.804954540,0,0,1
57.804957260,0,0,0
57.821848270,1,0,0
57.828854580,0,0,0
57.829136410,0,0,1
57.829151620,0,0,0
57.845769340,1,0,0
57.852775450,0,0,0
57.853052400,0,0,1
57.853057090,0,1,1
57.853067680,0,1,0
57.853072310,0,0,0
57.870826220,1,0,0
57.877832050,0,0,0
57.878113400,0,0,1
57.878115610,0,1,1
57.878128560,0,1,0
57.878130820,0,0,0
57.895553380,1,0,0
57.902559680,0,0,0
57.902838940,0,1,0
57.902841510,0,1,1
57.902854090,0,0,1
57.902856750,0,0,0
57.921585800,1,0,0
57.928590600,0,0,0
57.928872400,0,1,0
57.928887570,0,0,0
57.928938800,0,0,1
57.928954010,0,0,0
57.947019200,1,0,0
57.954027430,0,0,0
57.954308410,0,0,1
57.954323660,0,0,0
57.954371070,0,1,0
57.954386250,0,0,0
57.972914140,1,0,0
57.979919960,0,0,0
57.980199110,0,1,0
57.980201210,0,1,1
57.980214420,0,0,1
57.980216450,0,0,0
57.998480830,1,0,0
58.005487100,0,0,0
58.005767440,0,1,0
58.005767690,0,1,1
58.005782710,0,0,1
58.005782870,0,0,0
58.022543720,1,0,0
58.029517390,0,0,0
58.029830950,0,1,0
58.029833860,0,1,1
58.029846150,0,0,1
58.029848980,0,0,0
58.047667320,1,0,0
58.054673260,0,0,0
58.054954450,0,1,0
58.054954840,0,1,1
58.054969570,0,0,1
58.054970150,0,0,0
58.071534230,1,0,0
58.078540290,0,0,0
58.078820780,0,0,1
58.078822590,0,1,1
58.078835960,0,1,0
58.078837840,0,0,0
58.097194750,1,0,0
58.104262030,0,0,0
58.104481030,0,1,0
58.104484320,0,1,1
58.104496240,0,0,1
58.104499510,0,0,0
58.122932320,1,0,0
58.129935320,0,0,0
58.130218160,0,1,0
58.130221700,0,1,1
58.130233410,0,0,1
58.130236830,0,0,0
58.147983880,1,0,0
58.154989630,0,0,0
58.155271230,0,0,1
58.155272820,0,1,1
58.155286450,0,1,0
58.155288050,0,0,0
58.173206000,1,0,0
58.180212460,0,0,0
58.180493580,0,0,1
58.180495300,0,1,1
58.180508790,0,1,0
58.180510470,0,0,0
58.198994240,1,0,0
58.206000050,0,0,0
58.206279930,0,1,0
58.206282960,0,1,1
58.206295150,0,0,1
58.206298170,0,0,0
58.222851810,1,0,0
58.229857670,0,0,0
58.230135800,0,1,0
58.230141260,0,1,1
58.230150970,0,0,1
58.230156460,0,0,0
58.247412530,1,0,0
58.254418930,0,0,0
58.254700580,0,1,0
58.254715760,0,0,0
58.254764720,0,0,1
58.254779950,0,0,0
58.272421220,1,0,0
58.279427010,0,0,0
58.279708310,0,0,1
58.279710060,0,1,1
58.279723470,0,1,0
58.279725260,0,0,0
58.298044390,1,0,0
58.305050430,0,0,0
58.305331790,0,0,1
58.305332370,0,1,1
58.305347040,0,1,0
58.305347700,0,0,0
58.321974010,1,0,0
58.328979970,0,0,0
58.329257640,0,0,1
58.329260870,0,1,1
58.329272770,0,1,0
58.329276100,0,0,0
58.347706670,1,0,0
58.354712660,0,0,0
58.354993630,0,0,1
58.354994980,0,1,1
58.355008770,0,1,0
58.355010270,0,0,0
58.372732860,1,0,0
58.379738840,0,0,0
58.380016080,0,1,0
58.380021940,0,1,1
58.380031290,0,0,1
58.380037110,0,0,0
58.398454090,1,0,0
58.405460260,0,0,0
58.405740510,0,0,1
58.405741810,0,1,1
58.405755760,0,1,0
58.405757060,0,0,0
58.423130320,1,0,0
58.430136360,0,0,0
58.430417530,0,0,1
58.430420310,0,1,1
58.430432720,0,1,0
58.430435560,0,0,0
58.447743520,1,0,0
58.454749940,0,0,0
58.455028790,0,1,0
58.455032410,0,1,1
58.455043950,0,0,1
58.455047550,0,0,0
58.473216210,1,0,0
58.480222150,0,0,0
58.480502060,0,1,0
58.480505730,0,1,1
58.480517200,0,0,1
58.480520990,0,0,0
58.498621070,1,0,0
58.505626780,0,0,0
58.505906020,0,1,0
58.505914190,0,1,1
58.505921230,0,0,1
58.505929370,0,0,0
58.523036370,1,0,0
58.530042480,0,0,0
58.530322670,0,0,1
58.530323960,0,1,1
58.530337860,0,1,0
58.530339140,0,0,0
58.546947200,1,0,0
58.553953430,0,0,0
58.554231420,0,1,0
58.554236110,0,1,1
58.554246620,0,0,1
58.554251290,0,0,0
58.572900030,1,0,0
58.579874120,0,0,0
58.580187070,0,0,1
58.580189630,0,1,1
58.580202240,0,1,0
58.580204890,0,0,0
58.596602020,1,0,0
58.603608190,0,0,0
58.603887140,0,0,1
58.603889150,0,1,1
58.603902320,0,1,0
58.603904290,0,0,0
58.622317110,1,0,0
58.629325380,0,0,0
58.629601540,0,1,0
58.629606470,0,1,1
58.629616750,0,0,1
58.629621740,0,0,0
58.647935090,1,0,0
58.654940990,0,0,0
58.655220940,0,1,0
58.655236210,0,0,0
58.655288560,0,0,1
58.655303680,0,0,0
58.671682910,1,0,0
58.678689120,0,0,0
58.678966670,0,1,0
58.678972270,0,1,1
58.678981840,0,0,1
58.678987500,0,0,0
58.696402890,1,0,0
58.703408930,0,0,0
58.703691590,0,1,0
58.703691940,0,1,1
58.703706790,0,0,1
58.703707210,0,0,0
58.722224930,1,0,0
58.729230620,0,0,0
58.729508440,0,1,0
58.729510010,0,1,1
58.729523670,0,0,1
58.729525150,0,0,0
58.746986160,1,0,0
58.753991910,0,0,0
58.754271150,0,0,1
58.754274360,0,1,1
58.754286420,0,1,0
58.754289520,0,0,0
58.770959190,1,0,0
58.777964050,0,0,0
58.778246220,0,0,1
58.778247590,0,1,1
58.778261360,0,1,0
58.778262860,0,0,0
58.796687800,1,0,0
58.803694070,0,0,0
58.803974620,0,0,1
58.803989780,0,0,0
58.804041130,0,1,0
58.804056420,0,0,0
58.820489480,1,0,0
58.827495650,0,0,0
58.827778910,0,0,1
58.827779550,0,1,1
58.827794200,0,1,0
58.827794730,0,0,0
58.844401110,1,0,0
58.851407390,0,0,0
58.851687030,0,1,0
58.851687330,0,1,1
58.851702320,0,0,1
58.851702490,0,0,0
58.870385140,1,0,0
58.877393560,0,0,0
58.877668780,0,1,0
58.877669980,0,1,1
58.877683970,0,0,1
58.877685120,0,0,0
58.895899080,1,0,0
58.902905410,0,0,0
58.903182340,0,1,0
58.903189300,0,1,1
58.903197510,0,0,1
58.903204400,0,0,0
58.921581120,1,0,0
58.928587060,0,0,0
58.928867880,0,0,1
58.928868300,0,1,1
58.928883070,0,1,0
58.928883440,0,0,0
58.947224190,1,0,0
58.954230340,0,0,0
58.954510300,0,1,1
58.954525510,0,0,0
58.973018360,1,0,0
58.980024610,0,0,0
58.980304470,0,0,1
58.980319680,0,0,0
58.980370400,0,1,0
58.980385630,0,0,0
58.998716940,1,0,0
59.005722880,0,0,0
59.006002490,0,1,0
59.006003080,0,1,1
59.006017590,0,0,1
59.006018330,0,0,0
59.024600090,1,0,0
59.031606030,0,0,0
59.031886440,0,0,1
59.031886740,0,1,1
59.031901670,0,1,0
59.031901960,0,0,0
59.050261220,1,0,0
59.057267200,0,0,0
59.057547720,0,1,0
59.057549820,0,1,1
59.057563030,0,0,1
59.057565130,0,0,0
59.075875930,1,0,0
59.082881720,0,0,0
59.083162630,0,1,0
59.083163450,0,1,1
59.083177840,0,0,1
59.083178630,0,0,0
59.101671310,1,0,0
59.108677160,0,0,0
59.108955820,0,1,0
59.108961010,0,1,1
59.108971070,0,0,1
59.108976280,0,0,0
59.127405540,1,0,0
59.134411440,0,0,0
59.134687900,0,1,0
59.134695230,0,1,1
59.134703070,0,0,1
59.134710470,0,0,0
59.153089440,1,0,0
59.160097770,0,0,0
59.160378650,0,0,1
59.160378840,0,1,1
59.160393790,0,1,0
59.160394070,0,0,0
59.178602860,1,0,0
59.185608800,0,0,0
59.185891150,0,0,1
59.185892190,0,1,1
59.185906310,0,1,0
59.185907400,0,0,0
59.204238630,1,0,0
59.211244420,0,0,0
59.211524650,0,0,1
59.211525720,0,1,1
59.211539840,0,1,0
59.211541050,0,0,0
59.229202420,1,0,0
59.236208480,0,0,0
59.236488130,0,0,1
59.236489130,0,1,1
59.236503280,0,1,0
59.236504340,0,0,0
59.255285070,1,0,0
59.262291150,0,0,0
59.262572380,0,1,0
59.262572530,0,1,1
59.262587610,0,0,1
59.262587800,0,0,0
59.280639900,1,0,0
59.287646180,0,0,0
59.287924690,0,1,0
59.287925870,0,1,1
59.287939940,0,0,1
59.287941060,0,0,0
59.306553910,1,0,0
59.313559780,0,0,0
59.313838480,0,0,1
59.313839150,0,1,1
59.313853730,0,1,0
59.313854510,0,0,0
59.331402450,1,0,0
59.338405340,0,0,0
59.338687810,0,0,1
59.338691860,0,1,1
59.338703040,0,1,0
59.338706960,0,0,0
59.356802950,1,0,0
59.363808930,0,0,0
59.364091090,0,1,0
59.364091210,0,1,1
59.364106190,0,0,1
59.364106320,0,0,0
59.382501340,1,0,0
59.389507580,0,0,0
59.389788280,0,1,0
59.389788780,0,1,1
59.389803550,0,0,1
59.389804070,0,0,0
59.406987670,1,0,0
59.413993590,0,0,0
59.414273220,0,0,1
59.414277820,0,1,1
59.414288490,0,1,0
59.414292960,0,0,0
59.430799140,1,0,0
59.437804980,0,0,0
59.438084260,0,0,1
59.438085300,0,1,1
59.438099550,0,1,0
59.438100530,0,0,0
59.455210220,1,0,0
59.462216350,0,0,0
59.462498590,0,1,0
59.462499010,0,1,1
59.462513860,0,0,1
59.462514180,0,0,0
59.479692860,1,0,0
59.486698490,0,0,0
59.486977350,0,0,1
59.486977800,0,1,1
59.486992540,0,1,0
59.486992970,0,0,0
59.503733390,1,0,0
59.510739390,0,0,0
59.511019310,0,0,1
59.511020300,0,1,1
59.511034540,0,1,0
59.511035550,0,0,0
59.529433060,1,0,0
59.536439400,0,0,0
59.536719780,0,1,0
59.536720190,0,1,1
59.536735010,0,0,1
59.536735310,0,0,0
59.555324920,1,0,0
59.562330630,0,0,0
59.562612920,0,0,1
59.562613240,0,1,1
59.562628110,0,1,0
59.562628380,0,0,0
59.579581990,1,0,0
59.586586710,0,0,0
59.586867200,0,0,1
59.586868930,0,1,1
59.586882440,0,1,0
59.586884180,0,0,0
59.605219850,1,0,0
59.612224870,0,0,0
59.612504370,0,0,1
59.612507180,0,1,1
59.612519610,0,1,0
59.612522360,0,0,0
59.630722580,1,0,0
59.637727290,0,0,0
59.638008320,0,1,0
59.638023490,0,0,0
59.638074510,0,0,1
59.638089700,0,0,0
59.655224990,1,0,0
59.662231100,0,0,0
59.662511720,0,1,0
59.662512660,0,1,1
59.662526820,0,0,1
59.662527830,0,0,0
59.679754300,1,0,0
59.686759780,0,0,0
59.687040220,0,1,0
59.687041140,0,1,1
59.687055370,0,0,1
59.687056390,0,0,0
59.705224380,1,0,0
59.712230410,0,0,0
59.712508400,0,0,1
59.712523710,0,0,0
59.712579430,0,1,0
59.712594570,0,0,0
59.730921780,1,0,0
59.737927680,0,0,0
59.738207840,0,0,1
59.738210930,0,1,1
59.738223110,0,1,0
59.738226100,0,0,0
59.756141300,1,0,0
59.763147340,0,0,0
59.763426260,0,0,1
59.763430120,0,1,1
59.763441460,0,1,0
59.763445410,0,0,0
59.781593430,1,0,0
59.788596320,0,0,0
59.788878640,0,1,0
59.788878800,0,1,1
59.788893820,0,0,1
59.788893970,0,0,0
59.807454070,1,0,0
59.814484290,0,0,0
59.814739740,0,1,0
59.814743040,0,1,1
59.814754990,0,0,1
59.814758260,0,0,0
59.832591050,1,0,0
59.839596890,0,0,0
59.839876520,0,0,1
59.839879160,0,1,1
59.839891680,0,1,0
59.839894410,0,0,0
59.858384120,1,0,0
59.865390020,0,0,0
59.865670040,0,0,1
59.865673800,0,1,1
59.865685160,0,1,0
59.865689050,0,0,0
59.883159860,1,0,0
59.890165550,0,0,0
59.890447240,0,1,0
59.890447610,0,1,1
59.890462510,0,0,1
59.890462900,0,0,0
59.907121900,1,0,0
59.914127860,0,0,0
59.914406000,0,0,1
59.914409850,0,1,1
59.914421210,0,1,0
59.914425140,0,0,0
59.932633440,1,0,0
59.939641630,0,0,0
59.939918120,0,1,0
59.939919470,0,1,1
59.939933370,0,0,1
59.939934760,0,0,0
59.956450680,1,0,0
59.963456700,0,0,0
59.963738550,0,0,1
59.963753780,0,0,0
59.963803160,0,1,0
59.963818350,0,0,0
59.982385910,1,0,0
59.989392000,0,0,0
59.989669530,0,0,1
59.989674890,0,1,1
59.989684840,0,1,0
59.989690140,0,0,0
60.006099210,1,0,0
60.013107440,0,0,0
60.013383100,0,0,1
60.013386930,0,1,1
60.013398350,0,1,0
60.013402060,0,0,0
60.031869900,1,0,0
60.038937130,0,0,0
60.039157620,0,1,0
60.039158310,0,1,1
60.039172890,0,0,1
60.039173520,0,0,0
60.057625400,1,0,0
60.064628570,0,0,0
60.064909580,0,1,0
60.064912440,0,1,1
60.064924780,0,0,1
60.064927670,0,0,0
60.083330570,1,0,0
60.090336720,0,0,0
60.090617080,0,1,0
60.090619800,0,1,1
60.090632240,0,0,1
60.090635090,0,0,0
60.108926430,1,0,0
60.115931330,0,0,0
60.116212890,0,1,0
60.116213610,0,1,1
60.116228070,0,0,1
60.116228800,0,0,0
60.132939690,1,0,0
60.139945520,0,0,0
60.140184130,0,0,1
60.140199280,0,0,0
60.140210810,0,1,0
60.140226010,0,0,0
60.156805320,1,0,0
60.163811140,0,0,0
60.164090410,0,0,1
60.164093830,0,1,1
60.164105630,0,1,0
60.164109010,0,0,0
60.181946240,1,0,0
60.188952490,0,0,0
60.189233020,0,1,0
60.189234810,0,1,1
60.189248260,0,0,1
60.189249990,0,0,0
60.207423070,1,0,0
60.214429100,0,0,0
60.214710020,0,1,0
60.214711830,0,1,1
60.214725200,0,0,1
60.214727040,0,0,0
60.232752930,1,0,0
60.239758930,0,0,0
60.240038960,0,0,1
60.240040000,0,1,1
60.240054230,0,1,0
60.240055080,0,0,0
60.257738760,1,0,0
60.264743300,0,0,0
60.265025090,0,0,1
60.265028230,0,1,1
60.265040250,0,1,0
60.265043330,0,0,0
60.283463530,1,0,0
60.290468430,0,0,0
60.290751660,0,1,0
60.290753590,0,1,1
60.290766950,0,0,1
60.290768790,0,0,0
60.308728280,1,0,0
60.315734300,0,0,0
60.316012750,0,1,0
60.316016240,0,1,1
60.316027760,0,0,1
60.316031530,0,0,0
60.334682260,1,0,0
60.341688370,0,0,0
60.341968640,0,1,0
60.341970390,0,1,1
60.341983810,0,0,1
60.341985700,0,0,0
60.360043260,1,0,0
60.367049060,0,0,0
60.367328060,0,0,1
60.367332020,0,1,1
60.367343220,0,1,0
60.367347180,0,0,0
60.386444710,1,0,0
60.393447920,0,0,0
60.393729100,0,1,0
60.393732230,0,1,1
60.393744240,0,0,1
60.393747370,0,0,0
60.410442510,1,0,0
60.417448320,0,0,0
60.417728560,0,1,0
60.417729830,0,1,1
60.417743830,0,0,1
60.417745040,0,0,0
60.435425460,1,0,0
60.442431650,0,0,0
60.442711930,0,1,0
60.442714020,0,1,1
60.442727140,0,0,1
60.442729270,0,0,0
60.461076820,1,0,0
60.468082590,0,0,0
60.468362740,0,0,1
60.468364520,0,1,1
60.468377920,0,1,0
60.468379680,0,0,0
60.485654480,1,0,0
60.492660630,0,0,0
60.492941030,0,0,1
60.492956360,0,0,0
60.492978040,0,1,0
60.492993330,0,0,0
60.511374770,1,0,0
60.518380800,0,0,0
60.518662330,0,1,0
60.518664390,0,1,1
60.518677490,0,0,1
60.518679660,0,0,0
60.536113480,1,0,0
60.543119440,0,0,0
60.543400600,0,1,0
60.543402810,0,1,1
60.543415700,0,0,1
60.543418120,0,0,0
60.561075080,1,0,0
60.568080910,0,0,0
60.568360600,0,0,1
60.568364120,0,1,1
60.568375700,0,1,0
60.568379280,0,0,0
60.584892050,1,0,0
60.591898090,0,0,0
60.592176080,0,1,0
60.592178830,0,1,1
60.592191200,0,0,1
60.592194060,0,0,0
60.609342040,1,0,0
60.616345040,0,0,0
60.616628100,0,0,1
60.616630940,0,1,1
60.616643350,0,1,0
60.616646120,0,0,0
60.633905970,1,0,0
60.640911850,0,0,0
60.641191660,0,1,0
60.641191840,0,1,1
60.641206770,0,0,1
60.641207150,0,0,0
60.659720700,1,0,0
60.666726750,0,0,0
60.667007480,0,1,0
60.667010070,0,1,1
60.667022810,0,0,1
60.667025250,0,0,0
60.688648080,1,0,0
60.695656580,0,0,0
60.695933490,0,0,1
60.695936200,0,1,1
60.695948630,0,1,0
60.696016950,0,0,0
60.714277980,1,0,0
60.721282270,0,0,0
60.721564510,0,1,0
60.721567200,0,1,1
60.721579660,0,0,1
60.721582390,0,0,0
60.739582560,1,0,0
60.746588650,0,0,0
60.746869600,0,0,1
60.746870140,0,1,1
60.746884770,0,1,0
60.746885320,0,0,0
60.764969620,1,0,0
60.771975580,0,0,0
60.772256220,0,1,0
60.772258730,0,1,1
60.772271450,0,0,1
60.772274020,0,0,0
60.790882670,1,0,0
60.797885900,0,0,0
60.798169600,0,1,0
60.798172320,0,1,1
60.798184820,0,0,1
60.798187560,0,0,0
60.816610960,1,0,0
60.823615510,0,0,0
60.823897080,0,1,0
60.823912320,0,0,0
60.823947820,0,0,1
60.823963070,0,0,0
60.842321240,1,0,0
60.849327260,0,0,0
60.849606430,0,1,0
60.849609280,0,1,1
60.849621590,0,0,1
60.849624510,0,0,0
60.868071550,1,0,0
60.875077570,0,0,0
60.875355280,0,0,1
60.875359740,0,1,1
60.875370470,0,1,0
60.875375030,0,0,0
60.892965590,1,0,0
60.899971380,0,0,0
60.900250620,0,1,0
60.900255140,0,1,1
60.900265780,0,0,1
60.900270350,0,0,0
60.918241250,1,0,0
60.925246110,0,0,0
60.925476040,0,0,1
60.925491270,0,0,0
60.925530300,0,1,0
60.925545550,0,0,0
60.943278920,1,0,0
60.950285110,0,0,0
60.950564080,0,1,0
60.950567290,0,1,1
60.950579280,0,0,1
60.950582500,0,0,0
60.969855570,1,0,0
60.976861600,0,0,0
60.977141590,0,0,1
60.977143300,0,1,1
60.977156830,0,1,0
60.977158550,0,0,0
60.993767310,1,0,0
61.000805440,0,0,0
61.001054070,0,0,1
61.001056890,0,1,1
61.001069270,0,1,0
61.001072140,0,0,0
61.019110860,1,0,0
61.026119500,0,0,0
61.026398220,0,0,1
61.026400100,0,1,1
61.026413440,0,1,0
61.026415300,0,0,0
61.045151510,1,0,0
61.052157610,0,0,0
61.052438570,0,1,0
61.052439450,0,1,1
61.052453760,0,0,1
61.052454630,0,0,0
61.070701240,1,0,0
61.077705860,0,0,0
61.077986120,0,1,0
61.077989580,0,1,1
61.078001450,0,0,1
61.078004740,0,0,0
61.096547050,1,0,0
61.103553140,0,0,0
61.103831290,0,0,1
61.103835340,0,1,1
61.103846430,0,1,0
61.103850570,0,0,0
61.120290230,1,0,0
61.127294920,0,0,0
61.127577270,0,0,1
61.127578530,0,1,1
61.127592450,0,1,0
61.127593660,0,0,0
61.146131070,1,0,0
61.153137050,0,0,0
61.153417200,0,1,0
61.153420630,0,1,1
61.153432380,0,0,1
61.153435870,0,0,0
61.172012760,1,0,0
61.179016990,0,0,0
61.179298840,0,0,1
61.179299470,0,1,1
61.179314070,0,1,0
61.179314760,0,0,0
61.195396510,1,0,0
61.202402660,0,0,0
61.202682400,0,0,1
61.202682910,0,1,1
61.202697550,0,1,0
61.202698010,0,0,0
61.219135710,1,0,0
61.226141170,0,0,0
61.226422260,0,1,0
61.226425740,0,1,1
61.226437490,0,0,1
61.226440880,0,0,0
61.243732310,1,0,0
61.250741060,0,0,0
61.251019380,0,0,1
61.251020780,0,1,1
61.251034630,0,1,0
61.251035970,0,0,0
61.269536250,1,0,0
61.276542150,0,0,0
61.276821830,0,0,1
61.276823010,0,1,1
61.276837110,0,1,0
61.276838090,0,0,0
61.295392110,1,0,0
61.302395170,0,0,0
61.302681270,0,0,1
61.302682680,0,1,1
61.302696410,0,1,0
61.302697920,0,0,0
61.321250280,1,0,0
61.328256410,0,0,0
61.328535110,0,1,0
61.328538540,0,1,1
61.328550380,0,0,1
61.328553790,0,0,0
61.346555420,1,0,0
61.353608180,0,0,0
61.353841760,0,1,0
61.353843040,0,1,1
61.353856860,0,0,1
61.353858190,0,0,0
61.372234180,1,0,0
61.379240410,0,0,0
61.379521800,0,1,0
61.379537010,0,0,0
61.379550590,0,0,1
61.379565810,0,0,0
61.397719740,1,0,0
61.404725200,0,0,0
61.405006030,0,1,0
61.405010090,0,1,1
61.405021240,0,0,1
61.405025280,0,0,0
61.423470180,1,0,0
61.430473040,0,0,0
61.430758280,0,0,1
61.430758550,0,1,1
61.430773510,0,1,0
61.430773760,0,0,0
61.449192620,1,0,0
61.456197290,0,0,0
61.456479010,0,0,1
61.456482670,0,1,1
61.456494140,0,1,0
61.456497960,0,0,0
61.474438330,1,0,0
61.481444730,0,0,0
61.481677720,0,1,0
61.481692920,0,0,0
61.481725430,0,0,1
61.481740640,0,0,0
61.498194460,1,0,0
61.505200760,0,0,0
61.505479380,0,1,0
61.505483770,0,1,1
61.505494570,0,0,1
61.505498910,0,0,0
61.521875720,1,0,0
61.528880120,0,0,0
61.529152750,0,0,1
61.529161910,0,1,1
61.529167870,0,1,0
61.529177010,0,0,0
61.546855260,1,0,0
61.553861080,0,0,0
61.554141360,0,1,0
61.554145650,0,1,1
61.554156470,0,0,1
61.554160870,0,0,0
61.571912610,1,0,0
61.578918890,0,0,0
61.579198170,0,0,1
61.579198930,0,1,1
61.579213330,0,1,0
61.579214150,0,0,0
61.597641990,1,0,0
61.604701040,0,0,0
61.604927530,0,0,1
61.604927920,0,1,1
61.604942840,0,1,0
61.604943130,0,0,0
61.622253690,1,0,0
61.629259700,0,0,0
61.629540920,0,0,1
61.629541550,0,1,1
61.629556130,0,1,0
61.629556720,0,0,0
61.648068410,1,0,0
61.655072950,0,0,0
61.655354030,0,1,0
61.655354410,0,1,1
61.655369280,0,0,1
61.655369530,0,0,0
61.673813700,1,0,0
61.680819720,0,0,0
61.681102740,0,0,1
61.681103380,0,1,1
61.681117910,0,1,0
61.681118550,0,0,0
61.699456870,1,0,0
61.706462790,0,0,0
61.706746270,0,0,1
61.706746650,0,1,1
61.706761470,0,1,0
61.706761770,0,0,0
61.725145180,1,0,0
61.732151190,0,0,0
61.732430750,0,1,0
61.732434810,0,1,1
61.732446000,0,0,1
61.732450020,0,0,0
61.750906690,1,0,0
61.757910960,0,0,0
61.758192190,0,1,0
61.758193060,0,1,1
61.758207380,0,0,1
61.758208210,0,0,0
61.776540190,1,0,0
61.783546290,0,0,0
61.783826570,0,0,1
61.783826730,0,1,1
61.783841710,0,1,0
61.783841900,0,0,0
61.802268380,1,0,0
61.809335320,0,0,0
61.809615210,0,1,0
61.809617740,0,1,1
61.809630360,0,0,1
61.809632920,0,0,0
61.827674770,1,0,0
61.834681050,0,0,0
61.834962640,0,0,1
61.834962750,0,1,1
61.834977840,0,1,0
61.834977900,0,0,0
61.853525710,1,0,0
61.860532150,0,0,0
61.860809650,0,1,0
61.860810950,0,1,1
61.860824900,0,0,1
61.860826180,0,0,0
61.878327880,1,0,0
61.885333770,0,0,0
61.885615310,0,0,1
61.885615360,0,1,1
61.885630410,0,1,0
61.885630500,0,0,0
61.904052380,1,0,0
61.911058170,0,0,0
61.911337390,0,0,1
61.911338830,0,1,1
61.911352540,0,1,0
61.911353980,0,0,0
61.929791030,1,0,0
61.936794380,0,0,0
61.937077290,0,0,1
61.937077440,0,1,1
61.937092580,0,1,0
61.937092690,0,0,0
61.955642700,1,0,0
61.962688220,0,0,0
61.962930630,0,0,1
61.962930670,0,1,1
61.962945810,0,1,0
61.962945980,0,0,0
61.981420050,1,0,0
61.988424720,0,0,0
61.988708360,0,0,1
61.988709000,0,1,1
61.988723630,0,1,0
61.988724330,0,0,0
62.006849930,1,0,0
62.013855930,0,0,0
62.014137350,0,1,0
62.014137610,0,1,1
62.014152580,0,0,1
62.014152780,0,0,0
62.032605640,1,0,0
62.039611100,0,0,0
62.039893160,0,1,0
62.039896080,0,1,1
62.039908410,0,0,1
62.039911300,0,0,0
62.058012970,1,0,0
62.065018890,0,0,0
62.065298270,0,0,1
62.065298290,0,1,1
62.065313430,0,1,0
62.065313450,0,0,0
62.081891170,1,0,0
62.088895730,0,0,0
62.089177540,0,1,0
62.089177750,0,1,1
62.089192760,0,0,1
62.089192950,0,0,0
62.107597500,1,0,0
62.114603130,0,0,0
62.114885230,0,1,0
62.114886370,0,1,1
62.114900410,0,0,1
62.114901580,0,0,0
62.132965150,1,0,0
62.139971320,0,0,0
62.140253450,0,1,0
62.140253900,0,1,1
62.140268640,0,0,1
62.140269140,0,0,0
62.158791320,1,0,0
62.165765340,0,0,0
62.166075220,0,1,0
62.166078070,0,1,1
62.166090390,0,0,1
62.166093270,0,0,0
62.183745000,1,0,0
62.190751610,0,0,0
62.191029070,0,0,1
62.191030240,0,1,1
62.191044250,0,1,0
62.191045470,0,0,0
62.209177460,1,0,0
62.216183400,0,0,0
62.216462780,0,0,1
62.216463660,0,1,1
62.216478030,0,1,0
62.216478890,0,0,0
62.234808270,1,0,0
62.241814010,0,0,0
62.242097080,0,1,0
62.242097640,0,1,1
62.242112200,0,0,1
62.242112910,0,0,0
62.260687920,1,0,0
62.267693930,0,0,0
62.267976180,0,0,1
62.267976600,0,1,1
62.267991410,0,1,0
62.267991780,0,0,0
62.286596800,1,0,0
62.293602800,0,0,0
62.293884430,0,0,1
62.293899600,0,0,0
62.293949220,0,1,0
62.293964340,0,0,0
62.312393620,1,0,0
62.319399580,0,0,0
62.319682120,0,1,0
62.319697360,0,0,0
62.319743400,0,0,1
62.319758690,0,0,0
62.338187970,1,0,0
62.345194020,0,0,0
62.345475570,0,1,0
62.345477320,0,1,1
62.345490940,0,0,1
62.345492420,0,0,0
62.362598090,1,0,0
62.369604070,0,0,0
62.369884690,0,0,1
62.369885110,0,1,1
62.369899820,0,1,0
62.369900320,0,0,0
62.386315620,1,0,0
62.393321690,0,0,0
62.393602410,0,1,0
62.393602740,0,1,1
62.393617590,0,0,1
62.393618020,0,0,0
62.412120960,1,0,0
62.419127040,0,0,0
62.419405860,0,1,0
62.419407570,0,1,1
62.419421050,0,0,1
62.419422800,0,0,0
62.437930520,1,0,0
62.444936820,0,0,0
62.445219220,0,1,0
62.445220200,0,1,1
62.445234400,0,0,1
62.445235280,0,0,0
62.463643520,1,0,0
62.470647990,0,0,0
62.470927610,0,1,0
62.470929450,0,1,1
62.470942780,0,0,1
62.470944600,0,0,0
62.489420490,1,0,0
62.496426650,0,0,0
62.496706110,0,1,0
62.496707020,0,1,1
62.496721360,0,0,1
62.496722270,0,0,0
62.515054510,1,0,0
62.522059530,0,0,0
62.522340300,0,1,0
62.522341270,0,1,1
62.522355440,0,0,1
62.522356520,0,0,0
62.540789880,1,0,0
62.547795850,0,0,0
62.548077960,0,1,0
62.548079770,0,1,1
62.548093170,0,0,1
62.548094960,0,0,0
62.566000090,1,0,0
62.573006590,0,0,0
62.573287090,0,1,0
62.573287940,0,1,1
62.573302270,0,0,1
62.573303040,0,0,0
62.591121150,1,0,0
62.598127240,0,0,0
62.598410520,0,1,0
62.598411650,0,1,1
62.598425860,0,0,1
62.598426980,0,0,0
62.616694650,1,0,0
62.623698720,0,0,0
62.623979220,0,0,1
62.623984060,0,1,1
62.623994380,0,1,0
62.623999130,0,0,0
62.641333480,1,0,0
62.648342070,0,0,0
62.648615970,0,0,1
62.648622340,0,1,1
62.648631300,0,1,0
62.648637630,0,0,0
62.666932130,1,0,0
62.673938400,0,0,0
62.674220690,0,1,0
62.674221970,0,1,1
62.674236040,0,0,1
62.674237120,0,0,0
62.692793030,1,0,0
62.699798720,0,0,0
62.700080480,0,0,1
62.700095620,0,0,0
62.700120580,0,1,0
62.700135730,0,0,0
62.718276550,1,0,0
62.725281490,0,0,0
62.725561560,0,1,0
62.725562540,0,1,1
62.725576890,0,0,1
62.725577710,0,0,0
62.743315130,1,0,0
62.750319940,0,0,0
62.750599730,0,0,1
62.750601040,0,1,1
62.750615000,0,1,0
62.750616190,0,0,0
62.768146560,1,0,0
62.775152480,0,0,0
62.775431770,0,1,0
62.775435900,0,1,1
62.775447020,0,0,1
62.775451040,0,0,0
62.793234790,1,0,0
62.800243170,0,0,0
62.800489980,0,0,1
62.800505320,0,0,0
62.800521830,0,1,0
62.800537120,0,0,0
62.818202970,1,0,0
62.825208960,0,0,0
62.825490120,0,1,0
62.825492530,0,1,1
62.825505520,0,0,1
62.825507760,0,0,0
62.843256890,1,0,0
62.850262680,0,0,0
62.850544480,0,1,0
62.850546160,0,1,1
62.850559700,0,0,1
62.850561300,0,0,0
62.867762260,1,0,0
62.874768360,0,0,0
62.875046830,0,1,0
62.875048740,0,1,1
62.875062040,0,0,1
62.875063990,0,0,0
62.891762580,1,0,0
62.898768520,0,0,0
62.899047910,0,0,1
62.899051190,0,1,1
62.899063140,0,1,0
62.899066310,0,0,0
62.917521730,1,0,0
62.924580340,0,0,0
62.924809710,0,1,0
62.924810600,0,1,1
62.924825060,0,0,1
62.924825700,0,0,0
62.943000860,1,0,0
62.950006770,0,0,0
62.950288180,0,1,0
62.950288710,0,1,1
62.950303430,0,0,1
62.950303870,0,0,0
62.967584230,1,0,0
62.974590310,0,0,0
62.974870060,0,1,0
62.974871980,0,1,1
62.974885310,0,0,1
62.974887250,0,0,0
62.991187920,1,0,0
62.998196090,0,0,0
62.998474870,0,1,0
62.998476580,0,1,1
62.998490060,0,0,1
62.998491770,0,0,0
63.016699130,1,0,0
63.023705490,0,0,0
63.023984150,0,0,1
63.023986770,0,1,1
63.023999290,0,1,0
63.024002020,0,0,0
63.042538430,1,0,0
63.049542870,0,0,0
63.049825370,0,1,0
63.049827670,0,1,1
63.049840580,0,0,1
63.049842900,0,0,0
63.068212550,1,0,0
63.075215300,0,0,0
63.075498740,0,1,0
63.075501990,0,1,1
63.075513890,0,0,1
63.075517260,0,0,0
63.091833020,1,0,0
63.098838830,0,0,0
63.099118450,0,1,0
63.099120610,0,1,1
63.099133720,0,0,1
63.099135840,0,0,0
63.115991570,1,0,0
63.122997740,0,0,0
63.123276850,0,1,0
63.123278860,0,1,1
63.123292100,0,0,1
63.123293970,0,0,0
63.141873290,1,0,0
63.148879120,0,0,0
63.149155100,0,1,0
63.149162410,0,1,1
63.149170260,0,0,1
63.149177550,0,0,0
63.167027220,1,0,0
63.174033330,0,0,0
63.174312850,0,1,0
63.174328030,0,0,0
63.174362330,0,0,1
63.174377490,0,0,0
63.190651960,1,0,0
63.197658270,0,0,0
63.197936870,0,0,1
63.197941850,0,1,1
63.197951970,0,1,0
63.197957050,0,0,0
63.216154770,1,0,0
63.223161070,0,0,0
63.223439510,0,1,0
63.223442500,0,1,1
63.223454800,0,0,1
63.223457790,0,0,0
63.241252940,1,0,0
63.248255980,0,0,0
63.248537830,0,1,0
63.248543460,0,1,1
63.248552990,0,0,1
63.248558620,0,0,0
63.265115720,1,0,0
63.272120240,0,0,0
63.272401390,0,1,0
63.272404420,0,1,1
63.272416590,0,0,1
63.272419600,0,0,0
63.288767660,1,0,0
63.295773830,0,0,0
63.296052080,0,0,1
63.296055560,0,1,1
63.296067350,0,1,0
63.296070780,0,0,0
63.314588080,1,0,0
63.321594190,0,0,0
63.321874140,0,1,0
63.321876520,0,1,1
63.321889350,0,0,1
63.321891690,0,0,0
63.340335400,1,0,0
63.347343980,0,0,0
63.347622370,0,1,0
63.347624780,0,1,1
63.347637570,0,0,1
63.347640020,0,0,0
63.366090380,1,0,0
63.373095940,0,0,0
63.373373300,0,1,0
63.373377450,0,1,1
63.373392690,0,1,0
63.373453550,0,0,0
63.390682060,1,0,0
63.397688020,0,0,0
63.397967990,0,1,0
63.397972050,0,1,1
63.397983110,0,0,1
63.397987380,0,0,0
63.414912530,1,0,0
63.421918260,0,0,0
63.422197620,0,1,0
63.422199370,0,1,1
63.422212860,0,0,1
63.422214590,0,0,0
63.440386030,1,0,0
63.447392120,0,0,0
63.447672600,0,0,1
63.447674800,0,1,1
63.447687890,0,1,0
63.447690010,0,0,0
63.465890910,1,0,0
63.472896850,0,0,0
63.473176220,0,0,1
63.473179530,0,1,1
63.473191450,0,1,0
63.473194680,0,0,0
63.489729520,1,0,0
63.496735480,0,0,0
63.497015480,0,0,1
63.497017740,0,1,1
63.497030660,0,1,0
63.497032880,0,0,0
63.515395320,1,0,0
63.522400860,0,0,0
63.522680300,0,1,0
63.522682690,0,1,1
63.522695590,0,0,1
63.522697960,0,0,0
63.541099990,1,0,0
63.548106280,0,0,0
63.548370230,0,0,1
63.548385400,0,0,0
63.548389610,0,1,0
63.548404780,0,0,0
63.566894570,1,0,0
63.573900570,0,0,0
63.574180940,0,0,1
63.574182070,0,1,1
63.574196130,0,1,0
63.574197270,0,0,0
63.592297470,1,0,0
63.599306010,0,0,0
63.599582940,0,0,1
63.599585530,0,1,1
63.599598050,0,1,0
63.599600750,0,0,0
63.618094450,1,0,0
63.625100660,0,0,0
63.625382190,0,1,0
63.625382840,0,1,1
63.625397420,0,0,1
63.625398090,0,0,0
63.643217200,1,0,0
63.650223070,0,0,0
63.650503110,0,1,0
63.650506030,0,1,1
63.650518340,0,0,1
63.650521360,0,0,0
63.668208880,1,0,0
63.675215220,0,0,0
63.675493620,0,0,1
63.675494130,0,1,1
63.675508820,0,1,0
63.675509330,0,0,0
63.692272750,1,0,0
63.699278330,0,0,0
63.699560540,0,0,1
63.699569650,0,1,1
63.699575740,0,1,0
63.699584850,0,0,0
63.718035540,1,0,0
63.725040000,0,0,0
63.725320660,0,0,1
63.725322440,0,1,1
63.725335950,0,1,0
63.725337640,0,0,0
63.743185960,1,0,0
63.750194230,0,0,0
63.750470250,0,1,0
63.750474080,0,1,1
63.750485560,0,0,1
63.750489290,0,0,0
63.768079270,1,0,0
63.775085370,0,0,0
63.775365370,0,1,0
63.775368400,0,1,1
63.775380560,0,0,1
63.775383690,0,0,0
63.792526150,1,0,0
63.799532220,0,0,0
63.799810860,0,0,1
63.799813650,0,1,1
63.799826120,0,1,0
63.799828870,0,0,0
63.818439600,1,0,0
63.825445540,0,0,0
63.825724460,0,1,0
63.825725380,0,1,1
63.825739730,0,0,1
63.825740500,0,0,0
63.842028250,1,0,0
63.849087020,0,0,0
63.849315230,0,1,0
63.849317710,0,1,1
63.849330290,0,0,1
63.849332960,0,0,0
63.867819540,1,0,0
63.874825820,0,0,0
63.875107130,0,0,1
63.875107640,0,1,1
63.875122440,0,1,0
63.875122870,0,0,0
63.892407770,1,0,0
63.899413580,0,0,0
63.899694370,0,1,0
63.899695450,0,1,1
63.899709580,0,0,1
63.899710670,0,0,0
63.916079320,1,0,0
63.923085530,0,0,0
63.923365730,0,1,0
63.923368910,0,1,1
63.923381020,0,0,1
63.923384130,0,0,0
63.941867990,1,0,0
63.948874160,0,0,0
63.949153890,0,1,0
63.949156490,0,1,1
63.949169010,0,0,1
63.949171780,0,0,0
63.967222840,1,0,0
63.974228950,0,0,0
63.974509470,0,0,1
63.974512230,0,1,1
63.974524740,0,1,0
63.974527470,0,0,0
63.992867590,1,0,0
63.999873680,0,0,0
64.000153310,0,0,1
64.000155660,0,1,1
64.000168410,0,1,0
64.000170850,0,0,0
64.020290040,1,0,0
64.027294440,0,0,0
64.027576400,0,0,1
64.027578010,0,1,1
64.027591540,0,1,0
64.027593140,0,0,0
64.044252200,1,0,0
64.051254770,0,0,0
64.051536760,0,1,0
64.051541020,0,1,1
64.051552010,0,0,1
64.051556230,0,0,0
64.070106100,1,0,0
64.077112160,0,0,0
64.077390890,0,1,0
64.077394480,0,1,1
64.077406010,0,0,1
64.077409630,0,0,0
64.094402340,1,0,0
64.101408430,0,0,0
64.101688090,0,0,1
64.101689100,0,1,1
64.101703290,0,1,0
64.101704300,0,0,0
64.118972250,1,0,0
64.125978110,0,0,0
64.126260610,0,0,1
64.126261700,0,1,1
64.126275730,0,1,0
64.126276910,0,0,0
64.144133190,1,0,0
64.151137440,0,0,0
64.151418900,0,0,1
64.151419890,0,1,1
64.151434190,0,1,0
64.151435010,0,0,0
64.170019380,1,0,0
64.177025230,0,0,0
64.177301910,0,1,0
64.177308240,0,1,1
64.177317150,0,0,1
64.177323420,0,0,0
64.195695550,1,0,0
64.202701300,0,0,0
64.202981950,0,0,1
64.202982840,0,1,1
64.202997200,0,1,0
64.202997980,0,0,0
64.220279560,1,0,0
64.227285750,0,0,0
64.227564310,0,0,1
64.227566260,0,1,1
64.227579510,0,1,0
64.227581550,0,0,0
64.244217930,1,0,0
64.251223910,0,0,0
64.251503700,0,0,1
64.251504650,0,1,1
64.251518890,0,1,0
64.251519940,0,0,0
64.268220480,1,0,0
64.275226380,0,0,0
64.275507050,0,1,0
64.275507120,0,1,1
64.275522260,0,0,1
64.275522330,0,0,0
64.291862200,1,0,0
64.298867990,0,0,0
64.299148840,0,1,0
64.299149640,0,1,1
64.299164070,0,0,1
64.299164910,0,0,0
64.317567680,1,0,0
64.324632930,0,0,0
64.324846920,0,1,0
64.324853060,0,1,1
64.324862150,0,0,1
64.324868180,0,0,0
64.343429370,1,0,0
64.350435520,0,0,0
64.350716400,0,0,1
64.350718230,0,1,1
64.350731620,0,1,0
64.350733460,0,0,0
64.369397220,1,0,0
64.376403480,0,0,0
64.376685540,0,1,0
64.376685630,0,1,1
64.376700830,0,0,1
64.376700960,0,0,0
64.394774810,1,0,0
64.401779390,0,0,0
64.402060000,0,1,0
64.402064300,0,1,1
64.402075150,0,0,1
64.402079590,0,0,0
64.418153190,1,0,0
64.425159130,0,0,0
64.425441940,0,0,1
64.425443460,0,1,1
64.425457090,0,1,0
64.425458650,0,0,0
64.442465740,1,0,0
64.449474180,0,0,0
64.449751090,0,0,1
64.449751630,0,1,1
64.449766230,0,1,0
64.449766880,0,0,0
64.467328390,1,0,0
64.474281780,0,0,0
64.474613820,0,0,1
64.474615270,0,1,1
64.474628970,0,1,0
64.474630440,0,0,0
64.491188230,1,0,0
64.498192840,0,0,0
64.498471110,0,1,0
64.498477910,0,1,1
64.498486370,0,0,1
64.498493200,0,0,0
64.516159020,1,0,0
64.523164810,0,0,0
64.523445590,0,0,1
64.523447040,0,1,1
64.523460720,0,1,0
64.523462290,0,0,0
64.541701790,1,0,0
64.548707750,0,0,0
64.548987310,0,0,1
64.548989460,0,1,1
64.549002470,0,1,0
64.549004640,0,0,0
64.567526690,1,0,0
64.574532770,0,0,0
64.574812470,0,0,1
64.574813600,0,1,1
64.574827580,0,1,0
64.574828850,0,0,0
64.592400480,1,0,0
64.599406690,0,0,0
64.599686390,0,1,0
64.599686870,0,1,1
64.599701580,0,0,1
64.599701990,0,0,0
64.617697810,1,0,0
64.624702500,0,0,0
64.624983850,0,0,1
64.624985500,0,1,1
64.624999140,0,1,0
64.625000760,0,0,0
64.643175850,1,0,0
64.650180330,0,0,0
64.650462930,0,1,0
64.650463610,0,1,1
64.650478120,0,0,1
64.650478730,0,0,0
64.667378650,1,0,0
64.674382990,0,0,0
64.674666430,0,1,0
64.674667090,0,1,1
64.674681560,0,0,1
64.674682250,0,0,0
64.690890160,1,0,0
64.697896190,0,0,0
64.698172900,0,0,1
64.698175620,0,1,1
64.698188060,0,1,0
64.698190810,0,0,0
64.716650810,1,0,0
64.723657000,0,0,0
64.723938030,0,0,1
64.723939160,0,1,1
64.723953190,0,1,0
64.723954350,0,0,0
64.740651900,1,0,0
64.747656740,0,0,0
64.747936810,0,1,0
64.747941210,0,1,1
64.747951870,0,0,1
64.747956380,0,0,0
64.765800630,1,0,0
64.772804510,0,0,0
64.773085900,0,0,1
64.773090850,0,1,1
64.773101170,0,1,0
64.773106100,0,0,0
64.791623110,1,0,0
64.798631550,0,0,0
64.798908360,0,0,1
64.798909200,0,1,1
64.798923570,0,1,0
64.798924450,0,0,0
64.817423490,1,0,0
64.824429780,0,0,0
64.824711870,0,0,1
64.824712870,0,1,1
64.824727010,0,1,0
64.824728090,0,0,0
64.843211830,1,0,0
64.850217790,0,0,0
64.850499820,0,1,0
64.850501290,0,1,1
64.850514990,0,0,1
64.850516510,0,0,0
64.867632320,1,0,0
64.874638450,0,0,0
64.874918490,0,1,0
64.874919720,0,1,1
64.874933670,0,0,1
64.874934990,0,0,0
64.891540520,1,0,0
64.898546500,0,0,0
64.898826870,0,0,1
64.898827820,0,1,1
64.898842120,0,1,0
64.898843030,0,0,0
64.917333620,1,0,0
64.924339210,0,0,0
64.924618760,0,1,0
64.924621580,0,1,1
64.924634010,0,0,1
64.924636810,0,0,0
64.943044440,1,0,0
64.950050480,0,0,0
64.950329690,0,1,0
64.950334810,0,1,1
64.950344840,0,0,1
64.950350020,0,0,0
64.969011040,1,0,0
64.976016840,0,0,0
64.976295690,0,1,0
64.976298210,0,1,1
64.976310860,0,0,1
64.976313460,0,0,0
64.994601230,1,0,0
65.001605650,0,0,0
65.001885960,0,0,1
65.001890690,0,1,1
65.001901210,0,1,0
65.001905860,0,0,0
65.019876040,1,0,0
65.026882320,0,0,0
65.027162860,0,0,1
65.027164900,0,1,1
65.027178190,0,1,0
65.027180080,0,0,0
65.045569920,1,0,0
65.052574570,0,0,0
65.052857290,0,1,0
65.052858740,0,1,1
65.052872540,0,0,1
65.052873880,0,0,0
65.071336380,1,0,0
65.078342510,0,0,0
65.078621100,0,0,1
65.078625730,0,1,1
65.078636360,0,1,0
65.078640910,0,0,0
65.097087720,1,0,0
65.104093930,0,0,0
65.104374270,0,1,0
65.104375830,0,1,1
65.104389540,0,0,1
65.104390930,0,0,0
65.122852510,1,0,0
65.129860470,0,0,0
65.130138560,0,1,0
65.130138950,0,1,1
65.130153740,0,0,1
65.130154060,0,0,0
65.147525110,1,0,0
65.154592530,0,0,0
65.154870890,0,1,0
65.154872580,0,1,1
65.154886080,0,0,1
65.154887790,0,0,0
65.171841160,1,0,0
65.178847080,0,0,0
65.179129410,0,1,0
65.179130910,0,1,1
65.179144540,0,0,1
65.179146120,0,0,0
65.196858890,1,0,0
65.203864870,0,0,0
65.204114350,0,0,1
65.204129580,0,0,0
65.204148660,0,1,0
65.204163800,0,0,0
65.222711250,1,0,0
65.229715640,0,0,0
65.229996920,0,0,1
65.229996990,0,1,1
65.230012060,0,1,0
65.230012070,0,0,0
65.246525610,1,0,0
65.253531800,0,0,0
65.253810510,0,1,0
65.253811150,0,1,1
65.253825800,0,0,1
65.253826400,0,0,0
65.271454460,1,0,0
65.278460250,0,0,0
65.278743780,0,1,0
65.278759050,0,0,0
65.278804690,0,0,1
65.278819900,0,0,0
65.296831330,1,0,0
65.303837440,0,0,0
65.304117010,0,1,0
65.304118110,0,1,1
65.304132280,0,0,1
65.304133340,0,0,0
65.322582290,1,0,0
65.329588380,0,0,0
65.329870720,0,1,0
65.329870800,0,1,1
65.329885920,0,0,1
65.329886010,0,0,0
65.346213450,1,0,0
65.353219740,0,0,0
65.353504070,0,1,0
65.353519340,0,0,0
65.353565090,0,0,1
65.353580380,0,0,0
65.369972230,1,0,0
65.376976610,0,0,0
65.377257340,0,1,0
65.377258360,0,1,1
65.377272610,0,0,1
65.377273650,0,0,0
65.394211600,1,0,0
65.401217640,0,0,0
65.401496860,0,0,1
65.401499720,0,1,1
65.401512200,0,1,0
65.401514990,0,0,0
65.418297520,1,0,0
65.425303590,0,0,0
65.425584360,0,0,1
65.425599470,0,0,0
65.441904890,1,0,0
65.448910830,0,0,0
65.449192450,0,1,0
65.449192490,0,1,1
65.449207700,0,1,0
65.449207740,0,0,0
65.467254990,1,0,0
65.474261080,0,0,0
65.474539950,0,1,0
65.474542140,0,1,1
65.474555130,0,0,1
65.474557320,0,0,0
65.493071390,1,0,0
65.500077180,0,0,0
65.500359740,0,0,1
65.500374930,0,0,0
65.500422720,0,1,0
65.500437920,0,0,0
65.517087420,1,0,0
65.524092340,0,0,0
65.524376630,0,1,0
65.524391780,0,0,0
65.524435720,0,0,1
65.524450990,0,0,0
65.542790050,1,0,0
65.549796050,0,0,0
65.550076070,0,1,0
65.550077540,0,1,1
65.550091300,0,0,1
65.550092750,0,0,0
65.567731810,1,0,0
65.574737750,0,0,0
65.575019460,0,1,0
65.575021060,0,1,1
65.575034670,0,0,1
65.575036250,0,0,0
65.593521460,1,0,0
65.600527530,0,0,0
65.600807980,0,1,0
65.600808380,0,1,1
65.600823230,0,0,1
65.600823600,0,0,0
65.618672840,1,0,0
65.625677460,0,0,0
65.625939150,0,0,1
65.625954400,0,0,0
65.625958710,0,1,0
65.625973960,0,0,0
65.642384700,1,0,0
65.649390800,0,0,0
65.649670440,0,0,1
65.649674570,0,1,1
65.649685670,0,1,0
65.649689770,0,0,0
65.666656190,1,0,0
65.673660300,0,0,0
65.673943110,0,1,0
65.673958350,0,0,0
65.674010000,0,0,1
65.674025290,0,0,0
65.691241040,1,0,0
65.698246020,0,0,0
65.698525610,0,1,0
65.698527960,0,1,1
65.698540750,0,0,1
65.698543250,0,0,0
65.714855190,1,0,0
65.721859880,0,0,0
65.722118610,0,0,1
65.722133630,0,0,0
65.722143730,0,1,0
65.722159000,0,0,0
65.740313440,1,0,0
65.747319380,0,0,0
65.747599090,0,0,1
65.747602330,0,1,1
65.747614400,0,1,0
65.747617460,0,0,0
65.765091750,1,0,0
65.772096230,0,0,0
65.772378380,0,0,1
65.772381620,0,1,1
65.772393530,0,1,0
65.772396870,0,0,0
65.789110110,1,0,0
65.796114620,0,0,0
65.796396160,0,0,1
65.796399890,0,1,1
65.796411240,0,1,0
65.796415100,0,0,0
65.814006440,1,0,0
65.821012260,0,0,0
65.821293350,0,1,0
65.821295200,0,1,1
65.821308580,0,0,1
65.821310450,0,0,0
65.839385750,1,0,0
65.846391780,0,0,0
65.846670910,0,1,0
65.846672740,0,1,1
65.846686060,0,0,1
65.846687950,0,0,0
65.864972800,1,0,0
65.871979110,0,0,0
65.872259160,0,1,0
65.872261290,0,1,1
65.872274470,0,0,1
65.872276550,0,0,0
65.890827710,1,0,0
65.897833820,0,0,0
65.898111180,0,1,0
65.898114270,0,1,1
65.898126410,0,0,1
65.898129520,0,0,0
65.916584630,1,0,0
65.923590570,0,0,0
65.923872140,0,1,0
65.923874140,0,1,1
65.923887240,0,0,1
65.923889330,0,0,0
65.942153860,1,0,0
65.949160070,0,0,0
65.949385760,0,1,0
65.949401010,0,0,0
65.949441690,0,0,1
65.949456960,0,0,0
65.967657280,1,0,0
65.974663090,0,0,0
65.974941450,0,1,0
65.974945920,0,1,1
65.974956630,0,0,1
65.974961040,0,0,0
65.993734970,1,0,0
66.000740550,0,0,0
66.001022400,0,1,0
66.001024280,0,1,1
66.001037650,0,0,1
66.001039460,0,0,0
66.017696420,1,0,0
66.024700440,0,0,0
66.024980280,0,0,1
66.024984440,0,1,1
66.024995380,0,1,0
66.024999670,0,0,0
66.043439290,1,0,0
66.050505130,0,0,0
66.050721590,0,1,0
66.050725340,0,1,1
66.050736730,0,0,1
66.050740570,0,0,0
66.069144940,1,0,0
66.076149320,0,0,0
66.076428800,0,0,1
66.076431210,0,1,1
66.076444030,0,1,0
66.076446360,0,0,0
66.095267070,1,0,0
66.102270260,0,0,0
66.102553280,0,0,1
66.102555920,0,1,1
66.102568450,0,1,0
66.102571080,0,0,0
66.120588190,1,0,0
66.127591110,0,0,0
66.127874250,0,1,0
66.127875240,0,1,1
66.127889410,0,0,1
66.127890390,0,0,0
66.145972210,1,0,0
66.152978530,0,0,0
66.153256690,0,1,0
66.153260020,0,1,1
66.153271930,0,0,1
66.153275180,0,0,0
66.171394310,1,0,0
66.178400440,0,0,0
66.178680290,0,1,0
66.178682460,0,1,1
66.178695450,0,0,1
66.178697790,0,0,0
66.197402090,1,0,0
66.204408210,0,0,0
66.204686890,0,1,0
66.204691870,0,1,1
66.204702100,0,0,1
66.204707120,0,0,0
66.222735340,1,0,0
66.229741150,0,0,0
66.230023060,0,1,0
66.230024670,0,1,1
66.230038240,0,0,1
66.230039850,0,0,0
66.247397790,1,0,0
66.254403750,0,0,0
66.254683730,0,0,1
66.254684870,0,1,1
66.254698900,0,1,0
66.254700110,0,0,0
66.271746400,1,0,0
66.278749240,0,0,0
66.279032320,0,0,1
66.279033430,0,1,1
66.279047580,0,1,0
66.279048760,0,0,0
66.296944760,1,0,0
66.303948840,0,0,0
66.304229630,0,0,1
66.304233010,0,1,1
66.304248200,0,0,1
66.304309190,0,0,0
66.321390480,1,0,0
66.328395020,0,0,0
66.328679170,0,0,1
66.328694360,0,0,0
66.328742050,0,1,0
66.328757340,0,0,0
66.347009080,1,0,0
66.354015250,0,0,0
66.354294820,0,1,0
66.354297570,0,1,1
66.354310090,0,0,1
66.354312730,0,0,0
66.372361520,1,0,0
66.379365850,0,0,0
66.379647340,0,1,0
66.379650990,0,1,1
66.379662510,0,0,1
66.379666240,0,0,0
66.398212540,1,0,0
66.405218710,0,0,0
66.405498570,0,0,1
66.405501760,0,1,1
66.405513780,0,1,0
66.405516960,0,0,0
66.422498700,1,0,0
66.429504720,0,0,0
66.429784880,0,1,0
66.429787030,0,1,1
66.429800090,0,0,1
66.429802320,0,0,0
66.448068030,1,0,0
66.455073780,0,0,0
66.455353550,0,1,0
66.455356180,0,1,1
66.455368770,0,0,1
66.455371430,0,0,0
66.471534350,1,0,0
66.478540460,0,0,0
66.478817010,0,0,1
66.478821780,0,1,1
66.478832260,0,1,0
66.478837060,0,0,0
66.497386060,1,0,0
66.504392150,0,0,0
66.504672270,0,0,1
66.504673980,0,1,1
66.504687450,0,1,0
66.504689250,0,0,0
66.521877820,1,0,0
66.528884120,0,0,0
66.529163750,0,1,0
66.529165770,0,1,1
66.529179100,0,0,1
66.529180990,0,0,0
66.546411360,1,0,0
66.553417130,0,0,0
66.553695730,0,1,0
66.553700080,0,1,1
66.553710920,0,0,1
66.553715290,0,0,0
66.571425900,1,0,0
66.578432000,0,0,0
66.578713600,0,0,1
66.578715250,0,1,1
66.578728750,0,1,0
66.578730410,0,0,0
66.597136770,1,0,0
66.604142540,0,0,0
66.604421080,0,0,1
66.604423040,0,1,1
66.604436330,0,1,0
66.604438160,0,0,0
66.622894520,1,0,0
66.629900540,0,0,0
66.630126820,0,0,1
66.630142040,0,0,0
66.630182200,0,1,0
66.630197410,0,0,0
66.647665890,1,0,0
66.654690850,0,0,0
66.654952710,0,0,1
66.654955580,0,1,1
66.654967860,0,1,0
66.654970780,0,0,0
66.673401660,1,0,0
66.680407060,0,0,0
66.680688850,0,1,0
66.680692280,0,1,1
66.680704030,0,0,1
66.680707460,0,0,0
66.697436110,1,0,0
66.704441990,0,0,0
66.704722470,0,1,0
66.704725530,0,1,1
66.704737680,0,0,1
66.704740780,0,0,0
66.721172200,1,0,0
66.728174850,0,0,0
66.728458190,0,0,1
66.728459830,0,1,1
66.728473400,0,1,0
66.728475030,0,0,0
66.746986100,1,0,0
66.753994640,0,0,0
66.754272430,0,0,1
66.754273180,0,1,1
66.754287690,0,1,0
66.754288420,0,0,0
66.771517630,1,0,0
66.778523180,0,0,0
66.778806070,0,0,1
66.778807530,0,1,1
66.778821170,0,1,0
66.778822670,0,0,0
66.796391940,1,0,0
66.803397880,0,0,0
66.803678550,0,0,1
66.803681090,0,1,1
66.803693740,0,1,0
66.803696340,0,0,0
66.822126500,1,0,0
66.829132630,0,0,0
66.829412890,0,0,1
66.829413340,0,1,1
66.829428220,0,1,0
66.829428480,0,0,0
66.847892610,1,0,0
66.854898590,0,0,0
66.855176480,0,1,0
66.855181350,0,1,1
66.855191730,0,0,1
66.855196470,0,0,0
66.871389740,1,0,0
66.878394050,0,0,0
66.878675230,0,1,0
66.878679720,0,1,1
66.878690290,0,0,1
66.878694890,0,0,0
66.897175760,1,0,0
66.904181830,0,0,0
66.904463140,0,0,1
66.904463290,0,1,1
66.904478410,0,1,0
66.904478440,0,0,0
66.922376030,1,0,0
66.929382200,0,0,0
66.929661460,0,0,1
66.929663000,0,1,1
66.929676720,0,1,0
66.929678250,0,0,0
66.946607250,1,0,0
66.953613150,0,0,0
66.953894120,0,0,1
66.953909290,0,0,0
66.953960560,0,1,0
66.953975710,0,0,0
66.972436100,1,0,0
66.979441980,0,0,0
66.979722650,0,0,1
66.979724600,0,1,1
66.979737850,0,1,0
66.979739810,0,0,0
66.997394370,1,0,0
67.004400370,0,0,0
67.004681880,0,0,1
67.004682100,0,1,1
67.004696980,0,1,0
67.004697290,0,0,0
67.023059330,1,0,0
67.030065480,0,0,0
67.030345440,0,0,1
67.030345680,0,1,1
67.030360630,0,1,0
67.030360970,0,0,0
67.047138220,1,0,0
67.054144360,0,0,0
67.054422480,0,0,1
67.054424850,0,1,1
67.054437730,0,1,0
67.054440030,0,0,0
67.071454690,1,0,0
67.078460770,0,0,0
67.078743240,0,1,0
67.078758570,0,0,0
67.078802900,0,0,1
67.078818040,0,0,0
67.096420700,1,0,0
67.103426580,0,0,0
67.103705630,0,0,1
67.103713530,0,1,1
67.103720880,0,1,0
67.103728700,0,0,0
67.120620460,1,0,0
67.127625760,0,0,0
67.127909050,0,1,0
67.127909190,0,1,1
67.127924250,0,1,0
67.127924260,0,0,0
67.145667980,1,0,0
67.152674020,0,0,0
67.152952140,0,1,0
67.152957630,0,1,1
67.152967240,0,0,1
67.152972880,0,0,0
67.171394580,1,0,0
67.178400690,0,0,0
67.178679610,0,0,1
67.178681760,0,1,1
67.178694900,0,1,0
67.178696920,0,0,0
67.197378170,1,0,0
67.204384150,0,0,0
67.204661950,0,0,1
67.204664240,0,1,1
67.204677220,0,1,0
67.204679400,0,0,0
67.221209890,1,0,0
67.228215780,0,0,0
67.228475160,0,0,1
67.228490320,0,0,0
67.228498610,0,1,0
67.228513840,0,0,0
67.246977640,1,0,0
67.253983660,0,0,0
67.254265260,0,0,1
67.254266190,0,1,1
67.254280410,0,1,0
67.254281380,0,0,0
67.272386410,1,0,0
67.279392320,0,0,0
67.279673020,0,1,0
67.279675000,0,1,1
67.279688310,0,0,1
67.279690220,0,0,0
67.297955030,1,0,0
67.304961220,0,0,0
67.305242290,0,0,1
67.305243730,0,1,1
67.305257450,0,1,0
67.305258940,0,0,0
67.322557110,1,0,0
67.329562940,0,0,0
67.329847190,0,1,0
67.329862350,0,0,0
67.329896140,0,0,1
67.329911410,0,0,0
67.348161380,1,0,0
67.355167460,0,0,0
67.355449270,0,1,0
67.355450100,0,1,1
67.355464410,0,0,1
67.355465290,0,0,0
67.371850240,1,0,0
67.378853160,0,0,0
67.379138000,0,1,0
67.379138560,0,1,1
67.379153200,0,0,1
67.379153770,0,0,0
67.395521410,1,0,0
67.402546250,0,0,0
67.402807060,0,0,1
67.402822180,0,0,0
67.402873100,0,1,0
67.402888310,0,0,0
67.421290290,1,0,0
67.428296580,0,0,0
67.428574980,0,1,0
67.428580380,0,1,1
67.428590120,0,0,1
67.428595560,0,0,0
67.445568930,1,0,0
67.452572110,0,0,0
67.452853370,0,1,0
67.452864670,0,1,1
67.452868490,0,0,1
67.452879920,0,0,0
67.469698020,1,0,0
67.476703810,0,0,0
67.476982640,0,1,0
67.476987250,0,1,1
67.476997780,0,0,1
67.477002400,0,0,0
67.495526980,1,0,0
67.502533110,0,0,0
67.502814980,0,0,1
67.502815160,0,1,1
67.502830210,0,1,0
67.502830260,0,0,0
67.521133460,1,0,0
67.528139580,0,0,0
67.528419050,0,0,1
67.528419470,0,1,1
67.528434300,0,1,0
67.528434680,0,0,0
67.546407520,1,0,0
67.553413290,0,0,0
67.553692570,0,1,0
67.553697570,0,1,1
67.553707800,0,0,1
67.553712710,0,0,0
67.571528990,1,0,0
67.578534890,0,0,0
67.578813450,0,0,1
67.578815240,0,1,1
67.578828670,0,1,0
67.578830440,0,0,0
67.596394900,1,0,0
67.603401240,0,0,0
67.603684510,0,1,0
67.603684590,0,1,1
67.603699710,0,0,1
67.603699760,0,0,0
67.621397000,1,0,0
67.628402670,0,0,0
67.628682970,0,0,1
67.628683050,0,1,1
67.628698190,0,0,1
67.628698260,0,0,0
67.647141900,1,0,0
67.654147730,0,0,0
67.654430220,0,0,1
67.654431460,0,1,1
67.654445430,0,1,0
67.654446650,0,0,0
67.672668060,1,0,0
67.679673670,0,0,0
67.679954020,0,0,1
67.679954750,0,1,1
67.679969240,0,1,0
67.679970060,0,0,0
67.698026270,1,0,0
67.705035020,0,0,0
67.705312250,0,0,1
67.705312910,0,1,1
67.705327310,0,1,0
67.705328140,0,0,0
67.723817870,1,0,0
67.730822310,0,0,0
67.731105640,0,1,0
67.731106600,0,1,1
67.731120910,0,0,1
67.731121830,0,0,0
67.749623960,1,0,0
67.756629790,0,0,0
67.756908770,0,0,1
67.756909950,0,1,1
67.756924020,0,1,0
67.756925240,0,0,0
67.775305480,1,0,0
67.782311400,0,0,0
67.782593260,0,1,0
67.782593440,0,1,1
67.782608430,0,0,1
67.782608730,0,0,0
67.799039820,1,0,0
67.806044260,0,0,0
67.806320030,0,1,0
67.806326810,0,1,1
67.806335200,0,0,1
67.806342060,0,0,0
67.824898280,1,0,0
67.831904490,0,0,0
67.832183890,0,1,0
67.832184590,0,1,1
67.832199010,0,0,1
67.832199690,0,0,0
67.850547680,1,0,0
67.857553240,0,0,0
67.857832880,0,0,1
67.857833550,0,1,1
67.857848130,0,1,0
67.857848800,0,0,0
67.876304240,1,0,0
67.883308840,0,0,0
67.883591990,0,1,0
67.883592260,0,1,1
67.883607210,0,0,1
67.883607500,0,0,0
67.900696250,1,0,0
67.907699670,0,0,0
67.907985190,0,1,0
67.907985720,0,1,1
67.908000340,0,0,1
67.908000960,0,0,0
67.926357730,1,0,0
67.933366110,0,0,0
67.933631930,0,0,1
67.933647050,0,0,0
67.951961290,1,0,0
67.958967730,0,0,0
67.959245880,0,1,0
67.959246760,0,1,1
67.959261120,0,0,1
67.959261930,0,0,0
67.977559290,1,0,0
67.984565350,0,0,0
67.984845200,0,0,1
67.984845500,0,1,1
67.984860430,0,1,0
67.984860710,0,0,0
68.003391420,1,0,0
68.010396290,0,0,0
68.010678750,0,1,0
68.010679540,0,1,1
68.010694040,0,0,1
68.010694870,0,0,0
68.029149080,1,0,0
68.036154960,0,0,0
68.036436390,0,1,0
68.036437020,0,1,1
68.036451640,0,0,1
68.036452240,0,0,0
68.054893020,1,0,0
68.061899110,0,0,0
68.062180510,0,1,0
68.062181310,0,1,1
68.062195740,0,0,1
68.062196520,0,0,0
68.080803980,1,0,0
68.087809480,0,0,0
68.088087500,0,0,1
68.088087990,0,1,1
68.088102660,0,1,0
68.088103240,0,0,0
68.104937470,1,0,0
68.111943640,0,0,0
68.112222290,0,0,1
68.112226320,0,1,1
68.112237580,0,1,0
68.112241570,0,0,0
68.130763370,1,0,0
68.137769200,0,0,0
68.138049320,0,1,0
68.138051650,0,1,1
68.138064500,0,0,1
68.138066710,0,0,0
68.155658800,1,0,0
68.162664800,0,0,0
68.162944270,0,0,1
68.162948960,0,1,1
68.162959520,0,1,0
68.162964150,0,0,0
68.179713520,1,0,0
68.186722060,0,0,0
68.187002420,0,1,0
68.187003670,0,1,1
68.187017540,0,0,1
68.187018830,0,0,0
68.204722930,1,0,0
68.211728770,0,0,0
68.212010880,0,1,0
68.212011980,0,1,1
68.212026100,0,0,1
68.212027210,0,0,0
68.229696070,1,0,0
68.236700560,0,0,0
68.236983440,0,1,0
68.236985340,0,1,1
68.236998670,0,0,1
68.237000560,0,0,0
68.255527580,1,0,0
68.262533450,0,0,0
68.262813050,0,0,1
68.262817750,0,1,1
68.262828110,0,1,0
68.262832980,0,0,0
68.279825940,1,0,0
68.286831990,0,0,0
68.287106710,0,1,0
68.287112170,0,1,1
68.287121910,0,0,1
68.287127420,0,0,0
68.304867830,1,0,0
68.311874250,0,0,0
68.312154560,0,1,0
68.312155670,0,1,1
68.312169870,0,0,1
68.312171030,0,0,0
68.330563060,1,0,0
68.337569020,0,0,0
68.337846910,0,1,0
68.337848300,0,1,1
68.337862160,0,0,1
68.337863590,0,0,0
68.354728100,1,0,0
68.361736910,0,0,0
68.362016160,0,1,0
68.362017640,0,1,1
68.362031390,0,0,1
68.362032740,0,0,0
68.380171120,1,0,0
68.387177200,0,0,0
68.387458180,0,1,0
68.387473430,0,0,0
68.387525090,0,0,1
68.387540360,0,0,0
68.404749070,1,0,0
68.411755400,0,0,0
68.412033240,0,0,1
68.412038090,0,1,1
68.412048430,0,1,0
68.412053240,0,0,0
68.429703120,1,0,0
68.436709420,0,0,0
68.436991340,0,1,0
68.436993030,0,1,1
68.437006440,0,0,1
68.437008280,0,0,0
68.454665080,1,0,0
68.461671000,0,0,0
68.461949670,0,1,0
68.461950470,0,1,1
68.461964960,0,0,1
68.461965680,0,0,0
68.480597520,1,0,0
68.487603330,0,0,0
68.487880280,0,1,0
68.487883470,0,1,1
68.487895380,0,0,1
68.487898700,0,0,0
68.505595200,1,0,0
68.512599830,0,0,0
68.512881650,0,1,0
68.512883410,0,1,1
68.512896710,0,0,1
68.512898620,0,0,0
68.530978390,1,0,0
68.537981350,0,0,0
68.538264120,0,1,0
68.538265600,0,1,1
68.538279250,0,0,1
68.538280830,0,0,0
68.556945700,1,0,0
68.563951520,0,0,0
68.564232040,0,1,0
68.564235290,0,1,1
68.564247180,0,0,1
68.564250270,0,0,0
68.582732910,1,0,0
68.589739270,0,0,0
68.590018610,0,0,1
68.590021770,0,1,1
68.590033790,0,1,0
68.590036970,0,0,0
68.606909150,1,0,0
68.613915360,0,0,0
68.614195180,0,1,0
68.614196040,0,1,1
68.614210430,0,0,1
68.614211290,0,0,0
68.630817390,1,0,0
68.637823310,0,0,0
68.638102740,0,1,0
68.638105360,0,1,1
68.638117990,0,0,1
68.638120580,0,0,0
68.655064710,1,0,0
68.662069530,0,0,0
68.662351870,0,1,0
68.662353090,0,1,1
68.662367070,0,0,1
68.662368250,0,0,0
68.680387070,1,0,0
68.687391380,0,0,0
68.687672360,0,0,1
68.687674200,0,1,1
68.687687650,0,1,0
68.687689360,0,0,0
68.704678660,1,0,0
68.711746440,0,0,0
68.711963760,0,1,0
68.711964960,0,1,1
68.711978820,0,0,1
68.711980110,0,0,0
68.730238430,1,0,0
68.737244410,0,0,0
68.737524210,0,0,1
68.737524490,0,1,1
68.737539360,0,1,0
68.737539730,0,0,0
68.754713130,1,0,0
68.761719360,0,0,0
68.761999220,0,1,0
68.762001710,0,1,1
68.762014400,0,0,1
68.762016920,0,0,0
68.780566680,1,0,0
68.787573200,0,0,0
68.787853790,0,1,0
68.787856070,0,1,1
68.787869020,0,0,1
68.787871300,0,0,0
68.806366910,1,0,0
68.813386240,0,0,0
68.813654660,0,0,1
68.813669760,0,0,0
68.813717340,0,1,0
68.813732540,0,0,0
68.830592980,1,0,0
68.837598960,0,0,0
68.837878030,0,0,1
68.837880810,0,1,1
68.837893320,0,1,0
68.837896120,0,0,0
68.855677390,1,0,0
68.862683540,0,0,0
68.862964040,0,1,0
68.862979270,0,0,0
68.862982070,0,0,1
68.862997300,0,0,0
68.879909430,1,0,0
68.886915490,0,0,0
68.887196600,0,1,0
68.887199090,0,1,1
68.887211810,0,0,1
68.887214200,0,0,0
68.905505400,1,0,0
68.912509840,0,0,0
68.912790810,0,1,0
68.912793220,0,1,1
68.912806060,0,0,1
68.912808360,0,0,0
68.929664170,1,0,0
68.936670060,0,0,0
68.936949310,0,1,0
68.936951760,0,1,1
68.936964510,0,0,1
68.936966990,0,0,0
68.955377980,1,0,0
68.962384170,0,0,0
68.962665180,0,0,1
68.962667760,0,1,1
68.962680430,0,1,0
68.962683010,0,0,0
68.980380890,1,0,0
68.987385460,0,0,0
68.987666220,0,1,0
68.987667410,0,1,1
68.987681320,0,0,1
68.987682640,0,0,0
69.006101310,1,0,0
69.013107390,0,0,0
69.013386200,0,0,1
69.013389450,0,1,1
69.013401370,0,1,0
69.013404670,0,0,0
69.030414360,1,0,0
69.037420260,0,0,0
69.037699600,0,0,1
69.037702820,0,1,1
69.037714910,0,1,0
69.037718000,0,0,0
69.055730110,1,0,0
69.062735720,0,0,0
69.063014880,0,1,0
69.063018930,0,1,1
69.063030110,0,0,1
69.063034140,0,0,0
69.079738750,1,0,0
69.086747210,0,0,0
69.087022190,0,1,0
69.087026460,0,1,1
69.087037460,0,0,1
69.087041750,0,0,0
69.105237430,1,0,0
69.112243290,0,0,0
69.112521790,0,1,0
69.112524920,0,1,1
69.112536900,0,0,1
69.112540060,0,0,0
69.130760140,1,0,0
69.137766100,0,0,0
69.138045440,0,1,0
69.138049170,0,1,1
69.138060560,0,0,1
69.138064370,0,0,0
69.156502200,1,0,0
69.163506600,0,0,0
69.163790020,0,1,0
69.163792590,0,1,1
69.163805310,0,0,1
69.163807710,0,0,0
69.182291810,1,0,0
69.189297890,0,0,0
69.189578430,0,1,0
69.189581270,0,1,1
69.189593580,0,0,1
69.189596460,0,0,0
69.208023060,1,0,0
69.215029270,0,0,0
69.215309570,0,0,1
69.215311760,0,1,1
69.215324690,0,1,0
69.215326910,0,0,0
69.233873480,1,0,0
69.240886750,0,0,0
69.241163130,0,0,1
69.241178340,0,0,0
69.241224050,0,1,0
69.241239220,0,0,0
69.259537910,1,0,0
69.266544270,0,0,0
69.266826510,0,0,1
69.266828400,0,1,1
69.266841650,0,1,0
69.266843630,0,0,0
69.284568810,1,0,0
69.291574850,0,0,0
69.291853990,0,0,1
69.291854240,0,1,1
69.291869070,0,1,0
69.291869380,0,0,0
69.308221480,1,0,0
69.315227550,0,0,0
69.315505820,0,0,1
69.315509320,0,1,1
69.315521010,0,1,0
69.315524570,0,0,0
69.334013000,1,0,0
69.341019010,0,0,0
69.341298690,0,1,0
69.341301840,0,1,1
69.341313900,0,0,1
69.341317030,0,0,0
69.359711030,1,0,0
69.366717400,0,0,0
69.366994480,0,1,0
69.367000260,0,1,1
69.367009620,0,0,1
69.367015470,0,0,0
69.385269150,1,0,0
69.392275460,0,0,0
69.392554000,0,1,0
69.392558850,0,1,1
69.392569140,0,0,1
69.392574030,0,0,0
69.411070420,1,0,0
69.418076860,0,0,0
69.418356220,0,1,0
69.418371510,0,0,0
69.418420200,0,0,1
69.418435450,0,0,0
69.436770630,1,0,0
69.443776610,0,0,0
69.444055390,0,0,1
69.444055780,0,1,1
69.444070620,0,1,0
69.444070970,0,0,0
69.462563280,1,0,0
69.469569490,0,0,0
69.469848850,0,0,1
69.469850640,0,1,1
69.469864100,0,1,0
69.469865740,0,0,0
69.488423010,1,0,0
69.495428820,0,0,0
69.495708990,0,1,0
69.495712330,0,1,1
69.495724150,0,0,1
69.495727470,0,0,0
69.514033990,1,0,0
69.521038740,0,0,0
69.521320980,0,0,1
69.521322320,0,1,1
69.521336160,0,1,0
69.521337460,0,0,0
69.539613720,1,0,0
69.546619660,0,0,0
69.546899170,0,0,1
69.546900800,0,1,1
69.546914420,0,1,0
69.546916090,0,0,0
69.563492790,1,0,0
69.570498790,0,0,0
69.570776810,0,0,1
69.570779230,0,1,1
69.570792040,0,1,0
69.570794420,0,0,0
69.589388230,1,0,0
69.596394460,0,0,0
69.596676170,0,0,1
69.596677500,0,1,1
69.596691310,0,1,0
69.596692790,0,0,0
69.613539010,1,0,0
69.620545140,0,0,0
69.620823630,0,0,1
69.620825830,0,1,1
69.620838810,0,1,0
69.620841080,0,0,0
69.638750170,1,0,0
69.645756490,0,0,0
69.646037020,0,0,1
69.646039520,0,1,1
69.646052270,0,1,0
69.646054700,0,0,0
69.664278530,1,0,0
69.671284610,0,0,0
69.671566320,0,0,1
69.671567700,0,1,1
69.671581520,0,1,0
69.671582870,0,0,0
69.690091970,1,0,0
69.697098050,0,0,0
69.697380070,0,0,1
69.697381030,0,1,1
69.697395300,0,1,0
69.697396240,0,0,0
69.715938610,1,0,0
69.722944760,0,0,0
69.723223430,0,1,0
69.723227320,0,1,1
69.723238670,0,0,1
69.723242550,0,0,0
69.741505550,1,0,0
69.748488180,0,0,0
69.748789550,0,0,1
69.748791440,0,1,1
69.748804690,0,1,0
69.748806550,0,0,0
69.767295260,1,0,0
69.774301570,0,0,0
69.774581210,0,1,0
69.774585050,0,1,1
69.774596360,0,0,1
69.774600220,0,0,0
69.792250070,1,0,0
69.799256170,0,0,0
69.799537210,0,1,0
69.799538620,0,1,1
69.799552400,0,0,1
69.799553820,0,0,0
69.818188550,1,0,0
69.825194700,0,0,0
69.825475740,0,0,1
69.825478080,0,1,1
69.825490910,0,1,0
69.825493170,0,0,0
69.841631910,1,0,0
69.848638240,0,0,0
69.848920390,0,0,1
69.848920600,0,1,1
69.848935610,0,1,0
69.848935750,0,0,0
69.867530370,1,0,0
69.874536410,0,0,0
69.874817080,0,1,0
69.874819140,0,1,1
69.874832290,0,0,1
69.874834340,0,0,0
69.891140610,1,0,0
69.898090920,0,0,0
69.898424870,0,0,1
69.898440200,0,0,0
69.898492930,0,1,0
69.898508200,0,0,0
69.914997640,1,0,0
69.922003600,0,0,0
69.922285810,0,0,1
69.922286600,0,1,1
69.922301030,0,1,0
69.922301870,0,0,0
69.938991400,1,0,0
69.945997670,0,0,0
69.946279240,0,0,1
69.946280080,0,1,1
69.946294430,0,1,0
69.946295260,0,0,0
69.964786940,1,0,0
69.971789630,0,0,0
69.972072580,0,0,1
69.972073490,0,1,1
69.972087720,0,1,0
69.972088760,0,0,0
69.990224420,1,0,0
69.997230690,0,0,0
69.997511180,0,0,1
69.997511740,0,1,1
69.997526510,0,1,0
69.997526970,0,0,0
70.016052350,1,0,0
70.023058880,0,0,0
70.023338370,0,0,1
70.023339300,0,1,1
70.023353470,0,1,0
70.023354400,0,0,0
70.039771630,1,0,0
70.046777470,0,0,0
70.047053540,0,0,1
70.047058570,0,1,1
70.047068640,0,1,0
70.047073820,0,0,0
70.065546720,1,0,0
70.072549620,0,0,0
70.072832030,0,1,0
70.072834000,0,1,1
70.072847270,0,0,1
70.072849290,0,0,0
70.091394840,1,0,0
70.098400930,0,0,0
70.098679940,0,0,1
70.098680370,0,1,1
70.098695100,0,1,0
70.098695600,0,0,0
70.117144620,1,0,0
70.124147280,0,0,0
70.124432290,0,0,1
70.124432810,0,1,1
70.124447580,0,1,0
70.124448020,0,0,0
70.142945120,1,0,0
70.149951140,0,0,0
70.150214630,0,0,1
70.150229830,0,0,0
70.150232140,0,1,0
70.150247280,0,0,0
70.168683660,1,0,0
70.175689350,0,0,0
70.175969830,0,1,0
70.175970150,0,1,1
70.175984990,0,0,1
70.175985290,0,0,0
70.194373890,1,0,0
70.201380000,0,0,0
70.201662670,0,0,1
70.201663990,0,1,1
70.201677840,0,1,0
70.201679170,0,0,0
70.218112330,1,0,0
70.225116670,0,0,0
70.225401430,0,1,0
70.225402170,0,1,1
70.225416700,0,0,1
70.225417380,0,0,0
70.243924210,1,0,0
70.250930440,0,0,0
70.251209690,0,0,1
70.251224820,0,0,0
70.251250900,0,1,0
70.251266110,0,0,0
70.269064120,1,0,0
70.276070210,0,0,0
70.276352940,0,0,1
70.276354230,0,1,1
70.276368150,0,1,0
70.276369380,0,0,0
70.294374040,1,0,0
70.301379730,0,0,0
70.301661590,0,0,1
70.301661860,0,1,1
70.301676920,0,1,0
70.301677110,0,0,0
70.320196810,1,0,0
70.327202560,0,0,0
70.327485920,0,1,0
70.327485930,0,1,1
70.327501020,0,0,1
70.327501170,0,0,0
70.345946000,1,0,0
70.352950520,0,0,0
70.353231110,0,0,1
70.353233460,0,1,1
70.353246300,0,1,0
70.353248620,0,0,0
70.371374660,1,0,0
70.378379500,0,0,0
70.378661470,0,1,0
70.378662950,0,1,1
70.378676760,0,0,1
70.378678110,0,0,0
70.397037940,1,0,0
70.404044040,0,0,0
70.404323530,0,1,0
70.404326370,0,1,1
70.404338720,0,0,1
70.404341510,0,0,0
70.422761870,1,0,0
70.429768120,0,0,0
70.430047070,0,1,0
70.430049620,0,1,1
70.430062400,0,0,1
70.430064890,0,0,0
70.448646830,1,0,0
70.455652650,0,0,0
70.455931960,0,1,0
70.455933200,0,1,1
70.455947230,0,0,1
70.455948450,0,0,0
70.474417620,1,0,0
70.481423730,0,0,0
70.481706360,0,1,0
70.481706680,0,1,1
70.481721630,0,0,1
70.481721830,0,0,0
70.500273130,1,0,0
70.507279340,0,0,0
70.507559670,0,1,0
70.507560060,0,1,1
70.507574980,0,0,1
70.507575290,0,0,0
70.525564770,1,0,0
70.532570630,0,0,0
70.532852250,0,1,0
70.532852690,0,1,1
70.532867560,0,0,1
70.532868040,0,0,0
70.549466400,1,0,0
70.556472320,0,0,0
70.556756020,0,0,1
70.556756350,0,1,1
70.556771200,0,1,0
70.556771560,0,0,0
70.574259020,1,0,0
70.581264440,0,0,0
70.581545060,0,1,0
70.581545390,0,1,1
70.581560290,0,0,1
70.581560580,0,0,0
70.599285660,1,0,0
70.606294420,0,0,0
70.606571170,0,0,1
70.606573290,0,1,1
70.606586410,0,1,0
70.606588450,0,0,0
70.624238890,1,0,0
70.631245000,0,0,0
70.631526800,0,1,0
70.631527500,0,1,1
70.631541930,0,0,1
70.631542710,0,0,0
70.650079810,1,0,0
70.657082830,0,0,0
70.657364840,0,0,1
70.657379980,0,0,0
70.657430530,0,1,0
70.657445780,0,0,0
70.674168840,1,0,0
70.681173590,0,0,0
70.681454190,0,0,1
70.681457450,0,1,1
70.681469460,0,1,0
70.681472740,0,0,0
70.700019380,1,0,0
70.707025590,0,0,0
70.707306610,0,0,1
70.707306780,0,1,1
70.707321750,0,1,0
70.707321980,0,0,0
70.725829510,1,0,0
70.732838360,0,0,0
70.733115250,0,1,0
70.733116280,0,1,1
70.733130440,0,0,1
70.733131460,0,0,0
70.750204670,1,0,0
70.757207670,0,0,0
70.757492560,0,1,0
70.757494380,0,1,1
70.757507750,0,0,1
70.757509670,0,0,0
70.774042300,1,0,0
70.781047780,0,0,0
70.781327960,0,0,1
70.781331290,0,1,1
70.781343150,0,1,0
70.781346480,0,0,0
70.799841820,1,0,0
70.806847240,0,0,0
70.807087060,0,1,0
70.807102350,0,0,0
70.807131300,0,0,1
70.807210800,0,0,0
70.825504860,1,0,0
70.832511180,0,0,0
70.832792910,0,1,0
70.832794670,0,1,1
70.832808030,0,0,1
70.832809920,0,0,0
70.851229450,1,0,0
70.858235570,0,0,0
70.858517240,0,1,0
70.858518220,0,1,1
70.858532490,0,0,1
70.858533400,0,0,0
70.876530630,1,0,0
70.883536110,0,0,0
70.883814650,0,1,0
70.883816610,0,1,1
70.883829860,0,0,1
70.883831940,0,0,0
70.901510500,1,0,0
70.908516380,0,0,0
70.908762910,0,0,1
70.908778130,0,0,0
70.908799030,0,1,0
70.908814170,0,0,0
70.925386240,1,0,0
70.932394780,0,0,0
70.932671110,0,0,1
70.932671400,0,1,1
70.932686240,0,1,0
70.932686670,0,0,0
70.950513760,1,0,0
70.957518510,0,0,0
70.957800730,0,1,0
70.957800930,0,1,1
70.957815920,0,0,1
70.957816170,0,0,0
70.976243110,1,0,0
70.983249140,0,0,0
70.983513710,0,1,0
70.983528980,0,0,0
70.983544700,0,0,1
70.983559880,0,0,0
71.001552860,1,0,0
71.008559030,0,0,0
71.008836390,0,0,1
71.008842620,0,1,1
71.008851640,0,1,0
71.008857810,0,0,0
71.025534180,1,0,0
71.032540350,0,0,0
71.032820910,0,1,0
71.032822200,0,1,1
71.032836060,0,0,1
71.032837340,0,0,0
71.051214810,1,0,0
71.058220500,0,0,0
71.058500680,0,0,1
71.058503310,0,1,1
71.058515930,0,1,0
71.058518430,0,0,0
71.076835000,1,0,0
71.083840640,0,0,0
71.084121560,0,0,1
71.084122700,0,1,1
71.084136760,0,1,0
71.084137910,0,0,0
71.102544100,1,0,0
71.109550120,0,0,0
71.109831240,0,1,0
71.109831720,0,1,1
71.109846490,0,0,1
71.109846910,0,0,0
71.128395560,1,0,0
71.135398770,0,0,0
71.135679660,0,0,1
71.135683740,0,1,1
71.135694810,0,1,0
71.135698980,0,0,0
71.153495080,1,0,0
71.160499600,0,0,0
71.160781980,0,1,0
71.160783080,0,1,1
71.160797130,0,0,1
71.160798370,0,0,0
71.177428320,1,0,0
71.184434050,0,0,0
71.184716290,0,1,0
71.184717830,0,1,1
71.184731400,0,0,1
71.184733080,0,0,0
71.203196050,1,0,0
71.210202170,0,0,0
71.210484770,0,1,0
71.210486310,0,1,1
71.210499980,0,0,1
71.210501540,0,0,0
71.228947440,1,0,0
71.235952070,0,0,0
71.236230350,0,0,1
71.236232040,0,1,1
71.236245600,0,1,0
71.236247290,0,0,0
71.252797390,1,0,0
71.259803290,0,0,0
71.260083250,0,0,1
71.260086410,0,1,1
71.260098450,0,1,0
71.260101660,0,0,0
71.278557060,1,0,0
71.285562910,0,0,0
71.285843680,0,1,0
71.285846670,0,1,1
71.285858930,0,0,1
71.285861930,0,0,0
71.304251850,1,0,0
71.311257870,0,0,0
71.311538430,0,1,0
71.311540080,0,1,1
71.311553630,0,0,1
71.311555270,0,0,0
71.329566950,1,0,0
71.336573060,0,0,0
71.336850820,0,1,0
71.336853590,0,1,1
71.336866150,0,0,1
71.336868650,0,0,0
71.355356370,1,0,0
71.362362740,0,0,0
71.362644320,0,1,0
71.362659480,0,0,0
71.362706480,0,0,1
71.362721670,0,0,0
71.380588050,1,0,0
71.387594100,0,0,0
71.387873440,0,1,0
71.387874210,0,1,1
71.387888520,0,0,1
71.387889360,0,0,0
71.405547610,1,0,0
71.412553740,0,0,0
71.412833840,0,0,1
71.412835620,0,1,1
71.412849020,0,1,0
71.412850790,0,0,0
71.430918440,1,0,0
71.437924400,0,0,0
71.438205270,0,1,0
71.438205920,0,1,1
71.438220430,0,0,1
71.438221170,0,0,0
71.456649230,1,0,0
71.463717190,0,0,0
71.463935880,0,0,1
71.463937870,0,1,1
71.463951070,0,1,0
71.463953100,0,0,0
71.480565830,1,0,0
71.487570020,0,0,0
71.487849580,0,1,0
71.487854230,0,1,1
71.487864760,0,0,1
71.487869500,0,0,0
71.505961350,1,0,0
71.512967470,0,0,0
71.513247550,0,0,1
71.513249450,0,1,1
71.513262780,0,1,0
71.513264680,0,0,0
71.531762260,1,0,0
71.538768240,0,0,0
71.539044530,0,0,1
71.539049070,0,1,1
71.539059710,0,1,0
71.539064260,0,0,0
71.555946360,1,0,0
71.562952420,0,0,0
71.563232320,0,1,0
71.563234530,0,1,1
71.563247480,0,0,1
71.563249780,0,0,0
71.581687320,1,0,0
71.588695780,0,0,0
71.588972760,0,0,1
71.588974110,0,1,1
71.588987920,0,1,0
71.588989350,0,0,0
71.606025740,1,0,0
71.613031790,0,0,0
71.613310450,0,0,1
71.613314090,0,1,1
71.613325590,0,1,0
71.613329290,0,0,0
71.631690450,1,0,0
71.638695270,0,0,0
71.638977370,0,1,0
71.638978880,0,1,1
71.638992500,0,0,1
71.638994110,0,0,0
71.657606000,1,0,0
71.664609140,0,0,0
71.664890770,0,1,0
71.664893200,0,1,1
71.664905910,0,0,1
71.664908490,0,0,0
71.683296950,1,0,0
71.690303310,0,0,0
71.690581810,0,1,0
71.690585680,0,1,1
71.690596970,0,0,1
71.690600840,0,0,0
71.709042430,1,0,0
71.716048910,0,0,0
71.716329950,0,0,1
71.716332720,0,1,1
71.716345200,0,1,0
71.716347880,0,0,0
71.732873380,1,0,0
71.739881990,0,0,0
71.740158640,0,0,1
71.740161090,0,1,1
71.740173890,0,1,0
71.740176190,0,0,0
71.758645920,1,0,0
71.765652030,0,0,0
71.765930890,0,0,1
71.765934440,0,1,1
71.765946010,0,1,0
71.765949650,0,0,0
71.782376830,1,0,0
71.789382870,0,0,0
71.789661360,0,1,0
71.789664490,0,1,1
71.789676610,0,0,1
71.789679760,0,0,0
71.808142200,1,0,0
71.815148330,0,0,0
71.815428830,0,0,1
71.815430380,0,1,1
71.815444030,0,1,0
71.815445540,0,0,0
71.832078000,1,0,0
71.839081210,0,0,0
71.839364480,0,1,0
71.839365970,0,1,1
71.839379750,0,0,1
71.839381180,0,0,0
71.857708830,1,0,0
71.864715440,0,0,0
71.864995680,0,0,1
71.864997980,0,1,1
71.865010890,0,1,0
71.865013120,0,0,0
71.881390720,1,0,0
71.888396530,0,0,0
71.888675060,0,1,0
71.888679160,0,1,1
71.888690310,0,0,1
71.888694300,0,0,0
71.905322620,1,0,0
71.912325790,0,0,0
71.912609950,0,1,0
71.912611640,0,1,1
71.912625050,0,0,1
71.912626890,0,0,0
71.930707040,1,0,0
71.937713040,0,0,0
71.937992300,0,1,0
71.937996120,0,1,1
71.938007590,0,0,1
71.938011370,0,0,0
71.956061120,1,0,0
71.963067080,0,0,0
71.963345410,0,1,0
71.963349410,0,1,1
71.963360590,0,0,1
71.963364600,0,0,0
71.979926110,1,0,0
71.986934270,0,0,0
71.987212180,0,0,1
71.987214840,0,1,1
71.987227260,0,1,0
71.987230110,0,0,0
72.005556790,1,0,0
72.012561320,0,0,0
72.012842420,0,1,0
72.012845410,0,1,1
72.012857590,0,0,1
72.012860450,0,0,0
72.030006910,1,0,0
72.037013100,0,0,0
72.037293950,0,0,1
72.037295820,0,1,1
72.037309160,0,1,0
72.037311000,0,0,0
72.055604160,1,0,0
72.062606990,0,0,0
72.062874920,0,1,0
72.062889980,0,0,0
72.062893470,0,0,1
72.062908740,0,0,0
72.081269760,1,0,0
72.088274290,0,0,0
72.088550370,0,0,1
72.088557500,0,1,1
72.088565560,0,1,0
72.088572700,0,0,0
72.105632460,1,0,0
72.112635460,0,0,0
72.112920020,0,0,1
72.112921970,0,1,1
72.112935200,0,1,0
72.112937180,0,0,0
72.130622940,1,0,0
72.137628770,0,0,0
72.137907850,0,0,1
72.137910240,0,1,1
72.137922990,0,1,0
72.137925510,0,0,0
72.155743160,1,0,0
72.162749270,0,0,0
72.163027760,0,1,0
72.163032000,0,1,1
72.163042910,0,0,1
72.163047240,0,0,0
72.179671050,1,0,0
72.186673880,0,0,0
72.186957090,0,1,0
72.186959450,0,1,1
72.186972300,0,0,1
72.186974700,0,0,0
72.203509280,1,0,0
72.210515270,0,0,0
72.210794630,0,1,0
72.210796330,0,1,1
72.210809920,0,0,1
72.210811600,0,0,0
72.229408290,1,0,0
72.236414640,0,0,0
72.236693960,0,1,0
72.236697290,0,1,1
72.236709130,0,0,1
72.236712490,0,0,0
72.255088850,1,0,0
72.262095020,0,0,0
72.262375750,0,0,1
72.262377270,0,1,1
72.262390810,0,1,0
72.262392610,0,0,0
72.280818140,1,0,0
72.287824250,0,0,0
72.288104100,0,0,1
72.288104790,0,1,1
72.288119270,0,1,0
72.288120040,0,0,0
72.306546510,1,0,0
72.313552310,0,0,0
72.313831540,0,0,1
72.313834060,0,1,1
72.313846710,0,1,0
72.313849260,0,0,0
72.330470400,1,0,0
72.337476460,0,0,0
72.337755120,0,1,0
72.337755170,0,1,1
72.337770260,0,0,1
72.337770390,0,0,0
72.356303000,1,0,0
72.363307690,0,0,0
72.363588150,0,0,1
72.363590950,0,1,1
72.363603290,0,1,0
72.363606070,0,0,0
72.381905670,1,0,0
72.388911900,0,0,0
72.389191610,0,0,1
72.389191860,0,1,1
72.389206750,0,1,0
72.389207050,0,0,0
72.405596260,1,0,0
72.412602180,0,0,0
72.412880650,0,0,1
72.412881840,0,1,1
72.412895810,0,1,0
72.412897030,0,0,0
72.431406990,1,0,0
72.438409950,0,0,0
72.438693750,0,0,1
72.438696000,0,1,1
72.438708980,0,1,0
72.438711150,0,0,0
72.455509560,1,0,0
72.462512440,0,0,0
72.462793520,0,1,0
72.462797310,0,1,1
72.462808750,0,0,1
72.462812520,0,0,0
72.479420950,1,0,0
72.486427180,0,0,0
72.486704040,0,0,1
72.486707790,0,1,1
72.486719330,0,1,0
72.486723020,0,0,0
72.504850800,1,0,0
72.511856820,0,0,0
72.512136190,0,1,0
72.512140150,0,1,1
72.512151310,0,0,1
72.512155210,0,0,0
72.530508840,1,0,0
72.537514820,0,0,0
72.537746540,0,0,1
72.537761770,0,0,0
72.537794580,0,1,0
72.537809700,0,0,0
72.556405340,1,0,0
72.563410990,0,0,0
72.563690370,0,1,0
72.563691900,0,1,1
72.563705550,0,0,1
72.563707130,0,0,0
72.582168010,1,0,0
72.589174030,0,0,0
72.589454400,0,0,1
72.589456340,0,1,1
72.589469610,0,1,0
72.589471510,0,0,0
72.606616520,1,0,0
72.613622360,0,0,0
72.613903770,0,0,1
72.613904950,0,1,1
72.613919000,0,1,0
72.613920170,0,0,0
72.630935430,1,0,0
72.637941580,0,0,0
72.638220690,0,1,0
72.638222500,0,1,1
72.638235940,0,0,1
72.638237790,0,0,0
72.654555730,1,0,0
72.661561440,0,0,0
72.661841510,0,1,0
72.661844750,0,1,1
72.661856840,0,0,1
72.661859870,0,0,0
72.679707330,1,0,0
72.686711920,0,0,0
72.686992380,0,1,0
72.686994070,0,1,1
72.687007480,0,0,1
72.687009270,0,0,0
72.705532440,1,0,0
72.712535380,0,0,0
72.712818420,0,1,0
72.712821900,0,1,1
72.712833600,0,0,1
72.712837020,0,0,0
72.731070100,1,0,0
72.738075870,0,0,0
72.738353910,0,1,0
72.738356110,0,1,1
72.738369160,0,0,1
72.738371210,0,0,0
72.755612610,1,0,0
72.762618450,0,0,0
72.762899460,0,0,1
72.762914710,0,0,0
72.762963620,0,1,0
72.762978740,0,0,0
72.781371550,1,0,0
72.788375930,0,0,0
72.788658280,0,1,0
72.788673490,0,0,0
72.788722860,0,0,1
72.788738170,0,0,0
72.805869920,1,0,0
72.812873320,0,0,0
72.813155150,0,0,1
72.813156030,0,1,1
72.813170380,0,1,0
72.813171170,0,0,0
72.829695470,1,0,0
72.836701530,0,0,0
72.836982210,0,0,1
72.836985340,0,1,1
72.836997380,0,1,0
72.837000530,0,0,0
72.854690320,1,0,0
72.861693510,0,0,0
72.861977750,0,1,0
72.861978270,0,1,1
72.861992920,0,0,1
72.861993420,0,0,0
72.879201900,1,0,0
72.886205000,0,0,0
72.886487000,0,1,0
72.886491500,0,1,1
72.886502150,0,0,1
72.886506730,0,0,0
72.904949250,1,0,0
72.911949960,0,0,0
72.912234070,0,0,1
72.912234560,0,1,1
72.912249270,0,1,0
72.912249910,0,0,0
72.930575020,1,0,0
72.937581150,0,0,0
72.937863400,0,0,1
72.937863750,0,1,1
72.937878520,0,1,0
72.937878910,0,0,0
72.955504810,1,0,0
72.962510200,0,0,0
72.962791130,0,0,1
72.962791260,0,1,1
72.962806380,0,1,0
72.962806490,0,0,0
72.980842950,1,0,0
72.987849180,0,0,0
72.988129530,0,0,1
72.988130490,0,1,1
72.988144820,0,1,0
72.988145700,0,0,0
73.005706320,1,0,0
73.012712380,0,0,0
73.012993990,0,1,0
73.013009190,0,0,0
73.013056010,0,0,1
73.013071070,0,0,0
73.029674520,1,0,0
73.036678830,0,0,0
73.036959900,0,1,0
73.036959920,0,1,1
73.036974960,0,1,0
73.036975130,0,0,0
73.055536160,1,0,0
73.062541830,0,0,0
73.062824860,0,1,0
73.062825780,0,1,1
73.062840190,0,0,1
73.062840980,0,0,0
73.080686760,1,0,0
73.087692640,0,0,0
73.087973420,0,1,0
73.087976760,0,1,1
73.087988630,0,0,1
73.087992000,0,0,0
73.105335840,1,0,0
73.112344450,0,0,0
73.112621670,0,0,1
73.112622670,0,1,1
73.112636840,0,1,0
73.112637830,0,0,0
73.130649420,1,0,0
73.137655820,0,0,0
73.137934930,0,1,0
73.137935840,0,1,1
73.137950140,0,0,1
73.137951050,0,0,0
73.155768350,1,0,0
73.162774210,0,0,0
73.163052950,0,1,0
73.163054690,0,1,1
73.163067990,0,0,1
73.163069940,0,0,0
73.180605020,1,0,0
73.187611020,0,0,0
73.187892740,0,0,1
73.187892950,0,1,1
73.187907980,0,1,0
73.187908160,0,0,0
73.204805320,1,0,0
73.211811300,0,0,0
73.212090380,0,0,1
73.212091140,0,1,1
73.212105570,0,1,0
73.212106400,0,0,0
73.229653580,1,0,0
73.236658170,0,0,0
73.236937110,0,1,0
73.236938900,0,1,1
73.236952400,0,0,1
73.236954090,0,0,0
73.255488190,1,0,0
73.262493090,0,0,0
73.262778090,0,1,0
73.262778220,0,1,1
73.262793340,0,1,0
73.262793360,0,0,0
73.281233080,1,0,0
73.288239460,0,0,0
73.288521380,0,1,0
73.288521720,0,1,1
73.288536500,0,0,1
73.288537010,0,0,0
73.305789560,1,0,0
73.312794290,0,0,0
73.313073390,0,1,0
73.313074990,0,1,1
73.313088580,0,0,1
73.313090190,0,0,0
73.330727700,1,0,0
73.337734010,0,0,0
73.338013000,0,1,0
73.338013590,0,1,1
73.338028260,0,0,1
73.338028820,0,0,0
73.356578430,1,0,0
73.363584450,0,0,0
73.363865560,0,1,0
73.363866130,0,1,1
73.363880740,0,0,1
73.363881380,0,0,0
73.380968900,1,0,0
73.387975170,0,0,0
73.388228220,0,1,0
73.388243360,0,0,0
73.388252930,0,0,1
73.388268150,0,0,0
73.404580380,1,0,0
73.411586570,0,0,0
73.411868320,0,1,0
73.411868920,0,1,1
73.411883650,0,0,1
73.411884230,0,0,0
73.428368560,1,0,0
73.435374500,0,0,0
73.435654180,0,1,0
73.435657360,0,1,1
73.435669420,0,0,1
73.435672630,0,0,0
73.454119790,1,0,0
73.461128270,0,0,0
73.461403300,0,0,1
73.461409190,0,1,1
73.461418590,0,1,0
73.461424440,0,0,0
73.479824250,1,0,0
73.486830270,0,0,0
73.487111820,0,0,1
73.487112000,0,1,1
73.487127010,0,1,0
73.487127230,0,0,0
73.503886320,1,0,0
73.510892280,0,0,0
73.511143250,0,1,0
73.511158440,0,0,0
73.511172670,0,0,1
73.511187820,0,0,0
73.529503190,1,0,0
73.536507450,0,0,0
73.536789180,0,1,0
73.536790130,0,1,1
73.536804330,0,0,1
73.536805340,0,0,0
73.555284860,1,0,0
73.562290780,0,0,0
73.562573660,0,1,0
73.562574470,0,1,1
73.562588870,0,0,1
73.562589760,0,0,0
73.578907850,1,0,0
73.585916520,0,0,0
73.586194700,0,1,0
73.586197780,0,1,1
73.586209910,0,0,1
73.586213090,0,0,0
73.604800330,1,0,0
73.611806430,0,0,0
73.612084550,0,1,0
73.612086450,0,1,1
73.612099720,0,0,1
73.612101550,0,0,0
73.630530990,1,0,0
73.637537180,0,0,0
73.637817240,0,0,1
73.637818900,0,1,1
73.637832420,0,1,0
73.637834090,0,0,0
73.656067680,1,0,0
73.663073470,0,0,0
73.663351400,0,1,0
73.663353240,0,1,1
73.663366460,0,0,1
73.663368400,0,0,0
73.681573660,1,0,0
73.688582010,0,0,0
73.688860620,0,1,0
73.688860820,0,1,1
73.688875810,0,0,1
73.688876050,0,0,0
73.706574860,1,0,0
73.713572490,0,0,0
73.713860160,0,0,1
73.713864290,0,1,1
73.713875320,0,1,0
73.713879470,0,0,0
73.731922440,1,0,0
73.738928280,0,0,0
73.739204910,0,1,0
73.739207680,0,1,1
73.739220090,0,0,1
73.739222880,0,0,0
73.756585020,1,0,0
73.763591020,0,0,0
73.763870910,0,1,0
73.763872090,0,1,1
73.763886070,0,0,1
73.763887430,0,0,0
73.782293790,1,0,0
73.789302170,0,0,0
73.789579320,0,1,0
73.789579510,0,1,1
73.789594420,0,0,1
73.789594720,0,0,0
73.808082020,1,0,0
73.815032690,0,0,0
73.815367570,0,1,0
73.815368870,0,1,1
73.815382750,0,0,1
73.815384070,0,0,0
73.833369060,1,0,0
73.840375140,0,0,0
73.840655060,0,1,0
73.840657240,0,1,1
73.840670190,0,0,1
73.840672530,0,0,0
73.859170830,1,0,0
73.866179480,0,0,0
73.866459540,0,1,0
73.866460930,0,1,1
73.866474750,0,0,1
73.866476200,0,0,0
73.883841950,1,0,0
73.890848010,0,0,0
73.891127750,0,1,0
73.891129260,0,1,1
73.891142970,0,0,1
73.891144490,0,0,0
73.908193500,1,0,0
73.915198170,0,0,0
73.915480290,0,1,0
73.915481850,0,1,1
73.915495450,0,0,1
73.915496990,0,0,0
73.933952960,1,0,0
73.940958860,0,0,0
73.941237010,0,1,0
73.941240950,0,1,1
73.941252170,0,0,1
73.941256180,0,0,0
73.959626230,1,0,0
73.966632540,0,0,0
73.966912220,0,1,0
73.966913810,0,1,1
73.966927440,0,0,1
73.966928970,0,0,0
73.985380620,1,0,0
73.992386560,0,0,0
73.992666440,0,1,0
73.992667950,0,1,1
73.992681690,0,0,1
73.992683200,0,0,0
74.011103520,1,0,0
74.018085380,0,0,0
74.018388710,0,1,0
74.018391430,0,1,1
74.018403920,0,0,1
74.018406550,0,0,0
74.036805460,1,0,0
74.043810020,0,0,0
74.044040220,0,0,1
74.044055410,0,0,0
74.044090790,0,1,0
74.044106020,0,0,0
74.062425230,1,0,0
74.069431370,0,0,0
74.069711540,0,1,0
74.069713430,0,1,1
74.069726740,0,0,1
74.069728680,0,0,0
74.088175790,1,0,0
74.095181670,0,0,0
74.095461000,0,0,1
74.095464910,0,1,1
74.095476160,0,1,0
74.095480110,0,0,0
74.113618390,1,0,0
74.120624460,0,0,0
74.120905230,0,0,1
74.120907530,0,1,1
74.120920390,0,1,0
74.120922740,0,0,0
74.137636320,1,0,0
74.144644710,0,0,0
74.144923100,0,0,1
74.144926780,0,1,1
74.144938290,0,1,0
74.144941920,0,0,0
74.161188260,1,0,0
74.168194240,0,0,0
74.168446440,0,1,0
74.168461570,0,0,0
74.168476140,0,0,1
74.168491330,0,0,0
74.185095140,1,0,0
74.192099770,0,0,0
74.192382750,0,1,0
74.192385040,0,1,1
74.192397920,0,0,1
74.192400390,0,0,0
74.210884520,1,0,0
74.217888690,0,0,0
74.218171170,0,1,0
74.218173910,0,1,1
74.218186310,0,0,1
74.218189100,0,0,0
74.236555420,1,0,0
74.243561650,0,0,0
74.243841680,0,0,1
74.243856870,0,0,0
74.260810680,1,0,0
74.267816930,0,0,0
74.268099330,0,1,0
74.268100080,0,1,1
74.268114530,0,0,1
74.268115310,0,0,0
74.286190590,1,0,0
74.293196800,0,0,0
74.293477990,0,1,0
74.293479500,0,1,1
74.293493200,0,0,1
74.293494760,0,0,0
74.310799100,1,0,0
74.317804690,0,0,0
74.318081660,0,1,0
74.318086890,0,1,1
74.318096900,0,0,1
74.318102100,0,0,0
74.336272890,1,0,0
74.343278960,0,0,0
74.343560650,0,1,0
74.343561290,0,1,1
74.343575920,0,0,1
74.343576530,0,0,0
74.359888900,1,0,0
74.366894920,0,0,0
74.367173920,0,1,0
74.367174720,0,1,1
74.367189110,0,0,1
74.367189930,0,0,0
74.383763620,1,0,0
74.390769680,0,0,0
74.391052220,0,0,1
74.391052290,0,1,1
74.391067450,0,1,0
74.391067620,0,0,0
74.409386140,1,0,0
74.416391160,0,0,0
74.416674480,0,1,0
74.416676700,0,1,1
74.416689790,0,0,1
74.416691850,0,0,0
74.435177240,1,0,0
74.442183700,0,0,0
74.442464000,0,1,0
74.442464930,0,1,1
74.442479290,0,0,1
74.442480240,0,0,0
74.459819500,1,0,0
74.466825570,0,0,0
74.467106580,0,1,0
74.467108700,0,1,1
74.467121700,0,0,1
74.467123870,0,0,0
74.484253470,1,0,0
74.491257930,0,0,0
74.491539540,0,0,1
74.491541070,0,1,1
74.491554720,0,1,0
74.491556340,0,0,0
74.510146410,1,0,0
74.517150980,0,0,0
74.517433380,0,1,0
74.517435410,0,1,1
74.517448670,0,0,1
74.517450510,0,0,0
74.535857310,1,0,0
74.542863410,0,0,0
74.543142790,0,0,1
74.543147750,0,1,1
74.543157990,0,1,0
74.543162900,0,0,0
74.561489620,1,0,0
74.568557310,0,0,0
74.568776190,0,1,0
74.568777200,0,1,1
74.568791390,0,0,1
74.568792530,0,0,0
74.586394450,1,0,0
74.593400450,0,0,0
74.593680000,0,0,1
74.593684460,0,1,1
74.593695180,0,1,0
74.593699600,0,0,0
74.611565550,1,0,0
74.618571320,0,0,0
74.618853060,0,1,0
74.618854040,0,1,1
74.618868240,0,0,1
74.618869280,0,0,0
74.636715120,1,0,0
74.643720400,0,0,0
74.644002750,0,0,1
74.644017910,0,0,0
74.644066800,0,1,0
74.644081970,0,0,0
74.661237570,1,0,0
74.668241890,0,0,0
74.668524630,0,1,0
74.668525850,0,1,1
74.668539820,0,0,1
74.668540970,0,0,0
74.686745860,1,0,0
74.693750370,0,0,0
74.694032860,0,1,0
74.694034430,0,1,1
74.694048070,0,0,1
74.694049600,0,0,0
74.712176400,1,0,0
74.719181990,0,0,0
74.719460460,0,1,0
74.719462910,0,1,1
74.719475630,0,0,1
74.719478060,0,0,0
74.737936630,1,0,0
74.744911130,0,0,0
74.745223540,0,1,0
74.745226330,0,1,1
74.745238810,0,0,1
74.745241560,0,0,0
74.763880650,1,0,0
74.770886780,0,0,0
74.771168160,0,1,0
74.771169830,0,1,1
74.771183370,0,0,1
74.771184950,0,0,0
74.789577780,1,0,0
74.796583840,0,0,0
74.796866800,0,1,0
74.796868250,0,1,1
74.796882030,0,0,1
74.796883540,0,0,0
74.814443580,1,0,0
74.821448110,0,0,0
74.821730120,0,1,0
74.821730620,0,1,1
74.821745260,0,0,1
74.821745790,0,0,0
74.840111870,1,0,0
74.847118020,0,0,0
74.847398530,0,1,0
74.847399270,0,1,1
74.847413800,0,0,1
74.847414560,0,0,0
74.865616580,1,0,0
74.872621170,0,0,0
74.872901920,0,1,0
74.872902540,0,1,1
74.872917190,0,0,1
74.872917810,0,0,0
74.889543190,1,0,0
74.896546240,0,0,0
74.896829560,0,0,1
74.896830150,0,1,1
74.896844810,0,1,0
74.896845400,0,0,0
74.913871770,1,0,0
74.920878020,0,0,0
74.921158620,0,1,0
74.921160290,0,1,1
74.921173750,0,0,1
74.921175560,0,0,0
74.939275450,1,0,0
74.946278410,0,0,0
74.946562060,0,1,0
74.946563500,0,1,1
74.946577240,0,0,1
74.946578740,0,0,0
74.964044550,1,0,0
74.971050740,0,0,0
74.971328120,0,1,0
74.971332250,0,1,1
74.971343300,0,0,1
74.971347450,0,0,0
74.988977750,1,0,0
74.996047520,0,0,0
74.996263310,0,0,1
74.996263840,0,1,1
74.996278520,0,1,0
74.996279050,0,0,0
75.013867410,1,0,0
75.020873500,0,0,0
75.021153020,0,0,1
75.021156260,0,1,1
75.021168200,0,1,0
75.021171440,0,0,0
75.039022820,1,0,0
75.046028850,0,0,0
75.046310440,0,1,0
75.046311560,0,1,1
75.046325690,0,0,1
75.046326720,0,0,0
75.063245330,1,0,0
75.070251340,0,0,0
75.070530020,0,0,1
75.070533900,0,1,1
75.070545160,0,1,0
75.070549040,0,0,0
75.088982980,1,0,0
75.095989130,0,0,0
75.096269940,0,1,0
75.096285100,0,0,0
75.096292890,0,0,1
75.096308010,0,0,0
75.112694150,1,0,0
75.119700070,0,0,0
75.119980810,0,1,0
75.119981870,0,1,1
75.119996000,0,0,1
75.119997060,0,0,0
75.138488760,1,0,0
75.145494720,0,0,0
75.145773430,0,1,0
75.145774830,0,1,1
75.145788620,0,0,1
75.145789990,0,0,0
75.164035380,1,0,0
75.171039650,0,0,0
75.171322720,0,1,0
75.171324540,0,1,1
75.171337950,0,0,1
75.171339700,0,0,0
75.188221200,1,0,0
75.195227060,0,0,0
75.195507970,0,0,1
75.195509700,0,1,1
75.195523140,0,1,0
75.195524880,0,0,0
75.213817330,1,0,0
75.220823430,0,0,0
75.221104070,0,1,0
75.221104100,0,1,1
75.221119300,0,0,1
75.221119370,0,0,0
75.237485460,1,0,0
75.244494250,0,0,0
75.244770130,0,1,0
75.244775100,0,1,1
75.244785270,0,0,1
75.244790280,0,0,0
75.262945540,1,0,0
75.269949830,0,0,0
75.270229770,0,1,0
75.270232470,0,1,1
75.270245060,0,0,1
75.270247580,0,0,0
75.288890750,1,0,0
75.295896960,0,0,0
75.296175870,0,0,1
75.296179620,0,1,1
75.296191100,0,1,0
75.296194740,0,0,0
75.314240890,1,0,0
75.321247120,0,0,0
75.321527100,0,1,0
75.321530430,0,1,1
75.321542300,0,0,1
75.321545600,0,0,0
75.340141600,1,0,0
75.347144520,0,0,0
75.347394910,0,0,1
75.347410080,0,0,0
75.347431280,0,1,0
75.347446510,0,0,0
75.363909020,1,0,0
75.370914860,0,0,0
75.371194670,0,1,0
75.371197140,0,1,1
75.371209820,0,0,1
75.371212300,0,0,0
75.387911470,1,0,0
75.394915890,0,0,0
75.395195590,0,1,0
75.395200450,0,1,1
75.395210800,0,0,1
75.395215700,0,0,0
75.412968460,1,0,0
75.419974610,0,0,0
75.420251470,0,0,1
75.420256560,0,1,1
75.420266620,0,1,0
75.420271810,0,0,0
75.436385820,1,0,0
75.443390510,0,0,0
75.443672410,0,0,1
75.443674790,0,1,1
75.443687530,0,1,0
75.443689920,0,0,0
75.462153300,1,0,0
75.469157890,0,0,0
75.469437370,0,1,0
75.469441080,0,1,1
75.469452520,0,0,1
75.469456160,0,0,0
75.488009070,1,0,0
75.495015090,0,0,0
75.495295220,0,1,0
75.495299240,0,1,1
75.495310390,0,0,1
75.495314370,0,0,0
75.512083950,1,0,0
75.519090160,0,0,0
75.519370240,0,1,0
75.519370280,0,1,1
75.519385360,0,0,1
75.519385470,0,0,0
75.536114980,1,0,0
75.543118150,0,0,0
75.543398720,0,0,1
75.543403430,0,1,1
75.543413950,0,1,0
75.543418650,0,0,0
75.561951440,1,0,0
75.568955940,0,0,0
75.569236780,0,1,0
75.569238800,0,1,1
75.569251940,0,0,1
75.569253990,0,0,0
75.587510840,1,0,0
75.594571780,0,0,0
75.594798120,0,0,1
75.594800340,0,1,1
75.594813360,0,1,0
75.594815560,0,0,0
75.613193940,1,0,0
75.620199840,0,0,0
75.620478460,0,1,0
75.620481470,0,1,1
75.620493640,0,0,1
75.620496700,0,0,0
75.639084880,1,0,0
75.646089550,0,0,0
75.646372250,0,1,0
75.646373970,0,1,1
75.646387410,0,0,1
75.646389110,0,0,0
75.663718700,1,0,0
75.670724520,0,0,0
75.671005350,0,1,0
75.671008510,0,1,1
75.671020620,0,0,1
75.671023660,0,0,0
75.688937970,1,0,0
75.695943720,0,0,0
75.696222890,0,1,0
75.696226760,0,1,1
75.696238130,0,0,1
75.696241910,0,0,0
75.713621360,1,0,0
75.720627460,0,0,0
75.720907240,0,1,0
75.720910350,0,1,1
75.720922460,0,0,1
75.720925660,0,0,0
75.739177060,1,0,0
75.746183440,0,0,0
75.746463700,0,0,1
75.746465520,0,1,1
75.746478880,0,1,0
75.746480750,0,0,0
75.764549270,1,0,0
75.771555100,0,0,0
75.771835950,0,0,1
75.771838080,0,1,1
75.771851180,0,1,0
75.771853390,0,0,0
75.789875810,1,0,0
75.796881520,0,0,0
75.797161600,0,1,0
75.797164680,0,1,1
75.797176850,0,0,1
75.797179910,0,0,0
75.814002090,1,0,0
75.821010760,0,0,0
75.821288950,0,0,1
75.821289970,0,1,1
75.821304150,0,1,0
75.821305120,0,0,0
75.838918690,1,0,0
75.845925060,0,0,0
75.846203450,0,1,0
75.846207720,0,1,1
75.846218640,0,0,1
75.846222860,0,0,0
75.863047550,1,0,0
75.870053320,0,0,0
75.870331590,0,0,1
75.870332470,0,1,1
75.870346860,0,1,0
75.870347720,0,0,0
75.887168270,1,0,0
75.894174230,0,0,0
75.894454380,0,0,1
75.894469570,0,0,0
75.894521090,0,1,0
75.894536280,0,0,0
75.912901850,1,0,0
75.919910480,0,0,0
75.920187800,0,0,1
75.920189270,0,1,1
75.920203010,0,1,0
75.920204380,0,0,0
75.937983970,1,0,0
75.944989390,0,0,0
75.945271220,0,0,1
75.945272710,0,1,1
75.945286280,0,1,0
75.945287850,0,0,0
75.963261110,1,0,0
75.970264100,0,0,0
75.970545290,0,1,0
75.970549590,0,1,1
75.970560390,0,0,1
75.970564710,0,0,0
75.989032470,1,0,0
75.996038600,0,0,0
75.996317280,0,0,1
75.996318490,0,1,1
75.996332360,0,1,0
75.996333800,0,0,0
76.013890170,1,0,0
76.020898650,0,0,0
76.021176380,0,0,1
76.021177910,0,1,1
76.021191570,0,1,0
76.021193110,0,0,0
76.037896510,1,0,0
76.044902680,0,0,0
76.045185010,0,0,1
76.045185150,0,1,1
76.045200170,0,1,0
76.045200400,0,0,0
76.062722940,1,0,0
76.069728930,0,0,0
76.070008690,0,1,0
76.070013550,0,1,1
76.070023920,0,0,1
76.070028780,0,0,0
76.087659880,1,0,0
76.094666020,0,0,0
76.094946780,0,0,1
76.094948210,0,1,1
76.094961940,0,1,0
76.094963390,0,0,0
76.113385790,1,0,0
76.120391980,0,0,0
76.120671620,0,1,0
76.120675220,0,1,1
76.120686850,0,0,1
76.120690380,0,0,0
76.138912770,1,0,0
76.145918750,0,0,0
76.146198780,0,0,1
76.146200000,0,1,1
76.146214000,0,1,0
76.146215050,0,0,0
76.164166180,1,0,0
76.171172460,0,0,0
76.171452010,0,0,1
76.171452200,0,1,1
76.171467190,0,1,0
76.171467470,0,0,0
76.189893540,1,0,0
76.196899640,0,0,0
76.197179650,0,0,1
76.197181780,0,1,1
76.197194920,0,1,0
76.197196920,0,0,0
76.213892570,1,0,0
76.220896920,0,0,0
76.221177590,0,1,0
76.221178130,0,1,1
76.221192900,0,0,1
76.221193150,0,0,0
76.239365230,1,0,0
76.246433150,0,0,0
76.246652090,0,1,0
76.246652490,0,1,1
76.246667270,0,0,1
76.246667690,0,0,0
76.265130420,1,0,0
76.272136520,0,0,0
76.272416050,0,0,1
76.272416940,0,1,1
76.272431250,0,1,0
76.272432180,0,0,0
76.288966740,1,0,0
76.295973010,0,0,0
76.296253420,0,0,1
76.296255290,0,1,1
76.296268670,0,1,0
76.296270530,0,0,0
76.314509610,1,0,0
76.321515530,0,0,0
76.321797780,0,0,1
76.321798660,0,1,1
76.321813040,0,1,0
76.321813800,0,0,0
76.340035630,1,0,0
76.347038820,0,0,0
76.347321090,0,1,0
76.347321190,0,1,1
76.347336340,0,0,1
76.347336400,0,0,0
76.364981810,1,0,0
76.371985900,0,0,0
76.372268670,0,0,1
76.372270510,0,1,1
76.372283860,0,1,0
76.372285750,0,0,0
76.390885500,1,0,0
76.397888580,0,0,0
76.398171690,0,0,1
76.398173670,0,1,1
76.398187000,0,1,0
76.398188920,0,0,0
76.415249640,1,0,0
76.422255800,0,0,0
76.422536520,0,0,1
76.422537440,0,1,1
76.422551750,0,1,0
76.422552690,0,0,0
76.439104560,1,0,0
76.446110520,0,0,0
76.446387500,0,0,1
76.446389220,0,1,1
76.446402810,0,1,0
76.446404490,0,0,0
76.464119430,1,0,0
76.471125470,0,0,0
76.471406020,0,0,1
76.471407810,0,1,1
76.471421210,0,1,0
76.471422970,0,0,0
76.488680920,1,0,0
76.495686840,0,0,0
76.495966770,0,0,1
76.495967430,0,1,1
76.495981960,0,1,0
76.495982660,0,0,0
76.513970420,1,0,0
76.520976170,0,0,0
76.521255650,0,1,0
76.521260290,0,1,1
76.521270800,0,0,1
76.521275440,0,0,0
76.538958330,1,0,0
76.545964190,0,0,0
76.546242480,0,0,1
76.546242900,0,1,1
76.546257690,0,1,0
76.546258060,0,0,0
76.564747500,1,0,0
76.571753710,0,0,0
76.572036210,0,1,0
76.572036350,0,1,1
76.572051440,0,0,1
76.572051500,0,0,0
76.590500850,1,0,0
76.597506730,0,0,0
76.597790730,0,1,0
76.597790750,0,1,1
76.597805990,0,0,1
76.597806020,0,0,0
76.616043740,1,0,0
76.623048100,0,0,0
76.623328350,0,1,0
76.623331580,0,1,1
76.623343530,0,0,1
76.623346830,0,0,0
76.639817850,1,0,0
76.646821110,0,0,0
76.647106670,0,0,1
76.647107640,0,1,1
76.647121890,0,1,0
76.647122880,0,0,0
76.665301660,1,0,0
76.672306520,0,0,0
76.672588420,0,0,1
76.672590150,0,1,1
76.672603600,0,1,0
76.672605300,0,0,0
76.688968650,1,0,0
76.695974880,0,0,0
76.696254210,0,0,1
76.696264630,0,1,1
76.696269580,0,1,0
76.696279750,0,0,0
76.713576370,1,0,0
76.720580480,0,0,0
76.720861870,0,0,1
76.720862940,0,1,1
76.720877080,0,1,0
76.720878100,0,0,0
76.738933600,1,0,0
76.745938260,0,0,0
76.746220000,0,1,0
76.746220460,0,1,1
76.746235270,0,0,1
76.746235700,0,0,0
76.763368300,1,0,0
76.770374280,0,0,0
76.770653730,0,1,0
76.770653790,0,1,1
76.770668970,0,0,1
76.770669010,0,0,0
76.787971600,1,0,0
76.794977680,0,0,0
76.795255680,0,0,1
76.795258140,0,1,1
76.795270740,0,1,0
76.795273220,0,0,0
76.811660040,1,0,0
76.818665820,0,0,0
76.818945580,0,0,1
76.818946320,0,1,1
76.818960760,0,1,0
76.819026660,0,0,0
76.836234350,1,0,0
76.843240700,0,0,0
76.843519930,0,1,0
76.843520100,0,1,1
76.843535090,0,0,1
76.843535340,0,0,0
76.862011830,1,0,0
76.869018040,0,0,0
76.869295860,0,1,0
76.869298530,0,1,1
76.869311150,0,0,1
76.869313720,0,0,0
76.887401700,1,0,0
76.894407720,0,0,0
76.894689470,0,0,1
76.894691840,0,1,1
76.894704550,0,1,0
76.894707000,0,0,0
76.913154510,1,0,0
76.920160410,0,0,0
76.920440390,0,0,1
76.920445000,0,1,1
76.920455570,0,1,0
76.920525290,0,0,0
76.937993980,1,0,0
76.945002340,0,0,0
76.945281260,0,0,1
76.945283350,0,1,1
76.945296530,0,1,0
76.945298580,0,0,0
76.963782360,1,0,0
76.970785570,0,0,0
76.971070820,0,1,0
76.971071280,0,1,1
76.971086070,0,0,1
76.971086550,0,0,0
76.989003040,1,0,0
76.996017790,0,0,0
76.996299470,0,0,1
76.996300200,0,1,1
76.996314660,0,1,0
76.996315460,0,0,0
77.014766600,1,0,0
77.021771230,0,0,0
77.022053990,0,0,1
77.022069220,0,0,0
77.022112070,0,1,0
77.022127360,0,0,0
77.039973700,1,0,0
77.046979500,0,0,0
77.047261120,0,1,0
77.047261510,0,1,1
77.047276500,0,0,1
77.047276820,0,0,0
77.063975710,1,0,0
77.070981880,0,0,0
77.071259910,0,0,1
77.071265600,0,1,1
77.071275220,0,1,0
77.071280700,0,0,0
77.088924100,1,0,0
77.095992150,0,0,0
77.096213910,0,1,0
77.096214450,0,1,1
77.096229140,0,0,1
77.096229570,0,0,0
77.113946160,1,0,0
77.120952160,0,0,0
77.121232180,0,1,0
77.121232970,0,1,1
77.121247470,0,0,1
77.121248090,0,0,0
77.138188030,1,0,0
77.145194090,0,0,0
77.145475450,0,0,1
77.145475650,0,1,1
77.145490590,0,1,0
77.145490800,0,0,0
77.162988600,1,0,0
77.169994690,0,0,0
77.170273900,0,1,0
77.170274550,0,1,1
77.170288960,0,0,1
77.170289800,0,0,0
77.188840190,1,0,0
77.195846060,0,0,0
77.196126380,0,1,0
77.196128090,0,1,1
77.196141630,0,0,1
77.196143340,0,0,0
77.213995740,1,0,0
77.221001640,0,0,0
77.221281470,0,0,1
77.221285890,0,1,1
77.221296670,0,1,0
77.221301120,0,0,0
77.238184480,1,0,0
77.245190690,0,0,0
77.245468970,0,0,1
77.245474120,0,1,1
77.245484250,0,1,0
77.245489300,0,0,0
77.263986340,1,0,0
77.270990710,0,0,0
77.271272490,0,0,1
77.271272590,0,1,1
77.271287740,0,0,1
77.271287780,0,0,0
77.289044670,1,0,0
77.296050560,0,0,0
77.296330110,0,1,0
77.296331010,0,1,1
77.296345240,0,0,1
77.296346210,0,0,0
77.312997220,1,0,0
77.320001760,0,0,0
77.320281900,0,1,0
77.320283940,0,1,1
77.320297070,0,0,1
77.320299070,0,0,0
77.337772610,1,0,0
77.344781250,0,0,0
77.345062690,0,1,0
77.345077940,0,0,0
77.345121520,0,0,1
77.345136690,0,0,0
77.363592250,1,0,0
77.370598300,0,0,0
77.370880190,0,1,0
77.370881170,0,1,1
77.370895480,0,0,1
77.370896340,0,0,0
77.389431060,1,0,0
77.396436710,0,0,0
77.396719430,0,1,0
77.396720690,0,1,1
77.396734700,0,0,1
77.396736000,0,0,0
77.413962700,1,0,0
77.420970810,0,0,0
77.421248940,0,0,1
77.421252950,0,1,1
77.421264210,0,1,0
77.421268110,0,0,0
77.440099180,1,0,0
77.447103460,0,0,0
77.447383760,0,1,0
77.447386210,0,1,1
77.447398980,0,0,1
77.447401400,0,0,0
77.465370990,1,0,0
77.472376530,0,0,0
77.472656000,0,0,1
77.472659690,0,1,1
77.472671270,0,1,0
77.472674880,0,0,0
77.491209720,1,0,0
77.498215660,0,0,0
77.498498020,0,1,0
77.498499360,0,1,1
77.498513180,0,0,1
77.498514610,0,0,0
77.514982960,1,0,0
77.521986000,0,0,0
77.522270480,0,1,0
77.522272670,0,1,1
77.522285600,0,0,1
77.522287960,0,0,0
77.538631050,1,0,0
77.545635760,0,0,0
77.545885220,0,1,0
77.545900430,0,0,0
77.545921040,0,0,1
77.545936250,0,0,0
77.563112100,1,0,0
77.570118210,0,0,0
77.570397080,0,1,0
77.570398810,0,1,1
77.570412220,0,0,1
77.570414000,0,0,0
77.588057010,1,0,0
77.595063100,0,0,0
77.595343250,0,0,1
77.595345590,0,1,1
77.595358350,0,1,0
77.595360880,0,0,0
77.613764010,1,0,0
77.620770160,0,0,0
77.621050110,0,1,0
77.621051520,0,1,1
77.621065380,0,0,1
77.621066790,0,0,0
77.639524320,1,0,0
77.646482050,0,0,0
77.646810000,0,0,1
77.646813310,0,1,1
77.646825250,0,1,0
77.646828540,0,0,0
77.663942060,1,0,0
77.670948110,0,0,0
77.671228350,0,0,1
77.671231870,0,1,1
77.671243540,0,1,0
77.671247040,0,0,0
77.688965560,1,0,0
77.695971330,0,0,0
77.696251020,0,0,1
77.696253870,0,1,1
77.696266180,0,1,0
77.696269010,0,0,0
77.713932070,1,0,0
77.720937870,0,0,0
77.721218620,0,1,0
77.721218830,0,1,1
77.721233820,0,0,1
77.721234040,0,0,0
77.738896380,1,0,0
77.745902320,0,0,0
77.746182030,0,1,0
77.746183620,0,1,1
77.746197260,0,0,1
77.746198830,0,0,0
77.762991890,1,0,0
77.769997450,0,0,0
77.770277100,0,0,1
77.770292260,0,0,0
77.770337800,0,1,0
77.770353050,0,0,0
77.787980910,1,0,0
77.794985660,0,0,0
77.795267940,0,1,0
77.795270450,0,1,1
77.795283110,0,0,1
77.795285620,0,0,0
77.812951500,1,0,0
77.819956210,0,0,0
77.820235830,0,1,0
77.820239120,0,1,1
77.820251000,0,0,1
77.820254300,0,0,0
77.838061290,1,0,0
77.845067150,0,0,0
77.845346550,0,0,1
77.845350620,0,1,1
77.845361720,0,1,0
77.845365800,0,0,0
77.862985990,1,0,0
77.869989310,0,0,0
77.870273830,0,1,0
77.870275910,0,1,1
77.870289010,0,0,1
77.870291130,0,0,0
77.888715120,1,0,0
77.895721080,0,0,0
77.896001470,0,1,0
77.896003640,0,1,1
77.896016570,0,0,1
77.896018840,0,0,0
77.914054130,1,0,0
77.921059990,0,0,0
77.921340710,0,1,0
77.921341890,0,1,1
77.921355960,0,0,1
77.921357070,0,0,0
77.938933130,1,0,0
77.945939420,0,0,0
77.946218640,0,0,1
77.946219150,0,1,1
77.946233800,0,1,0
77.946234330,0,0,0
77.963926040,1,0,0
77.970934290,0,0,0
77.971212520,0,1,0
77.971214530,0,1,1
77.971227740,0,0,1
77.971229590,0,0,0
77.989834540,1,0,0
77.996840230,0,0,0
77.997120410,0,0,1
77.997120830,0,1,1
77.997135570,0,1,0
77.997135950,0,0,0
78.014749120,1,0,0
78.021755470,0,0,0
78.022033300,0,1,0
78.022036530,0,1,1
78.022048470,0,0,1
78.022051760,0,0,0
78.040025950,1,0,0
78.047034380,0,0,0
78.047312720,0,1,0
78.047313530,0,1,1
78.047327960,0,0,1
78.047328820,0,0,0
78.065410820,1,0,0
78.072413490,0,0,0
78.072695110,0,1,0
78.072698320,0,1,1
78.072710400,0,0,1
78.072713550,0,0,0
78.091105020,1,0,0
78.098109530,0,0,0
78.098390650,0,0,1
78.098391980,0,1,1
78.098405820,0,1,0
78.098407200,0,0,0
78.116895670,1,0,0
78.123902170,0,0,0
78.124182870,0,1,0
78.124185220,0,1,1
78.124198050,0,0,1
78.124200420,0,0,0
78.142127960,1,0,0
78.149133980,0,0,0
78.149413570,0,0,1
78.149415320,0,1,1
78.149428730,0,1,0
78.149430550,0,0,0
78.167811410,1,0,0
78.174819850,0,0,0
78.175099590,0,1,0
78.175101300,0,1,1
78.175114900,0,0,1
78.175116510,0,0,0
78.193138370,1,0,0
78.200144540,0,0,0
78.200424800,0,0,1
78.200426980,0,1,1
78.200439900,0,1,0
78.200442150,0,0,0
78.218917330,1,0,0
78.225923370,0,0,0
78.226203170,0,0,1
78.226205560,0,1,1
78.226218480,0,1,0
78.226220680,0,0,0
78.242636690,1,0,0
78.249642900,0,0,0
78.249921530,0,0,1
78.249923980,0,1,1
78.249936690,0,1,0
78.249939160,0,0,0
78.268494330,1,0,0
78.275498880,0,0,0
78.275780710,0,0,1
78.275783240,0,1,1
78.275795980,0,1,0
78.275798410,0,0,0
78.294216350,1,0,0
78.301222330,0,0,0
78.301499200,0,1,0
78.301504440,0,1,1
78.301514380,0,0,1
78.301519610,0,0,0
78.319048850,1,0,0
78.326054830,0,0,0
78.326335050,0,1,0
78.326337840,0,1,1
78.326350230,0,0,1
78.326353060,0,0,0
78.344810720,1,0,0
78.351878300,0,0,0
78.352097360,0,1,0
78.352101170,0,1,1
78.352112620,0,0,1
78.352116460,0,0,0
78.370514550,1,0,0
78.377520340,0,0,0
78.377799610,0,0,1
78.377801730,0,1,1
78.377814810,0,1,0
78.377816950,0,0,0
78.396371260,1,0,0
78.403377110,0,0,0
78.403655570,0,0,1
78.403659140,0,1,1
78.403670750,0,1,0
78.403674300,0,0,0
78.421755710,1,0,0
78.428761240,0,0,0
78.429041550,0,0,1
78.429042840,0,1,1
78.429056790,0,1,0
78.429058030,0,0,0
78.446453620,1,0,0
78.453461690,0,0,0
78.453740000,0,0,1
78.453740940,0,1,1
78.453755150,0,1,0
78.453756210,0,0,0
78.470193920,1,0,0
78.477198230,0,0,0
78.477480590,0,1,0
78.477495770,0,0,0
78.477507000,0,0,1
78.477522140,0,0,0
78.494546830,1,0,0
78.501592680,0,0,0
78.501831500,0,1,0
78.501836900,0,1,1
78.501846540,0,0,1
78.501852080,0,0,0
78.519036130,1,0,0
78.526040820,0,0,0
78.526322430,0,1,0
78.526325500,0,1,1
78.526337620,0,0,1
78.526340700,0,0,0
78.542930560,1,0,0
78.549936600,0,0,0
78.550217850,0,0,1
78.550219100,0,1,1
78.550233120,0,1,0
78.550234280,0,0,0
78.567643630,1,0,0
78.574649630,0,0,0
78.574926470,0,1,0
78.574932310,0,1,1
78.574941660,0,0,1
78.574947540,0,0,0
78.593366130,1,0,0
78.600370570,0,0,0
78.600652490,0,1,0
78.600655580,0,1,1
78.600667740,0,0,1
78.600670830,0,0,0
78.619260650,1,0,0
78.626265590,0,0,0
78.626545670,0,1,0
78.626549160,0,1,1
78.626560860,0,0,1
78.626564430,0,0,0
78.644996170,1,0,0
78.652002340,0,0,0
78.652279790,0,0,1
78.652283100,0,1,1
78.652295060,0,1,0
78.652298350,0,0,0
78.670627380,1,0,0
78.677633270,0,0,0
78.677915950,0,0,1
78.677917290,0,1,1
78.677931100,0,1,0
78.677932530,0,0,0
78.696498040,1,0,0
78.703504090,0,0,0
78.703784330,0,0,1
78.703784870,0,1,1
78.703799490,0,1,0
78.703800110,0,0,0
78.722630690,1,0,0
78.729636980,0,0,0
78.729916830,0,0,1
78.729919150,0,1,1
78.729932010,0,1,0
78.729934360,0,0,0
78.747786060,1,0,0
78.754794370,0,0,0
78.755072590,0,1,0
78.755076120,0,1,1
78.755087830,0,0,1
78.755091390,0,0,0
78.772813340,1,0,0
78.779819450,0,0,0
78.780099490,0,0,1
78.780100290,0,1,1
78.780114700,0,1,0
78.780115470,0,0,0
78.797995340,1,0,0
78.805001510,0,0,0
78.805282950,0,0,1
78.805284470,0,1,1
78.805298160,0,1,0
78.805299700,0,0,0
78.823186400,1,0,0
78.830192290,0,0,0
78.830472990,0,1,0
78.830476510,0,1,1
78.830488200,0,0,1
78.830491680,0,0,0
78.848499350,1,0,0
78.855505520,0,0,0
78.855785420,0,1,0
78.855789910,0,1,1
78.855800550,0,0,1
78.855805160,0,0,0
78.874226950,1,0,0
78.881233100,0,0,0
78.881513320,0,0,1
78.881513520,0,1,1
78.881528530,0,1,0
78.881528810,0,0,0
78.897886080,1,0,0
78.904891980,0,0,0
78.905171660,0,0,1
78.905173060,0,1,1
78.905186880,0,1,0
78.905188250,0,0,0
78.922038910,1,0,0
78.929106870,0,0,0
78.929324450,0,0,1
78.929326500,0,1,1
78.929339570,0,1,0
78.929341850,0,0,0
78.947122190,1,0,0
78.954130460,0,0,0
78.954408700,0,0,1
78.954409770,0,1,1
78.954423860,0,1,0
78.954424970,0,0,0
78.972370850,1,0,0
78.979375040,0,0,0
78.979658180,0,1,0
78.979669400,0,1,1
78.979673320,0,0,1
78.979684630,0,0,0
78.997370180,1,0,0
79.004376040,0,0,0
79.004654670,0,0,1
79.004656860,0,1,1
79.004669960,0,1,0
79.004737510,0,0,0
79.022168130,1,0,0
79.029176570,0,0,0
79.029454230,0,0,1
79.029454960,0,1,1
79.029469420,0,1,0
79.029470210,0,0,0
79.045784820,1,0,0
79.052790700,0,0,0
79.053072520,0,0,1
79.053073420,0,1,1
79.053087790,0,1,0
79.053088690,0,0,0
79.071488280,1,0,0
79.078494320,0,0,0
79.078775320,0,0,1
79.078776790,0,1,1
79.078790420,0,1,0
79.078791970,0,0,0
79.097241280,1,0,0
79.104247260,0,0,0
79.104529540,0,0,1
79.104530120,0,1,1
79.104544810,0,1,0
79.104545360,0,0,0
79.122518170,1,0,0
79.129524130,0,0,0
79.129803840,0,1,0
79.129807230,0,1,1
79.129819070,0,0,1
79.129822420,0,0,0
79.147261560,1,0,0
79.154267620,0,0,0
79.154548960,0,0,1
79.154551030,0,1,1
79.154564120,0,1,0
79.154566150,0,0,0
79.172222450,1,0,0
79.179226990,0,0,0
79.179509000,0,0,1
79.179509360,0,1,1
79.179524190,0,1,0
79.179524560,0,0,0
79.195836640,1,0,0
79.202842930,0,0,0
79.203122790,0,1,0
79.203123330,0,1,1
79.203138080,0,0,1
79.203138600,0,0,0
79.221631950,1,0,0
79.228637780,0,0,0
79.228915750,0,0,1
79.228917330,0,1,1
79.228930950,0,1,0
79.228932490,0,0,0
79.246275090,1,0,0
79.253280980,0,0,0
79.253559490,0,1,0
79.253565250,0,1,1
79.253574610,0,0,1
79.253580470,0,0,0
79.271006390,1,0,0
79.278011060,0,0,0
79.278291430,0,1,0
79.278292680,0,1,1
79.278306650,0,0,1
79.278307810,0,0,0
79.295862650,1,0,0
79.302868740,0,0,0
79.303152160,0,0,1
79.303152170,0,1,1
79.303167270,0,0,1
79.303167350,0,0,0
79.321345070,1,0,0
79.328348260,0,0,0
79.328629720,0,0,1
79.328630520,0,1,1
79.328644930,0,1,0
79.328645730,0,0,0
79.346355100,1,0,0
79.353361350,0,0,0
79.353641560,0,1,0
79.353643910,0,1,1
79.353656770,0,0,1
79.353659100,0,0,0
79.369996610,1,0,0
79.377001440,0,0,0
79.377281520,0,1,0
79.377282490,0,1,1
79.377296760,0,0,1
79.377297610,0,0,0
79.396107780,1,0,0
79.403113860,0,0,0
79.403394490,0,0,1
79.403395740,0,1,1
79.403409720,0,1,0
79.403410840,0,0,0
79.421246100,1,0,0
79.428252330,0,0,0
79.428534300,0,1,0
79.428534390,0,1,1
79.428549500,0,0,1
79.428549530,0,0,0
79.445041670,1,0,0
79.452047450,0,0,0
79.452326730,0,1,0
79.452327820,0,1,1
79.452341920,0,0,1
79.452342970,0,0,0
79.470827260,1,0,0
79.477833670,0,0,0
79.478114740,0,0,1
79.478115980,0,1,1
79.478129940,0,1,0
79.478131120,0,0,0
79.496224190,1,0,0
79.503228730,0,0,0
79.503509450,0,0,1
79.503509520,0,1,1
79.503524650,0,1,0
79.503524700,0,0,0
79.521976500,1,0,0
79.528979480,0,0,0
79.529262010,0,1,0
79.529263050,0,1,1
79.529277280,0,0,1
79.529278190,0,0,0
79.547357620,1,0,0
79.554427960,0,0,0
79.554646280,0,1,0
79.554646440,0,1,1
79.554661530,0,0,1
79.554661650,0,0,0
79.572606560,1,0,0
79.579612660,0,0,0
79.579894500,0,1,0
79.579894840,0,1,1
79.579909750,0,0,1
79.579910110,0,0,0
79.597654360,1,0,0
79.604660070,0,0,0
79.604940380,0,1,0
79.604943240,0,1,1
79.604955540,0,0,1
79.604958500,0,0,0
79.622406960,1,0,0
79.629413270,0,0,0
79.629695960,0,0,1
79.629696540,0,1,1
79.629711250,0,1,0
79.629711830,0,0,0
79.647264260,1,0,0
79.654268640,0,0,0
79.654549890,0,1,0
79.654550170,0,1,1
79.654565140,0,0,1
79.654565380,0,0,0
79.671542650,1,0,0
79.678547110,0,0,0
79.678827360,0,1,0
79.678828770,0,1,1
79.678842420,0,0,1
79.678843960,0,0,0
79.695521200,1,0,0
79.702527370,0,0,0
79.702806170,0,0,1
79.702806530,0,1,1
79.702821370,0,1,0
79.702821650,0,0,0
79.721293740,1,0,0
79.728297760,0,0,0
79.728579250,0,0,1
79.728579900,0,1,1
79.728594390,0,1,0
79.728595100,0,0,0
79.747172950,1,0,0
79.754178930,0,0,0
79.754455940,0,1,0
79.754458870,0,1,1
79.754471120,0,0,1
79.754474020,0,0,0
79.772417780,1,0,0
79.779420860,0,0,0
79.779652060,0,1,0
79.779667200,0,0,0
79.779706290,0,0,1
79.779721450,0,0,0
79.796527970,1,0,0
79.803532180,0,0,0
79.803815050,0,1,0
79.803815580,0,1,1
79.803830360,0,0,1
79.803830790,0,0,0
79.820572480,1,0,0
79.827575670,0,0,0
79.827858610,0,1,0
79.827859180,0,1,1
79.827873800,0,0,1
79.827874470,0,0,0
79.846357790,1,0,0
79.853363880,0,0,0
79.853642720,0,0,1
79.853645610,0,1,1
79.853657780,0,1,0
79.853660750,0,0,0
79.871606770,1,0,0
79.878613000,0,0,0
79.878895200,0,0,1
79.878895310,0,1,1
79.878910450,0,1,0
79.878910480,0,0,0
79.897388100,1,0,0
79.904394190,0,0,0
79.904673810,0,1,0
79.904674580,0,1,1
79.904689030,0,0,1
79.904689640,0,0,0
79.922397550,1,0,0
79.929403870,0,0,0
79.929686200,0,1,0
79.929686930,0,1,1
79.929701280,0,0,1
79.929702160,0,0,0
79.946586230,1,0,0
79.953594810,0,0,0
79.953875590,0,1,0
79.953875600,0,1,1
79.953890690,0,0,1
79.953890820,0,0,0
79.971976330,1,0,0
79.978980830,0,0,0
79.979263920,0,1,0
79.979264820,0,1,1
79.979279170,0,0,1
79.979280070,0,0,0
79.996509800,1,0,0
80.003515990,0,0,0
80.003796350,0,1,0
80.003797320,0,1,1
80.003811660,0,0,1
80.003812570,0,0,0
80.022374400,1,0,0
80.029380840,0,0,0
80.029659790,0,1,0
80.029661880,0,1,1
80.029674990,0,0,1
80.029677130,0,0,0
80.047365270,1,0,0
80.054371270,0,0,0
80.054653740,0,0,1
80.054653970,0,1,1
80.054668990,0,1,0
80.054669110,0,0,0
80.072287850,1,0,0
80.079293790,0,0,0
80.079573630,0,0,1
80.079577390,0,1,1
80.079588820,0,1,0
80.079592530,0,0,0
80.097221820,1,0,0
80.104227620,0,0,0
80.104510840,0,1,0
80.104511090,0,1,1
80.104526130,0,0,1
80.104526300,0,0,0
80.122221320,1,0,0
80.129224530,0,0,0
80.129509130,0,1,0
80.129510440,0,1,1
80.129524170,0,0,1
80.129525650,0,0,0
80.147646440,1,0,0
80.154652650,0,0,0
80.154932640,0,1,0
80.154933030,0,1,1
80.154947790,0,0,1
80.154948270,0,0,0
80.173344980,1,0,0
80.180351170,0,0,0
80.180631100,0,1,0
80.180632420,0,1,1
80.180646320,0,0,1
80.180647580,0,0,0
80.197217740,1,0,0
80.204226200,0,0,0
80.204504550,0,1,0
80.204505810,0,1,1
80.204519680,0,0,1
80.204520960,0,0,0
80.222210540,1,0,0
80.229216230,0,0,0
80.229497880,0,1,0
80.229513190,0,0,0
80.229519650,0,0,1
80.229534810,0,0,0
80.247874350,1,0,0
80.254880460,0,0,0
80.255162670,0,0,1
80.255178020,0,0,0
80.255226960,0,1,0
80.255242190,0,0,0
80.272374160,1,0,0
80.279378990,0,0,0
80.279658790,0,1,0
80.279660310,0,1,1
80.279673970,0,0,1
80.279675540,0,0,0
80.298096220,1,0,0
80.305102570,0,0,0
80.305383140,0,1,0
80.305384670,0,1,1
80.305398410,0,0,1
80.305399850,0,0,0
80.323976930,1,0,0
80.330982780,0,0,0
80.331263000,0,0,1
80.331266360,0,1,1
80.331278220,0,1,0
80.331281630,0,0,0
80.348377230,1,0,0
80.355380330,0,0,0
80.355664590,0,1,0
80.355664980,0,1,1
80.355679840,0,0,1
80.355680220,0,0,0
80.372345400,1,0,0
80.379351550,0,0,0
80.379631770,0,1,0
80.379634870,0,1,1
80.379647020,0,0,1
80.379650100,0,0,0
80.398096010,1,0,0
80.405102090,0,0,0
80.405380670,0,1,0
80.405383310,0,1,1
80.405395870,0,0,1
80.405398470,0,0,0
80.422479870,1,0,0
80.429486000,0,0,0
80.429764910,0,1,0
80.429766580,0,1,1
80.429780180,0,0,1
80.429781700,0,0,0
80.447393240,1,0,0
80.454399640,0,0,0
80.454678680,0,0,1
80.454683220,0,1,1
80.454693780,0,1,0
80.454698430,0,0,0
80.472503400,1,0,0
80.479507630,0,0,0
80.479781010,0,1,0
80.479788470,0,1,1
80.479796300,0,0,1
80.479803630,0,0,0
80.496238140,1,0,0
80.503243950,0,0,0
80.503524960,0,1,0
80.503526950,0,1,1
80.503540210,0,0,1
80.503542130,0,0,0
80.521359280,1,0,0
80.528363670,0,0,0
80.528646080,0,1,0
80.528661230,0,0,0
80.528666470,0,0,1
80.528681570,0,0,0
80.547480010,1,0,0
80.554486130,0,0,0
80.554766890,0,1,0
80.554768880,0,1,1
80.554782200,0,0,1
80.554784030,0,0,0
80.572847360,1,0,0
80.579851730,0,0,0
80.580135280,0,1,0
80.580137240,0,1,1
80.580150640,0,0,1
80.580152480,0,0,0
80.597242720,1,0,0
80.604245540,0,0,0
80.604527800,0,1,0
80.604530690,0,1,1
80.604543010,0,0,1
80.604545940,0,0,0
80.622219550,1,0,0
80.629225720,0,0,0
80.629506630,0,0,1
80.629507150,0,1,1
80.629521840,0,1,0
80.629522380,0,0,0
80.647220630,1,0,0
80.654226730,0,0,0
80.654506340,0,0,1
80.654509500,0,1,1
80.654521520,0,1,0
80.654524830,0,0,0
80.672115830,1,0,0
80.679121680,0,0,0
80.679402410,0,1,0
80.679405190,0,1,1
80.679417600,0,0,1
80.679420250,0,0,0
80.698006180,1,0,0
80.705009160,0,0,0
80.705292180,0,1,0
80.705294580,0,1,1
80.705307320,0,0,1
80.705309810,0,0,0
80.721947670,1,0,0
80.728953860,0,0,0
80.729231600,0,0,1
80.729234800,0,1,1
80.729246730,0,1,0
80.729250050,0,0,0
80.747990670,1,0,0
80.754995520,0,0,0
80.755276270,0,0,1
80.755278020,0,1,1
80.755291520,0,1,0
80.755293190,0,0,0
80.773335770,1,0,0
80.780341600,0,0,0
80.780621440,0,1,0
80.780623850,0,1,1
80.780636640,0,0,1
80.780639040,0,0,0
80.797212900,1,0,0
80.804217610,0,0,0
80.804497200,0,0,1
80.804499730,0,1,1
80.804512310,0,1,0
80.804514930,0,0,0
80.822316270,1,0,0
80.829322060,0,0,0
80.829604240,0,1,0
80.829605760,0,1,1
80.829619300,0,0,1
80.829620950,0,0,0
80.847997640,1,0,0
80.855006100,0,0,0
80.855284200,0,0,1
80.855287430,0,1,1
80.855299320,0,1,0
80.855302630,0,0,0
80.873873540,1,0,0
80.880877920,0,0,0
80.881161110,0,1,0
80.881176330,0,0,0
80.881221220,0,0,1
80.881236450,0,0,0
80.899625930,1,0,0
80.906631960,0,0,0
80.906912050,0,0,1
80.906913400,0,1,1
80.906927180,0,1,0
80.906928600,0,0,0
80.925343600,1,0,0
80.932347850,0,0,0
80.932630550,0,0,1
80.932631770,0,1,1
80.932645660,0,1,0
80.932646870,0,0,0
80.949883780,1,0,0
80.956888400,0,0,0
80.957170300,0,1,0
80.957172890,0,1,1
80.957185550,0,0,1
80.957188030,0,0,0
80.975717300,1,0,0
80.982723130,0,0,0
80.983004690,0,1,0
80.983006360,0,1,1
80.983019980,0,0,1
80.983021510,0,0,0
81.000836230,1,0,0
81.007820020,0,0,0
81.008122790,0,1,0
81.008125630,0,1,1
81.008138020,0,0,1
81.008140840,0,0,0
81.026603650,1,0,0
81.033609750,0,0,0
81.033889200,0,0,1
81.033890520,0,1,1
81.033904570,0,1,0
81.033905810,0,0,0
81.051212240,1,0,0
81.058216580,0,0,0
81.058499620,0,1,0
81.058500190,0,1,1
81.058514930,0,0,1
81.058515380,0,0,0
81.076240510,1,0,0
81.083246470,0,0,0
81.083525920,0,0,1
81.083533990,0,1,1
81.083541150,0,1,0
81.083549240,0,0,0
81.102061480,1,0,0
81.109067320,0,0,0
81.109343940,0,1,0
81.109349420,0,1,1
81.109359170,0,0,1
81.109364670,0,0,0
81.126870460,1,0,0
81.133876560,0,0,0
81.134157790,0,0,1
81.134159810,0,1,1
81.134172900,0,1,0
81.134175020,0,0,0
81.152114450,1,0,0
81.159120310,0,0,0
81.159398670,0,0,1
81.159403310,0,1,1
81.159413850,0,1,0
81.159418500,0,0,0
81.176790630,1,0,0
81.183799090,0,0,0
81.184075410,0,1,0
81.184079790,0,1,1
81.184090580,0,0,1
81.184094940,0,0,0
81.202654500,1,0,0
81.209660650,0,0,0
81.209937610,0,1,0
81.209943230,0,1,1
81.209952820,0,0,1
81.209958370,0,0,0
81.228388460,1,0,0
81.235394530,0,0,0
81.235675750,0,0,1
81.235677500,0,1,1
81.235691000,0,1,0
81.235692730,0,0,0
81.253100370,1,0,0
81.260106430,0,0,0
81.260384520,0,1,0
81.260399710,0,0,0
81.260455640,0,0,1
81.260470790,0,0,0
81.278681410,1,0,0
81.285658720,0,0,0
81.285967330,0,0,1
81.285970220,0,1,1
81.285982560,0,1,0
81.285985470,0,0,0
81.304349050,1,0,0
81.311355300,0,0,0
81.311637000,0,0,1
81.311637760,0,1,1
81.311652140,0,1,0
81.311652950,0,0,0
81.329622570,1,0,0
81.336630630,0,0,0
81.336909470,0,0,1
81.336911990,0,1,1
81.336924660,0,1,0
81.336927190,0,0,0
81.354524830,1,0,0
81.361530870,0,0,0
81.361810380,0,1,0
81.361813870,0,1,1
81.361825560,0,0,1
81.361893910,0,0,0
81.380221720,1,0,0
81.387221120,0,0,0
81.387507830,0,1,0
81.387512220,0,1,1
81.387523060,0,0,1
81.387527430,0,0,0
81.405945330,1,0,0
81.412951410,0,0,0
81.413232140,0,1,0
81.413234800,0,1,1
81.413247340,0,0,1
81.413249950,0,0,0
81.430994210,1,0,0
81.438000360,0,0,0
81.438279660,0,1,0
81.438282760,0,1,1
81.438294780,0,0,1
81.438297950,0,0,0
81.456669920,1,0,0
81.463676000,0,0,0
81.463957470,0,0,1
81.463958940,0,1,1
81.463972760,0,1,0
81.463974110,0,0,0
81.482491480,1,0,0
81.489497650,0,0,0
81.489777420,0,1,0
81.489781030,0,1,1
81.489792620,0,0,1
81.489796300,0,0,0
81.507266950,1,0,0
81.514272770,0,0,0
81.514554380,0,0,1
81.514554850,0,1,1
81.514569530,0,1,0
81.514569890,0,0,0
81.530816460,1,0,0
81.537822520,0,0,0
81.538104140,0,1,0
81.538119450,0,0,0
81.538168530,0,0,1
81.538183730,0,0,0
81.556587640,1,0,0
81.563570120,0,0,0
81.563875420,0,0,1
81.563876280,0,1,1
81.563890590,0,1,0
81.563891610,0,0,0
81.580488110,1,0,0
81.587491170,0,0,0
81.587774710,0,0,1
81.587775940,0,1,1
81.587789830,0,1,0
81.587791070,0,0,0
81.605962140,1,0,0
81.612966830,0,0,0
81.613248310,0,0,1
81.613249460,0,1,1
81.613263500,0,1,0
81.613264690,0,0,0
81.629836380,1,0,0
81.636842360,0,0,0
81.637121810,0,0,1
81.637122730,0,1,1
81.637137040,0,1,0
81.637137950,0,0,0
81.655516940,1,0,0
81.662521250,0,0,0
81.662804190,0,0,1
81.662806140,0,1,1
81.662819390,0,1,0
81.662821280,0,0,0
81.680877980,1,0,0
81.687884290,0,0,0
81.688163350,0,0,1
81.688164510,0,1,1
81.688178520,0,1,0
81.688179740,0,0,0
81.706768710,1,0,0
81.713774940,0,0,0
81.714055600,0,0,1
81.714070790,0,0,0
81.714095840,0,1,0
81.714111000,0,0,0
81.732403040,1,0,0
81.739407560,0,0,0
81.739690330,0,1,0
81.739690580,0,1,1
81.739705640,0,1,0
81.739705690,0,0,0
81.758172850,1,0,0
81.765177680,0,0,0
81.765458700,0,1,0
81.765458810,0,1,1
81.765473870,0,0,1
81.765474100,0,0,0
81.783931870,1,0,0
81.790937600,0,0,0
81.791215570,0,1,0
81.791217160,0,1,1
81.791230820,0,0,1
81.791232350,0,0,0
81.809786990,1,0,0
81.816795240,0,0,0
81.817075660,0,0,1
81.817076510,0,1,1
81.817090870,0,1,0
81.817091750,0,0,0
81.834013540,1,0,0
81.841019460,0,0,0
81.841298730,0,1,0
81.841299120,0,1,1
81.841313960,0,0,1
81.841314380,0,0,0
81.859780520,1,0,0
81.866786770,0,0,0
81.867067660,0,0,1
81.867068230,0,1,1
81.867082970,0,1,0
81.867083430,0,0,0
81.885087890,1,0,0
81.892094140,0,0,0
81.892374700,0,0,1
81.892375700,0,1,1
81.892389740,0,1,0
81.892390870,0,0,0
81.910601240,1,0,0
81.917607180,0,0,0
81.917888740,0,1,0
81.917889450,0,1,1
81.917904030,0,0,1
81.917904590,0,0,0
81.936396450,1,0,0
81.943402510,0,0,0
81.943682880,0,0,1
81.943683340,0,1,1
81.943697940,0,1,0
81.943698580,0,0,0
81.961678380,1,0,0
81.968684550,0,0,0
81.968965190,0,0,1
81.968966870,0,1,1
81.968980440,0,1,0
81.968982140,0,0,0
81.986767600,1,0,0
81.993772060,0,0,0
81.994053460,0,0,1
81.994055330,0,1,1
81.994068650,0,1,0
81.994070470,0,0,0
82.012784460,1,0,0
82.019790540,0,0,0
82.020073380,0,0,1
82.020073570,0,1,1
82.020088570,0,1,0
82.020088710,0,0,0
82.038426850,1,0,0
82.045432910,0,0,0
82.045711110,0,1,0
82.045720800,0,1,1
82.045726250,0,0,1
82.045736000,0,0,0
82.063382110,1,0,0
82.070388200,0,0,0
82.070670270,0,0,1
82.070670330,0,1,1
82.070685400,0,1,0
82.070685520,0,0,0
82.089175550,1,0,0
82.096181840,0,0,0
82.096462710,0,0,1
82.096462810,0,1,1
82.096477850,0,1,0
82.096478120,0,0,0
82.113159700,1,0,0
82.120164140,0,0,0
82.120392190,0,0,1
82.120407330,0,0,0
82.120447240,0,1,0
82.120462450,0,0,0
82.138503510,1,0,0
82.145509220,0,0,0
82.145788130,0,1,0
82.145789440,0,1,1
82.145803400,0,0,1
82.145804660,0,0,0
82.163396190,1,0,0
82.170398940,0,0,0
82.170683790,0,0,1
82.170683920,0,1,1
82.170699040,0,1,0
82.170699190,0,0,0
82.189267210,1,0,0
82.196271500,0,0,0
82.196551160,0,0,1
82.196551460,0,1,1
82.196566260,0,1,0
82.196566770,0,0,0
82.214525160,1,0,0
82.221529680,0,0,0
82.221799950,0,1,0
82.221815090,0,0,0
82.221876430,0,0,1
82.221891600,0,0,0
82.238532520,1,0,0
82.245538690,0,0,0
82.245818120,0,1,0
82.245819060,0,1,1
82.245833320,0,0,1
82.245834470,0,0,0
82.264189370,1,0,0
82.271195330,0,0,0
82.271476590,0,1,0
82.271476680,0,1,1
82.271491770,0,0,1
82.271491820,0,0,0
82.289018820,1,0,0
82.296024680,0,0,0
82.296304920,0,1,0
82.296306050,0,1,1
82.296320190,0,0,1
82.296321220,0,0,0
82.314940220,1,0,0
82.321944550,0,0,0
82.322227030,0,0,1
82.322229330,0,1,1
82.322242150,0,1,0
82.322244530,0,0,0
82.338967180,1,0,0
82.345973430,0,0,0
82.346253110,0,0,1
82.346257660,0,1,1
82.346268260,0,1,0
82.346272930,0,0,0
82.364732410,1,0,0
82.371738430,0,0,0
82.372021130,0,1,0
82.372021550,0,1,1
82.372036300,0,0,1
82.372036670,0,0,0
82.390520220,1,0,0
82.397526010,0,0,0
82.397808110,0,1,0
82.397809860,0,1,1
82.397823210,0,0,1
82.397824960,0,0,0
82.416360380,1,0,0
82.423366410,0,0,0
82.423647850,0,1,0
82.423648260,0,1,1
82.423663180,0,0,1
82.423663400,0,0,0
82.442137630,1,0,0
82.449146090,0,0,0
82.449424970,0,1,0
82.449425860,0,1,1
82.449440160,0,0,1
82.449441150,0,0,0
82.467584380,1,0,0
82.474590420,0,0,0
82.474867690,0,0,1
82.474869700,0,1,1
82.474882940,0,1,0
82.474884970,0,0,0
82.493026210,1,0,0
82.500030980,0,0,0
82.500312000,0,1,0
82.500313670,0,1,1
82.500327230,0,0,1
82.500328880,0,0,0
82.517107190,1,0,0
82.524112940,0,0,0
82.524395350,0,1,0
82.524395670,0,1,1
82.524410560,0,0,1
82.524410940,0,0,0
82.542911460,1,0,0
82.549917820,0,0,0
82.550197450,0,1,0
82.550200440,0,1,1
82.550212740,0,0,1
82.550215770,0,0,0
82.568685790,1,0,0
82.575691880,0,0,0
82.575973220,0,1,0
82.575973890,0,1,1
82.575988450,0,0,1
82.575989120,0,0,0
82.594470950,1,0,0
82.601476600,0,0,0
82.601754340,0,1,0
82.601754930,0,1,1
82.601769500,0,0,1
82.601770140,0,0,0
82.620008930,1,0,0
82.627076620,0,0,0
82.627295040,0,1,0
82.627296000,0,1,1
82.627310250,0,0,1
82.627311160,0,0,0
82.645643220,1,0,0
82.652649180,0,0,0
82.652928200,0,1,0
82.652928970,0,1,1
82.652943430,0,0,1
82.652944260,0,0,0
82.669258990,1,0,0
82.676264990,0,0,0
82.676546740,0,1,0
82.676547530,0,1,1
82.676561970,0,0,1
82.676562780,0,0,0
82.693190980,1,0,0
82.700196750,0,0,0
82.700476220,0,0,1
82.700477590,0,1,1
82.700491360,0,1,0
82.700492800,0,0,0
82.716972130,1,0,0
82.723978300,0,0,0
82.724258610,0,0,1
82.724258760,0,1,1
82.724273820,0,1,0
82.724273880,0,0,0
82.742728630,1,0,0
82.749732900,0,0,0
82.750015560,0,1,0
82.750018110,0,1,1
82.750030770,0,0,1
82.750033230,0,0,0
82.768623500,1,0,0
82.775629710,0,0,0
82.775910410,0,1,0
82.775911300,0,1,1
82.775925640,0,0,1
82.775926500,0,0,0
82.793451890,1,0,0
82.800460490,0,0,0
82.800737410,0,1,0
82.800739750,0,1,1
82.800752570,0,0,1
82.800754900,0,0,0
82.817683190,1,0,0
82.824689270,0,0,0
82.824971880,0,0,1
82.824972070,0,1,1
82.824987080,0,1,0
82.824987280,0,0,0
82.842796620,1,0,0
82.849801510,0,0,0
82.850084610,0,1,0
82.850086540,0,1,1
82.850099770,0,0,1
82.850101770,0,0,0
82.867932990,1,0,0
82.874939260,0,0,0
82.875219040,0,1,0
82.875219290,0,1,1
82.875234250,0,0,1
82.875234440,0,0,0
82.893033020,1,0,0
82.900039060,0,0,0
82.900319640,0,0,1
82.900334750,0,0,0
82.900388000,0,1,0
82.900403240,0,0,0
82.918712970,1,0,0
82.925717480,0,0,0
82.925999740,0,1,0
82.926000640,0,1,1
82.926014900,0,0,1
82.926015890,0,0,0
82.942566380,1,0,0
82.949572250,0,0,0
82.949854170,0,1,0
82.949854520,0,1,1
82.949869420,0,0,1
82.949869720,0,0,0
82.967057800,1,0,0
82.974063950,0,0,0
82.974343890,0,0,1
82.974346610,0,1,1
82.974359010,0,1,0
82.974361830,0,0,0
82.992850050,1,0,0
82.999854550,0,0,0
83.000134600,0,1,0
83.000137220,0,1,1
83.000149850,0,0,1
83.000152340,0,0,0
83.018632380,1,0,0
83.025637190,0,0,0
83.025919410,0,1,0
83.025920550,0,1,1
83.025934610,0,0,1
83.025935680,0,0,0
83.042963700,1,0,0
83.049969720,0,0,0
83.050251380,0,1,0
83.050252800,0,1,1
83.050266570,0,0,1
83.050267840,0,0,0
83.068025650,1,0,0
83.075031700,0,0,0
83.075312570,0,0,1
83.075316270,0,1,1
83.075327820,0,1,0
83.075331440,0,0,0
83.093238790,1,0,0
83.100244980,0,0,0
83.100524480,0,1,0
83.100525380,0,1,1
83.100539600,0,0,1
83.100540670,0,0,0
83.119048020,1,0,0
83.126054230,0,0,0
83.126334630,0,0,1
83.126337870,0,1,1
83.126349770,0,1,0
83.126353160,0,0,0
83.143169590,1,0,0
83.150175420,0,0,0
83.150456260,0,1,0
83.150457750,0,1,1
83.150471490,0,0,1
83.150472940,0,0,0
83.168059750,1,0,0
83.175066040,0,0,0
83.175346150,0,0,1
83.175348400,0,1,1
83.175361350,0,1,0
83.175363590,0,0,0
83.193026890,1,0,0
83.200031780,0,0,0
83.200313130,0,1,0
83.200313540,0,1,1
83.200328290,0,0,1
83.200328790,0,0,0
83.218786700,1,0,0
83.225791430,0,0,0
83.226054310,0,0,1
83.226069500,0,0,0
83.226074120,0,1,0
83.226089270,0,0,0
83.244577210,1,0,0
83.251583190,0,0,0
83.251863990,0,1,0
83.251866660,0,1,1
83.251879200,0,0,1
83.251882000,0,0,0
83.270371590,1,0,0
83.277377520,0,0,0
83.277655740,0,1,0
83.277659180,0,1,1
83.277670990,0,0,1
83.277674310,0,0,0
83.296035210,1,0,0
83.303041400,0,0,0
83.303320730,0,1,0
83.303323600,0,1,1
83.303336020,0,0,1
83.303338870,0,0,0
83.320676530,1,0,0
83.327682160,0,0,0
83.327934620,0,1,0
83.327949850,0,0,0
83.327961010,0,0,1
83.327976200,0,0,0
83.346339570,1,0,0
83.353344010,0,0,0
83.353622850,0,0,1
83.353628530,0,1,1
83.353638010,0,1,0
83.353643740,0,0,0
83.371941190,1,0,0
83.378945880,0,0,0
83.379226760,0,1,0
83.379228890,0,1,1
83.379241820,0,0,1
83.379244160,0,0,0
83.396033090,1,0,0
83.403039050,0,0,0
83.403320210,0,1,0
83.403321200,0,1,1
83.403335380,0,0,1
83.403336420,0,0,0
83.421851070,1,0,0
83.428857360,0,0,0
83.429120300,0,0,1
83.429135510,0,0,0
83.429137420,0,1,0
83.429152700,0,0,0
83.447106420,1,0,0
83.454110560,0,0,0
83.454390560,0,1,0
83.454391880,0,1,1
83.454405740,0,0,1
83.454407150,0,0,0
83.471597050,1,0,0
83.478602890,0,0,0
83.478882640,0,1,0
83.478887690,0,1,1
83.478897840,0,0,1
83.478902980,0,0,0
83.497066070,1,0,0
83.504071650,0,0,0
83.504353400,0,1,0
83.504355940,0,1,1
83.504368670,0,0,1
83.504371230,0,0,0
83.521253740,1,0,0
83.528259640,0,0,0
83.528539500,0,0,1
83.528542170,0,1,1
83.528554670,0,1,0
83.528557420,0,0,0
83.546439630,1,0,0
83.553445670,0,0,0
83.553724410,0,1,0
83.553726900,0,1,1
83.553739700,0,0,1
83.553742000,0,0,0
83.571110890,1,0,0
83.578177870,0,0,0
83.578393600,0,0,1
83.578397510,0,1,1
83.578408890,0,1,0
83.578412720,0,0,0
83.596806140,1,0,0
83.603812280,0,0,0
83.604091260,0,1,0
83.604094520,0,1,1
83.604106460,0,0,1
83.604109740,0,0,0
83.621335040,1,0,0
83.628341150,0,0,0
83.628618190,0,1,0
83.628622330,0,1,1
83.628633360,0,0,1
83.628637530,0,0,0
83.646249830,1,0,0
83.653255910,0,0,0
83.653536660,0,0,1
83.653537540,0,1,1
83.653551840,0,1,0
83.653552750,0,0,0
83.671243760,1,0,0
83.678249990,0,0,0
83.678530050,0,0,1
83.678531450,0,1,1
83.678545220,0,1,0
83.678546700,0,0,0
83.696939230,1,0,0
83.703943800,0,0,0
83.704225570,0,1,0
83.704228470,0,1,1
83.704240780,0,0,1
83.704243680,0,0,0
83.722905900,1,0,0
83.729910460,0,0,0
83.730191950,0,0,1
83.730192780,0,1,1
83.730207130,0,1,0
83.730207940,0,0,0
83.748491400,1,0,0
83.755497540,0,0,0
83.755777500,0,1,0
83.755779450,0,1,1
83.755792810,0,0,1
83.755794670,0,0,0
83.773233470,1,0,0
83.780239410,0,0,0
83.780518900,0,0,1
83.780519990,0,1,1
83.780534130,0,1,0
83.780535200,0,0,0
83.798009750,1,0,0
83.805014380,0,0,0
83.805290900,0,0,1
83.805299360,0,1,1
83.805306230,0,1,0
83.805314590,0,0,0
83.821899110,1,0,0
83.828905010,0,0,0
83.829185710,0,0,1
83.829187780,0,1,1
83.829201020,0,1,0
83.829202880,0,0,0
83.847506730,1,0,0
83.854512710,0,0,0
83.854793060,0,0,1
83.854795980,0,1,1
83.854808310,0,1,0
83.854811100,0,0,0
83.872652370,1,0,0
83.879657080,0,0,0
83.879942600,0,0,1
83.879957810,0,0,0
83.898346140,1,0,0
83.905352180,0,0,0
83.905630000,0,0,1
83.905632830,0,1,1
83.905645160,0,1,0
83.905648030,0,0,0
83.924018930,1,0,0
83.930992910,0,0,0
83.931304410,0,0,1
83.931304940,0,1,1
83.931319620,0,1,0
83.931320250,0,0,0
83.949744660,1,0,0
83.956750990,0,0,0
83.957032830,0,0,1
83.957033560,0,1,1
83.957048100,0,1,0
83.957048810,0,0,0
83.975547260,1,0,0
83.982552800,0,0,0
83.982832600,0,1,0
83.982833620,0,1,1
83.982847850,0,0,1
83.982848910,0,0,0
84.001830240,1,0,0
84.008835070,0,0,0
84.009115370,0,1,0
84.009117240,0,1,1
84.009130490,0,0,1
84.009132410,0,0,0
84.027181460,1,0,0
84.034190090,0,0,0
84.034468240,0,0,1
84.034472320,0,1,1
84.034483340,0,1,0
84.034487480,0,0,0
84.053009400,1,0,0
84.060015730,0,0,0
84.060295310,0,1,0
84.060295350,0,1,1
84.060310460,0,0,1
84.060310490,0,0,0
84.078638140,1,0,0
84.085644080,0,0,0
84.085926720,0,1,0
84.085941930,0,0,0
84.085975800,0,0,1
84.085991050,0,0,0
84.104045950,1,0,0
84.111052160,0,0,0
84.111332240,0,1,0
84.111333450,0,1,1
84.111347340,0,0,1
84.111348650,0,0,0
84.127974170,1,0,0
84.134980080,0,0,0
84.135261900,0,0,1
84.135263320,0,1,1
84.135277110,0,1,0
84.135278460,0,0,0
84.153645520,1,0,0
84.160715310,0,0,0
84.160931520,0,1,0
84.160932630,0,1,1
84.160946850,0,0,1
84.160947840,0,0,0
84.178099300,1,0,0
84.185105720,0,0,0
84.185385210,0,1,0
84.185388840,0,1,1
84.185400410,0,0,1
84.185404080,0,0,0
84.203788900,1,0,0
84.210795050,0,0,0
84.211075850,0,1,0
84.211077150,0,1,1
84.211091090,0,0,1
84.211092350,0,0,0
84.229512710,1,0,0
84.236518750,0,0,0
84.236800730,0,0,1
84.236801030,0,1,1
84.236815870,0,1,0
84.236816280,0,0,0
84.254904710,1,0,0
84.261910580,0,0,0
84.262190150,0,1,0
84.262205380,0,0,0
84.262259480,0,0,1
84.262274680,0,0,0
84.279570450,1,0,0
84.286578890,0,0,0
84.286856500,0,0,1
84.286857600,0,1,1
84.286871660,0,1,0
84.286872790,0,0,0
84.303500100,1,0,0
84.310504660,0,0,0
84.310785140,0,0,1
84.310786080,0,1,1
84.310800280,0,1,0
84.310801430,0,0,0
84.327579710,1,0,0
84.334585820,0,0,0
84.334864390,0,1,0
84.334869450,0,1,1
84.334879550,0,0,1
84.334884760,0,0,0
84.353288750,1,0,0
84.360294860,0,0,0
84.360573760,0,1,0
84.360577930,0,1,1
84.360588960,0,0,1
84.360593180,0,0,0
84.378971060,1,0,0
84.385976940,0,0,0
84.386257310,0,1,0
84.386258660,0,1,1
84.386272520,0,0,1
84.386273820,0,0,0
84.403198650,1,0,0
84.410202950,0,0,0
84.410485730,0,1,0
84.410487260,0,1,1
84.410500890,0,0,1
84.410502400,0,0,0
84.428504000,1,0,0
84.435509960,0,0,0
84.435787840,0,1,0
84.435792170,0,1,1
84.435803070,0,0,1
84.435807380,0,0,0
84.453568540,1,0,0
84.460574600,0,0,0
84.460854400,0,1,0
84.460855670,0,1,1
84.460869630,0,0,1
84.460870920,0,0,0
84.479696310,1,0,0
84.486669640,0,0,0
84.486984560,0,1,0
84.486985020,0,1,1
84.486999850,0,0,1
84.487000210,0,0,0
84.504781780,1,0,0
84.511786090,0,0,0
84.512068610,0,0,1
84.512069020,0,1,1
84.512083750,0,1,0
84.512084220,0,0,0
84.529192500,1,0,0
84.536198330,0,0,0
84.536479290,0,0,1
84.536480180,0,1,1
84.536494520,0,1,0
84.536495360,0,0,0
84.554348660,1,0,0
84.561416530,0,0,0
84.561634410,0,0,1
84.561635900,0,1,1
84.561649660,0,1,0
84.561651070,0,0,0
84.580071490,1,0,0
84.587077620,0,0,0
84.587357770,0,0,1
84.587359340,0,1,1
84.587372910,0,1,0
84.587374630,0,0,0
84.605932110,1,0,0
84.612937990,0,0,0
84.613217950,0,1,0
84.613221240,0,1,1
84.613233120,0,0,1
84.613236410,0,0,0
84.630475540,1,0,0
84.637481810,0,0,0
84.637759870,0,1,0
84.637760530,0,1,1
84.637775130,0,0,1
84.637775780,0,0,0
84.655494180,1,0,0
84.662500220,0,0,0
84.662779690,0,1,0
84.662794880,0,0,0
84.662846370,0,0,1
84.662861610,0,0,0
84.680502590,1,0,0
84.687505820,0,0,0
84.687791110,0,0,1
84.687792090,0,1,1
84.687806240,0,1,0
84.687807250,0,0,0
84.705175040,1,0,0
84.712181520,0,0,0
84.712459490,0,0,1
84.712460000,0,1,1
84.712474730,0,1,0
84.712475180,0,0,0
84.730499860,1,0,0
84.737505800,0,0,0
84.737789300,0,0,1
84.737789950,0,1,1
84.737804480,0,1,0
84.737805030,0,0,0
84.756232240,1,0,0
84.763238320,0,0,0
84.763516480,0,0,1
84.763518130,0,1,1
84.763531580,0,1,0
84.763533360,0,0,0
84.782056130,1,0,0
84.789062300,0,0,0
84.789340590,0,1,0
84.789346250,0,1,1
84.789355850,0,0,1
84.789361420,0,0,0
84.807877380,1,0,0
84.814885630,0,0,0
84.815162060,0,0,1
84.815164000,0,1,1
84.815177230,0,1,0
84.815179140,0,0,0
84.833643420,1,0,0
84.840649610,0,0,0
84.840927430,0,1,0
84.840933080,0,1,1
84.840942640,0,0,1
84.840948310,0,0,0
84.859367790,1,0,0
84.866374150,0,0,0
84.866655520,0,0,1
84.866655690,0,1,1
84.866670730,0,1,0
84.866670840,0,0,0
84.884110340,1,0,0
84.891114390,0,0,0
84.891392560,0,1,0
84.891397640,0,1,1
84.891407830,0,0,1
84.891412890,0,0,0
84.907785020,1,0,0
84.914791250,0,0,0
84.915073510,0,0,1
84.915088740,0,0,0
84.915111140,0,1,0
84.915126330,0,0,0
84.931624020,1,0,0
84.938628290,0,0,0
84.938910990,0,0,1
84.938912020,0,1,1
84.938926130,0,1,0
84.938927320,0,0,0
84.957465480,1,0,0
84.964471350,0,0,0
84.964752950,0,1,0
84.964755320,0,1,1
84.964768070,0,0,1
84.964770490,0,0,0
84.981612280,1,0,0
84.988618320,0,0,0
84.988898720,0,0,1
84.988898900,0,1,1
84.988913920,0,1,0
84.988914070,0,0,0
85.005747200,1,0,0
85.012753250,0,0,0
85.013036770,0,1,0
85.013037280,0,1,1
85.013051940,0,0,1
85.013052480,0,0,0
85.031475600,1,0,0
85.038481640,0,0,0
85.038764690,0,0,1
85.038765390,0,1,1
85.038779880,0,1,0
85.038780580,0,0,0
85.057271570,1,0,0
85.064280160,0,0,0
85.064558840,0,1,0
85.064559080,0,1,1
85.064573970,0,0,1
85.064574290,0,0,0
85.081655020,1,0,0
85.088661130,0,0,0
85.088940880,0,1,0
85.088942600,0,1,1
85.088956110,0,0,1
85.088957810,0,0,0
85.107092910,1,0,0
85.114097430,0,0,0
85.114379560,0,0,1
85.114380630,0,1,1
85.114394770,0,1,0
85.114395850,0,0,0
85.132952160,1,0,0
85.139958270,0,0,0
85.140236700,0,1,0
85.140239450,0,1,1
85.140251910,0,0,1
85.140254600,0,0,0
85.158681720,1,0,0
85.165688010,0,0,0
85.165967320,0,1,0
85.165967910,0,1,1
85.165982380,0,0,1
85.165983080,0,0,0
85.184536530,1,0,0
85.191542700,0,0,0
85.191825410,0,0,1
85.191825710,0,1,1
85.191840620,0,1,0
85.191841090,0,0,0
85.208402660,1,0,0
85.215410980,0,0,0
85.215688780,0,0,1
85.215689210,0,1,1
85.215703930,0,1,0
85.215704420,0,0,0
85.234191830,1,0,0
85.241197790,0,0,0
85.241477500,0,1,0
85.241478070,0,1,1
85.241492700,0,0,1
85.241493300,0,0,0
85.259831120,1,0,0
85.266845240,0,0,0
85.267120910,0,1,0
85.267121590,0,1,1
85.267136240,0,0,1
85.267136820,0,0,0
85.285688780,1,0,0
85.292694970,0,0,0
85.292973320,0,1,0
85.292973970,0,1,1
85.292988560,0,0,1
85.292989250,0,0,0
85.311489300,1,0,0
85.318495180,0,0,0
85.318775880,0,0,1
85.318777500,0,1,1
85.318791070,0,1,0
85.318792680,0,0,0
85.335483540,1,0,0
85.342489520,0,0,0
85.342770820,0,0,1
85.342771180,0,1,1
85.342786060,0,1,0
85.342786350,0,0,0
85.361088970,1,0,0
85.368094800,0,0,0
85.368373300,0,1,0
85.368375150,0,1,1
85.368388400,0,0,1
85.368390350,0,0,0
85.386787720,1,0,0
85.393792390,0,0,0
85.394072710,0,0,1
85.394072820,0,1,1
85.394087870,0,1,0
85.394088090,0,0,0
85.412028940,1,0,0
85.419035030,0,0,0
85.419316310,0,1,0
85.419317270,0,1,1
85.419331460,0,0,1
85.419332470,0,0,0
85.437885630,1,0,0
85.444891860,0,0,0
85.445173740,0,1,0
85.445175770,0,1,1
85.445188890,0,0,1
85.445191010,0,0,0
85.461768010,1,0,0
85.468772010,0,0,0
85.469051580,0,0,1
85.469058070,0,1,1
85.469066780,0,1,0
85.469073340,0,0,0
85.487337500,1,0,0
85.494346090,0,0,0
85.494625150,0,1,0
85.494626660,0,1,1
85.494640360,0,0,1
85.494641860,0,0,0
85.513061230,1,0,0
85.520067050,0,0,0
85.520349920,0,1,0
85.520350030,0,1,1
85.520365120,0,0,1
85.520365280,0,0,0
85.537927740,1,0,0
85.544934080,0,0,0
85.545211970,0,0,1
85.545213140,0,1,1
85.545227130,0,1,0
85.545228240,0,0,0
85.562729400,1,0,0
85.569735530,0,0,0
85.570016590,0,1,0
85.570016780,0,1,1
85.570031820,0,0,1
85.570031940,0,0,0
85.588615440,1,0,0
85.595621300,0,0,0
85.595900300,0,0,1
85.595905050,0,1,1
85.595915560,0,1,0
85.595920270,0,0,0
85.613808230,1,0,0
85.620814250,0,0,0
85.621093400,0,1,0
85.621094750,0,1,1
85.621108660,0,0,1
85.621109980,0,0,0
85.637553360,1,0,0
85.644557510,0,0,0
85.644840980,0,1,0
85.644841960,0,1,1
85.644856260,0,0,1
85.644857080,0,0,0
85.661557120,1,0,0
85.668563470,0,0,0
85.668844180,0,1,0
85.668846430,0,1,1
85.668859450,0,0,1
85.668861680,0,0,0
85.686933970,1,0,0
85.693939880,0,0,0
85.694219950,0,0,1
85.694222240,0,1,1
85.694235100,0,1,0
85.694237550,0,0,0
85.710751050,1,0,0
85.717757350,0,0,0
85.718036150,0,1,0
85.718037700,0,1,1
85.718051420,0,0,1
85.718052910,0,0,0
85.734544750,1,0,0
85.741550580,0,0,0
85.741822610,0,0,1
85.741830440,0,1,1
85.741837760,0,1,0
85.741845600,0,0,0
85.760497850,1,0,0
85.767504230,0,0,0
85.767783580,0,1,0
85.767784530,0,1,1
85.767798740,0,0,1
85.767799710,0,0,0
85.785273610,1,0,0
85.792276780,0,0,0
85.792560930,0,1,0
85.792561030,0,1,1
85.792576150,0,0,0
85.809279250,1,0,0
85.816285500,0,0,0
85.816565470,0,1,0
85.816580650,0,0,0
85.816632690,0,0,1
85.816647830,0,0,0
85.832897440,1,0,0
85.839903480,0,0,0
85.840183770,0,1,0
85.840185560,0,1,1
85.840198960,0,0,1
85.840200790,0,0,0
85.858595790,1,0,0
85.865602100,0,0,0
85.865882440,0,1,0
85.865884040,0,1,1
85.865897720,0,0,1
85.865899290,0,0,0
85.884197890,1,0,0
85.891202430,0,0,0
85.891453560,0,0,1
85.891468870,0,0,0
85.891484870,0,1,0
85.891500070,0,0,0
85.909968580,1,0,0
85.916973350,0,0,0
85.917253900,0,1,0
85.917255660,0,1,1
85.917269130,0,0,1
85.917270910,0,0,0
85.935362950,1,0,0
85.942368510,0,0,0
85.942647930,0,0,1
85.942651750,0,1,1
85.942663160,0,1,0
85.942666920,0,0,0
85.960588790,1,0,0
85.967594780,0,0,0
85.967876720,0,0,1
85.967891930,0,0,0
85.967933620,0,1,0
85.967948830,0,0,0
85.986086960,1,0,0
85.993093230,0,0,0
85.993374410,0,1,0
85.993376070,0,1,1
85.993389590,0,0,1
85.993391260,0,0,0
86.011755350,1,0,0
86.018761330,0,0,0
86.019041670,0,1,0
86.019044510,0,1,1
86.019056710,0,0,1
86.019059710,0,0,0
86.037397580,1,0,0
86.044406080,0,0,0
86.044686040,0,1,0
86.044687920,0,1,1
86.044701170,0,0,1
86.044703070,0,0,0
86.062596090,1,0,0
86.069601910,0,0,0
86.069884450,0,1,0
86.069885400,0,1,1
86.069899760,0,0,1
86.069900650,0,0,0
86.086459350,1,0,0
86.093465410,0,0,0
86.093744670,0,0,1
86.093747890,0,1,1
86.093759830,0,1,0
86.093763180,0,0,0
86.112095120,1,0,0
86.119100970,0,0,0
86.119380320,0,1,0
86.119383290,0,1,1
86.119395480,0,0,1
86.119398540,0,0,0
86.137928990,1,0,0
86.144932180,0,0,0
86.145213560,0,1,0
86.145214230,0,1,1
86.145228710,0,0,1
86.145229390,0,0,0
86.162974340,1,0,0
86.170033710,0,0,0
86.170259410,0,0,1
86.170262870,0,1,1
86.170274580,0,1,0
86.170278010,0,0,0
86.188800110,1,0,0
86.195805190,0,0,0
86.196085530,0,1,0
86.196088790,0,1,1
86.196100650,0,0,1
86.196103970,0,0,0
86.213168800,1,0,0
86.220173320,0,0,0
86.220454710,0,1,0
86.220457070,0,1,1
86.220469820,0,0,1
86.220472340,0,0,0
86.238884340,1,0,0
86.245890590,0,0,0
86.246169640,0,0,1
86.246173230,0,1,1
86.246184820,0,1,0
86.246188460,0,0,0
86.262910200,1,0,0
86.269914600,0,0,0
86.270196480,0,1,0
86.270197690,0,1,1
86.270211620,0,0,1
86.270212920,0,0,0
86.288717010,1,0,0
86.295725620,0,0,0
86.296005050,0,1,0
86.296007280,0,1,1
86.296020240,0,0,1
86.296022570,0,0,0
86.314367300,1,0,0
86.321373240,0,0,0
86.321652240,0,1,0
86.321655770,0,1,1
86.321667480,0,0,1
86.321671020,0,0,0
86.340016860,1,0,0
86.347023050,0,0,0
86.347304270,0,0,1
86.347319440,0,0,0
86.347370960,0,1,0
86.347386120,0,0,0
86.363704510,1,0,0
86.370707310,0,0,0
86.370989210,0,1,0
86.370992830,0,1,1
86.371004490,0,0,1
86.371008080,0,0,0
86.389558140,1,0,0
86.396562890,0,0,0
86.396843550,0,1,0
86.396846180,0,1,1
86.396858700,0,0,1
86.396861310,0,0,0
86.415194950,1,0,0
86.422200880,0,0,0
86.422481960,0,1,0
86.422484680,0,1,1
86.422497090,0,0,1
86.422499910,0,0,0
86.440827380,1,0,0
86.447833260,0,0,0
86.448112810,0,1,0
86.448113060,0,1,1
86.448127980,0,0,1
86.448128390,0,0,0
86.466231460,1,0,0
86.473235920,0,0,0
86.473517810,0,1,0
86.473532990,0,0,0
86.473585240,0,0,1
86.473600470,0,0,0
86.489945530,1,0,0
86.496951570,0,0,0
86.497232100,0,1,0
86.497234900,0,1,1
86.497247240,0,0,1
86.497250070,0,0,0
86.515648320,1,0,0
86.522715300,0,0,0
86.522935570,0,1,0
86.522937050,0,1,1
86.522950800,0,0,1
86.522952250,0,0,0
86.541343170,1,0,0
86.548347920,0,0,0
86.548628770,0,1,0
86.548631750,0,1,1
86.548643980,0,0,1
86.548646940,0,0,0
86.567456500,1,0,0
86.574462630,0,0,0
86.574741180,0,1,0
86.574745040,0,1,1
86.574756430,0,0,1
86.574760290,0,0,0
86.592778390,1,0,0
86.599784410,0,0,0
86.600065680,0,1,0
86.600067810,0,1,1
86.600080920,0,0,1
86.600083000,0,0,0
86.617114860,1,0,0
86.624120730,0,0,0
86.624401020,0,0,1
86.624403980,0,1,1
86.624416310,0,1,0
86.624419040,0,0,0
86.642333310,1,0,0
86.649337750,0,0,0
86.649619560,0,0,1
86.649621560,0,1,1
86.649634830,0,1,0
86.649636750,0,0,0
86.668045890,1,0,0
86.675051950,0,0,0
86.675333810,0,0,1
86.675335720,0,1,1
86.675348990,0,1,0
86.675350910,0,0,0
86.693794740,1,0,0
86.700800430,0,0,0
86.701082430,0,0,1
86.701084260,0,1,1
86.701097700,0,1,0
86.701099340,0,0,0
86.719499320,1,0,0
86.726508140,0,0,0
86.726785680,0,0,1
86.726800950,0,0,0
86.726846730,0,1,0
86.726861900,0,0,0
86.745158010,1,0,0
86.752163860,0,0,0
86.752443320,0,0,1
86.752445970,0,1,1
86.752458570,0,1,0
86.752461140,0,0,0
86.769202050,1,0,0
86.776208180,0,0,0
86.776487530,0,0,1
86.776488370,0,1,1
86.776502820,0,1,0
86.776503510,0,0,0
86.792993540,1,0,0
86.799999580,0,0,0
86.800280210,0,0,1
86.800282740,0,1,1
86.800295440,0,1,0
86.800297990,0,0,0
86.818732310,1,0,0
86.825738100,0,0,0
86.826019560,0,0,1
86.826021110,0,1,1
86.826036310,0,0,1
86.826100060,0,0,0
86.844494930,1,0,0
86.851499430,0,0,0
86.851782850,0,0,1
86.851783710,0,1,1
86.851797950,0,1,0
86.851798870,0,0,0
86.870307180,1,0,0
86.877313570,0,0,0
86.877592800,0,1,0
86.877595500,0,1,1
86.877608010,0,0,1
86.877610740,0,0,0
86.896106320,1,0,0
86.903110900,0,0,0
86.903391360,0,1,0
86.903394020,0,1,1
86.903406590,0,0,1
86.903409220,0,0,0
86.921933960,1,0,0
86.928948010,0,0,0
86.929218380,0,1,0
86.929223350,0,1,1
86.929233500,0,0,1
86.929238680,0,0,0
86.947094080,1,0,0
86.954100120,0,0,0
86.954334180,0,0,1
86.954349340,0,0,0
86.954381910,0,1,0
86.954397060,0,0,0
86.971349720,1,0,0
86.978355950,0,0,0
86.978636530,0,1,0
86.978639150,0,1,1
86.978651700,0,0,1
86.978654110,0,0,0
86.995226370,1,0,0
87.002232490,0,0,0
87.002513710,0,0,1
87.002514820,0,1,1
87.002529000,0,1,0
87.002530090,0,0,0
87.020507720,1,0,0
87.027510720,0,0,0
87.027793360,0,1,0
87.027796960,0,1,1
87.027808520,0,0,1
87.027812150,0,0,0
87.044185550,1,0,0
87.051194100,0,0,0
87.051471690,0,1,0
87.051475500,0,1,1
87.051487100,0,0,1
87.051490710,0,0,0
87.069855320,1,0,0
87.076861320,0,0,0
87.077145140,0,1,0
87.077160280,0,0,0
87.077176500,0,0,1
87.077191750,0,0,0
87.093597310,1,0,0
87.100602890,0,0,0
87.100885020,0,0,1
87.100900120,0,0,0
87.100948760,0,1,0
87.100963880,0,0,0
87.117589560,1,0,0
87.124595860,0,0,0
87.124875680,0,0,1
87.124876920,0,1,1
87.124890910,0,1,0
87.124892040,0,0,0
87.143344460,1,0,0
87.150350210,0,0,0
87.150627970,0,0,1
87.150630290,0,1,1
87.150643110,0,1,0
87.150645350,0,0,0
87.168998640,1,0,0
87.176004810,0,0,0
87.176287570,0,0,1
87.176287660,0,1,1
87.176302730,0,1,0
87.176302890,0,0,0
87.193377710,1,0,0
87.200380780,0,0,0
87.200664900,0,0,1
87.200666990,0,1,1
87.200680070,0,1,0
87.200682220,0,0,0
87.218072910,1,0,0
87.225079040,0,0,0
87.225358150,0,0,1
87.225359440,0,1,1
87.225373480,0,1,0
87.225374650,0,0,0
87.243870180,1,0,0
87.250874950,0,0,0
87.251157040,0,0,1
87.251158670,0,1,1
87.251172330,0,1,0
87.251173850,0,0,0
87.268989010,1,0,0
87.275994840,0,0,0
87.276276210,0,0,1
87.276277240,0,1,1
87.276291290,0,1,0
87.276292370,0,0,0
87.294786920,1,0,0
87.301792820,0,0,0
87.302074630,0,1,0
87.302074680,0,1,1
87.302089800,0,0,1
87.302089930,0,0,0
87.319884020,1,0,0
87.326888560,0,0,0
87.327169000,0,1,0
87.327173390,0,1,1
87.327184230,0,0,1
87.327188530,0,0,0
87.345732870,1,0,0
87.352738560,0,0,0
87.353020530,0,0,1
87.353022580,0,1,1
87.353035800,0,1,0
87.353037830,0,0,0
87.370921470,1,0,0
87.377918620,0,0,0
87.378209130,0,0,1
87.378210600,0,1,1
87.378224360,0,1,0
87.378225880,0,0,0
87.395692520,1,0,0
87.402696670,0,0,0
87.402976700,0,1,0
87.402991920,0,0,0
87.403016820,0,0,1
87.403031960,0,0,0
87.421476770,1,0,0
87.428481380,0,0,0
87.428761110,0,0,1
87.428762360,0,1,1
87.428776310,0,1,0
87.428777560,0,0,0
87.445157030,1,0,0
87.452162820,0,0,0
87.452445170,0,0,1
87.452446040,0,1,1
87.452460390,0,1,0
87.452461230,0,0,0
87.470466270,1,0,0
87.477474770,0,0,0
87.477753310,0,1,0
87.477768620,0,0,0
87.477819120,0,0,1
87.477834270,0,0,0
87.496235000,1,0,0
87.503241150,0,0,0
87.503521290,0,0,1
87.503522670,0,1,1
87.503536640,0,1,0
87.503537920,0,0,0
87.522118390,1,0,0
87.529124330,0,0,0
87.529404430,0,0,1
87.529404770,0,1,1
87.529419580,0,1,0
87.529420080,0,0,0
87.547571010,1,0,0
87.554577140,0,0,0
87.554858100,0,0,1
87.554859450,0,1,1
87.554873300,0,1,0
87.554874740,0,0,0
87.572105170,1,0,0
87.579110460,0,0,0
87.579340990,0,0,1
87.579356320,0,0,0
87.579392820,0,1,0
87.579408010,0,0,0
87.597392000,1,0,0
87.604396730,0,0,0
87.604681050,0,0,1
87.604681150,0,1,1
87.604696150,0,1,0
87.604696360,0,0,0
87.621351900,1,0,0
87.628356510,0,0,0
87.628636810,0,1,0
87.628638650,0,1,1
87.628652040,0,0,1
87.628653840,0,0,0
87.647040290,1,0,0
87.654046460,0,0,0
87.654326980,0,0,1
87.654328140,0,1,1
87.654342130,0,1,0
87.654343390,0,0,0
87.671330490,1,0,0
87.678336140,0,0,0
87.678616230,0,0,1
87.678616450,0,1,1
87.678631540,0,1,0
87.678631620,0,0,0
87.697170360,1,0,0
87.704176220,0,0,0
87.704458960,0,1,0
87.704459660,0,1,1
87.704474150,0,0,1
87.704474770,0,0,0
87.720934640,1,0,0
87.727939160,0,0,0
87.728223080,0,0,1
87.728223420,0,1,1
87.728238330,0,1,0
87.728238670,0,0,0
87.746148130,1,0,0
87.753154070,0,0,0
87.753435780,0,0,1
87.753436660,0,1,1
87.753451050,0,1,0
87.753451970,0,0,0
87.771905300,1,0,0
87.778911300,0,0,0
87.779194950,0,1,0
87.779195220,0,1,1
87.779210180,0,0,1
87.779210400,0,0,0
87.795936510,1,0,0
87.802942470,0,0,0
87.803220630,0,1,0
87.803223400,0,1,1
87.803235860,0,0,1
87.803238630,0,0,0
87.819846080,1,0,0
87.826851880,0,0,0
87.827130770,0,1,0
87.827131770,0,1,1
87.827146020,0,0,1
87.827146940,0,0,0
87.845631680,1,0,0
87.852637850,0,0,0
87.852919270,0,1,0
87.852919290,0,1,1
87.852934450,0,0,1
87.852934480,0,0,0
87.871173370,1,0,0
87.878177620,0,0,0
87.878432290,0,0,1
87.878447480,0,0,0
87.878458550,0,1,0
87.878473820,0,0,0
87.897037390,1,0,0
87.904043580,0,0,0
87.904325510,0,1,0
87.904325980,0,1,1
87.904340710,0,0,1
87.904341270,0,0,0
87.921219940,1,0,0
87.928186670,0,0,0
87.928505270,0,1,0
87.928505600,0,1,1
87.928520390,0,0,1
87.928520870,0,0,0
87.946144080,1,0,0
87.953149100,0,0,0
87.953433810,0,1,0
87.953433990,0,1,1
87.953448950,0,0,1
87.953449130,0,0,0
87.971933990,1,0,0
87.978940370,0,0,0
87.979221280,0,0,1
87.979221300,0,1,1
87.979236470,0,1,0
87.979236530,0,0,0
87.997349550,1,0,0
88.004355470,0,0,0
88.004635710,0,1,0
88.004635950,0,1,1
88.004650920,0,0,1
88.004651230,0,0,0
88.022502370,1,0,0
88.029510790,0,0,0
88.029788460,0,0,1
88.029788770,0,1,1
88.029803610,0,1,0
88.029804060,0,0,0
88.047784470,1,0,0
88.054792620,0,0,0
88.055071270,0,1,0
88.055071840,0,1,1
88.055086450,0,0,1
88.055087040,0,0,0
88.073095570,1,0,0
88.080101550,0,0,0
88.080379000,0,0,1
88.080385680,0,1,1
88.080394080,0,1,0
88.080400820,0,0,0
88.098339590,1,0,0
88.105345800,0,0,0
88.105624620,0,0,1
88.105639830,0,0,0
88.105694130,0,1,0
88.105709250,0,0,0
88.122537280,1,0,0
88.129543510,0,0,0
88.129819920,0,1,0
88.129822140,0,1,1
88.129835140,0,0,1
88.129837370,0,0,0
88.147524710,1,0,0
88.154530460,0,0,0
88.154810550,0,0,1
88.154810930,0,1,1
88.154825720,0,1,0
88.154826100,0,0,0
88.172457290,1,0,0
88.179476000,0,0,0
88.179744240,0,1,0
88.179745030,0,1,1
88.179759380,0,0,1
88.179760260,0,0,0
88.198373350,1,0,0
88.205379730,0,0,0
88.205662730,0,1,0
88.205663360,0,1,1
88.205677900,0,0,1
88.205678610,0,0,0
88.222407340,1,0,0
88.229413250,0,0,0
88.229693400,0,1,0
88.229695900,0,1,1
88.229708710,0,0,1
88.229711110,0,0,0
88.248138420,1,0,0
88.255144480,0,0,0
88.255425320,0,0,1
88.255430760,0,1,1
88.255440480,0,1,0
88.255446090,0,0,0
88.273999330,1,0,0
88.280990710,0,0,0
88.281286840,0,1,0
88.281287690,0,1,1
88.281302150,0,0,1
88.281302810,0,0,0
88.298347010,1,0,0
88.305355260,0,0,0
88.305635270,0,1,0
88.305650460,0,0,0
88.305702520,0,0,1
88.305717750,0,0,0
88.322154700,1,0,0
88.329161140,0,0,0
88.329440580,0,0,1
88.329442170,0,1,1
88.329455700,0,1,0
88.329457330,0,0,0
88.347685970,1,0,0
88.354690280,0,0,0
88.354972030,0,1,0
88.354974180,0,1,1
88.354987240,0,0,1
88.354989280,0,0,0
88.372554980,1,0,0
88.379560810,0,0,0
88.379841360,0,1,0
88.379842450,0,1,1
88.379856550,0,0,1
88.379857700,0,0,0
88.398086290,1,0,0
88.405092180,0,0,0
88.405374900,0,0,1
88.405374940,0,1,1
88.405390010,0,1,0
88.405390170,0,0,0
88.423892180,1,0,0
88.430898250,0,0,0
88.431177330,0,1,0
88.431179300,0,1,1
88.431192540,0,0,1
88.431194500,0,0,0
88.449614970,1,0,0
88.456621050,0,0,0
88.456900550,0,1,0
88.456902750,0,1,1
88.456915660,0,0,1
88.456917920,0,0,0
88.475342050,1,0,0
88.482348340,0,0,0
88.482629960,0,1,0
88.482630400,0,1,1
88.482645250,0,0,1
88.482645480,0,0,0
88.500850110,1,0,0
88.507856150,0,0,0
88.508137230,0,0,1
88.508138350,0,1,1
88.508152410,0,1,0
88.508153600,0,0,0
88.524639800,1,0,0
88.531645800,0,0,0
88.531926830,0,1,0
88.531928160,0,1,1
88.531941970,0,0,1
88.531943350,0,0,0
88.548595120,1,0,0
88.555601020,0,0,0
88.555880050,0,1,0
88.555880660,0,1,1
88.555895340,0,0,1
88.555895890,0,0,0
88.574092930,1,0,0
88.581098700,0,0,0
88.581371220,0,1,0
88.581378950,0,1,1
88.581386510,0,0,1
88.581394220,0,0,0
88.598487150,1,0,0
88.605493000,0,0,0
88.605772470,0,0,1
88.605777060,0,1,1
88.605787550,0,1,0
88.605792190,0,0,0
88.623043970,1,0,0
88.630050490,0,0,0
88.630327580,0,1,0
88.630332000,0,1,1
88.630342720,0,0,1
88.630347210,0,0,0
88.647977900,1,0,0
88.654982820,0,0,0
88.655263850,0,1,0
88.655264250,0,1,1
88.655279090,0,0,1
88.655279480,0,0,0
88.673774020,1,0,0
88.680780210,0,0,0
88.681059630,0,1,0
88.681063810,0,1,1
88.681074900,0,0,1
88.681079060,0,0,0
88.699567390,1,0,0
88.706572000,0,0,0
88.706854130,0,1,0
88.706856290,0,1,1
88.706869230,0,0,1
88.706871430,0,0,0
88.725450310,1,0,0
88.732456020,0,0,0
88.732734770,0,0,1
88.732738890,0,1,1
88.732749950,0,1,0
88.732753990,0,0,0
88.751237450,1,0,0
88.758243600,0,0,0
88.758522130,0,1,0
88.758523870,0,1,1
88.758537210,0,0,1
88.758539120,0,0,0
88.777329580,1,0,0
88.784335180,0,0,0
88.784615590,0,1,0
88.784617340,0,1,1
88.784630880,0,0,1
88.784632530,0,0,0
88.802702970,1,0,0
88.809772950,0,0,0
88.809988330,0,1,0
88.809989950,0,1,1
88.810003450,0,0,1
88.810005090,0,0,0
88.828459530,1,0,0
88.835465570,0,0,0
88.835747470,0,1,0
88.835749150,0,1,1
88.835762670,0,0,1
88.835764300,0,0,0
88.853225660,1,0,0
88.860230910,0,0,0
88.860512590,0,0,1
88.860513090,0,1,1
88.860527710,0,1,0
88.860528230,0,0,0
88.878516140,1,0,0
88.885520890,0,0,0
88.885804150,0,1,0
88.885806210,0,1,1
88.885819310,0,0,1
88.885821310,0,0,0
88.902189810,1,0,0
88.909195890,0,0,0
88.909476750,0,1,0
88.909479540,0,1,1
88.909492010,0,0,1
88.909494680,0,0,0
88.926878380,1,0,0
88.933884130,0,0,0
88.934167200,0,0,1
88.934168910,0,1,1
88.934182430,0,1,0
88.934184050,0,0,0
88.952565690,1,0,0
88.959572000,0,0,0
88.959850430,0,0,1
88.959853300,0,1,1
88.959865740,0,1,0
88.959868480,0,0,0
88.977391850,1,0,0
88.984398080,0,0,0
88.984677790,0,1,0
88.984678950,0,1,1
88.984693000,0,0,1
88.984694090,0,0,0
89.001063310,1,0,0
89.008069480,0,0,0
89.008350060,0,1,0
89.008353300,0,1,1
89.008365390,0,0,1
89.008368400,0,0,0
89.025878700,1,0,0
89.032884320,0,0,0
89.033164410,0,1,0
89.033165900,0,1,1
89.033179660,0,0,1
89.033181150,0,0,0
89.051656200,1,0,0
89.058662490,0,0,0
89.058942820,0,1,0
89.058944420,0,1,1
89.058958070,0,0,1
89.058959520,0,0,0
89.075891120,1,0,0
89.082896870,0,0,0
89.083177830,0,0,1
89.083178940,0,1,1
89.083193100,0,1,0
89.083194230,0,0,0
89.100888930,1,0,0
89.107895010,0,0,0
89.108173700,0,1,0
89.108177220,0,1,1
89.108188990,0,0,1
89.108192260,0,0,0
89.126688210,1,0,0
89.133692820,0,0,0
89.133973070,0,1,0
89.133975640,0,1,1
89.133988260,0,0,1
89.133990680,0,0,0
89.152501150,1,0,0
89.159507530,0,0,0
89.159786240,0,0,1
89.159790530,0,1,1
89.159801430,0,1,0
89.159805690,0,0,0
89.178358560,1,0,0
89.185364690,0,0,0
89.185642500,0,1,0
89.185647360,0,1,1
89.185657680,0,0,1
89.185662510,0,0,0
89.202331650,1,0,0
89.209337630,0,0,0
89.209617450,0,1,0
89.209620670,0,1,1
89.209632640,0,0,1
89.209635980,0,0,0
89.228109210,1,0,0
89.235113800,0,0,0
89.235396670,0,1,0
89.235399270,0,1,1
89.235411730,0,0,1
89.235414520,0,0,0
89.252218660,1,0,0
89.259223260,0,0,0
89.259505090,0,1,0
89.259506850,0,1,1
89.259520310,0,0,1
89.259522160,0,0,0
89.276094020,1,0,0
89.283102500,0,0,0
89.283381230,0,0,1
89.283383290,0,1,1
89.283396490,0,1,0
89.283398470,0,0,0
89.301844600,1,0,0
89.308850600,0,0,0
89.309130870,0,1,0
89.309133830,0,1,1
89.309146200,0,0,1
89.309149050,0,0,0
89.327482120,1,0,0
89.334486600,0,0,0
89.334766700,0,0,1
89.334781970,0,0,0
89.334835110,0,1,0
89.334850340,0,0,0
89.353177450,1,0,0
89.360185800,0,0,0
89.360462770,0,1,0
89.360466470,0,1,1
89.360477980,0,0,1
89.360481670,0,0,0
89.379010570,1,0,0
89.386015320,0,0,0
89.386297100,0,1,0
89.386299700,0,1,1
89.386312350,0,0,1
89.386314880,0,0,0
89.405054500,1,0,0
89.412060240,0,0,0
89.412340450,0,1,0
89.412343240,0,1,1
89.412355630,0,0,1
89.412358440,0,0,0
89.430463460,1,0,0
89.437469710,0,0,0
89.437748670,0,1,0
89.437751840,0,1,1
89.437763750,0,0,1
89.437767110,0,0,0
89.456321980,1,0,0
89.463326770,0,0,0
89.463607370,0,1,0
89.463609920,0,1,1
89.463622490,0,0,1
89.463625170,0,0,0
89.481819720,1,0,0
89.488825620,0,0,0
89.489104530,0,1,0
89.489108480,0,1,1
89.489119740,0,0,1
89.489123620,0,0,0
89.506727530,1,0,0
89.513733610,0,0,0
89.514013920,0,1,0
89.514016120,0,1,1
89.514029150,0,0,1
89.514031290,0,0,0
89.530479890,1,0,0
89.537485820,0,0,0
89.537764680,0,0,1
89.537767460,0,1,1
89.537779890,0,1,0
89.537782650,0,0,0
89.555724530,1,0,0
89.562730800,0,0,0
89.563008310,0,1,0
89.563013890,0,1,1
89.563023450,0,0,1
89.563028990,0,0,0
89.581556960,1,0,0
89.588561800,0,0,0
89.588842420,0,0,1
89.588844160,0,1,1
89.588857650,0,1,0
89.588859280,0,0,0
89.607347380,1,0,0
89.614353670,0,0,0
89.614632420,0,1,0
89.614634800,0,1,1
89.614647650,0,0,1
89.614650050,0,0,0
89.633170810,1,0,0
89.640176960,0,0,0
89.640455910,0,1,0
89.640458440,0,1,1
89.640471040,0,0,1
89.640473540,0,0,0
89.658004200,1,0,0
89.665013840,0,0,0
89.665286950,0,1,0
89.665292710,0,1,1
89.665302160,0,0,1
89.665307960,0,0,0
89.683765700,1,0,0
89.690771530,0,0,0
89.691050290,0,0,1
89.691052800,0,1,1
89.691065390,0,1,0
89.691068090,0,0,0
89.709239630,1,0,0
89.716245750,0,0,0
89.716525060,0,1,0
89.716529410,0,1,1
89.716540310,0,0,1
89.716544580,0,0,0
89.735035710,1,0,0
89.742041880,0,0,0
89.742324370,0,1,0
89.742339510,0,0,0
89.742388080,0,0,1
89.742403260,0,0,0
89.760759270,1,0,0
89.767765270,0,0,0
89.768043740,0,0,1
89.768047820,0,1,1
89.768059050,0,1,0
89.768063010,0,0,0
89.785721090,1,0,0
89.792727260,0,0,0
89.793006250,0,1,0
89.793010010,0,1,1
89.793021480,0,0,1
89.793025170,0,0,0
89.809724810,1,0,0
89.816730620,0,0,0
89.817013340,0,0,1
89.817014580,0,1,1
89.817029790,0,0,1
89.817093090,0,0,0
89.834216610,1,0,0
89.841284110,0,0,0
89.841501730,0,0,1
89.841502040,0,1,1
89.841516940,0,1,0
89.841517240,0,0,0
89.859911550,1,0,0
89.866917630,0,0,0
89.867199290,0,0,1
89.867201400,0,1,1
89.867214500,0,1,0
89.867216570,0,0,0
89.885458850,1,0,0
89.892465150,0,0,0
89.892742270,0,1,0
89.892747270,0,1,1
89.892757480,0,0,1
89.892762450,0,0,0
89.909760050,1,0,0
89.916765880,0,0,0
89.917047010,0,0,1
89.917048290,0,1,1
89.917062240,0,1,0
89.917063540,0,0,0
89.934291270,1,0,0
89.941297040,0,0,0
89.941576580,0,1,0
89.941578120,0,1,1
89.941591800,0,0,1
89.941593340,0,0,0
89.959491300,1,0,0
89.966495870,0,0,0
89.966772950,0,0,1
89.966779010,0,1,1
89.966788150,0,1,0
89.966794230,0,0,0
89.985088880,1,0,0
89.992094470,0,0,0
89.992372480,0,1,0
89.992376530,0,1,1
89.992387690,0,0,1
89.992391750,0,0,0
90.010817960,1,0,0
90.017822340,0,0,0
90.018105770,0,1,0
90.018105820,0,1,1
90.018120990,0,0,1
90.018121080,0,0,0
90.036030560,1,0,0
90.043039270,0,0,0
90.043319080,0,0,1
90.043320180,0,1,1
90.043334270,0,1,0
90.043335360,0,0,0
90.061348370,1,0,0
90.068354520,0,0,0
90.068637640,0,0,1
90.068638440,0,1,1
90.068652750,0,1,0
90.068653650,0,0,0
90.087108370,1,0,0
90.094110910,0,0,0
90.094394390,0,1,0
90.094395970,0,1,1
90.094409600,0,0,1
90.094411180,0,0,0
90.112408380,1,0,0
90.119411300,0,0,0
90.119693620,0,0,1
90.119695220,0,1,1
90.119708680,0,1,0
90.119710200,0,0,0
90.136193410,1,0,0
90.143199470,0,0,0
90.143478780,0,1,0
90.143482860,0,1,1
90.143494050,0,0,1
90.143498010,0,0,0
90.162025510,1,0,0
90.169031720,0,0,0
90.169310510,0,0,1
90.169312000,0,1,1
90.169325500,0,1,0
90.169327250,0,0,0
90.185769660,1,0,0
90.192774020,0,0,0
90.193055640,0,1,0
90.193059800,0,1,1
90.193070850,0,0,1
90.193074960,0,0,0
90.211942990,1,0,0
90.218947580,0,0,0
90.219228020,0,0,1
90.219228870,0,1,1
90.219243370,0,1,0
90.219244010,0,0,0
90.237339840,1,0,0
90.244346140,0,0,0
90.244625750,0,0,1
90.244627130,0,1,1
90.244640950,0,1,0
90.244642340,0,0,0
90.262280500,1,0,0
90.269286710,0,0,0
90.269565770,0,1,0
90.269569430,0,1,1
90.269580960,0,0,1
90.269584620,0,0,0
90.287722620,1,0,0
90.294728580,0,0,0
90.295007680,0,0,1
90.295009100,0,1,1
90.295022780,0,1,0
90.295024350,0,0,0
90.312760140,1,0,0
90.319766240,0,0,0
90.320046470,0,1,0
90.320046950,0,1,1
90.320061700,0,0,1
90.320062200,0,0,0
90.338528150,1,0,0
90.345533990,0,0,0
90.345814920,0,1,0
90.345830120,0,0,0
90.345881090,0,0,1
90.345896240,0,0,0
90.363806920,1,0,0
90.370810000,0,0,0
90.371091830,0,1,0
90.371093670,0,1,1
90.371107040,0,0,1
90.371108860,0,0,0
90.388447820,1,0,0
90.395453910,0,0,0
90.395736740,0,1,0
90.395737250,0,1,1
90.395752010,0,0,1
90.395752440,0,0,0
90.413775150,1,0,0
90.420781280,0,0,0
90.421058190,0,0,1
90.421060860,0,1,1
90.421073290,0,1,0
90.421075960,0,0,0
90.437895910,1,0,0
90.444901890,0,0,0
90.445184220,0,0,1
90.445184360,0,1,1
90.445199470,0,1,0
90.445199560,0,0,0
90.463720700,1,0,0
90.470726660,0,0,0
90.471006260,0,0,1
90.471006930,0,1,1
90.471021470,0,1,0
90.471022120,0,0,0
90.488747860,1,0,0
90.495753710,0,0,0
90.496035990,0,0,1
90.496036340,0,1,1
90.496051220,0,1,0
90.496051490,0,0,0
90.513661500,1,0,0
90.520664640,0,0,0
90.520949500,0,1,0
90.520949630,0,1,1
90.520964730,0,0,1
90.520964760,0,0,0
90.537332670,1,0,0
90.544339110,0,0,0
90.544618060,0,1,0
90.544620320,0,1,1
90.544633210,0,0,1
90.544635480,0,0,0
90.561200380,1,0,0
90.568212880,0,0,0
90.568485040,0,0,1
90.568485370,0,1,1
90.568500250,0,1,0
90.568500470,0,0,0
90.587050000,1,0,0
90.594055800,0,0,0
90.594338910,0,1,0
90.594339640,0,1,1
90.594354050,0,0,1
90.594354720,0,0,0
90.612710130,1,0,0
90.619715250,0,0,0
90.619997350,0,0,1
90.619998150,0,1,1
90.620012600,0,1,0
90.620013400,0,0,0
90.638540330,1,0,0
90.645546100,0,0,0
90.645826390,0,1,0
90.645826660,0,1,1
90.645841640,0,0,1
90.645841760,0,0,0
90.662179880,1,0,0
90.669188420,0,0,0
90.669469010,0,1,0
90.669469950,0,1,1
90.669484180,0,0,1
90.669485090,0,0,0
90.687947250,1,0,0
90.694953350,0,0,0
90.695230840,0,0,1
90.695233200,0,1,1
90.695246050,0,1,0
90.695248320,0,0,0
90.712798550,1,0,0
90.719804510,0,0,0
90.720086540,0,1,0
90.720087020,0,1,1
90.720101650,0,0,1
90.720102310,0,0,0
90.738740450,1,0,0
90.745746530,0,0,0
90.746025290,0,0,1
90.746030200,0,1,1
90.746040540,0,1,0
90.746045470,0,0,0
90.763465710,1,0,0
90.770471650,0,0,0
90.770752430,0,1,0
90.770752870,0,1,1
90.770767550,0,0,1
90.770768060,0,0,0
90.789220390,1,0,0
90.796225120,0,0,0
90.796506920,0,1,0
90.796507060,0,1,1
90.796522150,0,0,1
90.796522260,0,0,0
90.814613160,1,0,0
90.821619370,0,0,0
90.821898980,0,1,0
90.821900720,0,1,1
90.821914140,0,0,1
90.821915950,0,0,0
90.839762380,1,0,0
90.846766780,0,0,0
90.847046930,0,0,1
90.847047740,0,1,1
90.847062010,0,1,0
90.847063010,0,0,0
90.865544000,1,0,0
90.872550170,0,0,0
90.872830010,0,0,1
90.872831130,0,1,1
90.872845340,0,1,0
90.872846460,0,0,0
90.889223630,1,0,0
90.896229650,0,0,0
90.896510550,0,1,0
90.896510960,0,1,1
90.896525790,0,0,1
90.896526150,0,0,0
90.914757790,1,0,0
90.921763840,0,0,0
90.922007120,0,1,0
90.922022310,0,0,0
90.922044330,0,0,1
90.922059520,0,0,0
90.940558830,1,0,0
90.947557940,0,0,0
90.947845910,0,1,0
90.947846790,0,1,1
90.947861240,0,0,1
90.947861930,0,0,0
90.964775780,1,0,0
90.971784260,0,0,0
90.972064690,0,1,0
90.972065470,0,1,1
90.972079800,0,0,1
90.972080660,0,0,0
90.989895980,1,0,0
90.996902040,0,0,0
90.997184000,0,1,0
90.997184720,0,1,1
90.997199170,0,0,1
90.997199950,0,0,0
91.014088990,1,0,0
91.021095070,0,0,0
91.021375610,0,0,1
91.021376500,0,1,1
91.021390820,0,1,0
91.021391810,0,0,0
91.039857690,1,0,0
91.046863240,0,0,0
91.047144860,0,1,0
91.047146590,0,1,1
91.047160050,0,0,1
91.047161710,0,0,0
91.065716090,1,0,0
91.072722000,0,0,0
91.073004090,0,1,0
91.073005000,0,1,1
91.073019330,0,0,1
91.073020290,0,0,0
91.091386230,1,0,0
91.098392100,0,0,0
91.098671730,0,1,0
91.098673380,0,1,1
91.098686910,0,0,1
91.098688580,0,0,0
91.117220000,1,0,0
91.124225770,0,0,0
91.124505990,0,1,0
91.124506060,0,1,1
91.124521180,0,0,1
91.124521210,0,0,0
91.142991550,1,0,0
91.149999850,0,0,0
91.150278460,0,1,0
91.150280310,0,1,1
91.150293710,0,0,1
91.150295540,0,0,0
91.168659840,1,0,0
91.175665820,0,0,0
91.175946410,0,1,0
91.175947870,0,1,1
91.175961660,0,0,1
91.175963120,0,0,0
91.192496470,1,0,0
91.199499620,0,0,0
91.199782110,0,0,1
91.199797360,0,0,0
91.199850100,0,1,0
91.199865240,0,0,0
91.217976300,1,0,0
91.224982090,0,0,0
91.225263420,0,1,0
91.225265780,0,1,1
91.225278610,0,0,1
91.225280920,0,0,0
91.242685120,1,0,0
91.249689500,0,0,0
91.249972880,0,1,0
91.249974110,0,1,1
91.249988110,0,0,1
91.249989270,0,0,0
91.267476220,1,0,0
91.274482430,0,0,0
91.274762400,0,0,1
91.274763080,0,1,1
91.274777620,0,1,0
91.274778330,0,0,0
91.292508440,1,0,0
91.299511650,0,0,0
91.299794620,0,0,1
91.299794720,0,1,1
91.299809780,0,0,1
91.299809810,0,0,0
91.318234290,1,0,0
91.325240370,0,0,0
91.325519430,0,0,1
91.325522300,0,1,1
91.325534640,0,1,0
91.325537480,0,0,0
91.342548020,1,0,0
91.349552380,0,0,0
91.349836400,0,1,0
91.349836970,0,1,1
91.349851620,0,0,1
91.349917430,0,0,0
91.367514720,1,0,0
91.374520270,0,0,0
91.374797240,0,1,0
91.374801430,0,1,1
91.374812580,0,0,1
91.374816530,0,0,0
91.391605150,1,0,0
91.398609880,0,0,0
91.398893280,0,1,0
91.398894670,0,1,1
91.398908430,0,0,1
91.398909880,0,0,0
91.417016680,1,0,0
91.424020040,0,0,0
91.424300540,0,0,1
91.424315710,0,0,0
91.424325780,0,1,0
91.424340960,0,0,0
91.442842490,1,0,0
91.449901830,0,0,0
91.450130000,0,1,0
91.450131500,0,1,1
91.450145180,0,0,1
91.450146690,0,0,0
91.468344550,1,0,0
91.475350510,0,0,0
91.475629870,0,0,1
91.475632720,0,1,1
91.475645040,0,1,0
91.475647970,0,0,0
91.494070090,1,0,0
91.501075860,0,0,0
91.501356630,0,1,0
91.501357540,0,1,1
91.501371800,0,0,1
91.501372680,0,0,0
91.519895730,1,0,0
91.526901730,0,0,0
91.527181720,0,0,1
91.527184020,0,1,1
91.527196890,0,1,0
91.527199160,0,0,0
91.545661290,1,0,0
91.552667440,0,0,0
91.552917180,0,0,1
91.552932320,0,0,0
91.552947240,0,1,0
91.552962390,0,0,0
91.571366740,1,0,0
91.578373000,0,0,0
91.578650630,0,1,0
91.578653650,0,1,1
91.578665690,0,0,1
91.578668800,0,0,0
91.597204720,1,0,0
91.604209240,0,0,0
91.604491360,0,0,1
91.604495460,0,1,1
91.604506630,0,1,0
91.604510560,0,0,0
91.622177090,1,0,0
91.629181590,0,0,0
91.629462770,0,1,0
91.629464210,0,1,1
91.629477930,0,0,1
91.629479480,0,0,0
91.647967150,1,0,0
91.654973090,0,0,0
91.655252300,0,1,0
91.655253270,0,1,1
91.655267490,0,0,1
91.655268390,0,0,0
91.673601040,1,0,0
91.680607100,0,0,0
91.680872440,0,1,0
91.680887430,0,1,1
91.680887650,0,0,1
91.680902640,0,0,0
91.697915130,1,0,0
91.704921360,0,0,0
91.705200780,0,0,1
91.705204000,0,1,1
91.705216030,0,1,0
91.705219100,0,0,0
91.722559450,1,0,0
91.729564140,0,0,0
91.729844830,0,1,0
91.729846890,0,1,1
91.729860070,0,0,1
91.729862070,0,0,0
91.748072120,1,0,0
91.755075550,0,0,0
91.755358190,0,1,0
91.755362650,0,1,1
91.755373440,0,0,1
91.755377860,0,0,0
91.773449030,1,0,0
91.780455240,0,0,0
91.780736190,0,0,1
91.780738960,0,1,1
91.780751360,0,1,0
91.780754160,0,0,0
91.799369420,1,0,0
91.806378210,0,0,0
91.806654690,0,0,1
91.806657580,0,1,1
91.806669940,0,1,0
91.806672780,0,0,0
91.823338010,1,0,0
91.830343950,0,0,0
91.830606000,0,0,1
91.830611740,0,1,1
91.830621200,0,1,0
91.830626970,0,0,0
91.847689750,1,0,0
91.854695830,0,0,0
91.854976410,0,0,1
91.854979030,0,1,1
91.854991660,0,1,0
91.854994270,0,0,0
91.872193860,1,0,0
91.879199740,0,0,0
91.879480010,0,0,1
91.879481810,0,1,1
91.879495200,0,1,0
91.879497020,0,0,0
91.897508730,1,0,0
91.904514670,0,0,0
91.904796100,0,1,0
91.904797180,0,1,1
91.904811390,0,0,1
91.904812380,0,0,0
91.923021520,1,0,0
91.930027700,0,0,0
91.930309280,0,1,0
91.930311780,0,1,1
91.930324530,0,0,1
91.930327090,0,0,0
91.948334470,1,0,0
91.955338590,0,0,0
91.955619000,0,0,1
91.955622840,0,1,1
91.955634080,0,1,0
91.955638120,0,0,0
91.972197850,1,0,0
91.979203910,0,0,0
91.979483640,0,1,0
91.979483710,0,1,1
91.979498790,0,1,0
91.979498870,0,0,0
91.997805450,1,0,0
92.004811410,0,0,0
92.005092160,0,0,1
92.005093550,0,1,1
92.005107370,0,1,0
92.005108820,0,0,0
92.022133330,1,0,0
92.029139170,0,0,0
92.029420530,0,0,1
92.029422990,0,1,1
92.029435720,0,1,0
92.029438070,0,0,0
92.046126260,1,0,0
92.053131740,0,0,0
92.053412990,0,0,1
92.053416290,0,1,1
92.053428240,0,1,0
92.053431460,0,0,0
92.071148330,1,0,0
92.078154330,0,0,0
92.078433790,0,1,0
92.078437340,0,1,1
92.078449010,0,0,1
92.078452520,0,0,0
92.094732770,1,0,0
92.101771630,0,0,0
92.102018070,0,1,0
92.102019400,0,1,1
92.102033280,0,0,1
92.102034670,0,0,0
92.119206930,1,0,0
92.126212820,0,0,0
92.126494270,0,0,1
92.126496420,0,1,1
92.126509430,0,1,0
92.126511730,0,0,0
92.144844130,1,0,0
92.151848800,0,0,0
92.152129920,0,1,0
92.152132620,0,1,1
92.152145080,0,0,1
92.152147740,0,0,0
92.169785290,1,0,0
92.176790210,0,0,0
92.177069970,0,0,1
92.177070830,0,1,1
92.177085180,0,1,0
92.177085870,0,0,0
92.194924760,1,0,0
92.201930600,0,0,0
92.202209490,0,0,1
92.202211610,0,1,1
92.202224740,0,1,0
92.202226740,0,0,0
92.219926730,1,0,0
92.226933090,0,0,0
92.227212780,0,0,1
92.227215340,0,1,1
92.227228020,0,1,0
92.227230440,0,0,0
92.245676830,1,0,0
92.252681480,0,0,0
92.252963480,0,1,0
92.252966270,0,1,1
92.252978660,0,0,1
92.252981480,0,0,0
92.269522220,1,0,0
92.276528280,0,0,0
92.276809100,0,0,1
92.276810600,0,1,1
92.276824330,0,1,0
92.276825800,0,0,0
92.295068690,1,0,0
92.302074690,0,0,0
92.302355280,0,1,0
92.302358120,0,1,1
92.302370510,0,0,1
92.302373410,0,0,0
92.320914420,1,0,0
92.327920650,0,0,0
92.328200810,0,0,1
92.328203600,0,1,1
92.328216030,0,1,0
92.328218850,0,0,0
92.346638290,1,0,0
92.353644140,0,0,0
92.353926220,0,1,0
92.353941450,0,0,0
92.353990280,0,0,1
92.354005450,0,0,0
92.370831710,1,0,0
92.377837840,0,0,0
92.378117690,0,0,1
92.378120450,0,1,1
92.378132920,0,1,0
92.378135650,0,0,0
92.394102940,1,0,0
92.401121940,0,0,0
92.401387880,0,1,0
92.401392110,0,1,1
92.401403040,0,0,1
92.401407310,0,0,0
92.419988400,1,0,0
92.426996590,0,0,0
92.427274500,0,0,1
92.427275870,0,1,1
92.427289850,0,1,0
92.427291100,0,0,0
92.444443870,1,0,0
92.451449950,0,0,0
92.451730680,0,1,0
92.451733850,0,1,1
92.451745890,0,0,1
92.451748970,0,0,0
92.469926950,1,0,0
92.476932880,0,0,0
92.477212260,0,0,1
92.477217340,0,1,1
92.477227550,0,1,0
92.477232530,0,0,0
92.495737050,1,0,0
92.502743030,0,0,0
92.503021130,0,1,0
92.503025620,0,1,1
92.503036270,0,0,1
92.503040930,0,0,0
92.520962390,1,0,0
92.527968560,0,0,0
92.528248030,0,0,1
92.528250850,0,1,1
92.528263260,0,1,0
92.528265990,0,0,0
92.544747460,1,0,0
92.551753300,0,0,0
92.552031070,0,1,0
92.552032440,0,1,1
92.552046300,0,0,1
92.552047630,0,0,0
92.569901850,1,0,0
92.576907830,0,0,0
92.577185070,0,1,0
92.577189770,0,1,1
92.577200230,0,0,1
92.577204870,0,0,0
92.593789460,1,0,0
92.600793900,0,0,0
92.601075060,0,1,0
92.601079430,0,1,1
92.601090230,0,0,1
92.601094620,0,0,0
92.619454580,1,0,0
92.626460370,0,0,0
92.626742080,0,0,1
92.626757260,0,0,0
92.626771060,0,1,0
92.626786350,0,0,0
92.645206500,1,0,0
92.652226930,0,0,0
92.652491420,0,1,0
92.652496410,0,1,1
92.652506570,0,0,1
92.652511610,0,0,0
92.670947260,1,0,0
92.677952220,0,0,0
92.678234740,0,0,1
92.678236150,0,1,1
92.678249960,0,1,0
92.678251390,0,0,0
92.696967890,1,0,0
92.703970950,0,0,0
92.704250690,0,0,1
92.704253720,0,1,1
92.704265940,0,1,0
92.704268910,0,0,0
92.720449660,1,0,0
92.727455680,0,0,0
92.727737820,0,1,0
92.727753050,0,0,0
92.727801920,0,0,1
92.727817040,0,0,0
92.746150030,1,0,0
92.753156300,0,0,0
92.753436340,0,1,0
92.753438850,0,1,1
92.753451540,0,0,1
92.753454000,0,0,0
92.771874650,1,0,0
92.778879760,0,0,0
92.779163600,0,0,1
92.779164700,0,1,1
92.779178850,0,1,0
92.779179890,0,0,0
92.795554280,1,0,0
92.802559200,0,0,0
92.802841050,0,0,1
92.802843200,0,1,1
92.802856240,0,1,0
92.802858470,0,0,0
92.819785850,1,0,0
92.826792060,0,0,0
92.827071470,0,1,0
92.827075400,0,1,1
92.827086710,0,0,1
92.827090550,0,0,0
92.844808200,1,0,0
92.851814010,0,0,0
92.852092480,0,0,1
92.852094900,0,1,1
92.852107650,0,1,0
92.852110140,0,0,0
92.870486720,1,0,0
92.877493030,0,0,0
92.877769900,0,0,1
92.877773240,0,1,1
92.877785170,0,1,0
92.877788510,0,0,0
92.895404350,1,0,0
92.902413060,0,0,0
92.902690790,0,0,1
92.902691800,0,1,1
92.902706080,0,1,0
92.902706950,0,0,0
92.921452370,1,0,0
92.928456850,0,0,0
92.928739140,0,0,1
92.928739860,0,1,1
92.928754330,0,1,0
92.928755170,0,0,0
92.946817720,1,0,0
92.953823830,0,0,0
92.954102450,0,1,0
92.954106160,0,1,1
92.954117660,0,0,1
92.954121300,0,0,0
92.971279310,1,0,0
92.978254420,0,0,0
92.978564530,0,1,0
92.978565900,0,1,1
92.978579680,0,0,1
92.978581070,0,0,0
92.996937520,1,0,0
93.003943580,0,0,0
93.004224250,0,1,0
93.004224460,0,1,1
93.004239540,0,0,1
93.004239590,0,0,0
93.021132190,1,0,0
93.028138500,0,0,0
93.028416960,0,0,1
93.028418650,0,1,1
93.028432120,0,1,0
93.028433910,0,0,0
93.046833580,1,0,0
93.053839630,0,0,0
93.054120370,0,0,1
93.054135540,0,0,0
93.054186810,0,1,0
93.054202100,0,0,0
93.072179890,1,0,0
93.079185990,0,0,0
93.079464590,0,1,0
93.079469830,0,1,1
93.079479800,0,0,1
93.079484970,0,0,0
93.097648050,1,0,0
93.104654160,0,0,0
93.104933770,0,1,0
93.104936830,0,1,1
93.104949000,0,0,1
93.104951990,0,0,0
93.122604690,1,0,0
93.129608520,0,0,0
93.129891430,0,1,0
93.129891700,0,1,1
93.129906600,0,0,1
93.129906900,0,0,0
93.147735640,1,0,0
93.154741740,0,0,0
93.155024570,0,1,0
93.155039720,0,0,0
93.155089090,0,0,1
93.155104320,0,0,0
93.172889550,1,0,0
93.179894240,0,0,0
93.180178340,0,0,1
93.180179020,0,1,1
93.180193600,0,1,0
93.180194250,0,0,0
93.198232830,1,0,0
93.205238790,0,0,0
93.205521830,0,0,1
93.205522250,0,1,1
93.205537080,0,1,0
93.205537490,0,0,0
93.223093160,1,0,0
93.230098310,0,0,0
93.230379350,0,1,0
93.230379450,0,1,1
93.230394490,0,0,1
93.230394740,0,0,0
93.247600650,1,0,0
93.254606960,0,0,0
93.254885970,0,0,1
93.254889150,0,1,1
93.254901240,0,1,0
93.254904210,0,0,0
93.272079070,1,0,0
93.279087510,0,0,0
93.279365000,0,1,0
93.279367280,0,1,1
93.279380150,0,0,1
93.279382400,0,0,0
93.297666030,1,0,0
93.304672170,0,0,0
93.304954550,0,0,1
93.304955970,0,1,1
93.304969790,0,1,0
93.304971160,0,0,0
93.322742830,1,0,0
93.329749270,0,0,0
93.330027840,0,0,1
93.330029240,0,1,1
93.330043080,0,1,0
93.330044450,0,0,0
93.347127900,1,0,0
93.354134010,0,0,0
93.354417560,0,0,1
93.354417670,0,1,1
93.354432720,0,1,0
93.354432830,0,0,0
93.372749670,1,0,0
93.379753960,0,0,0
93.380035180,0,0,1
93.380036080,0,1,1
93.380050490,0,1,0
93.380116450,0,0,0
93.397939750,1,0,0
93.404945540,0,0,0
93.405228490,0,1,0
93.405229390,0,1,1
93.405243740,0,0,1
93.405244490,0,0,0
93.423022640,1,0,0
93.430028370,0,0,0
93.430307960,0,1,0
93.430312760,0,1,1
93.430323110,0,0,1
93.430328010,0,0,0
93.447474690,1,0,0
93.454480810,0,0,0
93.454761080,0,1,0
93.454761230,0,1,1
93.454776350,0,0,1
93.454776380,0,0,0
93.472045590,1,0,0
93.479051490,0,0,0
93.479333750,0,0,1
93.479334580,0,1,1
93.479348890,0,1,0
93.479349810,0,0,0
93.497123110,1,0,0
93.504129020,0,0,0
93.504406970,0,1,0
93.504408100,0,1,1
93.504422200,0,0,1
93.504423350,0,0,0
93.522126450,1,0,0
93.529132330,0,0,0
93.529410680,0,0,1
93.529411320,0,1,1
93.529425870,0,1,0
93.529426460,0,0,0
93.547816530,1,0,0
93.554822620,0,0,0
93.555102310,0,1,0
93.555104840,0,1,1
93.555117450,0,0,1
93.555120110,0,0,0
93.571576250,1,0,0
93.578582080,0,0,0
93.578862240,0,1,0
93.578862420,0,1,1
93.578877410,0,0,1
93.578877650,0,0,0
93.597483680,1,0,0
93.604489810,0,0,0
93.604771210,0,0,1
93.604771570,0,1,1
93.604786250,0,1,0
93.604786790,0,0,0
93.622960860,1,0,0
93.630029180,0,0,0
93.630247850,0,0,1
93.630249000,0,1,1
93.630263000,0,1,0
93.630264160,0,0,0
93.648144170,1,0,0
93.655150110,0,0,0
93.655431230,0,0,1
93.655433180,0,1,1
93.655446450,0,1,0
93.655448300,0,0,0
93.672170170,1,0,0
93.679176340,0,0,0
93.679457370,0,0,1
93.679463610,0,1,1
93.679472490,0,1,0
93.679478760,0,0,0
93.698033110,1,0,0
93.705039360,0,0,0
93.705283300,0,0,1
93.705298550,0,0,0
93.705320130,0,1,0
93.705335440,0,0,0
93.722096490,1,0,0
93.729102800,0,0,0
93.729381740,0,0,1
93.729383640,0,1,1
93.729396940,0,1,0
93.729398850,0,0,0
93.747629740,1,0,0
93.754633880,0,0,0
93.754916570,0,0,1
93.754916930,0,1,1
93.754931730,0,1,0
93.754932130,0,0,0
93.772623670,1,0,0
93.779654190,0,0,0
93.779910400,0,1,0
93.779925630,0,0,0
93.779975310,0,0,1
93.779990540,0,0,0
93.797170320,1,0,0
93.804176200,0,0,0
93.804458690,0,1,0
93.804459200,0,1,1
93.804473890,0,0,1
93.804474470,0,0,0
93.822223040,1,0,0
93.829229170,0,0,0
93.829510640,0,1,0
93.829512890,0,1,1
93.829525910,0,0,1
93.829528140,0,0,0
93.846600430,1,0,0
93.853609070,0,0,0
93.853886200,0,0,1
93.853890450,0,1,1
93.853901260,0,1,0
93.853905590,0,0,0
93.872171420,1,0,0
93.879175920,0,0,0
93.879458730,0,0,1
93.879458770,0,1,1
93.879473900,0,1,0
93.879474020,0,0,0
93.896327970,1,0,0
93.903333890,0,0,0
93.903617290,0,1,0
93.903617900,0,1,1
93.903632550,0,0,1
93.903633060,0,0,0
93.921967360,1,0,0
93.928973820,0,0,0
93.929253710,0,0,1
93.929254240,0,1,1
93.929269020,0,1,0
93.929269360,0,0,0
93.947345400,1,0,0
93.954348750,0,0,0
93.954633070,0,1,0
93.954633950,0,1,1
93.954648290,0,0,1
93.954649030,0,0,0
93.971216720,1,0,0
93.978222240,0,0,0
93.978502340,0,0,1
93.978517510,0,0,0
93.978564540,0,1,0
93.978579810,0,0,0
93.997031650,1,0,0
94.004090300,0,0,0
94.004319800,0,1,0
94.004331130,0,1,1
94.004335180,0,0,1
94.004346300,0,0,0
94.022349500,1,0,0
94.029355600,0,0,0
94.029635170,0,0,1
94.029639170,0,1,1
94.029650420,0,1,0
94.029654380,0,0,0
94.047190220,1,0,0
94.054196240,0,0,0
94.054477580,0,1,0
94.054478650,0,1,1
94.054492770,0,0,1
94.054493920,0,0,0
94.072296480,1,0,0
94.079302540,0,0,0
94.079581180,0,0,1
94.079584970,0,1,1
94.079596520,0,1,0
94.079600220,0,0,0
94.102222500,1,0,0
94.109227090,0,0,0
94.109509210,0,1,0
94.109509730,0,1,1
94.109524400,0,0,1
94.109524950,0,0,0
94.127566910,1,0,0
94.134572690,0,0,0
94.134851180,0,0,1
94.134852600,0,1,1
94.134866350,0,1,0
94.134867830,0,0,0
94.153356890,1,0,0
94.160363040,0,0,0
94.160643800,0,1,0
94.160647490,0,1,1
94.160658920,0,0,1
94.160662680,0,0,0
94.179181300,1,0,0
94.186187350,0,0,0
94.186468250,0,1,0
94.186470970,0,1,1
94.186483440,0,0,1
94.186486230,0,0,0
94.204983760,1,0,0
94.211986820,0,0,0
94.212269230,0,0,1
94.212271970,0,1,1
94.212284460,0,1,0
94.212287220,0,0,0
94.230543360,1,0,0
94.237549300,0,0,0
94.237831300,0,1,0
94.237832790,0,1,1
94.237846570,0,0,1
94.237847980,0,0,0
94.255888420,1,0,0
94.262894040,0,0,0
94.263174730,0,1,0
94.263176140,0,1,1
94.263189960,0,0,1
94.263191330,0,0,0
94.281809330,1,0,0
94.288814790,0,0,0
94.289094600,0,0,1
94.289098040,0,1,1
94.289109870,0,1,0
94.289113270,0,0,0
94.306447610,1,0,0
94.313452010,0,0,0
94.313732070,0,0,1
94.313735530,0,1,1
94.313747280,0,1,0
94.313750680,0,0,0
94.331469250,1,0,0
94.338475000,0,0,0
94.338754860,0,1,0
94.338755530,0,1,1
94.338770130,0,0,1
94.338770650,0,0,0
94.357164910,1,0,0
94.364170890,0,0,0
94.364453190,0,1,0
94.364454960,0,1,1
94.364468370,0,0,1
94.364470090,0,0,0
94.382962140,1,0,0
94.389968200,0,0,0
94.390248420,0,0,1
94.390251720,0,1,1
94.390263650,0,1,0
94.390266860,0,0,0
94.407733440,1,0,0
94.414738170,0,0,0
94.415019380,0,1,0
94.415021690,0,1,1
94.415034590,0,0,1
94.415036850,0,0,0
94.433485650,1,0,0
94.440491250,0,0,0
94.440772680,0,0,1
94.440773270,0,1,1
94.440787850,0,1,0
94.440788470,0,0,0
94.459212750,1,0,0
94.466218660,0,0,0
94.466497260,0,0,1
94.466501530,0,1,1
94.466512410,0,1,0
94.466516700,0,0,0
94.484511840,1,0,0
94.491517890,0,0,0
94.491794510,0,0,1
94.491799360,0,1,1
94.491809630,0,1,0
94.491814670,0,0,0
94.510193570,1,0,0
94.517191010,0,0,0
94.517480570,0,0,1
94.517482750,0,1,1
94.517495710,0,1,0
94.517497980,0,0,0
94.534226510,1,0,0
94.541232640,0,0,0
94.541511500,0,0,1
94.541516950,0,1,1
94.541526730,0,1,0
94.541532100,0,0,0
94.559312510,1,0,0
94.566318320,0,0,0
94.566599420,0,1,0
94.566602180,0,1,1
94.566614550,0,0,1
94.566617350,0,0,0
94.584465580,1,0,0
94.591471480,0,0,0
94.591751150,0,1,0
94.591759970,0,1,1
94.591766210,0,0,1
94.591775100,0,0,0
94.610147370,1,0,0
94.617153720,0,0,0
94.617431590,0,0,1
94.617436890,0,1,1
94.617446760,0,1,0
94.617452180,0,0,0
94.635914950,1,0,0
94.642921120,0,0,0
94.643202650,0,0,1
94.643202900,0,1,1
94.643217730,0,1,0
94.643218130,0,0,0
94.661581260,1,0,0
94.668584050,0,0,0
94.668867920,0,1,0
94.668871190,0,1,1
94.668883130,0,0,1
94.668886360,0,0,0
94.686487750,1,0,0
94.693444120,0,0,0
94.693774560,0,0,1
94.693777080,0,1,1
94.693789810,0,1,0
94.693792330,0,0,0
94.710328940,1,0,0
94.717335130,0,0,0
94.717615700,0,1,0
94.717617930,0,1,1
94.717630910,0,0,1
94.717633220,0,0,0
94.734100360,1,0,0
94.741106490,0,0,0
94.741374760,0,0,1
94.741389050,0,1,1
94.741389950,0,1,0
94.741404210,0,0,0
94.759594770,1,0,0
94.766600800,0,0,0
94.766881520,0,1,0
94.766884070,0,1,1
94.766896640,0,0,1
94.766899260,0,0,0
94.784863430,1,0,0
94.791869080,0,0,0
94.792150870,0,1,0
94.792152530,0,1,1
94.792166090,0,0,1
94.792167710,0,0,0
94.809647220,1,0,0
94.816653010,0,0,0
94.816933190,0,1,0
94.816936790,0,1,1
94.816948280,0,0,1
94.816951960,0,0,0
94.834620900,1,0,0
94.841625690,0,0,0
94.841907460,0,1,0
94.841909160,0,1,1
94.841922640,0,0,1
94.841924310,0,0,0
94.858434750,1,0,0
94.865440820,0,0,0
94.865686770,0,1,0
94.865701990,0,0,0
94.865723470,0,0,1
94.865738660,0,0,0
94.883844520,1,0,0
94.890850620,0,0,0
94.891131740,0,0,1
94.891134260,0,1,1
94.891146900,0,1,0
94.891149490,0,0,0
94.908131320,1,0,0
94.915137570,0,0,0
94.915416980,0,1,0
94.915420420,0,1,1
94.915432080,0,0,1
94.915435560,0,0,0
94.932717180,1,0,0
94.939722980,0,0,0
94.940002670,0,0,1
94.940006210,0,1,1
94.940017830,0,1,0
94.940021520,0,0,0
94.958470910,1,0,0
94.965476640,0,0,0
94.965756480,0,0,1
94.965759530,0,1,1
94.965771620,0,1,0
94.965774700,0,0,0
94.984243720,1,0,0
94.991250050,0,0,0
94.991530700,0,0,1
94.991532780,0,1,1
94.991545850,0,1,0
94.991548020,0,0,0
95.009612480,1,0,0
95.016621090,0,0,0
95.016898090,0,0,1
95.016900420,0,1,1
95.016913260,0,1,0
95.016915660,0,0,0
95.035558870,1,0,0
95.042565080,0,0,0
95.042844620,0,1,0
95.042847530,0,1,1
95.042859780,0,0,1
95.042862710,0,0,0
95.059594610,1,0,0
95.066600630,0,0,0
95.066882260,0,1,0
95.066897510,0,0,0
95.066944670,0,0,1
95.066959830,0,0,0
95.084594910,1,0,0
95.091601120,0,0,0
95.091881690,0,1,0
95.091884460,0,1,1
95.091896890,0,0,1
95.091899710,0,0,0
95.109972840,1,0,0
95.116978740,0,0,0
95.117257950,0,0,1
95.117258600,0,1,1
95.117273140,0,1,0
95.117273720,0,0,0
95.135615820,1,0,0
95.142622070,0,0,0
95.142902360,0,1,0
95.142905580,0,1,1
95.142917610,0,0,1
95.142920800,0,0,0
95.159730100,1,0,0
95.166738720,0,0,0
95.167015770,0,1,0
95.167019740,0,1,1
95.167030940,0,0,1
95.167034990,0,0,0
95.184538570,1,0,0
95.191544570,0,0,0
95.191824790,0,1,0
95.191828170,0,1,1
95.191840040,0,0,1
95.191843340,0,0,0
95.210420500,1,0,0
95.217424960,0,0,0
95.217706670,0,0,1
95.217708510,0,1,1
95.217721790,0,1,0
95.217723760,0,0,0
95.234644470,1,0,0
95.241650380,0,0,0
95.241929210,0,0,1
95.241930960,0,1,1
95.241944350,0,1,0
95.241946190,0,0,0
95.259643400,1,0,0
95.266649400,0,0,0
95.266930250,0,1,0
95.266932140,0,1,1
95.266945430,0,0,1
95.266947370,0,0,0
95.284730780,1,0,0
95.291736970,0,0,0
95.292016990,0,0,1
95.292018620,0,1,1
95.292032170,0,1,0
95.292033860,0,0,0
95.310140900,1,0,0
95.317145190,0,0,0
95.317426980,0,1,0
95.317430360,0,1,1
95.317442270,0,0,1
95.317445520,0,0,0
95.335964940,1,0,0
95.342971380,0,0,0
95.343247980,0,1,0
95.343251150,0,1,1
95.343263290,0,0,1
95.343266330,0,0,0
95.360700810,1,0,0
95.367706830,0,0,0
95.367987230,0,0,1
95.368002430,0,0,0
95.368013640,0,1,0
95.368028910,0,0,0
95.386455590,1,0,0
95.393478930,0,0,0
95.393740920,0,1,0
95.393744750,0,1,1
95.393756000,0,0,1
95.393759910,0,0,0
95.412222670,1,0,0
95.419228380,0,0,0
95.419508050,0,0,1
95.419510480,0,1,1
95.419523320,0,1,0
95.419525620,0,0,0
95.435966680,1,0,0
95.442970050,0,0,0
95.443250010,0,0,1
95.443254100,0,1,1
95.443265170,0,1,0
95.443269350,0,0,0
95.460705650,1,0,0
95.467711690,0,0,0
95.467990820,0,0,1
95.467992240,0,1,1
95.468006110,0,1,0
95.468007510,0,0,0
95.484595110,1,0,0
95.491601420,0,0,0
95.491879920,0,1,0
95.491882000,0,1,1
95.491895080,0,0,1
95.491897310,0,0,0
95.510467380,1,0,0
95.517473380,0,0,0
95.517750060,0,1,0
95.517752870,0,1,1
95.517765220,0,0,1
95.517768160,0,0,0
95.536228750,1,0,0
95.543234330,0,0,0
95.543516280,0,0,1
95.543517400,0,1,1
95.543531530,0,1,0
95.543532610,0,0,0
95.560804470,1,0,0
95.567810050,0,0,0
95.568089840,0,0,1
95.568090920,0,1,1
95.568105130,0,1,0
95.568106190,0,0,0
95.586441800,1,0,0
95.593450550,0,0,0
95.593727860,0,0,1
95.593728410,0,1,1
95.593743060,0,1,0
95.593743620,0,0,0
95.612135980,1,0,0
95.619139020,0,0,0
95.619421630,0,1,0
95.619421650,0,1,1
95.619436870,0,1,0
95.619436950,0,0,0
95.637548870,1,0,0
95.644577870,0,0,0
95.644834350,0,0,1
95.644836040,0,1,1
95.644849560,0,1,0
95.644851270,0,0,0
95.662668880,1,0,0
95.669674760,0,0,0
95.669951730,0,1,0
95.669957540,0,1,1
95.669966950,0,0,1
95.669972760,0,0,0
95.688470130,1,0,0
95.695476070,0,0,0
95.695756910,0,0,1
95.695756990,0,1,1
95.695772090,0,1,0
95.695772190,0,0,0
95.712313300,1,0,0
95.719380720,0,0,0
95.719600170,0,0,1
95.719600340,0,1,1
95.719615320,0,1,0
95.719615460,0,0,0
95.738011500,1,0,0
95.745017300,0,0,0
95.745298650,0,0,1
95.745299770,0,1,1
95.745313830,0,1,0
95.745315080,0,0,0
95.763931710,1,0,0
95.770937460,0,0,0
95.771217140,0,0,1
95.771217240,0,1,1
95.771232230,0,1,0
95.771232470,0,0,0
95.788201470,1,0,0
95.795207570,0,0,0
95.795490640,0,0,1
95.795505890,0,0,0
95.795551880,0,1,0
95.795567110,0,0,0
95.814012780,1,0,0
95.820962740,0,0,0
95.821298120,0,0,1
95.821299790,0,1,1
95.821313340,0,1,0
95.821314910,0,0,0
95.838309620,1,0,0
95.845315700,0,0,0
95.845597470,0,0,1
95.845598030,0,1,1
95.845612690,0,1,0
95.845613240,0,0,0
95.863992380,1,0,0
95.870998760,0,0,0
95.871279900,0,0,1
95.871281550,0,1,1
95.871295130,0,1,0
95.871296710,0,0,0
95.889708440,1,0,0
95.896712860,0,0,0
95.896994290,0,0,1
95.897009600,0,0,0
95.897060020,0,1,0
95.897075220,0,0,0
95.915183580,1,0,0
95.922189400,0,0,0
95.922472730,0,0,1
95.922473260,0,1,1
95.922487850,0,1,0
95.922488510,0,0,0
95.941040500,1,0,0
95.948048750,0,0,0
95.948325330,0,0,1
95.948326780,0,1,1
95.948340470,0,1,0
95.948341830,0,0,0
95.966506370,1,0,0
95.973512530,0,0,0
95.973793840,0,0,1
95.973795120,0,1,1
95.973809030,0,1,0
95.973810370,0,0,0
95.990130640,1,0,0
95.997135160,0,0,0
95.997416010,0,1,0
95.997417210,0,1,1
95.997431240,0,0,1
95.997432440,0,0,0
96.015307300,1,0,0
96.022311670,0,0,0
96.022596360,0,0,1
96.022596780,0,1,1
96.022611500,0,1,0
96.022612000,0,0,0
96.040633060,1,0,0
96.047638940,0,0,0
96.047919080,0,0,1
96.047920440,0,1,1
96.047934330,0,1,0
96.047935640,0,0,0
96.066448040,1,0,0
96.073454330,0,0,0
96.073732740,0,1,0
96.073737010,0,1,1
96.073747800,0,0,1
96.073752200,0,0,0
96.092209160,1,0,0
96.099215010,0,0,0
96.099494340,0,1,0
96.099496820,0,1,1
96.099509590,0,0,1
96.099512030,0,0,0
96.117040780,1,0,0
96.124046610,0,0,0
96.124330730,0,1,0
96.124345910,0,0,0
96.124395590,0,0,1
96.124410750,0,0,0
96.142893230,1,0,0
96.149896040,0,0,0
96.150178680,0,1,0
96.150183570,0,1,1
96.150193820,0,0,1
96.150198710,0,0,0
96.168649620,1,0,0
96.175655560,0,0,0
96.175936170,0,1,0
96.175937210,0,1,1
96.175951340,0,0,1
96.175952430,0,0,0
96.193076760,1,0,0
96.200082670,0,0,0
96.200365490,0,0,1
96.200365670,0,1,1
96.200380720,0,1,0
96.200380890,0,0,0
96.218869270,1,0,0
96.225872170,0,0,0
96.226152720,0,1,0
96.226158050,0,1,1
96.226167880,0,0,1
96.226173200,0,0,0
96.244527270,1,0,0
96.251531750,0,0,0
96.251816510,0,0,1
96.251817320,0,1,1
96.251831710,0,1,0
96.251832560,0,0,0
96.268979590,1,0,0
96.275984970,0,0,0
96.276264750,0,1,0
96.276265820,0,1,1
96.276279930,0,0,1
96.276281060,0,0,0
96.292775530,1,0,0
96.299781600,0,0,0
96.300063430,0,1,0
96.300063750,0,1,1
96.300078550,0,0,1
96.300078980,0,0,0
96.318068630,1,0,0
96.325072530,0,0,0
96.325355310,0,0,1
96.325357610,0,1,1
96.325370510,0,1,0
96.325372800,0,0,0
96.342950390,1,0,0
96.349975250,0,0,0
96.350235980,0,1,0
96.350236240,0,1,1
96.350251080,0,0,1
96.350251430,0,0,0
96.367927610,1,0,0
96.374933760,0,0,0
96.375214500,0,1,0
96.375214550,0,1,1
96.375229620,0,0,1
96.375229760,0,0,0
96.393074310,1,0,0
96.400082830,0,0,0
96.400362740,0,1,0
96.400363070,0,1,1
96.400377950,0,0,1
96.400378330,0,0,0
96.417462360,1,0,0
96.424468300,0,0,0
96.424750360,0,1,0
96.424750670,0,1,1
96.424765520,0,0,1
96.424765850,0,0,0
96.443090130,1,0,0
96.450095960,0,0,0
96.450377470,0,0,1
96.450378620,0,1,1
96.450392640,0,1,0
96.450393850,0,0,0
96.468896810,1,0,0
96.475902830,0,0,0
96.476183010,0,1,0
96.476183330,0,1,1
96.476198240,0,0,1
96.476198470,0,0,0
96.493046950,1,0,0
96.500053010,0,0,0
96.500335610,0,0,1
96.500336360,0,1,1
96.500350840,0,1,0
96.500351460,0,0,0
96.518708920,1,0,0
96.525715000,0,0,0
96.525993770,0,1,0
96.525994280,0,1,1
96.526009060,0,0,1
96.526009460,0,0,0
96.542614780,1,0,0
96.549621180,0,0,0
96.549900270,0,0,1
96.549902200,0,1,1
96.549915370,0,1,0
96.549917300,0,0,0
96.568210690,1,0,0
96.575213530,0,0,0
96.575496020,0,0,1
96.575496480,0,1,1
96.575511220,0,1,0
96.575511580,0,0,0
96.594067210,1,0,0
96.601105290,0,0,0
96.601352350,0,1,0
96.601355510,0,1,1
96.601367510,0,0,1
96.601370840,0,0,0
96.619771850,1,0,0
96.626777980,0,0,0
96.627058430,0,1,0
96.627058800,0,1,1
96.627073610,0,0,1
96.627073940,0,0,0
96.644231670,1,0,0
96.651237570,0,0,0
96.651515860,0,1,0
96.651517400,0,1,1
96.651530920,0,0,1
96.651532690,0,0,0
96.669961440,1,0,0
96.676964360,0,0,0
96.677248210,0,0,1
96.677263370,0,0,0
96.677313660,0,1,0
96.677328830,0,0,0
96.695817500,1,0,0
96.702823420,0,0,0
96.703102550,0,1,0
96.703104350,0,1,1
96.703117820,0,0,1
96.703119500,0,0,0
96.720206340,1,0,0
96.727212380,0,0,0
96.727490330,0,0,1
96.727491840,0,1,1
96.727505550,0,1,0
96.727507000,0,0,0
96.746005690,1,0,0
96.753010170,0,0,0
96.753295350,0,1,0
96.753296220,0,1,1
96.753310490,0,0,1
96.753311450,0,0,0
96.771749540,1,0,0
96.778755630,0,0,0
96.779037700,0,1,0
96.779039670,0,1,1
96.779052880,0,0,1
96.779054800,0,0,0
96.796620740,1,0,0
96.803626780,0,0,0
96.803906980,0,1,0
96.803907840,0,1,1
96.803922210,0,0,1
96.803923060,0,0,0
96.822180050,1,0,0
96.829184590,0,0,0
96.829463910,0,1,0
96.829470230,0,1,1
96.829479200,0,0,1
96.829485450,0,0,0
96.846595930,1,0,0
96.853600850,0,0,0
96.853883620,0,1,0
96.853884060,0,1,1
96.853898720,0,0,1
96.853899240,0,0,0
96.870692440,1,0,0
96.877697040,0,0,0
96.877978320,0,0,1
96.877981210,0,1,1
96.877993490,0,1,0
96.877996340,0,0,0
96.896489640,1,0,0
96.903495480,0,0,0
96.903775680,0,1,0
96.903776590,0,1,1
96.903790870,0,0,1
96.903791800,0,0,0
96.922065330,1,0,0
96.929073780,0,0,0
96.929353140,0,1,0
96.929354270,0,1,1
96.929368320,0,0,1
96.929369480,0,0,0
96.947497880,1,0,0
96.954504150,0,0,0
96.954782560,0,0,1
96.954787360,0,1,1
96.954797770,0,1,0
96.954802560,0,0,0
96.973028110,1,0,0
96.980032690,0,0,0
96.980315640,0,1,0
96.980316910,0,1,1
96.980330910,0,0,1
96.980332180,0,0,0
96.997312450,1,0,0
97.004318640,0,0,0
97.004599260,0,1,0
97.004599490,0,1,1
97.004614380,0,0,1
97.004614720,0,0,0
97.022343310,1,0,0
97.029349310,0,0,0
97.029631690,0,1,0
97.029633820,0,1,1
97.029646920,0,0,1
97.029648960,0,0,0
97.047646540,1,0,0
97.054654620,0,0,0
97.054930860,0,0,1
97.054935870,0,1,1
97.054946100,0,1,0
97.054951080,0,0,0
97.073057910,1,0,0
97.080063490,0,0,0
97.080344490,0,1,0
97.080345710,0,1,1
97.080359720,0,0,1
97.080360930,0,0,0
97.097441370,1,0,0
97.104447430,0,0,0
97.104727670,0,1,0
97.104729240,0,1,1
97.104744390,0,1,0
97.104807920,0,0,0
97.122237880,1,0,0
97.129244320,0,0,0
97.129525210,0,1,0
97.129526220,0,1,1
97.129540370,0,0,1
97.129541530,0,0,0
97.146233490,1,0,0
97.153239430,0,0,0
97.153519580,0,1,0
97.153521050,0,1,1
97.153534740,0,0,1
97.153536190,0,0,0
97.172056660,1,0,0
97.179061010,0,0,0
97.179342760,0,1,0
97.179344610,0,1,1
97.179357940,0,0,1
97.179359730,0,0,0
97.197883260,1,0,0
97.204888900,0,0,0
97.205171060,0,1,0
97.205172890,0,1,1
97.205186160,0,0,1
97.205188100,0,0,0
97.222205910,1,0,0
97.229212020,0,0,0
97.229488740,0,0,1
97.229493740,0,1,1
97.229503930,0,1,0
97.229508930,0,0,0
97.247766740,1,0,0
97.254772760,0,0,0
97.255052760,0,1,0
97.255054800,0,1,1
97.255067940,0,0,1
97.255069970,0,0,0
97.272152540,1,0,0
97.279158460,0,0,0
97.279438010,0,0,1
97.279441350,0,1,1
97.279453170,0,1,0
97.279456600,0,0,0
97.296835260,1,0,0
97.303838220,0,0,0
97.304121670,0,0,1
97.304124970,0,1,1
97.304136770,0,1,0
97.304140160,0,0,0
97.322575820,1,0,0
97.329582190,0,0,0
97.329863170,0,1,0
97.329863540,0,1,1
97.329878420,0,0,1
97.329878740,0,0,0
97.347942770,1,0,0
97.354948690,0,0,0
97.355227660,0,0,1
97.355231520,0,1,1
97.355242800,0,1,0
97.355246810,0,0,0
97.372341650,1,0,0
97.379346090,0,0,0
97.379619700,0,0,1
97.379629850,0,1,1
97.379634840,0,1,0
97.379645080,0,0,0
97.397426290,1,0,0
97.404431890,0,0,0
97.404710950,0,1,0
97.404715230,0,1,1
97.404726170,0,0,1
97.404730400,0,0,0
97.421457170,1,0,0
97.428463230,0,0,0
97.428743850,0,0,1
97.428746690,0,1,1
97.428759020,0,1,0
97.428761980,0,0,0
97.447187350,1,0,0
97.454191750,0,0,0
97.454425390,0,0,1
97.454440600,0,0,0
97.454474140,0,1,0
97.454489330,0,0,0
97.472523830,1,0,0
97.479529990,0,0,0
97.479810740,0,0,1
97.479812630,0,1,1
97.479825930,0,1,0
97.479827920,0,0,0
97.497179900,1,0,0
97.504138440,0,0,0
97.504466920,0,1,0
97.504469050,0,1,1
97.504482100,0,0,1
97.504484190,0,0,0
97.522956920,1,0,0
97.529962830,0,0,0
97.530242650,0,0,1
97.530244260,0,1,1
97.530257900,0,1,0
97.530259530,0,0,0
97.548689410,1,0,0
97.555695290,0,0,0
97.555977250,0,0,1
97.555978590,0,1,1
97.555992370,0,1,0
97.555993840,0,0,0
97.574492760,1,0,0
97.581498820,0,0,0
97.581778500,0,0,1
97.581779580,0,1,1
97.581793660,0,1,0
97.581794730,0,0,0
97.598765620,1,0,0
97.605771960,0,0,0
97.606049620,0,1,0
97.606052740,0,1,1
97.606064910,0,0,1
97.606068070,0,0,0
97.624522140,1,0,0
97.631525560,0,0,0
97.631808650,0,1,0
97.631808680,0,1,1
97.631823920,0,0,0
97.650221930,1,0,0
97.657227760,0,0,0
97.657507330,0,1,0
97.657509730,0,1,1
97.657522480,0,0,1
97.657524900,0,0,0
97.675983420,1,0,0
97.682989340,0,0,0
97.683269240,0,1,0
97.683272230,0,1,1
97.683284470,0,0,1
97.683287370,0,0,0
97.702003500,1,0,0
97.709009380,0,0,0
97.709286340,0,1,0
97.709290810,0,1,1
97.709301360,0,0,1
97.709306200,0,0,0
97.727749410,1,0,0
97.734755480,0,0,0
97.735034930,0,0,1
97.735036480,0,1,1
97.735050100,0,1,0
97.735051640,0,0,0
97.753165050,1,0,0
97.760171240,0,0,0
97.760450820,0,1,0
97.760453470,0,1,1
97.760465990,0,0,1
97.760468650,0,0,0
97.778916300,1,0,0
97.785924780,0,0,0
97.786200420,0,0,1
97.786204150,0,1,1
97.786215630,0,1,0
97.786219380,0,0,0
97.803052530,1,0,0
97.810058890,0,0,0
97.810334620,0,1,0
97.810339380,0,1,1
97.810349810,0,0,1
97.810354560,0,0,0
97.826797020,1,0,0
97.833802620,0,0,0
97.834083730,0,0,1
97.834084570,0,1,1
97.834098890,0,1,0
97.834099680,0,0,0
97.852519850,1,0,0
97.859526010,0,0,0
97.859806650,0,1,0
97.859807200,0,1,1
97.859821860,0,0,1
97.859822390,0,0,0
97.876328640,1,0,0
97.883334250,0,0,0
97.883615760,0,0,1
97.883616850,0,1,1
97.883630880,0,1,0
97.883632060,0,0,0
97.901939050,1,0,0
97.908945240,0,0,0
97.909226030,0,1,0
97.909229050,0,1,1
97.909241220,0,0,1
97.909244340,0,0,0
97.927699280,1,0,0
97.934702400,0,0,0
97.934988630,0,1,0
97.935003830,0,0,0
97.935050500,0,0,1
97.935065600,0,0,0
97.951960540,1,0,0
97.958966080,0,0,0
97.959245970,0,0,1
97.959246890,0,1,1
97.959261310,0,1,0
97.959261910,0,0,0
97.976183960,1,0,0
97.983190020,0,0,0
97.983469780,0,1,0
97.983474300,0,1,1
97.983485030,0,0,1
97.983489490,0,0,0
98.002043660,1,0,0
98.009049690,0,0,0
98.009329440,0,1,0
98.009331720,0,1,1
98.009344690,0,0,1
98.009346860,0,0,0
98.027859950,1,0,0
98.034865870,0,0,0
98.035146250,0,0,1
98.035148120,0,1,1
98.035161520,0,1,0
98.035163370,0,0,0
98.053925970,1,0,0
98.060932080,0,0,0
98.061210550,0,1,0
98.061214810,0,1,1
98.061225690,0,0,1
98.061229830,0,0,0
98.079650720,1,0,0
98.086640970,0,0,0
98.086938080,0,0,1
98.086938920,0,1,1
98.086953220,0,1,0
98.086954210,0,0,0
98.105032040,1,0,0
98.112038330,0,0,0
98.112318060,0,1,0
98.112321530,0,1,1
98.112333200,0,0,1
98.112336740,0,0,0
98.130783680,1,0,0
98.137789960,0,0,0
98.138050200,0,0,1
98.138065440,0,0,0
98.138070840,0,1,0
98.138086070,0,0,0
98.156280320,1,0,0
98.163286070,0,0,0
98.163567210,0,0,1
98.163570040,0,1,1
98.163582360,0,1,0
98.163585250,0,0,0
98.180603830,1,0,0
98.187610000,0,0,0
98.187890710,0,0,1
98.187893390,0,1,1
98.187905890,0,1,0
98.187908530,0,0,0
98.205942030,1,0,0
98.212950450,0,0,0
98.213230370,0,0,1
98.213230760,0,1,1
98.213245510,0,1,0
98.213245900,0,0,0
98.229795500,1,0,0
98.236801310,0,0,0
98.237083680,0,0,1
98.237085210,0,1,1
98.237098840,0,1,0
98.237100350,0,0,0
98.254444800,1,0,0
98.261449320,0,0,0
98.261732190,0,0,1
98.261732580,0,1,1
98.261747250,0,1,0
98.261747810,0,0,0
98.279815100,1,0,0
98.286819910,0,0,0
98.287099710,0,0,1
98.287101840,0,1,1
98.287115000,0,1,0
98.287117090,0,0,0
98.305574830,1,0,0
98.312580760,0,0,0
98.312839900,0,1,0
98.312855020,0,0,0
98.312864000,0,0,1
98.312879270,0,0,0
98.330480670,1,0,0
98.337548190,0,0,0
98.337767640,0,0,1
98.337767700,0,1,1
98.337782890,0,0,1
98.337782910,0,0,0
98.355859460,1,0,0
98.362864080,0,0,0
98.363146030,0,0,1
98.363147280,0,1,1
98.363161260,0,1,0
98.363162420,0,0,0
98.379662900,1,0,0
98.386668810,0,0,0
98.386946960,0,0,1
98.386950540,0,1,1
98.386962110,0,1,0
98.386965830,0,0,0
98.405461830,1,0,0
98.412460830,0,0,0
98.412746610,0,0,1
98.412748930,0,1,1
98.412761810,0,1,0
98.412764180,0,0,0
98.430929300,1,0,0
98.437934990,0,0,0
98.438216230,0,0,1
98.438216340,0,1,1
98.438231410,0,1,0
98.438231550,0,0,0
98.456691070,1,0,0
98.463695760,0,0,0
98.463979660,0,0,1
98.463979810,0,1,1
98.463994840,0,1,0
98.463994930,0,0,0
98.482495480,1,0,0
98.489501540,0,0,0
98.489783070,0,0,1
98.489784120,0,1,1
98.489798280,0,1,0
98.489799410,0,0,0
98.506614950,1,0,0
98.513620820,0,0,0
98.513900210,0,0,1
98.513902650,0,1,1
98.513915480,0,1,0
98.513917820,0,0,0
98.532356750,1,0,0
98.539362300,0,0,0
98.539644980,0,0,1
98.539645940,0,1,1
98.539660060,0,1,0
98.539661160,0,0,0
98.556217630,1,0,0
98.563223380,0,0,0
98.563501910,0,0,1
98.563502740,0,1,1
98.563517160,0,1,0
98.563517990,0,0,0
98.580501720,1,0,0
98.587506250,0,0,0
98.587784350,0,0,1
98.587787510,0,1,1
98.587799490,0,1,0
98.587802780,0,0,0
98.605440420,1,0,0
98.612446280,0,0,0
98.612726020,0,1,0
98.612730490,0,1,1
98.612741230,0,0,1
98.612745610,0,0,0
98.630780060,1,0,0
98.637786120,0,0,0
98.638066150,0,0,1
98.638066990,0,1,1
98.638081380,0,1,0
98.638082140,0,0,0
98.655468010,1,0,0
98.662474010,0,0,0
98.662755170,0,1,0
98.662757160,0,1,1
98.662770360,0,0,1
98.662772310,0,0,0
98.680277560,1,0,0
98.687283640,0,0,0
98.687565430,0,0,1
98.687566150,0,1,1
98.687580680,0,1,0
98.687581330,0,0,0
98.705913580,1,0,0
98.712918870,0,0,0
98.713199010,0,0,1
98.713199640,0,1,1
98.713214240,0,1,0
98.713214800,0,0,0
98.731332470,1,0,0
98.738398150,0,0,0
98.738622480,0,0,1
98.738622880,0,1,1
98.738637590,0,1,0
98.738638090,0,0,0
98.756574960,1,0,0
98.763583230,0,0,0
98.763858730,0,1,0
98.763860020,0,1,1
98.763873980,0,0,1
98.763875210,0,0,0
98.783713130,1,0,0
98.790716360,0,0,0
98.790996890,0,0,1
98.790999760,0,1,1
98.791012100,0,1,0
98.791015010,0,0,0
98.809891900,1,0,0
98.816898040,0,0,0
98.817177950,0,0,1
98.817178170,0,1,1
98.817193160,0,1,0
98.817193310,0,0,0
98.834689510,1,0,0
98.841692950,0,0,0
98.841973610,0,0,1
98.841978230,0,1,1
98.841988700,0,1,0
98.841993350,0,0,0
98.860486070,1,0,0
98.867492450,0,0,0
98.867774570,0,0,1
98.867774990,0,1,1
98.867789730,0,1,0
98.867790210,0,0,0
98.886245500,1,0,0
98.893313130,0,0,0
98.893532090,0,0,1
98.893533330,0,1,1
98.893547270,0,1,0
98.893548460,0,0,0
98.910003380,1,0,0
98.917009610,0,0,0
98.917290490,0,1,0
98.917291520,0,1,1
98.917305760,0,0,1
98.917306810,0,0,0
98.935726360,1,0,0
98.942732420,0,0,0
98.943014740,0,0,1
98.943014880,0,1,1
98.943029950,0,1,0
98.943030130,0,0,0
98.961541170,1,0,0
98.968547190,0,0,0
98.968827410,0,0,1
98.968828480,0,1,1
98.968842570,0,1,0
98.968843770,0,0,0
98.984973230,1,0,0
98.991979270,0,0,0
98.992259240,0,1,0
98.992260860,0,1,1
98.992274370,0,0,1
98.992276020,0,0,0
99.010549870,1,0,0
99.017558310,0,0,0
99.017832920,0,1,0
99.017835290,0,1,1
99.017848110,0,0,1
99.017850410,0,0,0
99.034934920,1,0,0
99.041941110,0,0,0
99.042222310,0,0,1
99.042223690,0,1,1
99.042237450,0,1,0
99.042238830,0,0,0
99.061094650,1,0,0
99.068100860,0,0,0
99.068379720,0,0,1
99.068381100,0,1,1
99.068394970,0,1,0
99.068396300,0,0,0
99.086438370,1,0,0
99.093444600,0,0,0
99.093724510,0,0,1
99.093725380,0,1,1
99.093739780,0,1,0
99.093740590,0,0,0
99.110574580,1,0,0
99.117579040,0,0,0
99.117861270,0,0,1
99.117862880,0,1,1
99.117876460,0,1,0
99.117878040,0,0,0
99.136482540,1,0,0
99.143488500,0,0,0
99.143771170,0,0,1
99.143771180,0,1,1
99.143786240,0,0,1
99.143786350,0,0,0
99.162160870,1,0,0
99.169169180,0,0,0
99.169445950,0,0,1
99.169449630,0,1,1
99.169461080,0,1,0
99.169464730,0,0,0
99.185861640,1,0,0
99.192867680,0,0,0
99.193146700,0,0,1
99.193148210,0,1,1
99.193161820,0,1,0
99.193163370,0,0,0
99.210684590,1,0,0
99.217690670,0,0,0
99.217972530,0,1,0
99.217972590,0,1,1
99.217987640,0,0,1
99.217987770,0,0,0
99.235486740,1,0,0
99.242492930,0,0,0
99.242756760,0,1,0
99.242771940,0,0,0
99.242776080,0,0,1
99.242791230,0,0,0
99.261120300,1,0,0
99.268126360,0,0,0
99.268409140,0,1,0
99.268409600,0,1,1
99.268424290,0,0,1
99.268424890,0,0,0
99.286920590,1,0,0
99.293926590,0,0,0
99.294205010,0,1,0
99.294207890,0,1,1
99.294220240,0,0,1
99.294223030,0,0,0
99.311478780,1,0,0
99.318483140,0,0,0
99.318765510,0,0,1
99.318766110,0,1,1
99.318780710,0,1,0
99.318781320,0,0,0
99.336814420,1,0,0
99.343820490,0,0,0
99.344098900,0,0,1
99.344114130,0,0,0
99.344169520,0,1,0
99.344184660,0,0,0
99.362544690,1,0,0
99.369550980,0,0,0
99.369832720,0,1,0
99.369833270,0,1,1
99.369847970,0,0,1
99.369848480,0,0,0
99.386384710,1,0,0
99.393389840,0,0,0
99.393670740,0,0,1
99.393671070,0,1,1
99.393685990,0,1,0
99.393686230,0,0,0
99.412085290,1,0,0
99.419091210,0,0,0
99.419373600,0,1,0
99.419374260,0,1,1
99.419388740,0,0,1
99.419389400,0,0,0
99.437108030,1,0,0
99.444114140,0,0,0
99.444392190,0,0,1
99.444396590,0,1,1
99.444407400,0,1,0
99.444411740,0,0,0
99.462855900,1,0,0
99.469862130,0,0,0
99.470140900,0,0,1
99.470146290,0,1,1
99.470156080,0,1,0
99.470161460,0,0,0
99.488716920,1,0,0
99.495723000,0,0,0
99.496004510,0,1,0
99.496005460,0,1,1
99.496019700,0,0,1
99.496020750,0,0,0
99.514119850,1,0,0
99.521125710,0,0,0
99.521401600,0,0,1
99.521405630,0,1,1
99.521416760,0,1,0
99.521420820,0,0,0
99.539961010,1,0,0
99.546965470,0,0,0
99.547247200,0,0,1
99.547262470,0,0,0
99.547268170,0,1,0
99.547283410,0,0,0
99.563599200,1,0,0
99.570607980,0,0,0
99.570884760,0,0,1
99.570884830,0,1,1
99.570899880,0,1,0
99.570900030,0,0,0
99.587927040,1,0,0
99.594933290,0,0,0
99.595211520,0,0,1
99.595213200,0,1,1
99.595226730,0,1,0
99.595228380,0,0,0
99.613659230,1,0,0
99.620665770,0,0,0
99.620943960,0,1,0
99.620947580,0,1,1
99.620959060,0,0,1
99.620962790,0,0,0
99.638593090,1,0,0
99.645599030,0,0,0
99.645879010,0,1,0
99.645879950,0,1,1
99.645894180,0,0,1
99.645895200,0,0,0
99.662910060,1,0,0
99.669916080,0,0,0
99.670184490,0,1,0
99.670198490,0,1,1
99.670199780,0,0,1
99.670213670,0,0,0
99.688671740,1,0,0
99.695677510,0,0,0
99.695954330,0,1,0
99.695957820,0,1,1
99.695969520,0,0,1
99.695973020,0,0,0
99.714439510,1,0,0
99.721506470,0,0,0
99.721725240,0,1,0
99.721726210,0,1,1
99.721740510,0,0,1
99.721741370,0,0,0
99.738773450,1,0,0
99.745779200,0,0,0
99.746059740,0,0,1
99.746063610,0,1,1
99.746074890,0,1,0
99.746078730,0,0,0
99.764651410,1,0,0
99.771657660,0,0,0
99.771936810,0,1,0
99.771938090,0,1,1
99.771952040,0,0,1
99.771953280,0,0,0
99.790448820,1,0,0
99.797454670,0,0,0
99.797734110,0,1,0
99.797736730,0,1,1
99.797749280,0,0,1
99.797751920,0,0,0
99.815730960,1,0,0
99.822737140,0,0,0
99.823017500,0,0,1
99.823018790,0,1,1
99.823032640,0,1,0
99.823034060,0,0,0
99.839563960,1,0,0
99.846566900,0,0,0
99.846852000,0,1,0
99.846852540,0,1,1
99.846867160,0,0,1
99.846867720,0,0,0
99.863853380,1,0,0
99.870859530,0,0,0
99.871140370,0,1,0
99.871141840,0,1,1
99.871155510,0,0,1
99.871156990,0,0,0
99.888529960,1,0,0
99.895536000,0,0,0
99.895814530,0,0,1
99.895818030,0,1,1
99.895829750,0,1,0
99.895833190,0,0,0
99.913938950,1,0,0
99.920945320,0,0,0
99.921225910,0,1,0
99.921228880,0,1,1
99.921244150,0,1,0
99.921306180,0,0,0
99.938992770,1,0,0
99.945949770,0,0,0
99.946279720,0,1,0
99.946280870,0,1,1
99.946294940,0,0,1
99.946295970,0,0,0
99.962856300,1,0,0
99.969862110,0,0,0
99.970143940,0,1,0
99.970145890,0,1,1
99.970159110,0,0,1
99.970160990,0,0,0
99.986555030,1,0,0
99.993560660,0,0,0
99.993842390,0,1,0
99.993843110,0,1,1
99.993857540,0,0,1
99.993858380,0,0,0
100.011328390,1,0,0
100.018334560,0,0,0
100.018614410,0,1,0
100.018616500,0,1,1
100.018629570,0,0,1
100.018631690,0,0,0
100.037050140,1,0,0
100.044054660,0,0,0
100.044336040,0,0,1
100.044349750,0,1,1
100.044351200,0,1,0
100.044364960,0,0,0
100.061344710,1,0,0
100.068350650,0,0,0
100.068632500,0,1,0
100.068634470,0,1,1
100.068647640,0,0,1
100.068649640,0,0,0
100.087108180,1,0,0
100.094114040,0,0,0
100.094395760,0,1,0
100.094396970,0,1,1
100.094410990,0,0,1
100.094412130,0,0,0
100.112862760,1,0,0
100.119871370,0,0,0
100.120149320,0,1,0
100.120151230,0,1,1
100.120164380,0,0,1
100.120166420,0,0,0
100.138588440,1,0,0
100.145594090,0,0,0
100.145822970,0,1,0
100.145838100,0,0,0
100.145874670,0,0,1
100.145889940,0,0,0
100.163783330,1,0,0
100.170789080,0,0,0
100.171071240,0,1,0
100.171073060,0,1,1
100.171086380,0,0,1
100.171088260,0,0,0
100.188708550,1,0,0
100.195716780,0,0,0
100.195993770,0,1,0
100.195995570,0,1,1
100.196008890,0,0,1
100.196010760,0,0,0
100.212329010,1,0,0
100.219335070,0,0,0
100.219615010,0,0,1
100.219617270,0,1,1
100.219630190,0,1,0
100.219632300,0,0,0
100.237888550,1,0,0
100.244894400,0,0,0
100.245173480,0,0,1
100.245176570,0,1,1
100.245188650,0,1,0
100.245191800,0,0,0
100.263088450,1,0,0
100.270094270,0,0,0
100.270374020,0,1,0
100.270377000,0,1,1
100.270389160,0,0,1
100.270392220,0,0,0
100.289018640,1,0,0
100.296023450,0,0,0
100.296304350,0,0,1
100.296308220,0,1,1
100.296319510,0,1,0
100.296323410,0,0,0
100.314766170,1,0,0
100.321772320,0,0,0
100.322052820,0,0,1
100.322067990,0,0,0
100.322121650,0,1,0
100.322136860,0,0,0
100.338482950,1,0,0
100.345491410,0,0,0
100.345770060,0,1,0
100.345772130,0,1,1
100.345785350,0,0,1
100.345787360,0,0,0
100.364215880,1,0,0
100.371221800,0,0,0
100.371502550,0,1,0
100.371504560,0,1,1
100.371517650,0,0,1
100.371519850,0,0,0
100.389112260,1,0,0
100.396118410,0,0,0
100.396398910,0,0,1
100.396400530,0,1,1
100.396414100,0,1,0
100.396415710,0,0,0
100.414775740,1,0,0
100.421781780,0,0,0
100.422061640,0,0,1
100.422065370,0,1,1
100.422076950,0,1,0
100.422080560,0,0,0
100.440564170,1,0,0
100.447570520,0,0,0
100.447850760,0,0,1
100.447852610,0,1,1
100.447866030,0,1,0
100.447867800,0,0,0
100.464904720,1,0,0
100.471910430,0,0,0
100.472191980,0,1,0
100.472193090,0,1,1
100.472207230,0,0,1
100.472208290,0,0,0
100.488761030,1,0,0
100.495767160,0,0,0
100.496047770,0,0,1
100.496050250,0,1,1
100.496062910,0,1,0
100.496065450,0,0,0
100.514202420,1,0,0
100.521208360,0,0,0
100.521488720,0,1,0
100.521490430,0,1,1
100.521503820,0,0,1
100.521505660,0,0,0
100.539674600,1,0,0
100.546680810,0,0,0
100.546959600,0,1,0
100.546964530,0,1,1
100.546974690,0,0,1
100.546979630,0,0,0
100.564665570,1,0,0
100.571671570,0,0,0
100.571950540,0,1,0
100.571952150,0,1,1
100.571965720,0,0,1
100.571967360,0,0,0
100.590331400,1,0,0
100.597337690,0,0,0
100.597618960,0,0,1
100.597619010,0,1,1
100.597634100,0,1,0
100.597634170,0,0,0
100.614146150,1,0,0
100.621152070,0,0,0
100.621432250,0,1,0
100.621447480,0,0,0
100.621499100,0,0,1
100.621514260,0,0,0
100.638866790,1,0,0
100.645928560,0,0,0
100.646153340,0,0,1
100.646155680,0,1,1
100.646168630,0,1,0
100.646170800,0,0,0
100.664648720,1,0,0
100.671654910,0,0,0
100.671933990,0,1,0
100.671934170,0,1,1
100.671949230,0,0,1
100.671949320,0,0,0
100.690448050,1,0,0
100.697451170,0,0,0
100.697732650,0,0,1
100.697737430,0,1,1
100.697747890,0,1,0
100.697752680,0,0,0
100.716115460,1,0,0
100.723121480,0,0,0
100.723401070,0,1,0
100.723403620,0,1,1
100.723416260,0,0,1
100.723418830,0,0,0
100.741076490,1,0,0
100.748082410,0,0,0
100.748362070,0,0,1
100.748364210,0,1,1
100.748377220,0,1,0
100.748379360,0,0,0
100.765334660,1,0,0
100.772340620,0,0,0
100.772620400,0,0,1
100.772621790,0,1,1
100.772635500,0,1,0
100.772637080,0,0,0
100.790626090,1,0,0
100.797632050,0,0,0
100.797899200,0,1,0
100.797907670,0,1,1
100.797914470,0,0,1
100.797922870,0,0,0
100.816475900,1,0,0
100.823481980,0,0,0
100.823761520,0,0,1
100.823763520,0,1,1
100.823776720,0,1,0
100.823778640,0,0,0
100.842174620,1,0,0
100.849173130,0,0,0
100.849460790,0,0,1
100.849461950,0,1,1
100.849475950,0,1,0
100.849477180,0,0,0
100.867912270,1,0,0
100.874918240,0,0,0
100.875199200,0,0,1
100.875201090,0,1,1
100.875214380,0,1,0
100.875216340,0,0,0
100.893472800,1,0,0
100.900478840,0,0,0
100.900759710,0,1,0
100.900762650,0,1,1
100.900774870,0,0,1
100.900777820,0,0,0
100.919127550,1,0,0
100.926133440,0,0,0
100.926413030,0,1,0
100.926415960,0,1,1
100.926428300,0,0,1
100.926431190,0,0,0
100.944870560,1,0,0
100.951873640,0,0,0
100.952153540,0,1,0
100.952158310,0,1,1
100.952168730,0,0,1
100.952173520,0,0,0
100.968648000,1,0,0
100.975656520,0,0,0
100.975934950,0,1,0
100.975937200,0,1,1
100.975950140,0,0,1
100.975952430,0,0,0
100.994413060,1,0,0
101.001419100,0,0,0
101.001698030,0,1,0
101.001700570,0,1,1
101.001713240,0,0,1
101.001715780,0,0,0
101.020233490,1,0,0
101.027236200,0,0,0
101.027519980,0,0,1
101.027535290,0,0,0
101.027587000,0,1,0
101.027602230,0,0,0
101.044020120,1,0,0
101.051026120,0,0,0
101.051304970,0,1,0
101.051305620,0,1,1
101.051320120,0,0,1
101.051320870,0,0,0
101.067822540,1,0,0
101.074828500,0,0,0
101.075108470,0,1,0
101.075108870,0,1,1
101.075123630,0,0,1
101.075124010,0,0,0
101.093525120,1,0,0
101.100531120,0,0,0
101.100808860,0,0,1
101.100811790,0,1,1
101.100824090,0,1,0
101.100827000,0,0,0
101.118778130,1,0,0
101.125784050,0,0,0
101.126063340,0,0,1
101.126064160,0,1,1
101.126078540,0,1,0
101.126079350,0,0,0
101.144505980,1,0,0
101.151512230,0,0,0
101.151792120,0,0,1
101.151793480,0,1,1
101.151807350,0,1,0
101.151808770,0,0,0
101.170090520,1,0,0
101.177096500,0,0,0
101.177377020,0,1,0
101.177379430,0,1,1
101.177392220,0,0,1
101.177394680,0,0,0
101.193597350,1,0,0
101.200603250,0,0,0
101.200881240,0,0,1
101.200884450,0,1,1
101.200896400,0,1,0
101.200899530,0,0,0
101.219413560,1,0,0
101.226418330,0,0,0
101.226702190,0,0,1
101.226702710,0,1,1
101.226717440,0,1,0
101.226718040,0,0,0
101.244799760,1,0,0
101.251804320,0,0,0
101.252083710,0,1,0
101.252085750,0,1,1
101.252098720,0,0,1
101.252100960,0,0,0
101.270456500,1,0,0
101.277462690,0,0,0
101.277744100,0,0,1
101.277745450,0,1,1
101.277759390,0,1,0
101.277760690,0,0,0
101.296095470,1,0,0
101.303101580,0,0,0
101.303381230,0,1,0
101.303382390,0,1,1
101.303396480,0,0,1
101.303397610,0,0,0
101.321759050,1,0,0
101.328764930,0,0,0
101.329046220,0,0,1
101.329047240,0,1,1
101.329061440,0,1,0
101.329062320,0,0,0
101.346203810,1,0,0
101.353208660,0,0,0
101.353488460,0,0,1
101.353490530,0,1,1
101.353503710,0,1,0
101.353571010,0,0,0
101.370849590,1,0,0
101.377855860,0,0,0
101.378137810,0,0,1
101.378138850,0,1,1
101.378153060,0,1,0
101.378154060,0,0,0
101.396519770,1,0,0
101.403526120,0,0,0
101.403806430,0,0,1
101.403807160,0,1,1
101.403821680,0,1,0
101.403822320,0,0,0
101.422112200,1,0,0
101.429117800,0,0,0
101.429399800,0,0,1
101.429400810,0,1,1
101.429415010,0,1,0
101.429415960,0,0,0
101.447112730,1,0,0
101.454118610,0,0,0
101.454396770,0,1,0
101.454397360,0,1,1
101.454411970,0,0,1
101.454412480,0,0,0
101.472043870,1,0,0
101.479049780,0,0,0
101.479331560,0,0,1
101.479332470,0,1,1
101.479346730,0,1,0
101.479347670,0,0,0
101.497614340,1,0,0
101.504620210,0,0,0
101.504898890,0,0,1
101.504900940,0,1,1
101.504914070,0,1,0
101.504916120,0,0,0
101.522885690,1,0,0
101.529891690,0,0,0
101.530172610,0,0,1
101.530174240,0,1,1
101.530187860,0,1,0
101.530189470,0,0,0
101.547849700,1,0,0
101.554855630,0,0,0
101.555136860,0,1,0
101.555136880,0,1,1
101.555151860,0,0,1
101.555152090,0,0,0
101.573148790,1,0,0
101.580154770,0,0,0
101.580435520,0,0,1
101.580436120,0,1,1
101.580450680,0,1,0
101.580451370,0,0,0
101.605969500,1,0,0
101.612975540,0,0,0
101.613258750,0,0,1
101.613259400,0,1,1
101.613273960,0,1,0
101.613274630,0,0,0
101.631773080,1,0,0
101.638779350,0,0,0
101.639060330,0,1,0
101.639061200,0,1,1
101.639075430,0,0,1
101.639076490,0,0,0
101.657307900,1,0,0
101.664313990,0,0,0
101.664593860,0,1,0
101.664595590,0,1,1
101.664609130,0,0,1
101.664610780,0,0,0
101.681713490,1,0,0
101.688719280,0,0,0
101.688998290,0,1,0
101.689003860,0,1,1
101.689013580,0,0,1
101.689019190,0,0,0
101.706744070,1,0,0
101.713752570,0,0,0
101.714032120,0,1,0
101.714032560,0,1,1
101.714047260,0,0,1
101.714047750,0,0,0
101.731443160,1,0,0
101.738449080,0,0,0
101.738730160,0,0,1
101.738730530,0,1,1
101.738745390,0,1,0
101.738745710,0,0,0
101.756218100,1,0,0
101.763222960,0,0,0
101.763501860,0,0,1
101.763504850,0,1,1
101.763517110,0,1,0
101.763520120,0,0,0
101.782077790,1,0,0
101.789083960,0,0,0
101.789361940,0,0,1
101.789365820,0,1,1
101.789377230,0,1,0
101.789381010,0,0,0
101.806444570,1,0,0
101.813450440,0,0,0
101.813730590,0,1,0
101.813731080,0,1,1
101.813745790,0,0,1
101.813746230,0,0,0
101.832033290,1,0,0
101.839039620,0,0,0
101.839267000,0,0,1
101.839282220,0,0,0
101.839320020,0,1,0
101.839335140,0,0,0
101.857344990,1,0,0
101.864353220,0,0,0
101.864633240,0,0,1
101.864633400,0,1,1
101.864648410,0,1,0
101.864648630,0,0,0
101.882660560,1,0,0
101.889663380,0,0,0
101.889946020,0,1,0
101.889946570,0,1,1
101.889961330,0,0,1
101.889961800,0,0,0
101.906510990,1,0,0
101.913517380,0,0,0
101.913799170,0,0,1
101.913799990,0,1,1
101.913814390,0,1,0
101.913815180,0,0,0
101.931971080,1,0,0
101.938976980,0,0,0
101.939257150,0,1,0
101.939258660,0,1,1
101.939272320,0,0,1
101.939273850,0,0,0
101.956431090,1,0,0
101.963437200,0,0,0
101.963714470,0,0,1
101.963716900,0,1,1
101.963729650,0,1,0
101.963732080,0,0,0
101.981007120,1,0,0
101.988013020,0,0,0
101.988294290,0,1,0
101.988294650,0,1,1
101.988309530,0,0,1
101.988309920,0,0,0
102.006138780,1,0,0
102.013144800,0,0,0
102.013428800,0,1,0
102.013428920,0,1,1
102.013443900,0,0,1
102.013444120,0,0,0
102.032210340,1,0,0
102.039214610,0,0,0
102.039496190,0,1,0
102.039497100,0,1,1
102.039511430,0,0,1
102.039512260,0,0,0
102.057651640,1,0,0
102.064657770,0,0,0
102.064939030,0,1,0
102.064939760,0,1,1
102.064954240,0,0,1
102.064954910,0,0,0
102.082930300,1,0,0
102.089936320,0,0,0
102.090218840,0,1,0
102.090234060,0,0,0
102.090250400,0,0,1
102.090265690,0,0,0
102.108693030,1,0,0
102.115760150,0,0,0
102.115979620,0,1,0
102.115982400,0,1,1
102.115994780,0,0,1
102.115997600,0,0,0
102.133182330,1,0,0
102.140188390,0,0,0
102.140470140,0,0,1
102.140470550,0,1,1
102.140485310,0,1,0
102.140485780,0,0,0
102.158912320,1,0,0
102.165918200,0,0,0
102.166197830,0,1,0
102.166199530,0,1,1
102.166212980,0,0,1
102.166214760,0,0,0
102.184228620,1,0,0
102.191234810,0,0,0
102.191517490,0,1,0
102.191518070,0,1,1
102.191532740,0,0,1
102.191533320,0,0,0
102.209954740,1,0,0
102.216959270,0,0,0
102.217240840,0,1,0
102.217241170,0,1,1
102.217256060,0,0,1
102.217256480,0,0,0
102.235813030,1,0,0
102.242821370,0,0,0
102.243096560,0,1,0
102.243099980,0,1,1
102.243111850,0,0,1
102.243115180,0,0,0
102.261556150,1,0,0
102.268560550,0,0,0
102.268842590,0,1,0
102.268843220,0,1,1
102.268857800,0,0,1
102.268858490,0,0,0
102.287416150,1,0,0
102.294420360,0,0,0
102.294701740,0,0,1
102.294716880,0,0,0
102.313299660,1,0,0
102.320305390,0,0,0
102.320584880,0,0,1
102.320589220,0,1,1
102.320600110,0,1,0
102.320604440,0,0,0
102.339063640,1,0,0
102.346069410,0,0,0
102.346349940,0,1,0
102.346353440,0,1,1
102.346365210,0,0,1
102.346368580,0,0,0
102.363161060,1,0,0
102.370167210,0,0,0
102.370444470,0,0,1
102.370450850,0,1,1
102.370459700,0,1,0
102.370466050,0,0,0
102.388991240,1,0,0
102.395997370,0,0,0
102.396278550,0,1,0
102.396280320,0,1,1
102.396293690,0,0,1
102.396295530,0,0,0
102.414652840,1,0,0
102.421659150,0,0,0
102.421937690,0,0,1
102.421943020,0,1,1
102.421952900,0,1,0
102.421958080,0,0,0
102.439618140,1,0,0
102.446624370,0,0,0
102.446905240,0,1,0
102.446906270,0,1,1
102.446920470,0,0,1
102.446921560,0,0,0
102.465117180,1,0,0
102.472123200,0,0,0
102.472404590,0,1,0
102.472405620,0,1,1
102.472419730,0,0,1
102.472420830,0,0,0
102.488838740,1,0,0
102.495844910,0,0,0
102.496124910,0,1,0
102.496126090,0,1,1
102.496140200,0,0,1
102.496141380,0,0,0
102.514344450,1,0,0
102.521350570,0,0,0
102.521629970,0,0,1
102.521631340,0,1,1
102.521645070,0,1,0
102.521646550,0,0,0
102.540044570,1,0,0
102.547052820,0,0,0
102.547328230,0,0,1
102.547334670,0,1,1
102.547343500,0,1,0
102.547349890,0,0,0
102.563854820,1,0,0
102.570860940,0,0,0
102.571138560,0,1,0
102.571144350,0,1,1
102.571153910,0,0,1
102.571159470,0,0,0
102.589621610,1,0,0
102.596689210,0,0,0
102.596907800,0,0,1
102.596911550,0,1,1
102.596923030,0,1,0
102.596926690,0,0,0
102.614801580,1,0,0
102.621809930,0,0,0
102.622089790,0,1,0
102.622090300,0,1,1
102.622105020,0,0,1
102.622105500,0,0,0
102.638793040,1,0,0
102.645798810,0,0,0
102.646078330,0,1,0
102.646079690,0,1,1
102.646093390,0,0,1
102.646094850,0,0,0
102.663842220,1,0,0
102.670848340,0,0,0
102.671127930,0,0,1
102.671131510,0,1,1
102.671143080,0,1,0
102.671146730,0,0,0
102.688852190,1,0,0
102.695858230,0,0,0
102.696139060,0,1,0
102.696141700,0,1,1
102.696154250,0,0,1
102.696156910,0,0,0
102.713856300,1,0,0
102.720862150,0,0,0
102.721143370,0,1,0
102.721144010,0,1,1
102.721158610,0,0,1
102.721159170,0,0,0
102.737897010,1,0,0
102.744902600,0,0,0
102.745183400,0,0,1
102.745184230,0,1,1
102.745198540,0,1,0
102.745199310,0,0,0
102.762802190,1,0,0
102.769808270,0,0,0
102.770090100,0,1,0
102.770091830,0,1,1
102.770105270,0,0,1
102.770107100,0,0,0
102.787883160,1,0,0
102.794888970,0,0,0
102.795162340,0,0,1
102.795168280,0,1,1
102.795177590,0,1,0
102.795183380,0,0,0
102.813648490,1,0,0
102.820651800,0,0,0
102.820933650,0,0,1
102.820936960,0,1,1
102.820948750,0,1,0
102.820952190,0,0,0
102.838811130,1,0,0
102.845815710,0,0,0
102.846095790,0,0,1
102.846100330,0,1,1
102.846111040,0,1,0
102.846115470,0,0,0
102.862655900,1,0,0
102.869662250,0,0,0
102.869943780,0,1,0
102.869955410,0,1,1
102.869958860,0,0,1
102.869970720,0,0,0
102.888517770,1,0,0
102.895523850,0,0,0
102.895803890,0,0,1
102.895807080,0,1,1
102.895819030,0,1,0
102.895822270,0,0,0
102.913973140,1,0,0
102.920977570,0,0,0
102.921259510,0,1,0
102.921261440,0,1,1
102.921274700,0,0,1
102.921276630,0,0,0
102.937803930,1,0,0
102.944809870,0,0,0
102.945088880,0,1,0
102.945090710,0,1,1
102.945104060,0,0,1
102.945106000,0,0,0
102.963123070,1,0,0
102.970129070,0,0,0
102.970409390,0,0,1
102.970411460,0,1,1
102.970424530,0,1,0
102.970426700,0,0,0
102.988890630,1,0,0
102.995896270,0,0,0
102.996175720,0,1,0
102.996176820,0,1,1
102.996190980,0,0,1
102.996192070,0,0,0
103.014592020,1,0,0
103.021597930,0,0,0
103.021878040,0,1,0
103.021881090,0,1,1
103.021893310,0,0,1
103.021896300,0,0,0
103.040520300,1,0,0
103.047526470,0,0,0
103.047807530,0,1,0
103.047809580,0,1,1
103.047822840,0,0,1
103.047824920,0,0,0
103.066081920,1,0,0
103.073087780,0,0,0
103.073367750,0,0,1
103.073368290,0,1,1
103.073383080,0,1,0
103.073383520,0,0,0
103.090423180,1,0,0
103.097429430,0,0,0
103.097709140,0,1,0
103.097710570,0,1,1
103.097724350,0,0,1
103.097725720,0,0,0
103.114202600,1,0,0
103.121207250,0,0,0
103.121489800,0,0,1
103.121492450,0,1,1
103.121504960,0,1,0
103.121507740,0,0,0
103.140042740,1,0,0
103.147048640,0,0,0
103.147328440,0,0,1
103.147328690,0,1,1
103.147343750,0,1,0
103.147343830,0,0,0
103.165758670,1,0,0
103.172764780,0,0,0
103.173044490,0,1,0
103.173046660,0,1,1
103.173059620,0,0,1
103.173061850,0,0,0
103.191974250,1,0,0
103.198980110,0,0,0
103.199257720,0,0,1
103.199262610,0,1,1
103.199272780,0,1,0
103.199277900,0,0,0
103.216838220,1,0,0
103.223844330,0,0,0
103.224123630,0,0,1
103.224125230,0,1,1
103.224138820,0,1,0
103.224140410,0,0,0
103.242476530,1,0,0
103.249480880,0,0,0
103.249762150,0,0,1
103.249763070,0,1,1
103.249777420,0,1,0
103.249778380,0,0,0
103.267030160,1,0,0
103.274036510,0,0,0
103.274315350,0,0,1
103.274318000,0,1,1
103.274330580,0,1,0
103.274333290,0,0,0
103.292043480,1,0,0
103.299049320,0,0,0
103.299328870,0,0,1
103.299330060,0,1,1
103.299344110,0,1,0
103.299345370,0,0,0
103.317805730,1,0,0
103.324808960,0,0,0
103.325092320,0,0,1
103.325094650,0,1,1
103.325107610,0,1,0
103.325109800,0,0,0
103.343610850,1,0,0
103.350616720,0,0,0
103.350895040,0,0,1
103.350898100,0,1,1
103.350910210,0,1,0
103.350913390,0,0,0
103.368316980,1,0,0
103.375323020,0,0,0
103.375604370,0,0,1
103.375606450,0,1,1
103.375619430,0,1,0
103.375621680,0,0,0
103.393080470,1,0,0
103.400083530,0,0,0
103.400335900,0,1,0
103.400351190,0,0,0
103.400367570,0,0,1
103.400382780,0,0,0
103.418743150,1,0,0
103.425749030,0,0,0
103.426028290,0,1,0
103.426030210,0,1,1
103.426043510,0,0,1
103.426045360,0,0,0
103.443259700,1,0,0
103.450265620,0,0,0
103.450545610,0,1,0
103.450548670,0,1,1
103.450560760,0,0,1
103.450563830,0,0,0
103.466937620,1,0,0
103.473943770,0,0,0
103.474224920,0,1,0
103.474227890,0,1,1
103.474240170,0,0,1
103.474243200,0,0,0
103.492732840,1,0,0
103.499738820,0,0,0
103.500011860,0,0,1
103.500015870,0,1,1
103.500027070,0,1,0
103.500031140,0,0,0
103.517954400,1,0,0
103.524960290,0,0,0
103.525239980,0,0,1
103.525241610,0,1,1
103.525255190,0,1,0
103.525256940,0,0,0
103.542915850,1,0,0
103.549921720,0,0,0
103.550202940,0,0,1
103.550205120,0,1,1
103.550218100,0,1,0
103.550220350,0,0,0
103.568305670,1,0,0
103.575311670,0,0,0
103.575591600,0,0,1
103.575593570,0,1,1
103.575606890,0,1,0
103.575608860,0,0,0
103.594023000,1,0,0
103.601028870,0,0,0
103.601311020,0,1,0
103.601326230,0,0,0
103.601375160,0,0,1
103.601390420,0,0,0
103.617971630,1,0,0
103.624977810,0,0,0
103.625257770,0,1,0
103.625258610,0,1,1
103.625273010,0,0,1
103.625273920,0,0,0
103.643350100,1,0,0
103.650355740,0,0,0
103.650636100,0,0,1
103.650636360,0,1,1
103.650651350,0,1,0
103.650651480,0,0,0
103.668153520,1,0,0
103.675161960,0,0,0
103.675439470,0,0,1
103.675442060,0,1,1
103.675454780,0,1,0
103.675457270,0,0,0
103.692128800,1,0,0
103.699135010,0,0,0
103.699414050,0,1,0
103.699417780,0,1,1
103.699429220,0,0,1
103.699432980,0,0,0
103.717885880,1,0,0
103.724889190,0,0,0
103.725172110,0,0,1
103.725173670,0,1,1
103.725187250,0,1,0
103.725188840,0,0,0
103.743428470,1,0,0
103.750434490,0,0,0
103.750715690,0,0,1
103.750716000,0,1,1
103.750730870,0,1,0
103.750731290,0,0,0
103.767876900,1,0,0
103.774882690,0,0,0
103.775163990,0,0,1
103.775165700,0,1,1
103.775179160,0,1,0
103.775180970,0,0,0
103.792932490,1,0,0
103.799938320,0,0,0
103.800217860,0,1,0
103.800220260,0,1,1
103.800233020,0,0,1
103.800235420,0,0,0
103.818661480,1,0,0
103.825667420,0,0,0
103.825947470,0,1,0
103.825950810,0,1,1
103.825962620,0,0,1
103.825965940,0,0,0
103.843086010,1,0,0
103.850089200,0,0,0
103.850374290,0,0,1
103.850375820,0,1,1
103.850389430,0,1,0
103.850391070,0,0,0
103.868936130,1,0,0
103.875942170,0,0,0
103.876221780,0,0,1
103.876221850,0,1,1
103.876236950,0,1,0
103.876237020,0,0,0
103.892811410,1,0,0
103.899817300,0,0,0
103.900096600,0,1,0
103.900098710,0,1,1
103.900111760,0,0,1
103.900113960,0,0,0
103.917226890,1,0,0
103.924233100,0,0,0
103.924514690,0,0,1
103.924515880,0,1,1
103.924529980,0,1,0
103.924531110,0,0,0
103.942905970,1,0,0
103.949912010,0,0,0
103.950192100,0,0,1
103.950194310,0,1,1
103.950207200,0,1,0
103.950209450,0,0,0
103.967858830,1,0,0
103.974865330,0,0,0
103.975146930,0,1,0
103.975162170,0,0,0
103.975168340,0,0,1
103.975183590,0,0,0
103.992066110,1,0,0
103.999071980,0,0,0
103.999355010,0,0,1
103.999355980,0,1,1
103.999370250,0,1,0
103.999371140,0,0,0
104.015936510,1,0,0
104.022939530,0,0,0
104.023221850,0,1,0
104.023237060,0,0,0
104.023264670,0,0,1
104.023279830,0,0,0
104.041625980,1,0,0
104.048632080,0,0,0
104.048910850,0,0,1
104.048912840,0,1,1
104.048926070,0,1,0
104.048928050,0,0,0
104.066205300,1,0,0
104.073211450,0,0,0
104.073491120,0,1,0
104.073494280,0,1,1
104.073509590,0,1,0
104.073571660,0,0,0
104.091973130,1,0,0
104.098979270,0,0,0
104.099258650,0,0,1
104.099259590,0,1,1
104.099273960,0,1,0
104.099274820,0,0,0
104.117761730,1,0,0
104.124765580,0,0,0
104.125046440,0,0,1
104.125048110,0,1,1
104.125061450,0,1,0
104.125063310,0,0,0
104.141984690,1,0,0
104.148990690,0,0,0
104.149270560,0,0,1
104.149271560,0,1,1
104.149285740,0,1,0
104.149286760,0,0,0
104.166988600,1,0,0
104.173991740,0,0,0
104.174272680,0,0,1
104.174274680,0,1,1
104.174287860,0,1,0
104.174289840,0,0,0
104.192937300,1,0,0
104.199940260,0,0,0
104.200223330,0,1,0
104.200227400,0,1,1
104.200238500,0,0,1
104.200242670,0,0,0
104.217932140,1,0,0
104.224938270,0,0,0
104.225221060,0,0,1
104.225221600,0,1,1
104.225236250,0,1,0
104.225236820,0,0,0
104.243333490,1,0,0
104.250336650,0,0,0
104.250619330,0,0,1
104.250619380,0,1,1
104.250634490,0,1,0
104.250634540,0,0,0
104.269164840,1,0,0
104.276170650,0,0,0
104.276452680,0,0,1
104.276453450,0,1,1
104.276467860,0,1,0
104.276468720,0,0,0
104.293008340,1,0,0
104.300012920,0,0,0
104.300295310,0,0,1
104.300296720,0,1,1
104.300310480,0,1,0
104.300311990,0,0,0
104.317008970,1,0,0
104.324014990,0,0,0
104.324293680,0,0,1
104.324295210,0,1,1
104.324308970,0,1,0
104.324310350,0,0,0
104.340910870,1,0,0
104.347919450,0,0,0
104.348197310,0,1,0
104.348198050,0,1,1
104.348212490,0,0,1
104.348213200,0,0,0
104.366679400,1,0,0
104.373685260,0,0,0
104.373965480,0,0,1
104.373966150,0,1,1
104.373980730,0,1,0
104.373981260,0,0,0
104.391861080,1,0,0
104.398869540,0,0,0
104.399149000,0,1,0
104.399149060,0,1,1
104.399164250,0,1,0
104.399164370,0,0,0
104.417565320,1,0,0
104.424571010,0,0,0
104.424850890,0,0,1
104.424852910,0,1,1
104.424866100,0,1,0
104.424868130,0,0,0
104.442150460,1,0,0
104.449154850,0,0,0
104.449435680,0,0,1
104.449437170,0,1,1
104.449450920,0,1,0
104.449452420,0,0,0
104.467909660,1,0,0
104.474915450,0,0,0
104.475194640,0,1,0
104.475200210,0,1,1
104.475209800,0,0,1
104.475215380,0,0,0
104.492192140,1,0,0
104.499198140,0,0,0
104.499477190,0,0,1
104.499478760,0,1,1
104.499492460,0,1,0
104.499493900,0,0,0
104.516701750,1,0,0
104.523710520,0,0,0
104.523987010,0,0,1
104.523987310,0,1,1
104.524002220,0,1,0
104.524002480,0,0,0
104.542523140,1,0,0
104.549529120,0,0,0
104.549809220,0,0,1
104.549810740,0,1,1
104.549824420,0,1,0
104.549825930,0,0,0
104.568354950,1,0,0
104.575363280,0,0,0
104.575642980,0,0,1
104.575644210,0,1,1
104.575658130,0,1,0
104.575659480,0,0,0
104.592876210,1,0,0
104.599880810,0,0,0
104.600161680,0,1,0
104.600162310,0,1,1
104.600176810,0,0,1
104.600177450,0,0,0
104.617889190,1,0,0
104.624895260,0,0,0
104.625174490,0,1,0
104.625175890,0,1,1
104.625189670,0,0,1
104.625191010,0,0,0
104.643200520,1,0,0
104.650205060,0,0,0
104.650488420,0,1,0
104.650489090,0,1,1
104.650503620,0,0,1
104.650504210,0,0,0
104.667940690,1,0,0
104.674947110,0,0,0
104.675226670,0,0,1
104.675227720,0,1,1
104.675241790,0,1,0
104.675242990,0,0,0
104.692340820,1,0,0
104.699343990,0,0,0
104.699624650,0,1,0
104.699625120,0,1,1
104.699639820,0,0,1
104.699640240,0,0,0
104.717948900,1,0,0
104.724953540,0,0,0
104.725232030,0,0,1
104.725234560,0,1,1
104.725247260,0,1,0
104.725249790,0,0,0
104.742807300,1,0,0
104.749811860,0,0,0
104.750091690,0,0,1
104.750096760,0,1,1
104.750106900,0,1,0
104.750111920,0,0,0
104.768782780,1,0,0
104.775788670,0,0,0
104.776070400,0,0,1
104.776071130,0,1,1
104.776086350,0,0,1
104.776151140,0,0,0
104.794200890,1,0,0
104.801205060,0,0,0
104.801488800,0,1,0
104.801489810,0,1,1
104.801503990,0,0,1
104.801505010,0,0,0
104.820074510,1,0,0
104.827080510,0,0,0
104.827362940,0,1,0
104.827363260,0,1,1
104.827378150,0,0,1
104.827378450,0,0,0
104.845744860,1,0,0
104.852750760,0,0,0
104.853030450,0,1,0
104.853031590,0,1,1
104.853045620,0,0,1
104.853046900,0,0,0
104.871538210,1,0,0
104.878546540,0,0,0
104.878823630,0,1,0
104.878825080,0,1,1
104.878838880,0,0,1
104.878840290,0,0,0
104.896698550,1,0,0
104.903703070,0,0,0
104.903987120,0,1,0
104.903988640,0,1,1
104.904002330,0,0,1
104.904003870,0,0,0
104.921709900,1,0,0
104.928713130,0,0,0
104.928996010,0,0,1
104.928996530,0,1,1
104.929011200,0,1,0
104.929011680,0,0,0
104.947445160,1,0,0
104.954449540,0,0,0
104.954730230,0,0,1
104.954732460,0,1,1
104.954745480,0,1,0
104.954747710,0,0,0
104.971770730,1,0,0
104.978775790,0,0,0
104.979058310,0,1,0
104.979073410,0,0,0
104.979121600,0,0,1
104.979136890,0,0,0
104.996609360,1,0,0
105.003615610,0,0,0
105.003895930,0,0,1
105.003911160,0,0,0
105.021623960,1,0,0
105.028629920,0,0,0
105.028908710,0,1,0
105.028909860,0,1,1
105.028923950,0,0,1
105.028924960,0,0,0
105.045792750,1,0,0
105.052797550,0,0,0
105.053078090,0,0,1
105.053078280,0,1,1
105.053093290,0,1,0
105.053093510,0,0,0
105.071190810,1,0,0
105.078199140,0,0,0
105.078475690,0,1,0
105.078476750,0,1,1
105.078490850,0,0,1
105.078491950,0,0,0
105.096915570,1,0,0
105.103920410,0,0,0
105.104199780,0,0,1
105.104203870,0,1,1
105.104215030,0,1,0
105.104219140,0,0,0
105.121677580,1,0,0
105.128683900,0,0,0
105.128960920,0,1,0
105.128963440,0,1,1
105.128976170,0,0,1
105.128978610,0,0,0
105.146714160,1,0,0
105.153720260,0,0,0
105.154000960,0,1,0
105.154002860,0,1,1
105.154016140,0,0,1
105.154018080,0,0,0
105.172496630,1,0,0
105.179502820,0,0,0
105.179786430,0,0,1
105.179801660,0,0,0
105.179850570,0,1,0
105.179865760,0,0,0
105.198299730,1,0,0
105.205305420,0,0,0
105.205583760,0,0,1
105.205588750,0,1,1
105.205599010,0,1,0
105.205604000,0,0,0
105.224090810,1,0,0
105.231095850,0,0,0
105.231374430,0,1,0
105.231377050,0,1,1
105.231389530,0,0,1
105.231392190,0,0,0
105.249844280,1,0,0
105.256849300,0,0,0
105.257130300,0,1,0
105.257131480,0,1,1
105.257145520,0,0,1
105.257146770,0,0,0
105.274361390,1,0,0
105.281364180,0,0,0
105.281648930,0,1,0
105.281649270,0,1,1
105.281663990,0,0,1
105.281664330,0,0,0
105.300103070,1,0,0
105.307109410,0,0,0
105.307387450,0,0,1
105.307391240,0,1,1
105.307402680,0,1,0
105.307406570,0,0,0
105.325374940,1,0,0
105.332379820,0,0,0
105.332658100,0,1,0
105.332661960,0,1,1
105.332673350,0,0,1
105.332677130,0,0,0
105.350231280,1,0,0
105.357237470,0,0,0
105.357517890,0,1,0
105.357520250,0,1,1
105.357533090,0,0,1
105.357535480,0,0,0
105.376027090,1,0,0
105.383031740,0,0,0
105.383312480,0,1,0
105.383313870,0,1,1
105.383327750,0,0,1
105.383329050,0,0,0
105.400318450,1,0,0
105.407324510,0,0,0
105.407605930,0,1,0
105.407606530,0,1,1
105.407621100,0,0,1
105.407621800,0,0,0
105.425529650,1,0,0
105.432535800,0,0,0
105.432814790,0,0,1
105.432818880,0,1,1
105.432830000,0,1,0
105.432834070,0,0,0
105.449456570,1,0,0
105.456462860,0,0,0
105.456742230,0,1,0
105.456744180,0,1,1
105.456757290,0,0,1
105.456759370,0,0,0
105.475199460,1,0,0
105.482205520,0,0,0
105.482481160,0,0,1
105.482484910,0,1,1
105.482496340,0,1,0
105.482500160,0,0,0
105.499342130,1,0,0
105.506348490,0,0,0
105.506626550,0,1,0
105.506630940,0,1,1
105.506641750,0,0,1
105.506646050,0,0,0
105.525074290,1,0,0
105.532077460,0,0,0
105.532362460,0,1,0
105.532364440,0,1,1
105.532377750,0,0,1
105.532379770,0,0,0
105.550727160,1,0,0
105.557733100,0,0,0
105.558008350,0,0,1
105.558016010,0,1,1
105.558023550,0,1,0
105.558031260,0,0,0
105.576421010,1,0,0
105.583427220,0,0,0
105.583705300,0,0,1
105.583709350,0,1,1
105.583720550,0,1,0
105.583724600,0,0,0
105.602054460,1,0,0
105.609060460,0,0,0
105.609340260,0,1,0
105.609355430,0,0,0
105.609387500,0,0,1
105.609402710,0,0,0
105.627560770,1,0,0
105.634566520,0,0,0
105.634846110,0,1,0
105.634848000,0,1,1
105.634861230,0,0,1
105.634863290,0,0,0
105.651825710,1,0,0
105.658831340,0,0,0
105.659108890,0,0,1
105.659114580,0,1,1
105.659124140,0,1,0
105.659129800,0,0,0
105.676305780,1,0,0
105.683310280,0,0,0
105.683591970,0,1,0
105.683593630,0,1,1
105.683607170,0,0,1
105.683608820,0,0,0
105.701326980,1,0,0
105.708332960,0,0,0
105.708612040,0,0,1
105.708616230,0,1,1
105.708627270,0,1,0
105.708631310,0,0,0
105.724950790,1,0,0
105.731956820,0,0,0
105.732238390,0,1,0
105.732253640,0,0,0
105.732269180,0,0,1
105.732284430,0,0,0
105.748649190,1,0,0
105.755655230,0,0,0
105.755935280,0,0,1
105.755937360,0,1,1
105.755950590,0,1,0
105.755952420,0,0,0
105.772833360,1,0,0
105.779839720,0,0,0
105.780121330,0,1,0
105.780123650,0,1,1
105.780136680,0,0,1
105.780138900,0,0,0
105.798514920,1,0,0
105.805519670,0,0,0
105.805799660,0,0,1
105.805803800,0,1,1
105.805814850,0,1,0
105.805819030,0,0,0
105.823893620,1,0,0
105.830899750,0,0,0
105.831179030,0,0,1
105.831182440,0,1,1
105.831194090,0,1,0
105.831197580,0,0,0
105.849664760,1,0,0
105.856670910,0,0,0
105.856951580,0,1,0
105.856952970,0,1,1
105.856966800,0,0,1
105.856968260,0,0,0
105.875431900,1,0,0
105.882437820,0,0,0
105.882718780,0,1,0
105.882722400,0,1,1
105.882733900,0,0,1
105.882737630,0,0,0
105.899483970,1,0,0
105.906486780,0,0,0
105.906770830,0,0,1
105.906773440,0,1,1
105.906785990,0,1,0
105.906788680,0,0,0
105.925158170,1,0,0
105.932163210,0,0,0
105.932441740,0,0,1
105.932446610,0,1,1
105.932456970,0,1,0
105.932461900,0,0,0
105.950946350,1,0,0
105.957990600,0,0,0
105.958232760,0,0,1
105.958235270,0,1,1
105.958247860,0,1,0
105.958250540,0,0,0
105.976322530,1,0,0
105.983331070,0,0,0
105.983608470,0,1,0
105.983610020,0,1,1
105.983623610,0,0,1
105.983625230,0,0,0
106.001314730,1,0,0
106.008320810,0,0,0
106.008601860,0,1,0
106.008604390,0,1,1
106.008616960,0,0,1
106.008619600,0,0,0
106.026656950,1,0,0
106.033663040,0,0,0
106.033942970,0,0,1
106.033945350,0,1,1
106.033958260,0,1,0
106.033960560,0,0,0
106.052455510,1,0,0
106.059523660,0,0,0
106.059740380,0,0,1
106.059743610,0,1,1
106.059755540,0,1,0
106.059758840,0,0,0
106.078227230,1,0,0
106.085233110,0,0,0
106.085515020,0,0,1
106.085516890,0,1,1
106.085530270,0,1,0
106.085532100,0,0,0
106.103528870,1,0,0
106.110533430,0,0,0
106.110815510,0,1,0
106.110817010,0,1,1
106.110830840,0,0,1
106.110832200,0,0,0
106.129378450,1,0,0
106.136384780,0,0,0
106.136663810,0,1,0
106.136664110,0,1,1
106.136679100,0,0,1
106.136679400,0,0,0
106.154507840,1,0,0
106.161513590,0,0,0
106.161795230,0,0,1
106.161797240,0,1,1
106.161810420,0,1,0
106.161812570,0,0,0
106.178620650,1,0,0
106.185626590,0,0,0
106.185905720,0,1,0
106.185907140,0,1,1
106.185920940,0,0,1
106.185922330,0,0,0
106.204452000,1,0,0
106.211458020,0,0,0
106.211739120,0,1,0
106.211741970,0,1,1
106.211754220,0,0,1
106.211757200,0,0,0
106.229993740,1,0,0
106.236999580,0,0,0
106.237280510,0,0,1
106.237282510,0,1,1
106.237295710,0,1,0
106.237297760,0,0,0
106.255436840,1,0,0
106.262442380,0,0,0
106.262724000,0,0,1
106.262725900,0,1,1
106.262739140,0,1,0
106.262741180,0,0,0
106.280243580,1,0,0
106.287249680,0,0,0
106.287526620,0,1,0
106.287532520,0,1,1
106.287541740,0,0,1
106.287547830,0,0,0
106.305482180,1,0,0
106.312486970,0,0,0
106.312764820,0,1,0
106.312770680,0,1,1
106.312780020,0,0,1
106.312785920,0,0,0
106.329670080,1,0,0
106.336674060,0,0,0
106.336954810,0,1,0
106.336959230,0,1,1
106.336969910,0,0,1
106.336974440,0,0,0
106.355462650,1,0,0
106.362468300,0,0,0
106.362746820,0,1,0
106.362752640,0,1,1
106.362762090,0,0,1
106.362767830,0,0,0
106.380846790,1,0,0
106.387852860,0,0,0
106.388132670,0,1,0
106.388135030,0,1,1
106.388147890,0,0,1
106.388150180,0,0,0
106.404521320,1,0,0
106.411524210,0,0,0
106.411805220,0,1,0
106.411809420,0,1,1
106.411820240,0,0,1
106.411824570,0,0,0
106.430359140,1,0,0
106.437365420,0,0,0
106.437644670,0,1,0
106.437647080,0,1,1
106.437659980,0,0,1
106.437662270,0,0,0
106.455820890,1,0,0
106.462824070,0,0,0
106.463106430,0,0,1
106.463107020,0,1,1
106.463121580,0,1,0
106.463122260,0,0,0
106.480293480,1,0,0
106.487299790,0,0,0
106.487579840,0,0,1
106.487580240,0,1,1
106.487595030,0,1,0
106.487595400,0,0,0
106.505518110,1,0,0
106.512523970,0,0,0
106.512803670,0,1,0
106.512808300,0,1,1
106.512818910,0,0,1
106.512823480,0,0,0
106.529833100,1,0,0
106.536839020,0,0,0
106.537121600,0,0,1
106.537136850,0,0,0
106.537184870,0,1,0
106.537200180,0,0,0
106.555465070,1,0,0
106.562471200,0,0,0
106.562750080,0,0,1
106.562751440,0,1,1
106.562765240,0,1,0
106.562766540,0,0,0
106.580290770,1,0,0
106.587296890,0,0,0
106.587575800,0,0,1
106.587579930,0,1,1
106.587590940,0,1,0
106.587595100,0,0,0
106.606055870,1,0,0
106.613060470,0,0,0
106.613340560,0,0,1
106.613343320,0,1,1
106.613355710,0,1,0
106.613358460,0,0,0
106.630437100,1,0,0
106.637443400,0,0,0
106.637723920,0,1,0
106.637725390,0,1,1
106.637739210,0,0,1
106.637740560,0,0,0
106.654727880,1,0,0
106.661733760,0,0,0
106.662012950,0,0,1
106.662014930,0,1,1
106.662028170,0,1,0
106.662030180,0,0,0
106.680113370,1,0,0
106.687119230,0,0,0
106.687397420,0,1,0
106.687402170,0,1,1
106.687412610,0,0,1
106.687417340,0,0,0
106.704676030,1,0,0
106.711680280,0,0,0
106.711960890,0,1,0
106.711965500,0,1,1
106.711976060,0,0,1
106.711980790,0,0,0
106.731039130,1,0,0
106.738045230,0,0,0
106.738322720,0,1,0
106.738329060,0,1,1
106.738337880,0,0,1
106.738344280,0,0,0
106.756989980,1,0,0
106.763995960,0,0,0
106.764276590,0,0,1
106.764278640,0,1,1
106.764291780,0,1,0
106.764293850,0,0,0
106.782893410,1,0,0
106.789898100,0,0,0
106.790179530,0,1,0
106.790180900,0,1,1
106.790194670,0,0,1
106.790196130,0,0,0
106.808645510,1,0,0
106.815651620,0,0,0
106.815929400,0,1,0
106.815933250,0,1,1
106.815944600,0,0,1
106.815948500,0,0,0
106.834207270,1,0,0
106.841215420,0,0,0
106.841493660,0,1,0
106.841497740,0,1,1
106.841508840,0,0,1
106.841512840,0,0,0
106.859461660,1,0,0
106.866431140,0,0,0
106.866744480,0,1,0
106.866749940,0,1,1
106.866759630,0,0,1
106.866765250,0,0,0
106.884839720,1,0,0
106.891843930,0,0,0
106.892124790,0,0,1
106.892125470,0,1,1
106.892139980,0,1,0
106.892140660,0,0,0
106.910530380,1,0,0
106.917533270,0,0,0
106.917817270,0,0,1
106.917818880,0,1,1
106.917832580,0,1,0
106.917834050,0,0,0
106.936038370,1,0,0
106.943042790,0,0,0
106.943323930,0,0,1
106.943339180,0,0,0
106.943354450,0,1,0
106.943369680,0,0,0
106.961068610,1,0,0
106.968074610,0,0,0
106.968352420,0,0,1
106.968355430,0,1,1
106.968367610,0,1,0
106.968370630,0,0,0
106.986422060,1,0,0
106.993428080,0,0,0
106.993707500,0,0,1
106.993709170,0,1,1
106.993722710,0,1,0
106.993724390,0,0,0
107.011626860,1,0,0
107.018632910,0,0,0
107.018911010,0,1,0
107.018916970,0,1,1
107.018926300,0,0,1
107.018932160,0,0,0
107.036870500,1,0,0
107.043874790,0,0,0
107.044160240,0,0,1
107.044160820,0,1,1
107.044175420,0,1,0
107.044175880,0,0,0
107.061434590,1,0,0
107.068440700,0,0,0
107.068723940,0,0,1
107.068724290,0,1,1
107.068739080,0,1,0
107.068739470,0,0,0
107.087052290,1,0,0
107.094058210,0,0,0
107.094336360,0,1,0
107.094351460,0,0,0
107.094407020,0,0,1
107.094422220,0,0,0
107.112861930,1,0,0
107.119866750,0,0,0
107.120149680,0,0,1
107.120151020,0,1,1
107.120164880,0,1,0
107.120166220,0,0,0
107.137534990,1,0,0
107.144541190,0,0,0
107.144821420,0,0,1
107.144824510,0,1,1
107.144836540,0,1,0
107.144839740,0,0,0
107.162797350,1,0,0
107.169803210,0,0,0
107.170081540,0,0,1
107.170082770,0,1,1
107.170096730,0,1,0
107.170097940,0,0,0
107.188598870,1,0,0
107.195604890,0,0,0
107.195886330,0,1,0
107.195901430,0,0,0
107.195949220,0,0,1
107.195964410,0,0,0
107.214541280,1,0,0
107.221547510,0,0,0
107.221822930,0,0,1
107.221828590,0,1,1
107.221838170,0,1,0
107.221843750,0,0,0
107.240405420,1,0,0
107.247408340,0,0,0
107.247692630,0,0,1
107.247692930,0,1,1
107.247707810,0,1,0
107.247708180,0,0,0
107.264879180,1,0,0
107.271885410,0,0,0
107.272163390,0,0,1
107.272165360,0,1,1
107.272178560,0,1,0
107.272180630,0,0,0
107.289083120,1,0,0
107.296089250,0,0,0
107.296368880,0,1,0
107.296369530,0,1,1
107.296384060,0,0,1
107.296384780,0,0,0
107.313771610,1,0,0
107.320774770,0,0,0
107.321055680,0,1,0
107.321058050,0,1,1
107.321070870,0,0,1
107.321073170,0,0,0
107.337170630,1,0,0
107.344176800,0,0,0
107.344454030,0,1,0
107.344455140,0,1,1
107.344469300,0,0,1
107.344470370,0,0,0
107.362979100,1,0,0
107.369983670,0,0,0
107.370262410,0,0,1
107.370264980,0,1,1
107.370277570,0,1,0
107.370280220,0,0,0
107.387572570,1,0,0
107.394578630,0,0,0
107.394858260,0,1,0
107.394858400,0,1,1
107.394873360,0,0,1
107.394873550,0,0,0
107.413467810,1,0,0
107.420473520,0,0,0
107.420756560,0,1,0
107.420756690,0,1,1
107.420771790,0,0,1
107.420772000,0,0,0
107.438858680,1,0,0
107.445864850,0,0,0
107.446144120,0,1,0
107.446144230,0,1,1
107.446159380,0,0,1
107.446159470,0,0,0
107.464651320,1,0,0
107.471657030,0,0,0
107.471938360,0,1,0
107.471938620,0,1,1
107.471953560,0,0,1
107.471953800,0,0,0
107.488713280,1,0,0
107.495719310,0,0,0
107.496000690,0,0,1
107.496001060,0,1,1
107.496015880,0,1,0
107.496016240,0,0,0
107.513817360,1,0,0
107.520823420,0,0,0
107.521104220,0,1,0
107.521105390,0,1,1
107.521119460,0,0,1
107.521120500,0,0,0
107.539565890,1,0,0
107.546570390,0,0,0
107.546852660,0,1,0
107.546853080,0,1,1
107.546867870,0,0,1
107.546868200,0,0,0
107.563800250,1,0,0
107.570806130,0,0,0
107.571087070,0,1,0
107.571087380,0,1,1
107.571102300,0,0,1
107.571102530,0,0,0
107.588752200,1,0,0
107.595755470,0,0,0
107.596040520,0,1,0
107.596040880,0,1,1
107.596055710,0,0,1
107.596055920,0,0,0
107.614158920,1,0,0
107.621164760,0,0,0
107.621444180,0,0,1
107.621448910,0,1,1
107.621459430,0,1,0
107.621464080,0,0,0
107.638766280,1,0,0
107.645771990,0,0,0
107.646052090,0,1,0
107.646052740,0,1,1
107.646067340,0,0,1
107.646067920,0,0,0
107.663913090,1,0,0
107.670918800,0,0,0
107.671197930,0,1,0
107.671200110,0,1,1
107.671213000,0,0,1
107.671215270,0,0,0
107.687854360,1,0,0
107.694860110,0,0,0
107.695139540,0,0,1
107.695143990,0,1,1
107.695154720,0,1,0
107.695159200,0,0,0
107.713712090,1,0,0
107.720716900,0,0,0
107.720997820,0,0,1
107.721002270,0,1,1
107.721013030,0,1,0
107.721017480,0,0,0
107.738780280,1,0,0
107.745784580,0,0,0
107.746065560,0,1,0
107.746080660,0,0,0
107.746131820,0,0,1
107.746146980,0,0,0
107.762575830,1,0,0
107.769585580,0,0,0
107.769863010,0,1,0
107.769864830,0,1,1
107.769878230,0,0,1
107.769880000,0,0,0
107.788433930,1,0,0
107.795438840,0,0,0
107.795721250,0,1,0
107.795723390,0,1,1
107.795736410,0,0,1
107.795738550,0,0,0
107.812713390,1,0,0
107.819719120,0,0,0
107.819999550,0,1,0
107.820001720,0,1,1
107.820014700,0,0,1
107.820016880,0,0,0
107.837745940,1,0,0
107.844752210,0,0,0
107.845034170,0,1,0
107.845037610,0,1,1
107.845049420,0,0,1
107.845052850,0,0,0
107.863597790,1,0,0
107.870603540,0,0,0
107.870887600,0,1,0
107.870888370,0,1,1
107.870902840,0,0,1
107.870903660,0,0,0
107.889167830,1,0,0
107.896173990,0,0,0
107.896454940,0,1,0
107.896455970,0,1,1
107.896470130,0,0,1
107.896471070,0,0,0
107.914044070,1,0,0
107.921050190,0,0,0
107.921328980,0,0,1
107.921344090,0,0,0
107.921370370,0,1,0
107.921385600,0,0,0
107.938610570,1,0,0
107.945616660,0,0,0
107.945897780,0,1,0
107.945897850,0,1,1
107.945913000,0,1,0
107.945913150,0,0,0
107.963849710,1,0,0
107.970854340,0,0,0
107.971135330,0,1,0
107.971137140,0,1,1
107.971150600,0,0,1
107.971152340,0,0,0
107.988305910,1,0,0
107.995310340,0,0,0
107.995594640,0,1,0
107.995595630,0,1,1
107.995609930,0,0,1
107.995610900,0,0,0
108.013778230,1,0,0
108.020759860,0,0,0
108.021062690,0,0,1
108.021062940,0,1,1
108.021077960,0,1,0
108.021078130,0,0,0
108.039514520,1,0,0
108.046520330,0,0,0
108.046800100,0,1,0
108.046801020,0,1,1
108.046815220,0,0,1
108.046816390,0,0,0
108.064944510,1,0,0
108.071950260,0,0,0
108.072231050,0,0,1
108.072233480,0,1,1
108.072246340,0,1,0
108.072248730,0,0,0
108.090816920,1,0,0
108.097819880,0,0,0
108.098103090,0,0,1
108.098103200,0,1,1
108.098118310,0,1,0
108.098118390,0,0,0
108.116559370,1,0,0
108.123563670,0,0,0
108.123846570,0,1,0
108.123847850,0,1,1
108.123861800,0,0,1
108.123863200,0,0,0
108.142125850,1,0,0
108.149131720,0,0,0
108.149410240,0,0,1
108.149415210,0,1,1
108.149425430,0,1,0
108.149430370,0,0,0
108.167333820,1,0,0
108.174339750,0,0,0
108.174619570,0,0,1
108.174622090,0,1,1
108.174634800,0,1,0
108.174637360,0,0,0
108.192808870,1,0,0
108.199814970,0,0,0
108.200096440,0,1,0
108.200111730,0,0,0
108.200163770,0,0,1
108.200179000,0,0,0
108.218061800,1,0,0
108.225067840,0,0,0
108.225347600,0,1,0
108.225351470,0,1,1
108.225362760,0,0,1
108.225366680,0,0,0
108.242474850,1,0,0
108.249481280,0,0,0
108.249761920,0,1,0
108.249764010,0,1,1
108.249777090,0,0,1
108.249779110,0,0,0
108.267723840,1,0,0
108.274729960,0,0,0
108.274971110,0,0,1
108.274986380,0,0,0
108.275011930,0,1,0
108.275027140,0,0,0
108.293576020,1,0,0
108.300582290,0,0,0
108.300842490,0,1,0
108.300857710,0,0,0
108.300861890,0,0,1
108.300877020,0,0,0
108.317769610,1,0,0
108.324775480,0,0,0
108.325054220,0,0,1
108.325058500,0,1,1
108.325069380,0,1,0
108.325073710,0,0,0
108.343595460,1,0,0
108.350601370,0,0,0
108.350880640,0,1,0
108.350883630,0,1,1
108.350895800,0,0,1
108.350898880,0,0,0
108.368868870,1,0,0
108.375874870,0,0,0
108.376155340,0,1,0
108.376157170,0,1,1
108.376170600,0,0,1
108.376172310,0,0,0
108.393188890,1,0,0
108.400163250,0,0,0
108.400475600,0,0,1
108.400476370,0,1,1
108.400490820,0,1,0
108.400491490,0,0,0
108.419048510,1,0,0
108.426054390,0,0,0
108.426331470,0,0,1
108.426336190,0,1,1
108.426346690,0,1,0
108.426351440,0,0,0
108.444810800,1,0,0
108.451816190,0,0,0
108.452097290,0,0,1
108.452100580,0,1,1
108.452112540,0,1,0
108.452115890,0,0,0
108.470579190,1,0,0
108.477587750,0,0,0
108.477868840,0,1,0
108.477884130,0,0,0
108.477931060,0,0,1
108.477946270,0,0,0
108.496398700,1,0,0
108.503404640,0,0,0
108.503684160,0,0,1
108.503687370,0,1,1
108.503699360,0,1,0
108.503702540,0,0,0
108.522062450,1,0,0
108.529068380,0,0,0
108.529347840,0,0,1
108.529350820,0,1,1
108.529363170,0,1,0
108.529365940,0,0,0
108.547471670,1,0,0
108.554476110,0,0,0
108.554759150,0,1,0
108.554761020,0,1,1
108.554774310,0,0,1
108.554776230,0,0,0
108.573167020,1,0,0
108.580172560,0,0,0
108.580452200,0,0,1
108.580452530,0,1,1
108.580467330,0,1,0
108.580467760,0,0,0
108.598774510,1,0,0
108.605780380,0,0,0
108.606059980,0,1,0
108.606075120,0,0,0
108.606128180,0,0,1
108.606143340,0,0,0
108.622994200,1,0,0
108.630001540,0,0,0
108.630281380,0,0,1
108.630284310,0,1,1
108.630296520,0,1,0
108.630299580,0,0,0
108.647096810,1,0,0
108.654102830,0,0,0
108.654380150,0,1,0
108.654384700,0,1,1
108.654395360,0,0,1
108.654399810,0,0,0
108.671575840,1,0,0
108.678582150,0,0,0
108.678863280,0,0,1
108.678865060,0,1,1
108.678878380,0,1,0
108.678880230,0,0,0
108.696662640,1,0,0
108.703667310,0,0,0
108.703949390,0,1,0
108.703951800,0,1,1
108.703964680,0,0,1
108.703966960,0,0,0
108.721657210,1,0,0
108.728665440,0,0,0
108.728942650,0,1,0
108.728957790,0,0,0
108.728999560,0,0,1
108.729014830,0,0,0
108.747188600,1,0,0
108.754194870,0,0,0
108.754475390,0,1,0
108.754477620,0,1,1
108.754490550,0,0,1
108.754492780,0,0,0
108.772978280,1,0,0
108.779982760,0,0,0
108.780264630,0,1,0
108.780266990,0,1,1
108.780279900,0,0,1
108.780282270,0,0,0
108.796538100,1,0,0
108.803542990,0,0,0
108.803814370,0,0,1
108.803823060,0,1,1
108.803829480,0,1,0
108.803838220,0,0,0
108.822423220,1,0,0
108.829427740,0,0,0
108.829708970,0,0,1
108.829711380,0,1,1
108.829724070,0,1,0
108.829726690,0,0,0
108.847678420,1,0,0
108.854684250,0,0,0
108.854964960,0,1,0
108.854966360,0,1,1
108.854980100,0,0,1
108.854981590,0,0,0
108.873074490,1,0,0
108.880077390,0,0,0
108.880360770,0,0,1
108.880362260,0,1,1
108.880376080,0,1,0
108.880377430,0,0,0
108.897734420,1,0,0
108.904739000,0,0,0
108.905021500,0,1,0
108.905024100,0,1,1
108.905036810,0,0,1
108.905039180,0,0,0
108.923515640,1,0,0
108.930521140,0,0,0
108.930800030,0,0,1
108.930804160,0,1,1
108.930815220,0,1,0
108.930819320,0,0,0
108.948504420,1,0,0
108.955510670,0,0,0
108.955790960,0,0,1
108.955793230,0,1,1
108.955806130,0,1,0
108.955808480,0,0,0
108.974299520,1,0,0
108.981305580,0,0,0
108.981586620,0,1,0
108.981588660,0,1,1
108.981601890,0,0,1
108.981603850,0,0,0
109.000061140,1,0,0
109.007064260,0,0,0
109.007347720,0,0,1
109.007349970,0,1,1
109.007362930,0,1,0
109.007365150,0,0,0
109.025783030,1,0,0
109.032791150,0,0,0
109.033060660,0,1,0
109.033071420,0,1,1
109.033075810,0,0,1
109.033086690,0,0,0
109.050949000,1,0,0
109.057955140,0,0,0
109.058234750,0,0,1
109.058237050,0,1,1
109.058250040,0,1,0
109.058252190,0,0,0
109.075993740,1,0,0
109.083000220,0,0,0
109.083280330,0,1,0
109.083282430,0,1,1
109.083295500,0,0,1
109.083297510,0,0,0
109.100473810,1,0,0
109.107479600,0,0,0
109.107761400,0,0,1
109.107776630,0,0,0
109.107809760,0,1,0
109.107824970,0,0,0
109.126076220,1,0,0
109.133082360,0,0,0
109.133362230,0,1,0
109.133365190,0,1,1
109.133377540,0,0,1
109.133380330,0,0,0
109.151810880,1,0,0
109.158878770,0,0,0
109.159097310,0,0,1
109.159100470,0,1,1
109.159112580,0,1,0
109.159115640,0,0,0
109.177210510,1,0,0
109.184216410,0,0,0
109.184496990,0,0,1
109.184497480,0,1,1
109.184512090,0,1,0
109.184512630,0,0,0
109.202650470,1,0,0
109.209653400,0,0,0
109.209937310,0,1,0
109.209937880,0,1,1
109.209952450,0,0,1
109.209953000,0,0,0
109.228573960,1,0,0
109.235579900,0,0,0
109.235858190,0,1,0
109.235863730,0,1,1
109.235873460,0,0,1
109.235878930,0,0,0
109.252160840,1,0,0
109.259167250,0,0,0
109.259446240,0,0,1
109.259448000,0,1,1
109.259461340,0,1,0
109.259463170,0,0,0
109.276060920,1,0,0
109.283066920,0,0,0
109.283347350,0,1,0
109.283349780,0,1,1
109.283362470,0,0,1
109.283365000,0,0,0
109.300295180,1,0,0
109.307299470,0,0,0
109.307580710,0,1,0
109.307583370,0,1,1
109.307595920,0,0,1
109.307598660,0,0,0
109.325515440,1,0,0
109.332519900,0,0,0
109.332801180,0,0,1
109.332804310,0,1,1
109.332816370,0,1,0
109.332819560,0,0,0
109.350331530,1,0,0
109.357337720,0,0,0
109.357617570,0,1,0
109.357620970,0,1,1
109.357632860,0,0,1
109.357636110,0,0,0
109.375297730,1,0,0
109.382302020,0,0,0
109.382583560,0,0,1
109.382585020,0,1,1
109.382598870,0,1,0
109.382600180,0,0,0
109.400860200,1,0,0
109.407865970,0,0,0
109.408145390,0,0,1
109.408148340,0,1,1
109.408160600,0,1,0
109.408163550,0,0,0
109.425501480,1,0,0
109.432504460,0,0,0
109.432786750,0,1,0
109.432788720,0,1,1
109.432801980,0,0,1
109.432803990,0,0,0
109.449345570,1,0,0
109.456348500,0,0,0
109.456631000,0,1,0
109.456634690,0,1,1
109.456646100,0,0,1
109.456649790,0,0,0
109.475058500,1,0,0
109.482064330,0,0,0
109.482344490,0,1,0
109.482348200,0,1,1
109.482359770,0,0,1
109.482363410,0,0,0
109.500461640,1,0,0
109.507467220,0,0,0
109.507746640,0,1,0
109.507751450,0,1,1
109.507761890,0,0,1
109.507766570,0,0,0
109.526303650,1,0,0
109.533310050,0,0,0
109.533589900,0,0,1
109.533591280,0,1,1
109.533605170,0,1,0
109.533606400,0,0,0
109.551974670,1,0,0
109.558980620,0,0,0
109.559262500,0,0,1
109.559263190,0,1,1
109.559277640,0,1,0
109.559278370,0,0,0
109.577734780,1,0,0
109.584737970,0,0,0
109.585020470,0,0,1
109.585022860,0,1,1
109.585035620,0,1,0
109.585038050,0,0,0
109.602192520,1,0,0
109.609198440,0,0,0
109.609480340,0,0,1
109.609480360,0,1,1
109.609495510,0,1,0
109.609495520,0,0,0
109.626342480,1,0,0
109.633348610,0,0,0
109.633627400,0,0,1
109.633629740,0,1,1
109.633642560,0,1,0
109.633644800,0,0,0
109.650782930,1,0,0
109.657791140,0,0,0
109.658071670,0,1,0
109.658072100,0,1,1
109.658086840,0,0,1
109.658087280,0,0,0
109.676293650,1,0,0
109.683299480,0,0,0
109.683580490,0,0,1
109.683580710,0,1,1
109.683595650,0,1,0
109.683596020,0,0,0
109.700731820,1,0,0
109.707738340,0,0,0
109.708018150,0,0,1
109.708020110,0,1,1
109.708033350,0,1,0
109.708035300,0,0,0
109.724479320,1,0,0
109.731485640,0,0,0
109.731767370,0,0,1
109.731768230,0,1,1
109.731782510,0,1,0
109.731783420,0,0,0
109.748086740,1,0,0
109.755095600,0,0,0
109.755374950,0,0,1
109.755375640,0,1,1
109.755390210,0,1,0
109.755391010,0,0,0
109.772006350,1,0,0
109.779010660,0,0,0
109.779293560,0,0,1
109.779295070,0,1,1
109.779308750,0,1,0
109.779310210,0,0,0
109.797090760,1,0,0
109.804094010,0,0,0
109.804376540,0,0,1
109.804377580,0,1,1
109.804391680,0,1,0
109.804392730,0,0,0
109.822343580,1,0,0
109.829346200,0,0,0
109.829629780,0,0,1
109.829631780,0,1,1
109.829644990,0,1,0
109.829646950,0,0,0
109.848188740,1,0,0
109.855194840,0,0,0
109.855474440,0,1,0
109.855474570,0,1,1
109.855489560,0,0,1
109.855489770,0,0,0
109.873816750,1,0,0
109.880821570,0,0,0
109.881102330,0,0,1
109.881102760,0,1,1
109.881117390,0,1,0
109.881117990,0,0,0
109.899069100,1,0,0
109.906071970,0,0,0
109.906356450,0,0,1
109.906356940,0,1,1
109.906371590,0,1,0
109.906372080,0,0,0
109.923423710,1,0,0
109.930427380,0,0,0
109.930709780,0,0,1
109.930724960,0,0,0
109.930775410,0,1,0
109.930790660,0,0,0
109.947927380,1,0,0
109.954901590,0,0,0
109.955212520,0,0,1
109.955213820,0,1,1
109.955227700,0,1,0
109.955229010,0,0,0
109.973820790,1,0,0
109.980826670,0,0,0
109.981105930,0,0,1
109.981106040,0,1,1
109.981121140,0,1,0
109.981121270,0,0,0
109.997493980,1,0,0
110.004499730,0,0,0
110.004780190,0,0,1
110.004780620,0,1,1
110.004795320,0,1,0
110.004795880,0,0,0
110.022101600,1,0,0
110.029107410,0,0,0
110.029386420,0,1,0
110.029387730,0,1,1
110.029401710,0,0,1
110.029402910,0,0,0
110.047674460,1,0,0
110.054680550,0,0,0
110.054962160,0,0,1
110.054962220,0,1,1
110.054977300,0,1,0
110.054977430,0,0,0
110.073484020,1,0,0
110.080489560,0,0,0
110.080769490,0,0,1
110.080769500,0,1,1
110.080784630,0,1,0
110.080784650,0,0,0
110.098994530,1,0,0
110.105997740,0,0,0
110.106283850,0,0,1
110.106284020,0,1,1
110.106299120,0,1,0
110.106299180,0,0,0
110.124728240,1,0,0
110.131734340,0,0,0
110.132016430,0,0,1
110.132017490,0,1,1
110.132031720,0,1,0
110.132032730,0,0,0
110.149171600,1,0,0
110.156177450,0,0,0
110.156458460,0,1,0
110.156460800,0,1,1
110.156473620,0,0,1
110.156475900,0,0,0
110.173004790,1,0,0
110.180011140,0,0,0
110.180294280,0,1,0
110.180294330,0,1,1
110.180309440,0,1,0
110.180309450,0,0,0
110.198803610,1,0,0
110.205809390,0,0,0
110.206091520,0,0,1
110.206092810,0,1,1
110.206106680,0,1,0
110.206107980,0,0,0
110.224612320,1,0,0
110.231618510,0,0,0
110.231898510,0,1,0
110.231899490,0,1,1
110.231913700,0,0,1
110.231914760,0,0,0
110.250324120,1,0,0
110.257328400,0,0,0
110.257608210,0,0,1
110.257609440,0,1,1
110.257623500,0,1,0
110.257624670,0,0,0
110.276147990,1,0,0
110.283153950,0,0,0
110.283422790,0,0,1
110.283437950,0,0,0
110.283502970,0,1,0
110.283518140,0,0,0
110.300799670,1,0,0
110.307805790,0,0,0
110.308085400,0,1,0
110.308086450,0,1,1
110.308100570,0,0,1
110.308101630,0,0,0
110.326591060,1,0,0
110.333595700,0,0,0
110.333877120,0,1,0
110.333879800,0,1,1
110.333892350,0,0,1
110.333895090,0,0,0
110.350353710,1,0,0
110.357359480,0,0,0
110.357637230,0,0,1
110.357641740,0,1,1
110.357652430,0,1,0
110.357657030,0,0,0
110.375598570,1,0,0
110.382604930,0,0,0
110.382883620,0,1,0
110.382886870,0,1,1
110.382898810,0,0,1
110.382902090,0,0,0
110.401459920,1,0,0
110.408465500,0,0,0
110.408748820,0,1,0
110.408750050,0,1,1
110.408763900,0,0,1
110.408765190,0,0,0
110.427214870,1,0,0
110.434220980,0,0,0
110.434502810,0,0,1
110.434503270,0,1,1
110.434517980,0,1,0
110.434518410,0,0,0
110.452992120,1,0,0
110.459997930,0,0,0
110.460280660,0,0,1
110.460295760,0,0,0
110.478739720,1,0,0
110.485745630,0,0,0
110.486025470,0,0,1
110.486029730,0,1,1
110.486040760,0,1,0
110.486045000,0,0,0
110.504465810,1,0,0
110.511471980,0,0,0
110.511752520,0,0,1
110.511753030,0,1,1
110.511767670,0,1,0
110.511768220,0,0,0
110.530073790,1,0,0
110.537079640,0,0,0
110.537359710,0,0,1
110.537361590,0,1,1
110.537374910,0,1,0
110.537376650,0,0,0
110.555798110,1,0,0
110.562804160,0,0,0
110.563084890,0,1,0
110.563085820,0,1,1
110.563099990,0,0,1
110.563100860,0,0,0
110.581477320,1,0,0
110.588483270,0,0,0
110.588763380,0,1,0
110.588764210,0,1,1
110.588778520,0,0,1
110.588779440,0,0,0
110.607237310,1,0,0
110.614241790,0,0,0
110.614525760,0,1,0
110.614540990,0,0,0
110.614592620,0,0,1
110.614607750,0,0,0
110.631574500,1,0,0
110.638583110,0,0,0
110.638858370,0,0,1
110.638859240,0,1,1
110.638873570,0,1,0
110.638874380,0,0,0
110.656829220,1,0,0
110.663833760,0,0,0
110.664114490,0,0,1
110.664118310,0,1,1
110.664129650,0,1,0
110.664133470,0,0,0
110.682634650,1,0,0
110.689640610,0,0,0
110.689921800,0,1,0
110.689922830,0,1,1
110.689937010,0,0,1
110.689938040,0,0,0
110.708476570,1,0,0
110.715482480,0,0,0
110.715762710,0,1,0
110.715765040,0,1,1
110.715777850,0,0,1
110.715780160,0,0,0
110.732669990,1,0,0
110.739674630,0,0,0
110.739957680,0,1,0
110.739958700,0,1,1
110.739972910,0,0,1
110.739973900,0,0,0
110.756570800,1,0,0
110.763573930,0,0,0
110.763857050,0,1,0
110.763858190,0,1,1
110.763872150,0,0,1
110.763873350,0,0,0
110.782325820,1,0,0
110.789331630,0,0,0
110.789611410,0,0,1
110.789615330,0,1,1
110.789626560,0,1,0
110.789630450,0,0,0
110.806294070,1,0,0
110.813300430,0,0,0
110.813578510,0,0,1
110.813582820,0,1,1
110.813593670,0,1,0
110.813598070,0,0,0
110.831813730,1,0,0
110.838818080,0,0,0
110.839101040,0,0,1
110.839102060,0,1,1
110.839116250,0,1,0
110.839117290,0,0,0
110.855573210,1,0,0
110.862579520,0,0,0
110.862860660,0,1,0
110.862860970,0,1,1
110.862875840,0,0,1
110.862876160,0,0,0
110.879353860,1,0,0
110.886359760,0,0,0
110.886640240,0,0,1
110.886641380,0,1,1
110.886655490,0,1,0
110.886656690,0,0,0
110.903036490,1,0,0
110.910039690,0,0,0
110.910322350,0,1,0
110.910322900,0,1,1
110.910337550,0,0,1
110.910338140,0,0,0
110.927738220,1,0,0
110.934740970,0,0,0
110.935025550,0,1,0
110.935040800,0,0,0
110.935092910,0,0,1
110.935108120,0,0,0
110.952999300,1,0,0
110.960005590,0,0,0
110.960284760,0,0,1
110.960287790,0,1,1
110.960299920,0,1,0
110.960302980,0,0,0
110.978717540,1,0,0
110.985723830,0,0,0
110.986001800,0,1,0
110.986003110,0,1,1
110.986017010,0,0,1
110.986018310,0,0,0
111.004445780,1,0,0
111.011448990,0,0,0
111.011730000,0,1,0
111.011732480,0,1,1
111.011745270,0,0,1
111.011747660,0,0,0
111.029418400,1,0,0
111.036421250,0,0,0
111.036700240,0,0,1
111.036704360,0,1,1
111.036715470,0,1,0
111.036719590,0,0,0
111.055168620,1,0,0
111.062173390,0,0,0
111.062454250,0,0,1
111.062457690,0,1,1
111.062469420,0,1,0
111.062472870,0,0,0
111.080986860,1,0,0
111.087995610,0,0,0
111.088271870,0,0,1
111.088275870,0,1,1
111.088287060,0,1,0
111.088291010,0,0,0
111.106747500,1,0,0
111.113752380,0,0,0
111.114033440,0,1,0
111.114036450,0,1,1
111.114048670,0,0,1
111.114051550,0,0,0
111.131875760,1,0,0
111.138881990,0,0,0
111.139161760,0,1,0
111.139164630,0,1,1
111.139176910,0,0,1
111.139179860,0,0,0
111.157673220,1,0,0
111.164676240,0,0,0
111.164960320,0,1,0
111.164962060,0,1,1
111.164975500,0,0,1
111.164977310,0,0,0
111.181770140,1,0,0
111.188776220,0,0,0
111.189056450,0,0,1
111.189059660,0,1,1
111.189071720,0,1,0
111.189074850,0,0,0
111.205881970,1,0,0
111.212885040,0,0,0
111.213167590,0,0,1
111.213168070,0,1,1
111.213182730,0,1,0
111.213183280,0,0,0
111.230418500,1,0,0
111.237416880,0,0,0
111.237703290,0,0,1
111.237703710,0,1,1
111.237718500,0,1,0
111.237718890,0,0,0
111.256207450,1,0,0
111.263213410,0,0,0
111.263494840,0,1,0
111.263496890,0,1,1
111.263510050,0,0,1
111.263512050,0,0,0
111.282032390,1,0,0
111.289036820,0,0,0
111.289318000,0,1,0
111.289319320,0,1,1
111.289333170,0,0,1
111.289334510,0,0,0
111.307313380,1,0,0
111.314319500,0,0,0
111.314600490,0,1,0
111.314602610,0,1,1
111.314615720,0,0,1
111.314617710,0,0,0
111.330890650,1,0,0
111.337896590,0,0,0
111.338177060,0,0,1
111.338179750,0,1,1
111.338192200,0,1,0
111.338194940,0,0,0
111.356440410,1,0,0
111.363445270,0,0,0
111.363725420,0,0,1
111.363728160,0,1,1
111.363740480,0,1,0
111.363743450,0,0,0
111.382012130,1,0,0
111.389018200,0,0,0
111.389298130,0,0,1
111.389300760,0,1,1
111.389313420,0,1,0
111.389315900,0,0,0
111.406084180,1,0,0
111.413089820,0,0,0
111.413369870,0,1,0
111.413372330,0,1,1
111.413385100,0,0,1
111.413387470,0,0,0
111.431823670,1,0,0
111.438830000,0,0,0
111.439109840,0,0,1
111.439110800,0,1,1
111.439125130,0,1,0
111.439126030,0,0,0
111.457581330,1,0,0
111.464584420,0,0,0
111.464868560,0,0,1
111.464883690,0,0,0
111.481411440,1,0,0
111.488417610,0,0,0
111.488697640,0,0,1
111.488699030,0,1,1
111.488712830,0,1,0
111.488714240,0,0,0
111.505384860,1,0,0
111.512387750,0,0,0
111.512650500,0,1,0
111.512665580,0,0,0
111.512670050,0,0,1
111.512685300,0,0,0
111.531133790,1,0,0
111.538139710,0,0,0
111.538418650,0,0,1
111.538421660,0,1,1
111.538433850,0,1,0
111.538436890,0,0,0
111.555885860,1,0,0
111.562888900,0,0,0
111.563172830,0,0,1
111.563175190,0,1,1
111.563188060,0,1,0
111.563190400,0,0,0
111.581197770,1,0,0
111.588203520,0,0,0
111.588483460,0,1,0
111.588486410,0,1,1
111.588498680,0,0,1
111.588501690,0,0,0
111.606945160,1,0,0
111.613950930,0,0,0
111.614232070,0,1,0
111.614234800,0,1,1
111.614247360,0,0,1
111.614250040,0,0,0
111.632564000,1,0,0
111.639569920,0,0,0
111.639849660,0,1,0
111.639853350,0,1,1
111.639864810,0,0,1
111.639868520,0,0,0
111.656436690,1,0,0
111.663442610,0,0,0
111.663723590,0,1,0
111.663725610,0,1,1
111.663738800,0,0,1
111.663740880,0,0,0
111.681318560,1,0,0
111.688324790,0,0,0
111.688602480,0,0,1
111.688607170,0,1,1
111.688617670,0,1,0
111.688622290,0,0,0
111.707075490,1,0,0
111.714081550,0,0,0
111.714363710,0,0,1
111.714365490,0,1,1
111.714378810,0,1,0
111.714380630,0,0,0
111.732793710,1,0,0
111.739747040,0,0,0
111.740077860,0,1,0
111.740081990,0,1,1
111.740093170,0,0,1
111.740097220,0,0,0
111.758103680,1,0,0
111.765107910,0,0,0
111.765390460,0,0,1
111.765392240,0,1,1
111.765405670,0,1,0
111.765407470,0,0,0
111.782152040,1,0,0
111.789158180,0,0,0
111.789437850,0,0,1
111.789438300,0,1,1
111.789453140,0,1,0
111.789453500,0,0,0
111.808005430,1,0,0
111.815011140,0,0,0
111.815289830,0,0,1
111.815291410,0,1,1
111.815305090,0,1,0
111.815306660,0,0,0
111.833437150,1,0,0
111.840443060,0,0,0
111.840724650,0,0,1
111.840727490,0,1,1
111.840739730,0,1,0
111.840742670,0,0,0
111.859098310,1,0,0
111.866104540,0,0,0
111.866384150,0,0,1
111.866384870,0,1,1
111.866399350,0,1,0
111.866400060,0,0,0
111.884834240,1,0,0
111.891838570,0,0,0
111.892118470,0,1,0
111.892122640,0,1,1
111.892133610,0,0,1
111.892137780,0,0,0
111.910572210,1,0,0
111.917576880,0,0,0
111.917862580,0,1,0
111.917877700,0,0,0
111.917925450,0,0,1
111.917940670,0,0,0
111.934301130,1,0,0
111.941307070,0,0,0
111.941589380,0,0,1
111.941591240,0,1,1
111.941604460,0,1,0
111.941606380,0,0,0
111.960022270,1,0,0
111.967028270,0,0,0
111.967305560,0,0,1
111.967308380,0,1,1
111.967320740,0,1,0
111.967323580,0,0,0
111.984326400,1,0,0
111.991332230,0,0,0
111.991612780,0,1,0
111.991613630,0,1,1
111.991628030,0,0,1
111.991628780,0,0,0
112.009633410,1,0,0
112.016639330,0,0,0
112.016919790,0,0,1
112.016920420,0,1,1
112.016935120,0,1,0
112.016935600,0,0,0
112.035450680,1,0,0
112.042453840,0,0,0
112.042738140,0,0,1
112.042739580,0,1,1
112.042753350,0,1,0
112.042754780,0,0,0
112.061196960,1,0,0
112.068200130,0,0,0
112.068482050,0,1,0
112.068486630,0,1,1
112.068497170,0,0,1
112.068501880,0,0,0
112.085611240,1,0,0
112.092617320,0,0,0
112.092896470,0,1,0
112.092899960,0,1,1
112.092911600,0,0,1
112.092915060,0,0,0
112.111400920,1,0,0
112.118406810,0,0,0
112.118688470,0,0,1
112.118689650,0,1,1
112.118703660,0,1,0
112.118704880,0,0,0
112.136063650,1,0,0
112.143069530,0,0,0
112.143351950,0,0,1
112.143352230,0,1,1
112.143367170,0,1,0
112.143367410,0,0,0
112.159618570,1,0,0
112.166621650,0,0,0
112.166904330,0,0,1
112.166906410,0,1,1
112.166919560,0,1,0
112.166921610,0,0,0
112.184018560,1,0,0
112.191024580,0,0,0
112.191264610,0,1,0
112.191279810,0,0,0
112.191302700,0,0,1
112.191317890,0,0,0
112.207935450,1,0,0
112.214939810,0,0,0
112.215220720,0,0,1
112.215222260,0,1,1
112.215236000,0,1,0
112.215237490,0,0,0
112.233715300,1,0,0
112.240719800,0,0,0
112.241001800,0,1,0
112.241004630,0,1,1
112.241017040,0,0,1
112.241019980,0,0,0
112.259117870,1,0,0
112.266120600,0,0,0
112.266404120,0,0,1
112.266404220,0,1,1
112.266419370,0,1,0
112.266419390,0,0,0
112.284978580,1,0,0
112.291986870,0,0,0
112.292267460,0,1,0
112.292267470,0,1,1
112.292282670,0,0,1
112.292282740,0,0,0
112.309125230,1,0,0
112.316131270,0,0,0
112.316409440,0,0,1
112.316410910,0,1,1
112.316424690,0,1,0
112.316426140,0,0,0
112.334049730,1,0,0
112.341055780,0,0,0
112.341335260,0,1,0
112.341338270,0,1,1
112.341350340,0,0,1
112.341353530,0,0,0
112.359001470,1,0,0
112.366007510,0,0,0
112.366285450,0,0,1
112.366287270,0,1,1
112.366300670,0,1,0
112.366302540,0,0,0
112.384056770,1,0,0
112.391065460,0,0,0
112.391346130,0,0,1
112.391347090,0,1,1
112.391361270,0,1,0
112.391362300,0,0,0
112.409885040,1,0,0
112.416888390,0,0,0
112.417174540,0,0,1
112.417175210,0,1,1
112.417189740,0,1,0
112.417190270,0,0,0
112.434641300,1,0,0
112.441647360,0,0,0
112.441926410,0,1,0
112.441927090,0,1,1
112.441941590,0,0,1
112.441942320,0,0,0
112.460279770,1,0,0
112.467284120,0,0,0
112.467566500,0,0,1
112.467567070,0,1,1
112.467581750,0,1,0
112.467582290,0,0,0
112.485884420,1,0,0
112.492890530,0,0,0
112.493169410,0,1,0
112.493169910,0,1,1
112.493184800,0,0,1
112.493185100,0,0,0
112.509926760,1,0,0
112.516932550,0,0,0
112.517213450,0,0,1
112.517228690,0,0,0
112.517251800,0,1,0
112.517267070,0,0,0
112.534749660,1,0,0
112.541755520,0,0,0
112.542035940,0,0,1
112.542037310,0,1,1
112.542051060,0,1,0
112.542052490,0,0,0
112.560589390,1,0,0
112.567595410,0,0,0
112.567875330,0,0,1
112.567875570,0,1,1
112.567890560,0,1,0
112.567890760,0,0,0
112.586426320,1,0,0
112.593432050,0,0,0
112.593713450,0,1,0
112.593713570,0,1,1
112.593728560,0,0,1
112.593728630,0,0,0
112.611693560,1,0,0
112.618699580,0,0,0
112.618981130,0,0,1
112.618981740,0,1,1
112.618996380,0,1,0
112.618996990,0,0,0
112.637537280,1,0,0
112.644545910,0,0,0
112.644824680,0,0,1
112.644824890,0,1,1
112.644839930,0,1,0
112.644840200,0,0,0
112.663336670,1,0,0
112.670342520,0,0,0
112.670622880,0,1,0
112.670623910,0,1,1
112.670638090,0,0,1
112.670639130,0,0,0
112.687604920,1,0,0
112.694610800,0,0,0
112.694891190,0,0,1
112.694892560,0,1,1
112.694906400,0,1,0
112.694907600,0,0,0
112.713162980,1,0,0
112.720167660,0,0,0
112.720450750,0,0,1
112.720458340,0,1,1
112.720465930,0,1,0
112.720473610,0,0,0
112.737705710,1,0,0
112.744712070,0,0,0
112.744993360,0,0,1
112.744994440,0,1,1
112.745008510,0,1,0
112.745009600,0,0,0
112.762477450,1,0,0
112.769481760,0,0,0
112.769762970,0,1,0
112.769767590,0,1,1
112.769778120,0,0,1
112.769782770,0,0,0
112.788295840,1,0,0
112.795301250,0,0,0
112.795585440,0,1,0
112.795586080,0,1,1
112.795600630,0,0,1
112.795601290,0,0,0
112.814148100,1,0,0
112.821154080,0,0,0
112.821432120,0,1,0
112.821433700,0,1,1
112.821447200,0,0,1
112.821449050,0,0,0
112.839701320,1,0,0
112.846705890,0,0,0
112.846986940,0,1,0
112.846987960,0,1,1
112.847002130,0,0,1
112.847003130,0,0,0
112.864607730,1,0,0
112.871613730,0,0,0
112.871893950,0,1,0
112.871895410,0,1,1
112.871909180,0,0,1
112.871910580,0,0,0
112.888855710,1,0,0
112.895858770,0,0,0
112.896143990,0,0,1
112.896144720,0,1,1
112.896159220,0,1,0
112.896159920,0,0,0
112.912905650,1,0,0
112.919910090,0,0,0
112.920191960,0,1,0
112.920193110,0,1,1
112.920207120,0,0,1
112.920208400,0,0,0
112.938668270,1,0,0
112.945672480,0,0,0
112.945956450,0,1,0
112.945956790,0,1,1
112.945971650,0,0,1
112.945971930,0,0,0
112.963018130,1,0,0
112.970024270,0,0,0
112.970251720,0,0,1
112.970266950,0,0,0
112.970305100,0,1,0
112.970320310,0,0,0
112.986907690,1,0,0
112.993913730,0,0,0
112.994191070,0,0,1
112.994193240,0,1,1
112.994206170,0,1,0
112.994208320,0,0,0
113.010612280,1,0,0
113.017617170,0,0,0
113.017901590,0,1,0
113.017902120,0,1,1
113.017916800,0,0,1
113.017917330,0,0,0
113.036427250,1,0,0
113.043432870,0,0,0
113.043713030,0,0,1
113.043715180,0,1,1
113.043728070,0,1,0
113.043730240,0,0,0
113.062015510,1,0,0
113.069021470,0,0,0
113.069302130,0,1,0
113.069303920,0,1,1
113.069317290,0,0,1
113.069319110,0,0,0
113.087024040,1,0,0
113.094030230,0,0,0
113.094309870,0,0,1
113.094325040,0,0,0
113.094377290,0,1,0
113.094392450,0,0,0
113.111025040,1,0,0
113.118029320,0,0,0
113.118309180,0,1,0
113.118310800,0,1,1
113.118324400,0,0,1
113.118325880,0,0,0
113.136805100,1,0,0
113.143811230,0,0,0
113.144093230,0,0,1
113.144093730,0,1,1
113.144108420,0,1,0
113.144108930,0,0,0
113.160679310,1,0,0
113.167685540,0,0,0
113.167965830,0,0,1
113.167966970,0,1,1
113.167981100,0,1,0
113.167982220,0,0,0
113.186032880,1,0,0
113.193038780,0,0,0
113.193317920,0,1,0
113.193319590,0,1,1
113.193333060,0,0,1
113.193334880,0,0,0
113.211313250,1,0,0
113.218317810,0,0,0
113.218598500,0,0,1
113.218602990,0,1,1
113.218613730,0,1,0
113.218618200,0,0,0
113.237309600,1,0,0
113.244315640,0,0,0
113.244595410,0,0,1
113.244596250,0,1,1
113.244610700,0,1,0
113.244611580,0,0,0
113.262910070,1,0,0
113.269916110,0,0,0
113.270193990,0,0,1
113.270195620,0,1,1
113.270209200,0,1,0
113.270210820,0,0,0
113.288502770,1,0,0
113.295508830,0,0,0
113.295787270,0,0,1
113.295788960,0,1,1
113.295802440,0,1,0
113.295804130,0,0,0
113.314097800,1,0,0
113.321101800,0,0,0
113.321381960,0,0,1
113.321387220,0,1,1
113.321397080,0,1,0
113.321402470,0,0,0
113.339924030,1,0,0
113.346929920,0,0,0
113.347209900,0,1,0
113.347211640,0,1,1
113.347225110,0,0,1
113.347226840,0,0,0
113.363763800,1,0,0
113.370770150,0,0,0
113.371048870,0,1,0
113.371049960,0,1,1
113.371064010,0,0,1
113.371065210,0,0,0
113.387516910,1,0,0
113.394520220,0,0,0
113.394800050,0,1,0
113.394803410,0,1,1
113.394815340,0,0,1
113.394818660,0,0,0
113.413305940,1,0,0
113.420311980,0,0,0
113.420589940,0,1,0
113.420590490,0,1,1
113.420605220,0,0,1
113.420605780,0,0,0
113.439098750,1,0,0
113.446105250,0,0,0
113.446382770,0,0,1
113.446388300,0,1,1
113.446397940,0,1,0
113.446403460,0,0,0
113.463026480,1,0,0
113.470032460,0,0,0
113.470312600,0,1,0
113.470313640,0,1,1
113.470327660,0,0,1
113.470328830,0,0,0
113.488660930,1,0,0
113.495665490,0,0,0
113.495947010,0,0,1
113.495950200,0,1,1
113.495962260,0,1,0
113.495965360,0,0,0
113.512279820,1,0,0
113.519297280,0,0,0
113.519565590,0,0,1
113.519569540,0,1,1
113.519580770,0,1,0
113.519584770,0,0,0
113.536425370,1,0,0
113.543431330,0,0,0
113.543712760,0,1,0
113.543714040,0,1,1
113.543727870,0,0,1
113.543729240,0,0,0
113.561689670,1,0,0
113.568696030,0,0,0
113.568976050,0,1,0
113.568976510,0,1,1
113.568991230,0,0,1
113.568991710,0,0,0
113.587528440,1,0,0
113.594534130,0,0,0
113.594813720,0,1,0
113.594816090,0,1,1
113.594828850,0,0,1
113.594831310,0,0,0
113.611288750,1,0,0
113.618295110,0,0,0
113.618573040,0,0,1
113.618578070,0,1,1
113.618588240,0,1,0
113.618593320,0,0,0
113.634869310,1,0,0
113.641873710,0,0,0
113.642155520,0,1,0
113.642156900,0,1,1
113.642170730,0,0,1
113.642172030,0,0,0
113.658627800,1,0,0
113.665634050,0,0,0
113.665914660,0,1,0
113.665915210,0,1,1
113.665929890,0,0,1
113.665930480,0,0,0
113.682425130,1,0,0
113.689433650,0,0,0
113.689713300,0,1,0
113.689714550,0,1,1
113.689728440,0,0,1
113.689729820,0,0,0
113.708179100,1,0,0
113.715183440,0,0,0
113.715466370,0,1,0
113.715468030,0,1,1
113.715481470,0,0,1
113.715483110,0,0,0
113.733995140,1,0,0
113.741001120,0,0,0
113.741281370,0,0,1
113.741283550,0,1,1
113.741296560,0,1,0
113.741298810,0,0,0
113.759895190,1,0,0
113.766901380,0,0,0
113.767183200,0,1,0
113.767184890,0,1,1
113.767198510,0,0,1
113.767200010,0,0,0
113.785092270,1,0,0
113.792097870,0,0,0
113.792377420,0,0,1
113.792380690,0,1,1
113.792392520,0,1,0
113.792395940,0,0,0
113.810771740,1,0,0
113.817777840,0,0,0
113.818060140,0,1,0
113.818061770,0,1,1
113.818075280,0,0,1
113.818076960,0,0,0
113.834549640,1,0,0
113.841555740,0,0,0
113.841834240,0,0,1
113.841838260,0,1,1
113.841849360,0,1,0
113.841853340,0,0,0
113.858723390,1,0,0
113.865729040,0,0,0
113.866009310,0,1,0
113.866013570,0,1,1
113.866024500,0,0,1
113.866028790,0,0,0
113.884472280,1,0,0
113.891478240,0,0,0
113.891760180,0,1,0
113.891761930,0,1,1
113.891775420,0,0,1
113.891777120,0,0,0
113.908638350,1,0,0
113.915644700,0,0,0
113.915923620,0,1,0
113.915925470,0,1,1
113.915938710,0,0,1
113.915940610,0,0,0
113.934428900,1,0,0
113.941434570,0,0,0
113.941713940,0,0,1
113.941716990,0,1,1
113.941729040,0,1,0
113.941732200,0,0,0
113.959046220,1,0,0
113.966052260,0,0,0
113.966331310,0,0,1
113.966334330,0,1,1
113.966346560,0,1,0
113.966349500,0,0,0
113.984709300,1,0,0
113.991717420,0,0,0
113.991995720,0,0,1
113.991996350,0,1,1
113.992010990,0,1,0
113.992011590,0,0,0
114.010493290,1,0,0
114.017499580,0,0,0
114.017779190,0,0,1
114.017782020,0,1,1
114.017794380,0,1,0
114.017797190,0,0,0
114.034268460,1,0,0
114.041274360,0,0,0
114.041555350,0,1,0
114.041557680,0,1,1
114.041570590,0,0,1
114.041572830,0,0,0
114.058325340,1,0,0
114.065331110,0,0,0
114.065608550,0,0,1
114.065612590,0,1,1
114.065623650,0,1,0
114.065627820,0,0,0
114.083643330,1,0,0
114.090647890,0,0,0
114.090929520,0,0,1
114.090932310,0,1,1
114.090944790,0,1,0
114.090947600,0,0,0
114.107474790,1,0,0
114.114480730,0,0,0
114.114760700,0,1,0
114.114761970,0,1,1
114.114775940,0,0,1
114.114777300,0,0,0
114.131164170,1,0,0
114.138169940,0,0,0
114.138450490,0,0,1
114.138453920,0,1,1
114.138465670,0,1,0
114.138469190,0,0,0
114.155004810,1,0,0
114.162010840,0,0,0
114.162291510,0,1,0
114.162294690,0,1,1
114.162306680,0,0,1
114.162309890,0,0,0
114.178741000,1,0,0
114.185746980,0,0,0
114.186028280,0,0,1
114.186030940,0,1,1
114.186043570,0,1,0
114.186046210,0,0,0
114.202420000,1,0,0
114.209426170,0,0,0
114.209704070,0,0,1
114.209708390,0,1,1
114.209719230,0,1,0
114.209723520,0,0,0
114.228187830,1,0,0
114.235193310,0,0,0
114.235475140,0,0,1
114.235477670,0,1,1
114.235490220,0,1,0
114.235492780,0,0,0
114.253909470,1,0,0
114.260915680,0,0,0
114.261196060,0,1,0
114.261198510,0,1,1
114.261211330,0,0,1
114.261213680,0,0,0
114.279770110,1,0,0
114.286773070,0,0,0
114.287055730,0,0,1
114.287056720,0,1,1
114.287070920,0,1,0
114.287071920,0,0,0
114.303517260,1,0,0
114.310523280,0,0,0
114.310800440,0,1,0
114.310805410,0,1,1
114.310815620,0,0,1
114.310884850,0,0,0
114.329431690,1,0,0
114.336437810,0,0,0
114.336717930,0,0,1
114.336720990,0,1,1
114.336733070,0,1,0
114.336736170,0,0,0
114.354743430,1,0,0
114.361749490,0,0,0
114.362028580,0,1,0
114.362032250,0,1,1
114.362043790,0,0,1
114.362047380,0,0,0
114.380535880,1,0,0
114.387541670,0,0,0
114.387822880,0,1,0
114.387825660,0,1,1
114.387838090,0,0,1
114.387840810,0,0,0
114.404637470,1,0,0
114.411620340,0,0,0
114.411924090,0,0,1
114.411925520,0,1,1
114.411939240,0,1,0
114.411940580,0,0,0
114.430327730,1,0,0
114.437333880,0,0,0
114.437613780,0,1,0
114.437617460,0,1,1
114.437629030,0,0,1
114.437632670,0,0,0
114.456279000,1,0,0
114.463283710,0,0,0
114.463564980,0,0,1
114.463568190,0,1,1
114.463580220,0,1,0
114.463583480,0,0,0
114.482044950,1,0,0
114.489051070,0,0,0
114.489329090,0,1,0
114.489334510,0,1,1
114.489344300,0,0,1
114.489349760,0,0,0
114.507386770,1,0,0
114.514392880,0,0,0
114.514673020,0,0,1
114.514677500,0,1,1
114.514688210,0,1,0
114.514692790,0,0,0
114.531288520,1,0,0
114.538294590,0,0,0
114.538573770,0,0,1
114.538575800,0,1,1
114.538589080,0,1,0
114.538591050,0,0,0
114.555065980,1,0,0
114.562070760,0,0,0
114.562350610,0,1,0
114.562354740,0,1,1
114.562365880,0,0,1
114.562370010,0,0,0
114.580504000,1,0,0
114.587512140,0,0,0
114.587789970,0,1,0
114.587792270,0,1,1
114.587805140,0,0,1
114.587807370,0,0,0
114.605400590,1,0,0
114.612405210,0,0,0
114.612686580,0,0,1
114.612688480,0,1,1
114.612701780,0,1,0
114.612703670,0,0,0
114.630293200,1,0,0
114.637298950,0,0,0
114.637579200,0,0,1
114.637581640,0,1,1
114.637594340,0,1,0
114.637596830,0,0,0
114.654036740,1,0,0
114.661042260,0,0,0
114.661323270,0,0,1
114.661325240,0,1,1
114.661338480,0,1,0
114.661340400,0,0,0
114.679733740,1,0,0
114.686739530,0,0,0
114.687016000,0,1,0
114.687019430,0,1,1
114.687031180,0,0,1
114.687034530,0,0,0
114.705628000,1,0,0
114.712634460,0,0,0
114.712914260,0,0,1
114.712916990,0,1,1
114.712929420,0,1,0
114.712932280,0,0,0
114.730702820,1,0,0
114.737708920,0,0,0
114.737986190,0,0,1
114.737990310,0,1,1
114.738001330,0,1,0
114.738005460,0,0,0
114.755436140,1,0,0
114.762441930,0,0,0
114.762720970,0,1,0
114.762722160,0,1,1
114.762736130,0,0,1
114.762737300,0,0,0
114.781072340,1,0,0
114.788076630,0,0,0
114.788357780,0,0,1
114.788372920,0,0,0
114.788427630,0,1,0
114.788442810,0,0,0
114.806678230,1,0,0
114.813684040,0,0,0
114.813963000,0,0,1
114.813965620,0,1,1
114.813978270,0,1,0
114.813980760,0,0,0
114.832173070,1,0,0
114.839179030,0,0,0
114.839458040,0,1,0
114.839459830,0,1,1
114.839473290,0,0,1
114.839475070,0,0,0
114.855788880,1,0,0
114.862794940,0,0,0
114.863074860,0,0,1
114.863076370,0,1,1
114.863090040,0,1,0
114.863091470,0,0,0
114.881479170,1,0,0
114.888485230,0,0,0
114.888765790,0,1,0
114.888769210,0,1,1
114.888780960,0,0,1
114.888784500,0,0,0
114.907202450,1,0,0
114.914208320,0,0,0
114.914486740,0,1,0
114.914502050,0,0,0
114.914547240,0,0,1
114.914562490,0,0,0
114.933054550,1,0,0
114.940058940,0,0,0
114.940341130,0,0,1
114.940342670,0,1,1
114.940356320,0,1,0
114.940357940,0,0,0
114.958810850,1,0,0
114.965815180,0,0,0
114.966099540,0,0,1
114.966100740,0,1,1
114.966114660,0,1,0
114.966115860,0,0,0
114.984586570,1,0,0
114.991594910,0,0,0
114.991872100,0,0,1
114.991872980,0,1,1
114.991887340,0,1,0
114.991888170,0,0,0
115.010472940,1,0,0
115.017479000,0,0,0
115.017761380,0,0,1
115.017761620,0,1,1
115.017776570,0,1,0
115.017776900,0,0,0
115.034075020,1,0,0
115.041081130,0,0,0
115.041358190,0,1,0
115.041364020,0,1,1
115.041373360,0,0,1
115.041379270,0,0,0
115.059791510,1,0,0
115.066796010,0,0,0
115.067075840,0,0,1
115.067079220,0,1,1
115.067091030,0,1,0
115.067094510,0,0,0
115.085603590,1,0,0
115.092610010,0,0,0
115.092890730,0,0,1
115.092906040,0,0,0
115.092957440,0,1,0
115.092972610,0,0,0
115.111295980,1,0,0
115.118301830,0,0,0
115.118580260,0,1,0
115.118580690,0,1,1
115.118595570,0,0,1
115.118595850,0,0,0
115.137056030,1,0,0
115.144058490,0,0,0
115.144329800,0,0,1
115.144344380,0,1,1
115.144345030,0,1,0
115.144359560,0,0,0
115.160727700,1,0,0
115.167730640,0,0,0
115.168017110,0,0,1
115.168018040,0,1,1
115.168032460,0,1,0
115.168033240,0,0,0
115.186140960,1,0,0
115.193145540,0,0,0
115.193425400,0,1,0
115.193430480,0,1,1
115.193440570,0,0,1
115.193445620,0,0,0
115.211958480,1,0,0
115.218964730,0,0,0
115.219243970,0,0,1
115.219244660,0,1,1
115.219259070,0,1,0
115.219259800,0,0,0
115.237661740,1,0,0
115.244667840,0,0,0
115.244947320,0,0,1
115.244948130,0,1,1
115.244962500,0,1,0
115.244963270,0,0,0
115.262871140,1,0,0
115.269876980,0,0,0
115.270156330,0,1,0
115.270160770,0,1,1
115.270171450,0,0,1
115.270176010,0,0,0
115.288378490,1,0,0
115.295381760,0,0,0
115.295663900,0,1,0
115.295668180,0,1,1
115.295679090,0,0,1
115.295683380,0,0,0
115.313885310,1,0,0
115.320890170,0,0,0
115.321172710,0,0,1
115.321173160,0,1,1
115.321187980,0,1,0
115.321188300,0,0,0
115.339413060,1,0,0
115.346417010,0,0,0
115.346700400,0,1,0
115.346701080,0,1,1
115.346715550,0,0,1
115.346716330,0,0,0
115.363466700,1,0,0
115.370472620,0,0,0
115.370754550,0,0,1
115.370769800,0,0,0
115.370817710,0,1,0
115.370832830,0,0,0
115.388604300,1,0,0
115.395610670,0,0,0
115.395891940,0,0,1
115.395893420,0,1,1
115.395907100,0,1,0
115.395908740,0,0,0
115.414394210,1,0,0
115.421400290,0,0,0
115.421679230,0,1,0
115.421680520,0,1,1
115.421694330,0,0,1
115.421695800,0,0,0
115.440091200,1,0,0
115.447097120,0,0,0
115.447378380,0,0,1
115.447380130,0,1,1
115.447393570,0,1,0
115.447395380,0,0,0
115.464714680,1,0,0
115.471718980,0,0,0
115.472003190,0,0,1
115.472003350,0,1,1
115.472018460,0,1,0
115.472018580,0,0,0
115.488700460,1,0,0
115.495706520,0,0,0
115.495986620,0,0,1
115.495986990,0,1,1
115.496001720,0,1,0
115.496002260,0,0,0
115.513656820,1,0,0
115.520660010,0,0,0
115.520944420,0,1,0
115.520945190,0,1,1
115.520959710,0,0,1
115.520960400,0,0,0
115.539533710,1,0,0
115.546538250,0,0,0
115.546821280,0,1,0
115.546823540,0,1,1
115.546836470,0,0,1
115.546838710,0,0,0
115.565059580,1,0,0
115.572065470,0,0,0
115.572346910,0,0,1
115.572347150,0,1,1
115.572362050,0,1,0
115.572362330,0,0,0
115.590714960,1,0,0
115.597719860,0,0,0
115.597997990,0,1,0
115.598005190,0,1,1
115.598013320,0,0,1
115.598020500,0,0,0
115.614841530,1,0,0
115.621847800,0,0,0
115.622113000,0,1,0
115.622127830,0,1,1
115.622128150,0,0,1
115.622143060,0,0,0
115.638760800,1,0,0
115.645765260,0,0,0
115.646047070,0,0,1
115.646047430,0,1,1
115.646062180,0,1,0
115.646062510,0,0,0
115.663659650,1,0,0
115.670665040,0,0,0
115.670944440,0,0,1
115.670945730,0,1,1
115.670959610,0,1,0
115.670961020,0,0,0
115.687731770,1,0,0
115.694737880,0,0,0
115.695018950,0,0,1
115.695019080,0,1,1
115.695034180,0,1,0
115.695034290,0,0,0
115.712949990,1,0,0
115.719955890,0,0,0
115.720237360,0,0,1
115.720237440,0,1,1
115.720252550,0,1,0
115.720252630,0,0,0
115.738745150,1,0,0
115.745751340,0,0,0
115.746029830,0,1,0
115.746029940,0,1,1
115.746045080,0,0,1
115.746045100,0,0,0
115.764488810,1,0,0
115.771494980,0,0,0
115.771774160,0,0,1
115.771780610,0,1,1
115.771789410,0,1,0
115.771795670,0,0,0
115.789795280,1,0,0
115.796801360,0,0,0
115.797081330,0,1,0
115.797082700,0,1,1
115.797096470,0,0,1
115.797097940,0,0,0
115.813670220,1,0,0
115.820672760,0,0,0
115.820955800,0,1,0
115.820956310,0,1,1
115.820971090,0,0,1
115.820971500,0,0,0
115.837770390,1,0,0
115.844776370,0,0,0
115.845058460,0,1,0
115.845059600,0,1,1
115.845073700,0,0,1
115.845074820,0,0,0
115.862720420,1,0,0
115.869726360,0,0,0
115.870005610,0,0,1
115.870007740,0,1,1
115.870020730,0,1,0
115.870022900,0,0,0
115.887738220,1,0,0
115.894744320,0,0,0
115.895023630,0,1,0
115.895025100,0,1,1
115.895038830,0,0,1
115.895040370,0,0,0
115.913647760,1,0,0
115.920651150,0,0,0
115.920932390,0,0,1
115.920934430,0,1,1
115.920947530,0,1,0
115.920949720,0,0,0
115.937272300,1,0,0
115.944278070,0,0,0
115.944556960,0,1,0
115.944558420,0,1,1
115.944572170,0,0,1
115.944573590,0,0,0
115.962776480,1,0,0
115.969782560,0,0,0
115.970064930,0,1,0
115.970065910,0,1,1
115.970080090,0,0,1
115.970081100,0,0,0
115.988567840,1,0,0
115.995572430,0,0,0
115.995854540,0,1,0
115.995855120,0,1,1
115.995869830,0,0,1
115.995870360,0,0,0
116.014267170,1,0,0
116.021270380,0,0,0
116.021552880,0,0,1
116.021553120,0,1,1
116.021568040,0,1,0
116.021568410,0,0,0
116.039756850,1,0,0
116.046763100,0,0,0
116.047044580,0,0,1
116.047045460,0,1,1
116.047059770,0,1,0
116.047060710,0,0,0
116.063637040,1,0,0
116.070643180,0,0,0
116.070922840,0,0,1
116.070924560,0,1,1
116.070938090,0,1,0
116.070939680,0,0,0
116.088661710,1,0,0
116.095667670,0,0,0
116.095946500,0,0,1
116.095948230,0,1,1
116.095961750,0,1,0
116.095963290,0,0,0
116.113726080,1,0,0
116.120730890,0,0,0
116.121008830,0,1,0
116.121011520,0,1,1
116.121024100,0,0,1
116.121026700,0,0,0
116.137597990,1,0,0
116.144604100,0,0,0
116.144882570,0,1,0
116.144885650,0,1,1
116.144897710,0,0,1
116.144900920,0,0,0
116.163418650,1,0,0
116.170424550,0,0,0
116.170704080,0,0,1
116.170708430,0,1,1
116.170719350,0,1,0
116.170723580,0,0,0
116.187840700,1,0,0
116.194846870,0,0,0
116.195126740,0,1,0
116.195127850,0,1,1
116.195141960,0,0,1
116.195143050,0,0,0
116.213051330,1,0,0
116.220057310,0,0,0
116.220339180,0,1,0
116.220340780,0,1,1
116.220354330,0,0,1
116.220355920,0,0,0
116.238556470,1,0,0
116.245562720,0,0,0
116.245842650,0,1,0
116.245844580,0,1,1
116.245857900,0,0,1
116.245859750,0,0,0
116.263933570,1,0,0
116.270938730,0,0,0
116.271221790,0,1,0
116.271237040,0,0,0
116.271288530,0,0,1
116.271303780,0,0,0
116.289790790,1,0,0
116.296796770,0,0,0
116.297076460,0,0,1
116.297080300,0,1,1
116.297091690,0,1,0
116.297095530,0,0,0
116.313830120,1,0,0
116.320836210,0,0,0
116.321117310,0,0,1
116.321118730,0,1,1
116.321132580,0,1,0
116.321133930,0,0,0
116.338759400,1,0,0
116.345765210,0,0,0
116.346045970,0,1,0
116.346061150,0,0,0
116.346088490,0,0,1
116.346103590,0,0,0
116.363397070,1,0,0
116.370403320,0,0,0
116.370685480,0,1,0
116.370686590,0,1,1
116.370700640,0,0,1
116.370701880,0,0,0
116.389069340,1,0,0
116.396075210,0,0,0
116.396355060,0,0,1
116.396358840,0,1,1
116.396370260,0,1,0
116.396374090,0,0,0
116.412814590,1,0,0
116.419820550,0,0,0
116.420102250,0,1,0
116.420103550,0,1,1
116.420117400,0,0,1
116.420118800,0,0,0
116.436655550,1,0,0
116.443661420,0,0,0
116.443940560,0,1,0
116.443942000,0,1,1
116.443955780,0,0,1
116.443957250,0,0,0
116.460435050,1,0,0
116.467441030,0,0,0
116.467720200,0,0,1
116.467724010,0,1,1
116.467735430,0,1,0
116.467739270,0,0,0
116.486138330,1,0,0
116.493144310,0,0,0
116.493423050,0,0,1
116.493427290,0,1,1
116.493438270,0,1,0
116.493442430,0,0,0
116.511392990,1,0,0
116.518398780,0,0,0
116.518679820,0,1,0
116.518682330,0,1,1
116.518695020,0,0,1
116.518697660,0,0,0
116.535724380,1,0,0
116.542730340,0,0,0
116.543009700,0,0,1
116.543014020,0,1,1
116.543024880,0,1,0
116.543029200,0,0,0
116.561386020,1,0,0
116.568392290,0,0,0
116.568671150,0,1,0
116.568674020,0,1,1
116.568686400,0,0,1
116.568689290,0,0,0
116.585482610,1,0,0
116.592488480,0,0,0
116.592770830,0,1,0
116.592772310,0,1,1
116.592786040,0,0,1
116.592787510,0,0,0
116.609164860,1,0,0
116.616171090,0,0,0
116.616449990,0,0,1
116.616454260,0,1,1
116.616465150,0,1,0
116.616469420,0,0,0
116.635051060,1,0,0
116.642056770,0,0,0
116.642333250,0,1,0
116.642339310,0,1,1
116.642348390,0,0,1
116.642354580,0,0,0
116.660684360,1,0,0
116.667690240,0,0,0
116.667970050,0,1,0
116.667973040,0,1,1
116.667985260,0,0,1
116.667988220,0,0,0
116.686419380,1,0,0
116.693424900,0,0,0
116.693706150,0,0,1
116.693709270,0,1,1
116.693721420,0,1,0
116.693724520,0,0,0
116.712178450,1,0,0
116.719186890,0,0,0
116.719463670,0,0,1
116.719467740,0,1,1
116.719478870,0,1,0
116.719482860,0,0,0
116.738319380,1,0,0
116.745325590,0,0,0
116.745605350,0,1,0
116.745608100,0,1,1
116.745620580,0,0,1
116.745623300,0,0,0
116.763533700,1,0,0
116.770540020,0,0,0
116.770818630,0,1,0
116.770820630,0,1,1
116.770833820,0,0,1
116.770835820,0,0,0
116.789267170,1,0,0
116.796270010,0,0,0
116.796551890,0,1,0
116.796555060,0,1,1
116.796567080,0,0,1
116.796570250,0,0,0
116.814947170,1,0,0
116.821948390,0,0,0
116.822233260,0,0,1
116.822235470,0,1,1
116.822248510,0,1,0
116.822250650,0,0,0
116.838543480,1,0,0
116.845549410,0,0,0
116.845816540,0,1,0
116.845831750,0,0,1
116.845847040,0,0,0
116.862833500,1,0,0
116.869839560,0,0,0
116.870117750,0,0,1
116.870122300,0,1,1
116.870132910,0,1,0
116.870137630,0,0,0
116.888732930,1,0,0
116.895737580,0,0,0
116.896018570,0,0,1
116.896021440,0,1,1
116.896033720,0,1,0
116.896036680,0,0,0
116.912403740,1,0,0
116.919410010,0,0,0
116.919687390,0,1,0
116.919691130,0,1,1
116.919702630,0,0,1
116.919706230,0,0,0
116.938289760,1,0,0
116.945295780,0,0,0
116.945575430,0,0,1
116.945578380,0,1,1
116.945590530,0,1,0
116.945593580,0,0,0
116.963244720,1,0,0
116.970249040,0,0,0
116.970531530,0,1,0
116.970533280,0,1,1
116.970546820,0,0,1
116.970548380,0,0,0
116.988691760,1,0,0
116.995697550,0,0,0
116.995976150,0,0,1
116.995980020,0,1,1
116.995991350,0,1,0
116.995995330,0,0,0
117.012718900,1,0,0
117.019716010,0,0,0
117.020005890,0,0,1
117.020008290,0,1,1
117.020021030,0,1,0
117.020023490,0,0,0
117.038569130,1,0,0
117.045575250,0,0,0
117.045855860,0,1,0
117.045871040,0,0,0
117.045872380,0,0,1
117.045887610,0,0,0
117.064265160,1,0,0
117.071269490,0,0,0
117.071551690,0,0,1
117.071555200,0,1,1
117.071566850,0,1,0
117.071570450,0,0,0
117.088654040,1,0,0
117.095660270,0,0,0
117.095941100,0,0,1
117.095942460,0,1,1
117.095956280,0,1,0
117.095957670,0,0,0
117.112814460,1,0,0
117.119822730,0,0,0
117.120101700,0,1,0
117.120104570,0,1,1
117.120116850,0,0,1
117.120119710,0,0,0
117.138519030,1,0,0
117.145524990,0,0,0
117.145805420,0,1,0
117.145807870,0,1,1
117.145820590,0,0,1
117.145823080,0,0,0
117.163726100,1,0,0
117.170728980,0,0,0
117.171011510,0,0,1
117.171013830,0,1,1
117.171026740,0,1,0
117.171028950,0,0,0
117.189104220,1,0,0
117.196112930,0,0,0
117.196392190,0,1,0
117.196394820,0,1,1
117.196407420,0,0,1
117.196410080,0,0,0
117.214440730,1,0,0
117.221446420,0,0,0
117.221728350,0,0,1
117.221730540,0,1,1
117.221743490,0,1,0
117.221745700,0,0,0
117.238794750,1,0,0
117.245800270,0,0,0
117.246081650,0,0,1
117.246083010,0,1,1
117.246096840,0,1,0
117.246098230,0,0,0
117.263823260,1,0,0
117.270819800,0,0,0
117.271110040,0,0,1
117.271111120,0,1,1
117.271125310,0,1,0
117.271126240,0,0,0
117.287725910,1,0,0
117.294731870,0,0,0
117.295013680,0,0,1
117.295015660,0,1,1
117.295028950,0,1,0
117.295030800,0,0,0
117.313507800,1,0,0
117.320512070,0,0,0
117.320794000,0,1,0
117.320796940,0,1,1
117.320809160,0,0,1
117.320812130,0,0,0
117.337832240,1,0,0
117.344838030,0,0,0
117.345109560,0,0,1
117.345121490,0,1,1
117.345124770,0,1,0
117.345136610,0,0,0
117.363405830,1,0,0
117.370411750,0,0,0
117.370693820,0,0,1
117.370695850,0,1,1
117.370709070,0,1,0
117.370711000,0,0,0
117.387565790,1,0,0
117.394571750,0,0,0
117.394851000,0,0,1
117.394854350,0,1,1
117.394866080,0,1,0
117.394869590,0,0,0
117.413294830,1,0,0
117.420362790,0,0,0
117.420578200,0,0,1
117.420582770,0,1,1
117.420593410,0,1,0
117.420597920,0,0,0
117.438922510,1,0,0
117.445928170,0,0,0
117.446207880,0,0,1
117.446211010,0,1,1
117.446222970,0,1,0
117.446226280,0,0,0
117.463517820,1,0,0
117.470523780,0,0,0
117.470804460,0,1,0
117.470806210,0,1,1
117.470819540,0,0,1
117.470821420,0,0,0
117.488943360,1,0,0
117.495946420,0,0,0
117.496231060,0,0,1
117.496232660,0,1,1
117.496246220,0,1,0
117.496247860,0,0,0
117.514734810,1,0,0
117.521740780,0,0,0
117.522020270,0,1,0
117.522022090,0,1,1
117.522035540,0,0,1
117.522037230,0,0,0
117.540398480,1,0,0
117.547404670,0,0,0
117.547684510,0,1,0
117.547687850,0,1,1
117.547699900,0,0,1
117.547703100,0,0,0
117.565708950,1,0,0
117.572715330,0,0,0
117.572995280,0,0,1
117.572997810,0,1,1
117.573010320,0,1,0
117.573013020,0,0,0
117.591657740,1,0,0
117.598661970,0,0,0
117.598942130,0,0,1
117.598946380,0,1,1
117.598957360,0,1,0
117.598961490,0,0,0
117.615182170,1,0,0
117.622188090,0,0,0
117.622465750,0,0,1
117.622469540,0,1,1
117.622480850,0,1,0
117.622484790,0,0,0
117.641106850,1,0,0
117.648113080,0,0,0
117.648392910,0,1,0
117.648395740,0,1,1
117.648408090,0,0,1
117.648410930,0,0,0
117.664864980,1,0,0
117.671871060,0,0,0
117.672149920,0,0,1
117.672151560,0,1,1
117.672165190,0,1,0
117.672166810,0,0,0
117.688640480,1,0,0
117.695646500,0,0,0
117.695927140,0,0,1
117.695929950,0,1,1
117.695942430,0,1,0
117.695945120,0,0,0
117.712311130,1,0,0
117.719317170,0,0,0
117.719596860,0,0,1
117.719597070,0,1,1
117.719612130,0,1,0
117.719612400,0,0,0
117.736281250,1,0,0
117.743287270,0,0,0
117.743570250,0,0,1
117.743585370,0,0,0
117.743628910,0,1,0
117.743644200,0,0,0
117.762172600,1,0,0
117.769178560,0,0,0
117.769458800,0,0,1
117.769460170,0,1,1
117.769473990,0,1,0
117.769475420,0,0,0
117.787635210,1,0,0
117.794641250,0,0,0
117.794921280,0,0,1
117.794923350,0,1,1
117.794936460,0,1,0
117.794938580,0,0,0
117.813508410,1,0,0
117.820514430,0,0,0
117.820794240,0,1,0
117.820794410,0,1,1
117.820809400,0,0,1
117.820809600,0,0,0
117.839251680,1,0,0
117.846257880,0,0,0
117.846538990,0,0,1
117.846540120,0,1,1
117.846554200,0,1,0
117.846555310,0,0,0
117.862971720,1,0,0
117.869978180,0,0,0
117.870256070,0,1,0
117.870261170,0,1,1
117.870271280,0,0,1
117.870276370,0,0,0
117.888729830,1,0,0
117.895735520,0,0,0
117.896015950,0,0,1
117.896017080,0,1,1
117.896031080,0,1,0
117.896032260,0,0,0
117.912534230,1,0,0
117.919542790,0,0,0
117.919818010,0,0,1
117.919820340,0,1,1
117.919833150,0,1,0
117.919835550,0,0,0
117.936278380,1,0,0
117.943283130,0,0,0
117.943563900,0,1,0
117.943567690,0,1,1
117.943578980,0,0,1
117.943582850,0,0,0
117.962110450,1,0,0
117.969116490,0,0,0
117.969396070,0,0,1
117.969396140,0,1,1
117.969411280,0,1,0
117.969411400,0,0,0
117.987838360,1,0,0
117.994844320,0,0,0
117.995124840,0,0,1
117.995125690,0,1,1
117.995139900,0,1,0
117.995140910,0,0,0
118.013687350,1,0,0
118.020695980,0,0,0
118.020972160,0,0,1
118.020973820,0,1,1
118.020987270,0,1,0
118.020989110,0,0,0
118.039404800,1,0,0
118.046413260,0,0,0
118.046689990,0,0,1
118.046692140,0,1,1
118.046705090,0,1,0
118.046707330,0,0,0
118.065028020,1,0,0
118.072032810,0,0,0
118.072314630,0,1,0
118.072314880,0,1,1
118.072329840,0,0,1
118.072330080,0,0,0
118.090943830,1,0,0
118.097952390,0,0,0
118.098210750,0,0,1
118.098225990,0,0,0
118.098229000,0,1,0
118.098244250,0,0,0
118.116616090,1,0,0
118.123622440,0,0,0
118.123902630,0,1,0
118.123905840,0,1,1
118.123917800,0,0,1
118.123921130,0,0,0
118.141286530,1,0,0
118.148292490,0,0,0
118.148574210,0,0,1
118.148574910,0,1,1
118.148589390,0,1,0
118.148590160,0,0,0
118.166088480,1,0,0
118.173094140,0,0,0
118.173374200,0,1,0
118.173375950,0,1,1
118.173389440,0,0,1
118.173391120,0,0,0
118.191817990,1,0,0
118.198823050,0,0,0
118.199106350,0,1,0
118.199107030,0,1,1
118.199121560,0,0,1
118.199122270,0,0,0
118.216295720,1,0,0
118.223301560,0,0,0
118.223581110,0,1,0
118.223582940,0,1,1
118.223596280,0,0,1
118.223598120,0,0,0
118.239945220,1,0,0
118.246951040,0,0,0
118.247232700,0,0,1
118.247234370,0,1,1
118.247247880,0,1,0
118.247249600,0,0,0
118.265317960,1,0,0
118.272322360,0,0,0
118.272606360,0,0,1
118.272621580,0,0,0
118.272673530,0,1,0
118.272688670,0,0,0
118.290445220,1,0,0
118.297451290,0,0,0
118.297729790,0,1,0
118.297730700,0,1,1
118.297745000,0,0,1
118.297745930,0,0,0
118.315689210,1,0,0
118.322695380,0,0,0
118.322974610,0,1,0
118.322978260,0,1,1
118.322989820,0,0,1
118.322993420,0,0,0
118.341547270,1,0,0
118.348550060,0,0,0
118.348832500,0,0,1
118.348832920,0,1,1
118.348847640,0,1,0
118.348848100,0,0,0
118.367243780,1,0,0
118.374246740,0,0,0
118.374530240,0,1,0
118.374531010,0,1,1
118.374545400,0,0,1
118.374546200,0,0,0
118.392585960,1,0,0
118.399589960,0,0,0
118.399874510,0,0,1
118.399874810,0,1,1
118.399889710,0,1,0
118.399889980,0,0,0
118.417965430,1,0,0
118.425032880,0,0,0
118.425251460,0,0,1
118.425252220,0,1,1
118.425266620,0,1,0
118.425267470,0,0,0
118.441722340,1,0,0
118.448728570,0,0,0
118.449010430,0,0,1
118.449025590,0,0,0
118.449061000,0,1,0
118.449076140,0,0,0
118.467533170,1,0,0
118.474539230,0,0,0
118.474818840,0,1,0
118.474819790,0,1,1
118.474834070,0,0,1
118.474835020,0,0,0
118.493301540,1,0,0
118.500305970,0,0,0
118.500586970,0,0,1
118.500588120,0,1,1
118.500602180,0,1,0
118.500603310,0,0,0
118.519134590,1,0,0
118.526140720,0,0,0
118.526421570,0,1,1
118.526436730,0,1,0
118.526436900,0,0,0
118.544081810,1,0,0
118.551087870,0,0,0
118.551369210,0,0,1
118.551369960,0,1,1
118.551384370,0,1,0
118.551385160,0,0,0
118.568575790,1,0,0
118.575581790,0,0,0
118.575863380,0,1,0
118.575863430,0,1,1
118.575878590,0,0,1
118.575878680,0,0,0
118.594151120,1,0,0
118.601157320,0,0,0
118.601435810,0,1,0
118.601437070,0,1,1
118.601450980,0,0,1
118.601452290,0,0,0
118.619808190,1,0,0
118.626813380,0,0,0
118.627052580,0,0,1
118.627067790,0,0,0
118.627095300,0,1,0
118.627110440,0,0,0
118.645564680,1,0,0
118.652570750,0,0,0
118.652852530,0,0,1
118.652853440,0,1,1
118.652867550,0,1,0
118.652868600,0,0,0
118.669784850,1,0,0
118.676790670,0,0,0
118.677070880,0,1,0
118.677072380,0,1,1
118.677086070,0,0,1
118.677087620,0,0,0
118.693637790,1,0,0
118.700642710,0,0,0
118.700924660,0,0,1
118.700925310,0,1,1
118.700939930,0,1,0
118.700940460,0,0,0
118.717566540,1,0,0
118.724572310,0,0,0
118.724853090,0,0,1
118.724853700,0,1,1
118.724868250,0,1,0
118.724868930,0,0,0
118.743399490,1,0,0
118.750407790,0,0,0
118.750686170,0,1,0
118.750686600,0,1,1
118.750701420,0,0,1
118.750701680,0,0,0
118.769264150,1,0,0
118.776270030,0,0,0
118.776550430,0,1,0
118.776565700,0,0,0
118.776616390,0,0,1
118.776631590,0,0,0
118.794963670,1,0,0
118.801969850,0,0,0
118.802247980,0,1,0
118.802249360,0,1,1
118.802263190,0,0,1
118.802264520,0,0,0
118.820272760,1,0,0
118.827278840,0,0,0
118.827556410,0,0,1
118.827562200,0,1,1
118.827571640,0,1,0
118.827577360,0,0,0
118.845974960,1,0,0
118.852981100,0,0,0
118.853260580,0,1,0
118.853261220,0,1,1
118.853275710,0,0,1
118.853276460,0,0,0
118.871029970,1,0,0
118.878035840,0,0,0
118.878318280,0,1,0
118.878319500,0,1,1
118.878333510,0,0,1
118.878334660,0,0,0
118.896105160,1,0,0
118.903111080,0,0,0
118.903377980,0,1,0
118.903392180,0,1,1
118.903393270,0,0,1
118.903407360,0,0,0
118.921943590,1,0,0
118.928948170,0,0,0
118.929230050,0,0,1
118.929230800,0,1,1
118.929245170,0,1,0
118.929245990,0,0,0
118.946408300,1,0,0
118.953413860,0,0,0
118.953691750,0,1,0
118.953694830,0,1,1
118.953707020,0,0,1
118.953710010,0,0,0
118.972198340,1,0,0
118.979204290,0,0,0
118.979486720,0,1,0
118.979501990,0,0,0
118.979552590,0,0,1
118.979567780,0,0,0
118.997672850,1,0,0
119.004678970,0,0,0
119.004954600,0,1,0
119.004961770,0,1,1
119.004969750,0,0,1
119.004976960,0,0,0
119.023593780,1,0,0
119.030599820,0,0,0
119.030876880,0,1,0
119.030879140,0,1,1
119.030892110,0,0,1
119.030894370,0,0,0
119.048617810,1,0,0
119.055624240,0,0,0
119.055902710,0,1,0
119.055903570,0,1,1
119.055917850,0,0,1
119.055918730,0,0,0
119.074403210,1,0,0
119.081409480,0,0,0
119.081689600,0,0,1
119.081690260,0,1,1
119.081704700,0,1,0
119.081705500,0,0,0
119.100412600,1,0,0
119.107418750,0,0,0
119.107698640,0,1,0
119.107713810,0,0,0
119.107765910,0,0,1
119.107781050,0,0,0
119.126109410,1,0,0
119.133114180,0,0,0
119.133396420,0,0,1
119.133398010,0,1,1
119.133411520,0,1,0
119.133413210,0,0,0
119.151494790,1,0,0
119.158500690,0,0,0
119.158779750,0,0,1
119.158781240,0,1,1
119.158794950,0,1,0
119.158796470,0,0,0
119.177198030,1,0,0
119.184201180,0,0,0
119.184482280,0,1,0
119.184484280,0,1,1
119.184497480,0,0,1
119.184499550,0,0,0
119.201737770,1,0,0
119.208743750,0,0,0
119.209021710,0,0,1
119.209022120,0,1,1
119.209036870,0,1,0
119.209037390,0,0,0
119.227016780,1,0,0
119.234022990,0,0,0
119.234301660,0,0,1
119.234306340,0,1,1
119.234316870,0,1,0
119.234321690,0,0,0
119.252528210,1,0,0
119.259534430,0,0,0
119.259814870,0,1,0
119.259816070,0,1,1
119.259829990,0,0,1
119.259831270,0,0,0
119.278296130,1,0,0
119.285360180,0,0,0
119.285582300,0,1,0
119.285584390,0,1,1
119.285597480,0,0,1
119.285599680,0,0,0
119.302538330,1,0,0
119.309546930,0,0,0
119.309826600,0,1,0
119.309827970,0,1,1
119.309841870,0,0,1
119.309843220,0,0,0
119.328336650,1,0,0
119.335341110,0,0,0
119.335623860,0,1,0
119.335625440,0,1,1
119.335639090,0,0,1
119.335640670,0,0,0
119.354173500,1,0,0
119.361178000,0,0,0
119.361457240,0,0,1
119.361460850,0,1,1
119.361472450,0,1,0
119.361476030,0,0,0
119.379823300,1,0,0
119.386890660,0,0,0
119.387111750,0,1,0
119.387112220,0,1,1
119.387126960,0,0,1
119.387127440,0,0,0
119.405553460,1,0,0
119.412558400,0,0,0
119.412840140,0,1,0
119.412841710,0,1,1
119.412855410,0,0,1
119.412856960,0,0,0
119.429435400,1,0,0
119.436441540,0,0,0
119.436722270,0,1,0
119.436724850,0,1,1
119.436737460,0,0,1
119.436740030,0,0,0
119.453180480,1,0,0
119.460185440,0,0,0
119.460464120,0,1,0
119.460467590,0,1,1
119.460479390,0,0,1
119.460482770,0,0,0
119.478396240,1,0,0
119.485401950,0,0,0
119.485680870,0,0,1
119.485685400,0,1,1
119.485696080,0,1,0
119.485700480,0,0,0
119.502718540,1,0,0
119.509785370,0,0,0
119.510002750,0,1,0
119.510005300,0,1,1
119.510018080,0,0,1
119.510020510,0,0,0
119.528609550,1,0,0
119.535615550,0,0,0
119.535896190,0,1,0
119.535897830,0,1,1
119.535911340,0,0,1
119.535912980,0,0,0
119.554300980,1,0,0
119.561306980,0,0,0
119.561586370,0,0,1
119.561590330,0,1,1
119.561601550,0,1,0
119.561605510,0,0,0
119.581948800,1,0,0
119.588954960,0,0,0
119.589235710,0,0,1
119.589238690,0,1,1
119.589250920,0,1,0
119.589253920,0,0,0
119.607097830,1,0,0
119.614104050,0,0,0
119.614381560,0,0,1
119.614385850,0,1,1
119.614396680,0,1,0
119.614401050,0,0,0
119.633066360,1,0,0
119.640074920,0,0,0
119.640350050,0,0,1
119.640355580,0,1,1
119.640365200,0,1,0
119.640370810,0,0,0
119.658575000,1,0,0
119.665581270,0,0,0
119.665860840,0,0,1
119.665863110,0,1,1
119.665876020,0,1,0
119.665878320,0,0,0
119.683968670,1,0,0
119.690972780,0,0,0
119.691251700,0,0,1
119.691256440,0,1,1
119.691266930,0,1,0
119.691271660,0,0,0
119.709827000,1,0,0
119.716833210,0,0,0
119.717112840,0,0,1
119.717115700,0,1,1
119.717127920,0,1,0
119.717130920,0,0,0
119.735547780,1,0,0
119.742551030,0,0,0
119.742833230,0,1,0
119.742835400,0,1,1
119.742848370,0,0,1
119.742850500,0,0,0
119.761466670,1,0,0
119.768472710,0,0,0
119.768752440,0,1,0
119.768753700,0,1,1
119.768767630,0,0,1
119.768768840,0,0,0
119.787104540,1,0,0
119.794108850,0,0,0
119.794390060,0,1,0
119.794393150,0,1,1
119.794405220,0,0,1
119.794408400,0,0,0
119.812123250,1,0,0
119.819129610,0,0,0
119.819408190,0,1,0
119.819411520,0,1,1
119.819423380,0,0,1
119.819426660,0,0,0
119.838075310,1,0,0
119.845079500,0,0,0
119.845362470,0,1,0
119.845364930,0,1,1
119.845377680,0,0,1
119.845380220,0,0,0
119.862745250,1,0,0
119.869750130,0,0,0
119.870031070,0,1,0
119.870032460,0,1,1
119.870046310,0,0,1
119.870047670,0,0,0
119.888446310,1,0,0
119.895454350,0,0,0
119.895731740,0,0,1
119.895734450,0,1,1
119.895746950,0,1,0
119.895749740,0,0,0
119.912573330,1,0,0
119.919579350,0,0,0
119.919860110,0,0,1
119.919861940,0,1,1
119.919875300,0,1,0
119.919877090,0,0,0
119.936268410,1,0,0
119.943274850,0,0,0
119.943553730,0,1,0
119.943557350,0,1,1
119.943569040,0,0,1
119.943572470,0,0,0
119.961749820,1,0,0
119.968755650,0,0,0
119.969033740,0,1,0
119.969035800,0,1,1
119.969048840,0,0,1
119.969050990,0,0,0
119.987430170,1,0,0
119.994436060,0,0,0
119.994718080,0,1,0
119.994720650,0,1,1
119.994733270,0,0,1
119.994735670,0,0,0
120.013289220,1,0,0
120.020294930,0,0,0
120.020575320,0,1,0
120.020577620,0,1,1
120.020590520,0,0,1
120.020592780,0,0,0
120.038978630,1,0,0
120.045984670,0,0,0
120.046264740,0,1,0
120.046267320,0,1,1
120.046279970,0,0,1
120.046282500,0,0,0
120.063974180,1,0,0
120.070957780,0,0,0
120.071259580,0,0,1
120.071262300,0,1,1
120.071274830,0,1,0
120.071277500,0,0,0
120.088968650,1,0,0
120.095973020,0,0,0
120.096254240,0,0,1
120.096256490,0,1,1
120.096269470,0,1,0
120.096271740,0,0,0
120.113737170,1,0,0
120.120743470,0,0,0
120.121023610,0,1,0
120.121027770,0,1,1
120.121038830,0,0,1
120.121042980,0,0,0
120.138639310,1,0,0
120.145645310,0,0,0
120.145924950,0,0,1
120.145928310,0,1,1
120.145940100,0,1,0
120.145943510,0,0,0
120.164409510,1,0,0
120.171414150,0,0,0
120.171695770,0,1,0
120.171699470,0,1,1
120.171711040,0,0,1
120.171714630,0,0,0
120.189630290,1,0,0
120.196636100,0,0,0
120.196917100,0,0,1
120.196917640,0,1,1
120.196932290,0,1,0
120.196932740,0,0,0
120.214862190,1,0,0
120.221868480,0,0,0
120.222148480,0,1,0
120.222151340,0,1,1
120.222163540,0,0,1
120.222166550,0,0,0
120.239868760,1,0,0
120.246874550,0,0,0
120.247153670,0,0,1
120.247156760,0,1,1
120.247168980,0,1,0
120.247172030,0,0,0
120.263720370,1,0,0
120.270726410,0,0,0
120.271008180,0,0,1
120.271010280,0,1,1
120.271023350,0,1,0
120.271025420,0,0,0
120.289482150,1,0,0
120.296488030,0,0,0
120.296768560,0,1,0
120.296770650,0,1,1
120.296783720,0,0,1
120.296785800,0,0,0
120.314658600,1,0,0
120.321664450,0,0,0
120.321943710,0,0,1
120.321946040,0,1,1
120.321958850,0,1,0
120.321961210,0,0,0
120.338793480,1,0,0
120.345799410,0,0,0
120.346078450,0,0,1
120.346080450,0,1,1
120.346093650,0,1,0
120.346095760,0,0,0
120.364603260,1,0,0
120.371609390,0,0,0
120.371888800,0,1,0
120.371891040,0,1,1
120.371904020,0,0,1
120.371906250,0,0,0
120.390395460,1,0,0
120.397401000,0,0,0
120.397682140,0,1,0
120.397685140,0,1,1
120.397697360,0,0,1
120.397700350,0,0,0
120.416097490,1,0,0
120.423103640,0,0,0
120.423383150,0,1,0
120.423383740,0,1,1
120.423398420,0,0,1
120.423399000,0,0,0
120.441995240,1,0,0
120.449003880,0,0,0
120.449279750,0,0,1
120.449281470,0,1,1
120.449295000,0,1,0
120.449296740,0,0,0
120.467620600,1,0,0
120.474625250,0,0,0
120.474906480,0,1,0
120.474909640,0,1,1
120.474921700,0,0,1
120.474924930,0,0,0
120.493430780,1,0,0
120.500436780,0,0,0
120.500719040,0,0,1
120.500719760,0,1,1
120.500734230,0,1,0
120.500735070,0,0,0
120.519132070,1,0,0
120.526138000,0,0,0
120.526416560,0,0,1
120.526418330,0,1,1
120.526431850,0,1,0
120.526433580,0,0,0
120.544866270,1,0,0
120.551924250,0,0,0
120.552151320,0,1,0
120.552156030,0,1,1
120.552166570,0,0,1
120.552171280,0,0,0
120.570749590,1,0,0
120.577755760,0,0,0
120.578035810,0,1,0
120.578038500,0,1,1
120.578050950,0,0,1
120.578053710,0,0,0
120.596413830,1,0,0
120.603420130,0,0,0
120.603699130,0,1,0
120.603702680,0,1,1
120.603714310,0,0,1
120.603717860,0,0,0
120.621093260,1,0,0
120.628099420,0,0,0
120.628381150,0,0,1
120.628381790,0,1,1
120.628396210,0,1,0
120.628396930,0,0,0
120.646052870,1,0,0
120.653058700,0,0,0
120.653339580,0,0,1
120.653340110,0,1,1
120.653354680,0,1,0
120.653355250,0,0,0
120.671753990,1,0,0
120.678758480,0,0,0
120.679039310,0,1,0
120.679043150,0,1,1
120.679054470,0,0,1
120.679058360,0,0,0
120.697508100,1,0,0
120.704514060,0,0,0
120.704797690,0,1,0
120.704812900,0,0,0
120.704862440,0,0,1
120.704877600,0,0,0
120.723329700,1,0,0
120.730335740,0,0,0
120.730614930,0,1,0
120.730618580,0,1,1
120.730630180,0,0,1
120.730633820,0,0,0
120.746957410,1,0,0
120.753966340,0,0,0
120.754240940,0,0,1
120.754243610,0,1,1
120.754256150,0,1,0
120.754258900,0,0,0
120.773084570,1,0,0
120.780090300,0,0,0
120.780371870,0,0,1
120.780372990,0,1,1
120.780387060,0,1,0
120.780388090,0,0,0
120.798410100,1,0,0
120.805414810,0,0,0
120.805695400,0,1,0
120.805699340,0,1,1
120.805710520,0,0,1
120.805714530,0,0,0
120.824127300,1,0,0
120.831131780,0,0,0
120.831412220,0,1,0
120.831413670,0,1,1
120.831427430,0,0,1
120.831428830,0,0,0
120.849951460,1,0,0
120.856957460,0,0,0
120.857236310,0,0,1
120.857238060,0,1,1
120.857251450,0,1,0
120.857253230,0,0,0
120.875795430,1,0,0
120.882801320,0,0,0
120.883079630,0,0,1
120.883080240,0,1,1
120.883094960,0,1,0
120.883095470,0,0,0
120.900830460,1,0,0
120.907836500,0,0,0
120.908118930,0,0,1
120.908119890,0,1,1
120.908134120,0,1,0
120.908135020,0,0,0
120.926631890,1,0,0
120.933637680,0,0,0
120.933916360,0,0,1
120.933918470,0,1,1
120.933931630,0,1,0
120.933933630,0,0,0
120.952408800,1,0,0
120.959414630,0,0,0
120.959694650,0,0,1
120.959696620,0,1,1
120.959709810,0,1,0
120.959711830,0,0,0
120.978014890,1,0,0
120.985020970,0,0,0
120.985302510,0,1,0
120.985304080,0,1,1
120.985317730,0,0,1
120.985319320,0,0,0
121.002877960,1,0,0
121.009884150,0,0,0
121.010166740,0,0,1
121.010168310,0,1,1
121.010181900,0,1,0
121.010183600,0,0,0
121.028652290,1,0,0
121.035658490,0,0,0
121.035939230,0,1,0
121.035954420,0,0,0
121.036005160,0,0,1
121.036020390,0,0,0
121.054459650,1,0,0
121.061465710,0,0,0
121.061744200,0,1,0
121.061749550,0,1,1
121.061759390,0,0,1
121.061764780,0,0,0
121.080028600,1,0,0
121.087031690,0,0,0
121.087312690,0,1,0
121.087317110,0,1,1
121.087327790,0,0,1
121.087332270,0,0,0
121.104923690,1,0,0
121.111926730,0,0,0
121.112211220,0,0,1
121.112211800,0,1,1
121.112226510,0,1,0
121.112226860,0,0,0
121.131005310,1,0,0
121.138011310,0,0,0
121.138294310,0,1,0
121.138294780,0,1,1
121.138309500,0,0,1
121.138309960,0,0,0
121.156380300,1,0,0
121.163383530,0,0,0
121.163665770,0,0,1
121.163668490,0,1,1
121.163680950,0,1,0
121.163683720,0,0,0
121.180216490,1,0,0
121.187219910,0,0,0
121.187501890,0,0,1
121.187507190,0,1,1
121.187517070,0,1,0
121.187522370,0,0,0
121.205276160,1,0,0
121.212282390,0,0,0
121.212564470,0,1,0
121.212565040,0,1,1
121.212579680,0,0,1
121.212580350,0,0,0
121.230947430,1,0,0
121.237953220,0,0,0
121.238233600,0,0,1
121.238233750,0,1,1
121.238248890,0,0,0
121.256155640,1,0,0
121.263160120,0,0,0
121.263440630,0,0,1
121.263441990,0,1,1
121.263455920,0,1,0
121.263457130,0,0,0
121.281915660,1,0,0
121.288924220,0,0,0
121.289203170,0,1,0
121.289204560,0,1,1
121.289218430,0,0,1
121.289219660,0,0,0
121.307802960,1,0,0
121.314808750,0,0,0
121.315086620,0,0,1
121.315088930,0,1,1
121.315101930,0,1,0
121.315104170,0,0,0
121.333494330,1,0,0
121.340498810,0,0,0
121.340780950,0,1,0
121.340781460,0,1,1
121.340796240,0,0,1
121.340796730,0,0,0
121.359237300,1,0,0
121.366241530,0,0,0
121.366524530,0,1,0
121.366525660,0,1,1
121.366539900,0,0,1
121.366540910,0,0,0
121.384700920,1,0,0
121.391706940,0,0,0
121.391988200,0,0,1
121.391989120,0,1,1
121.392003400,0,1,0
121.392004430,0,0,0
121.409760590,1,0,0
121.416766340,0,0,0
121.417046170,0,1,0
121.417046750,0,1,1
121.417061340,0,0,1
121.417061910,0,0,0
121.435679400,1,0,0
121.442685250,0,0,0
121.442964970,0,1,0
121.442965120,0,1,1
121.442980180,0,0,1
121.442980260,0,0,0
121.461376200,1,0,0
121.468382350,0,0,0
121.468674130,0,1,0
121.468689310,0,0,0
121.468730130,0,0,1
121.468745460,0,0,0
121.487269880,1,0,0
121.494275880,0,0,0
121.494557700,0,1,0
121.494557890,0,1,1
121.494572930,0,0,1
121.494573060,0,0,0
121.512923060,1,0,0
121.519927430,0,0,0
121.520211150,0,1,0
121.520211240,0,1,1
121.520226320,0,1,0
121.520226330,0,0,0
121.538001030,1,0,0
121.545005590,0,0,0
121.545288600,0,0,1
121.545289410,0,1,1
121.545303810,0,1,0
121.545304630,0,0,0
121.563896520,1,0,0
121.570904980,0,0,0
121.571182830,0,1,0
121.571183120,0,1,1
121.571197980,0,0,1
121.571198260,0,0,0
121.589286530,1,0,0
121.596290780,0,0,0
121.596569860,0,1,0
121.596570630,0,1,1
121.596585010,0,0,1
121.596585900,0,0,0
121.614647250,1,0,0
121.621655270,0,0,0
121.621930540,0,0,1
121.621934750,0,1,1
121.621945700,0,1,0
121.621950020,0,0,0
121.639606650,1,0,0
121.646612920,0,0,0
121.646892570,0,0,1
121.646893070,0,1,1
121.646907730,0,1,0
121.646908300,0,0,0
121.663607780,1,0,0
121.670613740,0,0,0
121.670895620,0,1,0
121.670896850,0,1,1
121.670910770,0,0,1
121.670912100,0,0,0
121.688660480,1,0,0
121.695666230,0,0,0
121.695947170,0,1,0
121.695950260,0,1,1
121.695962440,0,0,1
121.695965400,0,0,0
121.713629650,1,0,0
121.720635480,0,0,0
121.720918080,0,1,0
121.720918610,0,1,1
121.720933250,0,0,1
121.720933850,0,0,0
121.737765880,1,0,0
121.744772150,0,0,0
121.745051970,0,0,1
121.745055630,0,1,1
121.745067280,0,1,0
121.745070900,0,0,0
121.761821490,1,0,0
121.768827900,0,0,0
121.769108870,0,1,0
121.769110650,0,1,1
121.769124000,0,0,1
121.769125860,0,0,0
121.786571500,1,0,0
121.793574540,0,0,0
121.793856910,0,1,0
121.793858020,0,1,1
121.793872070,0,0,1
121.793873310,0,0,0
121.811907480,1,0,0
121.818913610,0,0,0
121.819195750,0,1,0
121.819196340,0,1,1
121.819210930,0,0,1
121.819211550,0,0,0
121.837700660,1,0,0
121.844705290,0,0,0
121.844990260,0,1,0
121.844990880,0,1,1
121.845005240,0,0,1
121.845006160,0,0,0
121.862716460,1,0,0
121.869722510,0,0,0
121.870002270,0,1,0
121.870004100,0,1,1
121.870017450,0,0,1
121.870019280,0,0,0
121.887738620,1,0,0
121.894753350,0,0,0
121.895032750,0,0,1
121.895036840,0,1,1
121.895047900,0,1,0
121.895052050,0,0,0
121.912633900,1,0,0
121.919638560,0,0,0
121.919917540,0,1,0
121.919921140,0,1,1
121.919932700,0,0,1
121.919936370,0,0,0
121.937754860,1,0,0
121.944760930,0,0,0
121.945043470,0,1,0
121.945044260,0,1,1
121.945058630,0,0,1
121.945059530,0,0,0
121.963481900,1,0,0
121.970486110,0,0,0
121.970771870,0,1,0
121.970787200,0,0,0
121.970831980,0,0,1
121.970847180,0,0,0
121.989177240,1,0,0
121.996183680,0,0,0
121.996462590,0,1,0
121.996466430,0,1,1
121.996477790,0,0,1
121.996481700,0,0,0
122.014577480,1,0,0
122.021528730,0,0,0
122.021861200,0,1,0
122.021864840,0,1,1
122.021876430,0,0,1
122.021880020,0,0,0
122.040253500,1,0,0
122.047261890,0,0,0
122.047542110,0,1,0
122.047543160,0,1,1
122.047557350,0,0,1
122.047558240,0,0,0
122.063829100,1,0,0
122.070837660,0,0,0
122.071114580,0,1,0
122.071116710,0,1,1
122.071129830,0,0,1
122.071131880,0,0,0
122.089429760,1,0,0
122.096427300,0,0,0
122.096714120,0,0,1
122.096718750,0,1,1
122.096729200,0,1,0
122.096733920,0,0,0
122.114676160,1,0,0
122.121682080,0,0,0
122.121959870,0,1,0
122.121962760,0,1,1
122.121975050,0,0,1
122.121978090,0,0,0
122.140441510,1,0,0
122.147447610,0,0,0
122.147726770,0,0,1
122.147729810,0,1,1
122.147741980,0,1,0
122.147744940,0,0,0
122.164364780,1,0,0
122.171373130,0,0,0
122.171651600,0,1,0
122.171652640,0,1,1
122.171666740,0,0,1
122.171667890,0,0,0
122.190128540,1,0,0
122.197133090,0,0,0
122.197413780,0,0,1
122.197417380,0,1,1
122.197429040,0,1,0
122.197432620,0,0,0
122.214499360,1,0,0
122.221503840,0,0,0
122.221784930,0,1,0
122.221800220,0,0,0
122.221852180,0,0,1
122.221867290,0,0,0
122.240106270,1,0,0
122.247111120,0,0,0
122.247394210,0,1,0
122.247394950,0,1,1
122.247409390,0,0,1
122.247410240,0,0,0
122.265520490,1,0,0
122.272586240,0,0,0
122.272806470,0,1,0
122.272808230,0,1,1
122.272821650,0,0,1
122.272823370,0,0,0
122.291402900,1,0,0
122.298408940,0,0,0
122.298691000,0,1,0
122.298692410,0,1,1
122.298706270,0,0,1
122.298707700,0,0,0
122.316970350,1,0,0
122.323976160,0,0,0
122.324259490,0,1,0
122.324260020,0,1,1
122.324274750,0,0,1
122.324275210,0,0,0
122.342681840,1,0,0
122.349685070,0,0,0
122.349966390,0,1,0
122.349981620,0,0,0
122.350032580,0,0,1
122.350047780,0,0,0
122.366511960,1,0,0
122.373517340,0,0,0
122.373797070,0,0,1
122.373800220,0,1,1
122.373812320,0,1,0
122.373815460,0,0,0
122.392268640,1,0,0
122.399272750,0,0,0
122.399554700,0,1,0
122.399555190,0,1,1
122.399569830,0,0,1
122.399570350,0,0,0
122.417896010,1,0,0
122.424901260,0,0,0
122.425184760,0,0,1
122.425199900,0,0,0
122.425247610,0,1,0
122.425262860,0,0,0
122.443534980,1,0,0
122.450602350,0,0,0
122.450883060,0,0,1
122.450885350,0,1,1
122.450898290,0,1,0
122.450900550,0,0,0
122.469270240,1,0,0
122.476276320,0,0,0
122.476556390,0,0,1
122.476559650,0,1,1
122.476571550,0,1,0
122.476574850,0,0,0
122.494959590,1,0,0
122.501965900,0,0,0
122.502244990,0,0,1
122.502248160,0,1,1
122.502260230,0,1,0
122.502263340,0,0,0
122.518964710,1,0,0
122.525970920,0,0,0
122.526250710,0,1,0
122.526265960,0,0,0
122.526318640,0,0,1
122.526333790,0,0,0
122.542627740,1,0,0
122.549633630,0,0,0
122.549914890,0,1,0
122.549916820,0,1,1
122.549930070,0,0,1
122.549931990,0,0,0
122.568484100,1,0,0
122.575490100,0,0,0
122.575770060,0,0,1
122.575773230,0,1,1
122.575785250,0,1,0
122.575788330,0,0,0
122.593901280,1,0,0
122.600906260,0,0,0
122.601137990,0,0,1
122.601153220,0,0,0
122.601186340,0,1,0
122.601201490,0,0,0
122.619503210,1,0,0
122.626509290,0,0,0
122.626790020,0,1,0
122.626791980,0,1,1
122.626805210,0,0,1
122.626807250,0,0,0
122.645390010,1,0,0
122.652394570,0,0,0
122.652678510,0,1,0
122.652680790,0,1,1
122.652693760,0,0,1
122.652696080,0,0,0
122.669490270,1,0,0
122.676496160,0,0,0
122.676776890,0,1,0
122.676778110,0,1,1
122.676792040,0,0,1
122.676793480,0,0,0
122.695438170,1,0,0
122.702444300,0,0,0
122.702705640,0,0,1
122.702720810,0,0,0
122.702724340,0,1,0
122.702739590,0,0,0
122.719824600,1,0,0
122.726883410,0,0,0
122.727110130,0,0,1
122.727112290,0,1,1
122.727125260,0,1,0
122.727127620,0,0,0
122.745548860,1,0,0
122.752554840,0,0,0
122.752836780,0,1,0
122.752839360,0,1,1
122.752852020,0,0,1
122.752854600,0,0,0
122.769265170,1,0,0
122.776271000,0,0,0
122.776543890,0,1,0
122.776552910,0,1,1
122.776559080,0,0,1
122.776568090,0,0,0
122.794867270,1,0,0
122.801871740,0,0,0
122.802153630,0,1,0
122.802156090,0,1,1
122.802168820,0,0,1
122.802171290,0,0,0
122.820702220,1,0,0
122.827708360,0,0,0
122.827989410,0,0,1
122.827991100,0,1,1
122.828004580,0,1,0
122.828006300,0,0,0
122.846422580,1,0,0
122.853427100,0,0,0
122.853708200,0,0,1
122.853709400,0,1,1
122.853723460,0,1,0
122.853724560,0,0,0
122.871125610,1,0,0
122.878131670,0,0,0
122.878411480,0,0,1
122.878413870,0,1,1
122.878426680,0,1,0
122.878429070,0,0,0
122.895189240,1,0,0
122.902195360,0,0,0
122.902474660,0,0,1
122.902477170,0,1,1
122.902489990,0,1,0
122.902492460,0,0,0
122.921271020,1,0,0
122.928277040,0,0,0
122.928557440,0,0,1
122.928560600,0,1,1
122.928572600,0,1,0
122.928575800,0,0,0
122.946288630,1,0,0
122.953291530,0,0,0
122.953578090,0,1,0
122.953593290,0,0,0
122.953642010,0,0,1
122.953657050,0,0,0
122.970014950,1,0,0
122.977020700,0,0,0
122.977302510,0,1,0
122.977304210,0,1,1
122.977317640,0,0,1
122.977319400,0,0,0
122.996006790,1,0,0
123.003011340,0,0,0
123.003293580,0,0,1
123.003294940,0,1,1
123.003308700,0,1,0
123.003310210,0,0,0
123.020611800,1,0,0
123.027620030,0,0,0
123.027892490,0,0,1
123.027898180,0,1,1
123.027907730,0,1,0
123.027913400,0,0,0
123.046377190,1,0,0
123.053381690,0,0,0
123.053663020,0,0,1
123.053666690,0,1,1
123.053678210,0,1,0
123.053681750,0,0,0
123.071403220,1,0,0
123.078407610,0,0,0
123.078688890,0,0,1
123.078690800,0,1,1
123.078704150,0,1,0
123.078706090,0,0,0
123.097130370,1,0,0
123.104136370,0,0,0
123.104416500,0,0,1
123.104419250,0,1,1
123.104431690,0,1,0
123.104434350,0,0,0
123.122506150,1,0,0
123.129510360,0,0,0
123.129791880,0,1,0
123.129795810,0,1,1
123.129806990,0,0,1
123.129875720,0,0,0
123.147566200,1,0,0
123.154571970,0,0,0
123.154854030,0,0,1
123.154856160,0,1,1
123.154869270,0,1,0
123.154871410,0,0,0
123.171713890,1,0,0
123.178718100,0,0,0
123.178999720,0,1,0
123.179001790,0,1,1
123.179014740,0,0,1
123.179016930,0,0,0
123.197460200,1,0,0
123.204466410,0,0,0
123.204715800,0,0,1
123.204731130,0,0,0
123.204746850,0,1,0
123.204762040,0,0,0
123.223276230,1,0,0
123.230282360,0,0,0
123.230563130,0,0,1
123.230566340,0,1,1
123.230578310,0,1,0
123.230581440,0,0,0
123.249074330,1,0,0
123.256080450,0,0,0
123.256359550,0,1,0
123.256363010,0,1,1
123.256374720,0,0,1
123.256378110,0,0,0
123.274482360,1,0,0
123.281488460,0,0,0
123.281767860,0,1,0
123.281770360,0,1,1
123.281783040,0,0,1
123.281785540,0,0,0
123.300167520,1,0,0
123.307175520,0,0,0
123.307454660,0,0,1
123.307456390,0,1,1
123.307469890,0,1,0
123.307471590,0,0,0
123.325921470,1,0,0
123.332924720,0,0,0
123.333208070,0,0,1
123.333208870,0,1,1
123.333223250,0,1,0
123.333224160,0,0,0
123.349946720,1,0,0
123.356951410,0,0,0
123.357233140,0,1,0
123.357233960,0,1,1
123.357248340,0,0,1
123.357249200,0,0,0
123.375643880,1,0,0
123.382646880,0,0,0
123.382928820,0,0,1
123.382931460,0,1,1
123.382944010,0,1,0
123.382946700,0,0,0
123.401415580,1,0,0
123.408421660,0,0,0
123.408703460,0,0,1
123.408710110,0,1,1
123.408718560,0,1,0
123.408725230,0,0,0
123.426765650,1,0,0
123.433771730,0,0,0
123.434051890,0,0,1
123.434053330,0,1,1
123.434067070,0,1,0
123.434068660,0,0,0
123.450593210,1,0,0
123.457599420,0,0,0
123.457880360,0,0,1
123.457880720,0,1,1
123.457895580,0,1,0
123.457895900,0,0,0
123.475675950,1,0,0
123.482681990,0,0,0
123.482963770,0,0,1
123.482964140,0,1,1
123.482978970,0,1,0
123.482979430,0,0,0
123.501441090,1,0,0
123.508446810,0,0,0
123.508727070,0,0,1
123.508727550,0,1,1
123.508742320,0,1,0
123.508742750,0,0,0
123.527133180,1,0,0
123.534137510,0,0,0
123.534419290,0,0,1
123.534421100,0,1,1
123.534434500,0,1,0
123.534436280,0,0,0
123.552836650,1,0,0
123.559842650,0,0,0
123.560123730,0,1,0
123.560123970,0,1,1
123.560138960,0,0,1
123.560139170,0,0,0
123.578117290,1,0,0
123.585123410,0,0,0
123.585403700,0,1,0
123.585406690,0,1,1
123.585418890,0,0,1
123.585421870,0,0,0
123.603811840,1,0,0
123.610814820,0,0,0
123.611096960,0,1,0
123.611100890,0,1,1
123.611112160,0,0,1
123.611116010,0,0,0
123.629630440,1,0,0
123.636636250,0,0,0
123.636915240,0,1,0
123.636917960,0,1,1
123.636930530,0,0,1
123.636933210,0,0,0
123.653796750,1,0,0
123.660802750,0,0,0
123.661082850,0,0,1
123.661083810,0,1,1
123.661098100,0,1,0
123.661099040,0,0,0
123.679490580,1,0,0
123.686496760,0,0,0
123.686775260,0,0,1
123.686777300,0,1,1
123.686790510,0,1,0
123.686792440,0,0,0
123.705276070,1,0,0
123.712281570,0,0,0
123.712563730,0,0,1
123.712565540,0,1,1
123.712578930,0,1,0
123.712580770,0,0,0
123.730764160,1,0,0
123.737770000,0,0,0
123.738047960,0,1,0
123.738053010,0,1,1
123.738063070,0,0,1
123.738068240,0,0,0
123.755948780,1,0,0
123.762954800,0,0,0
123.763234970,0,1,0
123.763235560,0,1,1
123.763250100,0,0,1
123.763250830,0,0,0
123.781770930,1,0,0
123.788776810,0,0,0
123.789058990,0,0,1
123.789060710,0,1,1
123.789074300,0,1,0
123.789075900,0,0,0
123.806441840,1,0,0
123.813447710,0,0,0
123.813724840,0,0,1
123.813726450,0,1,1
123.813739980,0,1,0
123.813741610,0,0,0
123.832112180,1,0,0
123.839117760,0,0,0
123.839395000,0,1,0
123.839402060,0,1,1
123.839410210,0,0,1
123.839417240,0,0,0
123.857880030,1,0,0
123.864947820,0,0,0
123.865164430,0,0,1
123.865165740,0,1,1
123.865179670,0,1,0
123.865181050,0,0,0
123.883604140,1,0,0
123.890610140,0,0,0
123.890893810,0,0,1
123.890894270,0,1,1
123.890909060,0,1,0
123.890909520,0,0,0
123.909025820,1,0,0
123.916034190,0,0,0
123.916259970,0,1,0
123.916275210,0,0,0
123.916311180,0,0,1
123.916326340,0,0,0
123.933171010,1,0,0
123.940177010,0,0,0
123.940460500,0,1,0
123.940460650,0,1,1
123.940475680,0,0,1
123.940475940,0,0,0
123.958970560,1,0,0
123.965976790,0,0,0
123.966259080,0,0,1
123.966259670,0,1,1
123.966274200,0,1,0
123.966274900,0,0,0
123.983894050,1,0,0
123.990899990,0,0,0
123.991182420,0,0,1
123.991182750,0,1,1
123.991197610,0,1,0
123.991197910,0,0,0
124.008956930,1,0,0
124.015962600,0,0,0
124.016245750,0,0,1
124.016246280,0,1,1
124.016260990,0,1,0
124.016261520,0,0,0
124.034714630,1,0,0
124.041719300,0,0,0
124.041999620,0,1,0
124.042003430,0,1,1
124.042014780,0,0,1
124.042018530,0,0,0
124.060390440,1,0,0
124.067394900,0,0,0
124.067676810,0,0,1
124.067677860,0,1,1
124.067692060,0,1,0
124.067693060,0,0,0
124.086170030,1,0,0
124.093178280,0,0,0
124.093455280,0,0,1
124.093455570,0,1,1
124.093470490,0,1,0
124.093470700,0,0,0
124.111967480,1,0,0
124.118973420,0,0,0
124.119253610,0,0,1
124.119268710,0,0,0
124.119320460,0,1,0
124.119335720,0,0,0
124.137558390,1,0,0
124.144564760,0,0,0
124.144847320,0,1,0
124.144862530,0,0,0
124.144913450,0,0,1
124.144928780,0,0,0
124.161699100,1,0,0
124.168704870,0,0,0
124.168985110,0,0,1
124.168985620,0,1,1
124.169000270,0,1,0
124.169000770,0,0,0
124.186267230,1,0,0
124.193273400,0,0,0
124.193555030,0,1,0
124.193557520,0,1,1
124.193570190,0,0,1
124.193572700,0,0,0
124.211998310,1,0,0
124.219003950,0,0,0
124.219283250,0,1,0
124.219287400,0,1,1
124.219298430,0,0,1
124.219302460,0,0,0
124.235878680,1,0,0
124.242886870,0,0,0
124.243165860,0,1,0
124.243166730,0,1,1
124.243181090,0,0,1
124.243181910,0,0,0
124.261619380,1,0,0
124.268625300,0,0,0
124.268905180,0,0,1
124.268920340,0,0,0
124.268970330,0,1,0
124.268985580,0,0,0
124.287175220,1,0,0
124.294181220,0,0,0
124.294463570,0,1,0
124.294478790,0,0,0
124.294503270,0,0,1
124.294518540,0,0,0
124.312912860,1,0,0
124.319918490,0,0,0
124.320200870,0,1,0
124.320202100,0,1,1
124.320216070,0,0,1
124.320217370,0,0,0
124.338704750,1,0,0
124.345707940,0,0,0
124.345990290,0,1,0
124.345990460,0,1,1
124.346005440,0,0,1
124.346005670,0,0,0
124.362634960,1,0,0
124.369639730,0,0,0
124.369922300,0,1,0
124.369923660,0,1,1
124.369937550,0,0,1
124.369938790,0,0,0
124.388625010,1,0,0
124.395631260,0,0,0
124.395911150,0,1,0
124.395926390,0,0,0
124.395976030,0,0,1
124.395991230,0,0,0
124.413588100,1,0,0
124.420655080,0,0,0
124.420874220,0,1,0
124.420875730,0,1,1
124.420889450,0,0,1
124.420891040,0,0,0
124.437237960,1,0,0
124.444243890,0,0,0
124.444523650,0,1,0
124.444524090,0,1,1
124.444538890,0,0,1
124.444539380,0,0,0
124.460820830,1,0,0
124.467826770,0,0,0
124.468107300,0,1,0
124.468107480,0,1,1
124.468122400,0,0,1
124.468122770,0,0,0
124.486797780,1,0,0
124.493803840,0,0,0
124.494085420,0,1,0
124.494086260,0,1,1
124.494100660,0,0,1
124.494101410,0,0,0
124.511151890,1,0,0
124.518158140,0,0,0
124.518438740,0,1,0
124.518439380,0,1,1
124.518454010,0,0,1
124.518454630,0,0,0
124.536916240,1,0,0
124.543922380,0,0,0
124.544202460,0,1,0
124.544202830,0,1,1
124.544217660,0,0,1
124.544218030,0,0,0
124.562063600,1,0,0
124.569068060,0,0,0
124.569350320,0,0,1
124.569350630,0,1,1
124.569365540,0,1,0
124.569365840,0,0,0
124.587510440,1,0,0
124.594514820,0,0,0
124.594799640,0,0,1
124.594814830,0,0,0
124.594863100,0,1,0
124.594878270,0,0,0
124.612867990,1,0,0
124.619872780,0,0,0
124.620157670,0,1,0
124.620158030,0,1,1
124.620172770,0,0,1
124.620173280,0,0,0
124.636539600,1,0,0
124.643548050,0,0,0
124.643826080,0,1,0
124.643826600,0,1,1
124.643841310,0,0,1
124.643841790,0,0,0
124.662397210,1,0,0
124.669402110,0,0,0
124.669683820,0,0,1
124.669699070,0,0,0
124.669731280,0,1,0
124.669746480,0,0,0
124.687393070,1,0,0
124.694399010,0,0,0
124.694682640,0,1,0
124.694683440,0,1,1
124.694697740,0,0,1
124.694698640,0,0,0
124.712962440,1,0,0
124.720029920,0,0,0
124.720248650,0,1,0
124.720251850,0,1,1
124.720263870,0,0,1
124.720266990,0,0,0
124.738725600,1,0,0
124.745731200,0,0,0
124.746014450,0,1,0
124.746015270,0,1,1
124.746029630,0,0,1
124.746030460,0,0,0
124.763172210,1,0,0
124.770176850,0,0,0
124.770457060,0,1,0
124.770457850,0,1,1
124.770472210,0,0,1
124.770473120,0,0,0
124.787705250,1,0,0
124.794711330,0,0,0
124.794991030,0,1,0
124.794992090,0,1,1
124.795006150,0,0,1
124.795007340,0,0,0
124.813065300,1,0,0
124.820070220,0,0,0
124.820354540,0,1,0
124.820355600,0,1,1
124.820369710,0,0,1
124.820370810,0,0,0
124.838451770,1,0,0
124.845457920,0,0,0
124.845735470,0,1,0
124.845739030,0,1,1
124.845750610,0,0,1
124.845754150,0,0,0
124.862862800,1,0,0
124.869868710,0,0,0
124.870151140,0,1,0
124.870152500,0,1,1
124.870166350,0,0,1
124.870167620,0,0,0
124.888692770,1,0,0
124.895697060,0,0,0
124.895979800,0,1,0
124.895980950,0,1,1
124.895995020,0,0,1
124.895996110,0,0,0
124.913635420,1,0,0
124.920644000,0,0,0
124.920924110,0,0,1
124.920927810,0,1,1
124.920939330,0,1,0
124.920942950,0,0,0
124.937682420,1,0,0
124.944688510,0,0,0
124.944966820,0,0,1
124.944970210,0,1,1
124.944981990,0,1,0
124.944985380,0,0,0
124.962663780,1,0,0
124.969669820,0,0,0
124.969950100,0,1,0
124.969951070,0,1,1
124.969965260,0,0,1
124.969966190,0,0,0
124.987730980,1,0,0
124.994737020,0,0,0
124.995018110,0,1,0
124.995019700,0,1,1
124.995033290,0,0,1
124.995034990,0,0,0
125.013637680,1,0,0
125.020642530,0,0,0
125.020925870,0,1,0
125.020941160,0,0,0
125.020969760,0,0,1
125.020985070,0,0,0
125.038693790,1,0,0
125.045698350,0,0,0
125.045978710,0,1,0
125.045980540,0,1,1
125.045993920,0,0,1
125.045995680,0,0,0
125.064298620,1,0,0
125.071301760,0,0,0
125.071583970,0,0,1
125.071588430,0,1,1
125.071599110,0,1,0
125.071603650,0,0,0
125.090093980,1,0,0
125.097102520,0,0,0
125.097383210,0,0,1
125.097390500,0,1,1
125.097398390,0,1,0
125.097405770,0,0,0
125.115001280,1,0,0
125.122006160,0,0,0
125.122289150,0,1,0
125.122290340,0,1,1
125.122304360,0,0,1
125.122305490,0,0,0
125.140457000,1,0,0
125.147526900,0,0,0
125.147743620,0,1,0
125.147744190,0,1,1
125.147758810,0,0,1
125.147759350,0,0,0
125.164120940,1,0,0
125.171125400,0,0,0
125.171406820,0,1,0
125.171408450,0,1,1
125.171422050,0,0,1
125.171423610,0,0,0
125.189852180,1,0,0
125.196858160,0,0,0
125.197139000,0,1,0
125.197154160,0,0,0
125.197207380,0,0,1
125.197222610,0,0,0
125.215507460,1,0,0
125.222513710,0,0,0
125.222792860,0,1,0
125.222794100,0,1,1
125.222807960,0,0,1
125.222809240,0,0,0
125.240671300,1,0,0
125.247680030,0,0,0
125.247955910,0,1,0
125.247957920,0,1,1
125.247971100,0,0,1
125.247973150,0,0,0
125.264661830,1,0,0
125.271667720,0,0,0
125.271947920,0,1,0
125.271963090,0,0,0
125.272012460,0,0,1
125.272027700,0,0,0
125.289820580,1,0,0
125.296825540,0,0,0
125.297108140,0,1,0
125.297109530,0,1,1
125.297123300,0,0,1
125.297124650,0,0,0
125.315679990,1,0,0
125.322686260,0,0,0
125.322966400,0,1,0
125.322969190,0,1,1
125.322981620,0,0,1
125.322984410,0,0,0
125.339106300,1,0,0
125.346112280,0,0,0
125.346391300,0,0,1
125.346395700,0,1,1
125.346406420,0,1,0
125.346410840,0,0,0
125.363326520,1,0,0
125.370332040,0,0,0
125.370613940,0,1,0
125.370614600,0,1,1
125.370629250,0,0,1
125.370629790,0,0,0
125.388704170,1,0,0
125.395710300,0,0,0
125.395992620,0,1,0
125.395994530,0,1,1
125.396007820,0,0,1
125.396009860,0,0,0
125.413826370,1,0,0
125.420832490,0,0,0
125.421111770,0,0,1
125.421115750,0,1,1
125.421126830,0,1,0
125.421131000,0,0,0
125.439585360,1,0,0
125.446591230,0,0,0
125.446871220,0,0,1
125.446886390,0,0,0
125.465431350,1,0,0
125.472435810,0,0,0
125.472715930,0,1,0
125.472719610,0,1,1
125.472731220,0,0,1
125.472734820,0,0,0
125.489441850,1,0,0
125.496447980,0,0,0
125.496727220,0,0,1
125.496728400,0,1,1
125.496742390,0,1,0
125.496743550,0,0,0
125.515145640,1,0,0
125.522151220,0,0,0
125.522431510,0,0,1
125.522434200,0,1,1
125.522446820,0,1,0
125.522449350,0,0,0
125.540970090,1,0,0
125.547976130,0,0,0
125.548256280,0,1,0
125.548259080,0,1,1
125.548271420,0,0,1
125.548274270,0,0,0
125.564745250,1,0,0
125.571751150,0,0,0
125.572030970,0,0,1
125.572031080,0,1,1
125.572046260,0,1,0
125.572046350,0,0,0
125.589029340,1,0,0
125.596035730,0,0,0
125.596316810,0,0,1
125.596318440,0,1,1
125.596332020,0,1,0
125.596333630,0,0,0
125.612773070,1,0,0
125.619775940,0,0,0
125.620060430,0,0,1
125.620061870,0,1,1
125.620075610,0,1,0
125.620077200,0,0,0
125.638408500,1,0,0
125.645412830,0,0,0
125.645692650,0,0,1
125.645693610,0,1,1
125.645707810,0,1,0
125.645708810,0,0,0
125.663562210,1,0,0
125.670568690,0,0,0
125.670847060,0,1,0
125.670852200,0,1,1
125.670862300,0,0,1
125.670867260,0,0,0
125.687498320,1,0,0
125.694504460,0,0,0
125.694783190,0,0,1
125.694787980,0,1,1
125.694798460,0,1,0
125.694803150,0,0,0
125.711699220,1,0,0
125.718703630,0,0,0
125.718983780,0,1,0
125.718987850,0,1,1
125.718999030,0,0,1
125.719002950,0,0,0
125.737366310,1,0,0
125.744370310,0,0,0
125.744651590,0,0,1
125.744654460,0,1,1
125.744666790,0,1,0
125.744669670,0,0,0
125.762736450,1,0,0
125.769742550,0,0,0
125.770023200,0,1,0
125.770025910,0,1,1
125.770038300,0,0,1
125.770041120,0,0,0
125.787279510,1,0,0
125.794285780,0,0,0
125.794566170,0,1,0
125.794569200,0,1,1
125.794581370,0,0,1
125.794584400,0,0,0
125.813041800,1,0,0
125.820047880,0,0,0
125.820327830,0,0,1
125.820329880,0,1,1
125.820343160,0,1,0
125.820345070,0,0,0
125.838258220,1,0,0
125.845264240,0,0,0
125.845501040,0,1,0
125.845516230,0,0,0
125.845544970,0,0,1
125.845560170,0,0,0
125.863668800,1,0,0
125.870671480,0,0,0
125.870951980,0,0,1
125.870955320,0,1,1
125.870967190,0,1,0
125.870970570,0,0,0
125.888664890,1,0,0
125.895693410,0,0,0
125.895952100,0,0,1
125.895954910,0,1,1
125.895967280,0,1,0
125.895970120,0,0,0
125.913653080,1,0,0
125.920657390,0,0,0
125.920937530,0,1,0
125.920941420,0,1,1
125.920952770,0,0,1
125.920956650,0,0,0
125.939452410,1,0,0
125.946458410,0,0,0
125.946738910,0,0,1
125.946741580,0,1,1
125.946754070,0,1,0
125.946756700,0,0,0
125.964087700,1,0,0
125.971092270,0,0,0
125.971373230,0,0,1
125.971375000,0,1,1
125.971388440,0,1,0
125.971390190,0,0,0
125.989935220,1,0,0
125.996941240,0,0,0
125.997221260,0,1,0
125.997221700,0,1,1
125.997236470,0,0,1
125.997236930,0,0,0
126.014908430,1,0,0
126.021914220,0,0,0
126.022194070,0,0,1
126.022196770,0,1,1
126.022209340,0,1,0
126.022211980,0,0,0
126.040458150,1,0,0
126.047464510,0,0,0
126.047743640,0,0,1
126.047745200,0,1,1
126.047759040,0,1,0
126.047760380,0,0,0
126.066292870,1,0,0
126.073297210,0,0,0
126.073577730,0,1,0
126.073580490,0,1,1
126.073592970,0,0,1
126.073595700,0,0,0
126.092037840,1,0,0
126.099043990,0,0,0
126.099325330,0,0,1
126.099327070,0,1,1
126.099340540,0,1,0
126.099342190,0,0,0
126.117381980,1,0,0
126.124388100,0,0,0
126.124667680,0,0,1
126.124670350,0,1,1
126.124682780,0,1,0
126.124685590,0,0,0
126.143218720,1,0,0
126.150224660,0,0,0
126.150507210,0,0,1
126.150508690,0,1,1
126.150522440,0,1,0
126.150523830,0,0,0
126.167399890,1,0,0
126.174404370,0,0,0
126.174687200,0,1,0
126.174702430,0,0,0
126.174750410,0,0,1
126.174765720,0,0,0
126.192851900,1,0,0
126.199858250,0,0,0
126.200139260,0,0,1
126.200139310,0,1,1
126.200154380,0,1,0
126.200154460,0,0,0
126.217298450,1,0,0
126.224303010,0,0,0
126.224583030,0,1,0
126.224586660,0,1,1
126.224598200,0,0,1
126.224601870,0,0,0
126.243179710,1,0,0
126.250186020,0,0,0
126.250466010,0,0,1
126.250467460,0,1,1
126.250481230,0,1,0
126.250482600,0,0,0
126.266768310,1,0,0
126.273774580,0,0,0
126.274054480,0,0,1
126.274055590,0,1,1
126.274069700,0,1,0
126.274070900,0,0,0
126.291843550,1,0,0
126.298849490,0,0,0
126.299128980,0,1,0
126.299132700,0,1,1
126.299144100,0,0,1
126.299147960,0,0,0
126.317635640,1,0,0
126.324641690,0,0,0
126.324918480,0,0,1
126.324921670,0,1,1
126.324933660,0,1,0
126.324936880,0,0,0
126.342393070,1,0,0
126.349399460,0,0,0
126.349679760,0,0,1
126.349680060,0,1,1
126.349695030,0,1,0
126.349695310,0,0,0
126.367497700,1,0,0
126.374503760,0,0,0
126.374784150,0,1,0
126.374787270,0,1,1
126.374799400,0,0,1
126.374802440,0,0,0
126.393369880,1,0,0
126.400374030,0,0,0
126.400656510,0,0,1
126.400657680,0,1,1
126.400671780,0,1,0
126.400672910,0,0,0
126.419122500,1,0,0
126.426128750,0,0,0
126.426408690,0,0,1
126.426411100,0,1,1
126.426423840,0,1,0
126.426426230,0,0,0
126.444660840,1,0,0
126.451664030,0,0,0
126.451947040,0,0,1
126.451948430,0,1,1
126.451962240,0,1,0
126.451963670,0,0,0
126.470453750,1,0,0
126.477459640,0,0,0
126.477741820,0,0,1
126.477742870,0,1,1
126.477757000,0,1,0
126.477758020,0,0,0
126.494318230,1,0,0
126.501324150,0,0,0
126.501603810,0,0,1
126.501606300,0,1,1
126.501619060,0,1,0
126.501621550,0,0,0
126.519956620,1,0,0
126.526959510,0,0,0
126.527244560,0,1,0
126.527259700,0,0,0
126.527309650,0,0,1
126.527324900,0,0,0
126.545728770,1,0,0
126.552733290,0,0,0
126.553016310,0,0,1
126.553017840,0,1,1
126.553031600,0,1,0
126.553032940,0,0,0
126.569530090,1,0,0
126.576536420,0,0,0
126.576816490,0,1,0
126.576820550,0,1,1
126.576831660,0,0,1
126.576835650,0,0,0
126.595390330,1,0,0
126.602396060,0,0,0
126.602678940,0,0,1
126.602680000,0,1,1
126.602694170,0,1,0
126.602695270,0,0,0
126.620998570,1,0,0
126.628004670,0,0,0
126.628286530,0,0,1
126.628288280,0,1,1
126.628301700,0,1,0
126.628303550,0,0,0
126.646726710,1,0,0
126.653732460,0,0,0
126.654015860,0,0,1
126.654016560,0,1,1
126.654031110,0,1,0
126.654031750,0,0,0
126.672488510,1,0,0
126.679494390,0,0,0
126.679773900,0,1,0
126.679774220,0,1,1
126.679789130,0,0,1
126.679789350,0,0,0
126.696258780,1,0,0
126.703265070,0,0,0
126.703546980,0,1,0
126.703562140,0,0,0
126.703575760,0,0,1
126.703591040,0,0,0
126.720136640,1,0,0
126.727141070,0,0,0
126.727425470,0,0,1
126.727426780,0,1,1
126.727440560,0,1,0
126.727441920,0,0,0
126.743882240,1,0,0
126.750888390,0,0,0
126.751168490,0,0,1
126.751169850,0,1,1
126.751183650,0,1,0
126.751185020,0,0,0
126.769676420,1,0,0
126.776680790,0,0,0
126.776962140,0,0,1
126.776963420,0,1,1
126.776977390,0,1,0
126.776978570,0,0,0
126.793453860,1,0,0
126.800459980,0,0,0
126.800739460,0,1,0
126.800740720,0,1,1
126.800754660,0,0,1
126.800755960,0,0,0
126.819147430,1,0,0
126.826153660,0,0,0
126.826433710,0,1,0
126.826444690,0,1,1
126.826448960,0,0,1
126.826459810,0,0,0
126.843889750,1,0,0
126.850895580,0,0,0
126.851177590,0,0,1
126.851178410,0,1,1
126.851192760,0,1,0
126.851193660,0,0,0
126.868751970,1,0,0
126.875760720,0,0,0
126.876040960,0,0,1
126.876040980,0,1,1
126.876056120,0,1,0
126.876056190,0,0,0
126.894462980,1,0,0
126.901469040,0,0,0
126.901748970,0,1,0
126.901750180,0,1,1
126.901764180,0,0,1
126.901765380,0,0,0
126.918294370,1,0,0
126.925300460,0,0,0
126.925583690,0,1,0
126.925583770,0,1,1
126.925598830,0,1,0
126.925598890,0,0,0
126.943993240,1,0,0
126.950999550,0,0,0
126.951280930,0,1,0
126.951281970,0,1,1
126.951296030,0,0,1
126.951297220,0,0,0
126.967768950,1,0,0
126.974773490,0,0,0
126.975054670,0,1,0
126.975055570,0,1,1
126.975069890,0,0,1
126.975070630,0,0,0
126.993619000,1,0,0
127.000625170,0,0,0
127.000908030,0,1,0
127.000908970,0,1,1
127.000923300,0,0,1
127.000924120,0,0,0
127.017081600,1,0,0
127.024087940,0,0,0
127.024366070,0,0,1
127.024367290,0,1,1
127.024381290,0,1,0
127.024382520,0,0,0
127.042452430,1,0,0
127.049457160,0,0,0
127.049739840,0,1,0
127.049740850,0,1,1
127.049754980,0,0,1
127.049756030,0,0,0
127.067390730,1,0,0
127.074396830,0,0,0
127.074668350,0,1,0
127.074679260,0,1,1
127.074683600,0,0,1
127.074694440,0,0,0
127.093083340,1,0,0
127.100087760,0,0,0
127.100368390,0,0,1
127.100371440,0,1,1
127.100383640,0,1,0
127.100386690,0,0,0
127.117446450,1,0,0
127.124452070,0,0,0
127.124734740,0,0,1
127.124735850,0,1,1
127.124749960,0,1,0
127.124751080,0,0,0
127.143264860,1,0,0
127.150269940,0,0,0
127.150554210,0,1,0
127.150554540,0,1,1
127.150569400,0,0,1
127.150569680,0,0,0
127.168955790,1,0,0
127.175964430,0,0,0
127.176237280,0,1,0
127.176242910,0,1,1
127.176252530,0,0,1
127.176258180,0,0,0
127.193260290,1,0,0
127.200266480,0,0,0
127.200544900,0,0,1
127.200545080,0,1,1
127.200560060,0,1,0
127.200560330,0,0,0
127.219069340,1,0,0
127.226074110,0,0,0
127.226351800,0,1,0
127.226354760,0,1,1
127.226366960,0,0,1
127.226370010,0,0,0
127.244877250,1,0,0
127.251883370,0,0,0
127.252162870,0,1,0
127.252163190,0,1,1
127.252177990,0,0,1
127.252178350,0,0,0
127.270117950,1,0,0
127.277124030,0,0,0
127.277403570,0,1,0
127.277406660,0,1,1
127.277418800,0,0,1
127.277421930,0,0,0
127.293770280,1,0,0
127.300776200,0,0,0
127.301059540,0,1,0
127.301060050,0,1,1
127.301074790,0,0,1
127.301075270,0,0,0
127.319567000,1,0,0
127.326573140,0,0,0
127.326851690,0,1,0
127.326852580,0,1,1
127.326866880,0,0,1
127.326867870,0,0,0
127.345276030,1,0,0
127.352280570,0,0,0
127.352561920,0,0,1
127.352577170,0,0,0
127.352627030,0,1,0
127.352642280,0,0,0
127.370992040,1,0,0
127.377998150,0,0,0
127.378278940,0,1,0
127.378280460,0,1,1
127.378293980,0,0,1
127.378295580,0,0,0
127.395570860,1,0,0
127.402617760,0,0,0
127.402857070,0,1,0
127.402858760,0,1,1
127.402872320,0,0,1
127.402873820,0,0,0
127.420758240,1,0,0
127.427764290,0,0,0
127.428045770,0,0,1
127.428046480,0,1,1
127.428061000,0,1,0
127.428061700,0,0,0
127.445888630,1,0,0
127.452894630,0,0,0
127.453174780,0,1,0
127.453175700,0,1,1
127.453189980,0,0,1
127.453190880,0,0,0
127.471743890,1,0,0
127.478750140,0,0,0
127.479033190,0,0,1
127.479033350,0,1,1
127.479048370,0,1,0
127.479048570,0,0,0
127.496097480,1,0,0
127.503103600,0,0,0
127.503382510,0,0,1
127.503386630,0,1,1
127.503397820,0,1,0
127.503401820,0,0,0
127.521036380,1,0,0
127.528042300,0,0,0
127.528323560,0,0,1
127.528323600,0,1,1
127.528338700,0,0,1
127.528338710,0,0,0
127.546698720,1,0,0
127.553704790,0,0,0
127.553988180,0,0,1
127.553988340,0,1,1
127.554003410,0,1,0
127.554003520,0,0,0
127.571948090,1,0,0
127.579017670,0,0,0
127.579236590,0,1,0
127.579237860,0,1,1
127.579251800,0,0,1
127.579253080,0,0,0
127.597694060,1,0,0
127.604700040,0,0,0
127.604979040,0,1,0
127.604981270,0,1,1
127.604994180,0,0,1
127.604996470,0,0,0
127.623149800,1,0,0
127.630155880,0,0,0
127.630438340,0,0,1
127.630453520,0,0,0
127.630503840,0,1,0
127.630519110,0,0,0
127.649083230,1,0,0
127.656089120,0,0,0
127.656367160,0,0,1
127.656371890,0,1,1
127.656382410,0,1,0
127.656387140,0,0,0
127.674640050,1,0,0
127.681644820,0,0,0
127.681925490,0,0,1
127.681930170,0,1,1
127.681940780,0,1,0
127.681945520,0,0,0
127.699255350,1,0,0
127.706261140,0,0,0
127.706543700,0,1,0
127.706543980,0,1,1
127.706558990,0,0,1
127.706559180,0,0,0
127.724091460,1,0,0
127.731097420,0,0,0
127.731376060,0,1,0
127.731378470,0,1,1
127.731391210,0,0,1
127.731393690,0,0,0
127.748430110,1,0,0
127.755432020,0,0,0
127.755715200,0,1,0
127.755730450,0,0,0
127.755733290,0,0,1
127.755748480,0,0,0
127.774039970,1,0,0
127.781045970,0,0,0
127.781322550,0,0,1
127.781328850,0,1,1
127.781337650,0,1,0
127.781344060,0,0,0
127.800156800,1,0,0
127.807162780,0,0,0
127.807443650,0,0,1
127.807447070,0,1,1
127.807458850,0,1,0
127.807462250,0,0,0
127.825054660,1,0,0
127.832059030,0,0,0
127.832340580,0,1,0
127.832341160,0,1,1
127.832355720,0,0,1
127.832356410,0,0,0
127.850725840,1,0,0
127.857731960,0,0,0
127.858011190,0,0,1
127.858013750,0,1,1
127.858026310,0,1,0
127.858028960,0,0,0
127.874662320,1,0,0
127.881670570,0,0,0
127.881947180,0,1,0
127.881948100,0,1,1
127.881962410,0,0,1
127.881963280,0,0,0
127.900450250,1,0,0
127.907454470,0,0,0
127.907735770,0,1,0
127.907737250,0,1,1
127.907751020,0,0,1
127.907752460,0,0,0
127.924400140,1,0,0
127.931406390,0,0,0
127.931688030,0,1,0
127.931689510,0,1,1
127.931703220,0,0,1
127.931704700,0,0,0
127.950089030,1,0,0
127.957094800,0,0,0
127.957376650,0,0,1
127.957377400,0,1,1
127.957391860,0,1,0
127.957392600,0,0,0
127.973768760,1,0,0
127.980774880,0,0,0
127.981055930,0,1,0
127.981057870,0,1,1
127.981071090,0,0,1
127.981073030,0,0,0
127.997797380,1,0,0
128.004801710,0,0,0
128.005084270,0,1,0
128.005085170,0,1,1
128.005099540,0,0,1
128.005100420,0,0,0
128.023165910,1,0,0
128.030168790,0,0,0
128.030452720,0,1,0
128.030454430,0,1,1
128.030467900,0,0,1
128.030469620,0,0,0
128.048887380,1,0,0
128.055893280,0,0,0
128.056172010,0,0,1
128.056173500,0,1,1
128.056187210,0,1,0
128.056188790,0,0,0
128.074822580,1,0,0
128.081827140,0,0,0
128.082109400,0,1,0
128.082111460,0,1,1
128.082124580,0,0,1
128.082126660,0,0,0
128.100237070,1,0,0
128.107242900,0,0,0
128.107519950,0,1,0
128.107523550,0,1,1
128.107535120,0,0,1
128.107538670,0,0,0
128.125966230,1,0,0
128.132972080,0,0,0
128.133250150,0,1,0
128.133253310,0,1,1
128.133265310,0,0,1
128.133268540,0,0,0
128.151726620,1,0,0
128.158733050,0,0,0
128.159013510,0,1,0
128.159016780,0,1,1
128.159028650,0,0,1
128.159032050,0,0,0
128.177583650,1,0,0
128.184589710,0,0,0
128.184869940,0,0,1
128.184873040,0,1,1
128.184885140,0,1,0
128.184888180,0,0,0
128.203376470,1,0,0
128.210382260,0,0,0
128.210662550,0,0,1
128.210665270,0,1,1
128.210677700,0,1,0
128.210680440,0,0,0
128.228692270,1,0,0
128.235696540,0,0,0
128.235979620,0,1,0
128.235980980,0,1,1
128.235994930,0,0,1
128.235996190,0,0,0
128.254566100,1,0,0
128.261572160,0,0,0
128.261851560,0,1,0
128.261855430,0,1,1
128.261866770,0,0,1
128.261870720,0,0,0
128.278545120,1,0,0
128.285551350,0,0,0
128.285831280,0,1,0
128.285832460,0,1,1
128.285846550,0,0,1
128.285847610,0,0,0
128.302492270,1,0,0
128.309497930,0,0,0
128.309779690,0,1,0
128.309782180,0,1,1
128.309794910,0,0,1
128.309797320,0,0,0
128.328277930,1,0,0
128.335283800,0,0,0
128.335563210,0,0,1
128.335567320,0,1,1
128.335578310,0,1,0
128.335582670,0,0,0
128.354143790,1,0,0
128.361149480,0,0,0
128.361428200,0,0,1
128.361431640,0,1,1
128.361443430,0,1,0
128.361446850,0,0,0
128.377838540,1,0,0
128.384844540,0,0,0
128.385124940,0,1,0
128.385126590,0,1,1
128.385140070,0,0,1
128.385141820,0,0,0
128.403281030,1,0,0
128.410287380,0,0,0
128.410565740,0,1,0
128.410569640,0,1,1
128.410580990,0,0,1
128.410584850,0,0,0
128.429029980,1,0,0
128.436034580,0,0,0
128.436316670,0,1,0
128.436319420,0,1,1
128.436331960,0,0,1
128.436334710,0,0,0
128.454839970,1,0,0
128.461845700,0,0,0
128.462124160,0,1,0
128.462127830,0,1,1
128.462139450,0,0,1
128.462143000,0,0,0
128.480630690,1,0,0
128.487636590,0,0,0
128.487916070,0,0,1
128.487918560,0,1,1
128.487931280,0,1,0
128.487933680,0,0,0
128.506389270,1,0,0
128.513395520,0,0,0
128.513676900,0,1,0
128.513678290,0,1,1
128.513692110,0,0,1
128.513693540,0,0,0
128.530805920,1,0,0
128.537814440,0,0,0
128.538093050,0,0,1
128.538095200,0,1,1
128.538108220,0,1,0
128.538110330,0,0,0
128.556558300,1,0,0
128.563564300,0,0,0
128.563843630,0,1,0
128.563846580,0,1,1
128.563858830,0,0,1
128.563861790,0,0,0
128.582388880,1,0,0
128.589394960,0,0,0
128.589675100,0,0,1
128.589675820,0,1,1
128.589690260,0,1,0
128.589691050,0,0,0
128.607761760,1,0,0
128.614767780,0,0,0
128.615048400,0,0,1
128.615050330,0,1,1
128.615063630,0,1,0
128.615065600,0,0,0
128.631574640,1,0,0
128.638589200,0,0,0
128.638868720,0,1,0
128.638870800,0,1,1
128.638883900,0,0,1
128.638886030,0,0,0
128.657045920,1,0,0
128.664052080,0,0,0
128.664330870,0,1,0
128.664335340,0,1,1
128.664346040,0,0,1
128.664350480,0,0,0
128.682806830,1,0,0
128.689813100,0,0,0
128.690093660,0,0,1
128.690094730,0,1,1
128.690108760,0,1,0
128.690110040,0,0,0
128.708600840,1,0,0
128.715603860,0,0,0
128.715887090,0,0,1
128.715888140,0,1,1
128.715902320,0,1,0
128.715903300,0,0,0
128.732675030,1,0,0
128.739681280,0,0,0
128.739959600,0,0,1
128.739961540,0,1,1
128.739974930,0,1,0
128.739976710,0,0,0
128.758379290,1,0,0
128.765383430,0,0,0
128.765665680,0,1,0
128.765668010,0,1,1
128.765680900,0,0,1
128.765683230,0,0,0
128.784572680,1,0,0
128.791578970,0,0,0
128.791858060,0,1,0
128.791873270,0,0,0
128.791912680,0,0,1
128.791927890,0,0,0
128.810232460,1,0,0
128.817238150,0,0,0
128.817520880,0,0,1
128.817521550,0,1,1
128.817536070,0,1,0
128.817536770,0,0,0
128.835960600,1,0,0
128.842966800,0,0,0
128.843248370,0,0,1
128.843250660,0,1,1
128.843263450,0,1,0
128.843265820,0,0,0
128.861783500,1,0,0
128.868786170,0,0,0
128.869069270,0,1,0
128.869072630,0,1,1
128.869084500,0,0,1
128.869087860,0,0,0
128.886778840,1,0,0
128.893781870,0,0,0
128.894066230,0,0,1
128.894066610,0,1,1
128.894081520,0,1,0
128.894081820,0,0,0
128.912619900,1,0,0
128.919625750,0,0,0
128.919906100,0,1,0
128.919908470,0,1,1
128.919921310,0,0,1
128.919923570,0,0,0
128.938364260,1,0,0
128.945370140,0,0,0
128.945648460,0,1,0
128.945652040,0,1,1
128.945663670,0,0,1
128.945667250,0,0,0
128.962717040,1,0,0
128.969723080,0,0,0
128.970002740,0,1,0
128.970005370,0,1,1
128.970017950,0,0,1
128.970020550,0,0,0
128.988381400,1,0,0
128.995387240,0,0,0
128.995668440,0,0,1
128.995670400,0,1,1
128.995683770,0,1,0
128.995685710,0,0,0
129.014239000,1,0,0
129.021245250,0,0,0
129.021524510,0,1,0
129.021539820,0,0,0
129.021545310,0,0,1
129.021560570,0,0,0
129.038694250,1,0,0
129.045698770,0,0,0
129.045981770,0,0,1
129.045983080,0,1,1
129.045997040,0,1,0
129.045998180,0,0,0
129.064425080,1,0,0
129.071431450,0,0,0
129.071711420,0,1,0
129.071714290,0,1,1
129.071726690,0,0,1
129.071729450,0,0,0
129.090153170,1,0,0
129.097156000,0,0,0
129.097438850,0,1,0
129.097442230,0,1,1
129.097454010,0,0,1
129.097457480,0,0,0
129.115971830,1,0,0
129.122977750,0,0,0
129.123255700,0,0,1
129.123257130,0,1,1
129.123270930,0,1,0
129.123272250,0,0,0
129.141706970,1,0,0
129.148713090,0,0,0
129.148994550,0,0,1
129.148996320,0,1,1
129.149009690,0,1,0
129.149011590,0,0,0
129.167271140,1,0,0
129.174277580,0,0,0
129.174558600,0,0,1
129.174558890,0,1,1
129.174573770,0,1,0
129.174574060,0,0,0
129.193207910,1,0,0
129.200214180,0,0,0
129.200493250,0,1,0
129.200497240,0,1,1
129.200508440,0,0,1
129.200512380,0,0,0
129.217392320,1,0,0
129.224397200,0,0,0
129.224680600,0,0,1
129.224681660,0,1,1
129.224695750,0,1,0
129.224696830,0,0,0
129.242026180,1,0,0
129.249032250,0,0,0
129.249314030,0,0,1
129.249314110,0,1,1
129.249329250,0,0,1
129.249329280,0,0,0
129.267789030,1,0,0
129.274793400,0,0,0
129.275076120,0,0,1
129.275078350,0,1,1
129.275091290,0,1,0
129.275093550,0,0,0
129.293526580,1,0,0
129.300532830,0,0,0
129.300810940,0,1,0
129.300815910,0,1,1
129.300826120,0,0,1
129.300831260,0,0,0
129.319280280,1,0,0
129.326284800,0,0,0
129.326565240,0,1,0
129.326569520,0,1,1
129.326580420,0,0,1
129.326584620,0,0,0
129.344471350,1,0,0
129.351477660,0,0,0
129.351756350,0,0,1
129.351757290,0,1,1
129.351771630,0,1,0
129.351772550,0,0,0
129.369992010,1,0,0
129.376996340,0,0,0
129.377275690,0,1,0
129.377281150,0,1,1
129.377290880,0,0,1
129.377296350,0,0,0
129.395742480,1,0,0
129.402748560,0,0,0
129.403027060,0,0,1
129.403030450,0,1,1
129.403042220,0,1,0
129.403045700,0,0,0
129.420603920,1,0,0
129.427610110,0,0,0
129.427891150,0,1,0
129.427893090,0,1,1
129.427906390,0,0,1
129.427908330,0,0,0
129.444989510,1,0,0
129.451993760,0,0,0
129.452276470,0,0,1
129.452276950,0,1,1
129.452291640,0,1,0
129.452292240,0,0,0
129.470432250,1,0,0
129.477438490,0,0,0
129.477717480,0,0,1
129.477720410,0,1,1
129.477732730,0,1,0
129.477735450,0,0,0
129.496146900,1,0,0
129.503152760,0,0,0
129.503430990,0,0,1
129.503433880,0,1,1
129.503446180,0,1,0
129.503449060,0,0,0
129.521953870,1,0,0
129.528959870,0,0,0
129.529240800,0,0,1
129.529242350,0,1,1
129.529255980,0,1,0
129.529257640,0,0,0
129.547456400,1,0,0
129.554462510,0,0,0
129.554744220,0,0,1
129.554745480,0,1,1
129.554759450,0,1,0
129.554760770,0,0,0
129.571183630,1,0,0
129.578189860,0,0,0
129.578469070,0,1,0
129.578473510,0,1,1
129.578484240,0,0,1
129.578488730,0,0,0
129.596977600,1,0,0
129.603983600,0,0,0
129.604264790,0,1,0
129.604267020,0,1,1
129.604280080,0,0,1
129.604282260,0,0,0
129.622372900,1,0,0
129.629375630,0,0,0
129.629658070,0,0,1
129.629660920,0,1,1
129.629673300,0,1,0
129.629676170,0,0,0
129.646917820,1,0,0
129.653924410,0,0,0
129.654201790,0,1,0
129.654204020,0,1,1
129.654216850,0,0,1
129.654219250,0,0,0
129.670953720,1,0,0
129.677959800,0,0,0
129.678242300,0,0,1
129.678242610,0,1,1
129.678257460,0,1,0
129.678257790,0,0,0
129.696788840,1,0,0
129.703794730,0,0,0
129.704073410,0,0,1
129.704083720,0,1,1
129.704088660,0,1,0
129.704098880,0,0,0
129.721972450,1,0,0
129.728978510,0,0,0
129.729257970,0,0,1
129.729259290,0,1,1
129.729273090,0,1,0
129.729274560,0,0,0
129.747123230,1,0,0
129.754129270,0,0,0
129.754411820,0,1,0
129.754412600,0,1,1
129.754427010,0,0,1
129.754427810,0,0,0
129.772857260,1,0,0
129.779863130,0,0,0
129.780146240,0,0,1
129.780146270,0,1,1
129.780161420,0,1,0
129.780161540,0,0,0
129.798683380,1,0,0
129.805688940,0,0,0
129.805967210,0,0,1
129.805969400,0,1,1
129.805982230,0,1,0
129.805984650,0,0,0
129.822784710,1,0,0
129.829790920,0,0,0
129.830071990,0,0,1
129.830072830,0,1,1
129.830087280,0,1,0
129.830087990,0,0,0
129.848220090,1,0,0
129.855226410,0,0,0
129.855506150,0,1,0
129.855506170,0,1,1
129.855521270,0,0,1
129.855521330,0,0,0
129.872932520,1,0,0
129.879938370,0,0,0
129.880218740,0,0,1
129.880233880,0,0,0
129.880284680,0,1,0
129.880299880,0,0,0
129.897701900,1,0,0
129.904707920,0,0,0
129.904986860,0,0,1
129.904988040,0,1,1
129.905002040,0,1,0
129.905003310,0,0,0
129.921952460,1,0,0
129.928956880,0,0,0
129.929241300,0,1,0
129.929241570,0,1,1
129.929256510,0,0,1
129.929322160,0,0,0
129.945577060,1,0,0
129.952582980,0,0,0
129.952864640,0,1,0
129.952864940,0,1,1
129.952879850,0,0,1
129.952880140,0,0,0
129.970853680,1,0,0
129.977859760,0,0,0
129.978142320,0,1,0
129.978142470,0,1,1
129.978157460,0,0,1
129.978157570,0,0,0
129.996700460,1,0,0
130.003706480,0,0,0
130.003986510,0,1,0
130.004001700,0,0,0
130.004051840,0,0,1
130.004067100,0,0,0
130.021896010,1,0,0
130.028901950,0,0,0
130.029183980,0,1,0
130.029185100,0,1,1
130.029199210,0,0,1
130.029200220,0,0,0
130.046919520,1,0,0
130.053925810,0,0,0
130.054207650,0,0,1
130.054208280,0,1,1
130.054222790,0,1,0
130.054223490,0,0,0
130.072621320,1,0,0
130.079627380,0,0,0
130.079907120,0,0,1
130.079910810,0,1,1
130.079922240,0,1,0
130.079925910,0,0,0
130.098382940,1,0,0
130.105388460,0,0,0
130.105648030,0,0,1
130.105663270,0,0,0
130.105670150,0,1,0
130.105685460,0,0,0
130.124034340,1,0,0
130.131037430,0,0,0
130.131323410,0,1,0
130.131323810,0,1,1
130.131338660,0,0,1
130.131339100,0,0,0
130.149813580,1,0,0
130.156816790,0,0,0
130.157101650,0,1,0
130.157101670,0,1,1
130.157116810,0,0,1
130.157116940,0,0,0
130.175504680,1,0,0
130.182510550,0,0,0
130.182789240,0,1,0
130.182790930,0,1,1
130.182804510,0,0,1
130.182806200,0,0,0
130.200624270,1,0,0
130.207630040,0,0,0
130.207908280,0,0,1
130.207912180,0,1,1
130.207923420,0,1,0
130.207927560,0,0,0
130.225623030,1,0,0
130.232628030,0,0,0
130.232911810,0,0,1
130.232927040,0,0,0
130.232975170,0,1,0
130.232990420,0,0,0
130.251415600,1,0,0
130.258423770,0,0,0
130.258703700,0,0,1
130.258705300,0,1,1
130.258718940,0,1,0
130.258720430,0,0,0
130.277239110,1,0,0
130.284247470,0,0,0
130.284523620,0,0,1
130.284538700,0,0,0
130.302942080,1,0,0
130.309943770,0,0,0
130.310226780,0,0,1
130.310226970,0,1,1
130.310242030,0,1,0
130.310242260,0,0,0
130.328701140,1,0,0
130.335705800,0,0,0
130.335986420,0,0,1
130.335988950,0,1,1
130.336001620,0,1,0
130.336004140,0,0,0
130.353708580,1,0,0
130.360714850,0,0,0
130.360992360,0,1,0
130.360993990,0,1,1
130.361007690,0,0,1
130.361009070,0,0,0
130.379457180,1,0,0
130.386462950,0,0,0
130.386741880,0,0,1
130.386747140,0,1,1
130.386757120,0,1,0
130.386762260,0,0,0
130.403147700,1,0,0
130.410153550,0,0,0
130.410434440,0,1,0
130.410436610,0,1,1
130.410449620,0,0,1
130.410451840,0,0,0
130.426849340,1,0,0
130.433855210,0,0,0
130.434135060,0,0,1
130.434138720,0,1,1
130.434150390,0,1,0
130.434153900,0,0,0
130.452436410,1,0,0
130.459506350,0,0,0
130.459720850,0,1,0
130.459722090,0,1,1
130.459736080,0,0,1
130.459737220,0,0,0
130.478103970,1,0,0
130.485109800,0,0,0
130.485389560,0,0,1
130.485390690,0,1,1
130.485404730,0,1,0
130.485405840,0,0,0
130.502486550,1,0,0
130.509492570,0,0,0
130.509773910,0,1,0
130.509774490,0,1,1
130.509789220,0,0,1
130.509789740,0,0,0
130.527799810,1,0,0
130.534805620,0,0,0
130.535087590,0,1,0
130.535088810,0,1,1
130.535102920,0,0,1
130.535104020,0,0,0
130.552846900,1,0,0
130.559850260,0,0,0
130.560133220,0,1,0
130.560136300,0,1,1
130.560148530,0,0,1
130.560151490,0,0,0
130.579066330,1,0,0
130.586072270,0,0,0
130.586352870,0,1,0
130.586355770,0,1,1
130.586368040,0,0,1
130.586371040,0,0,0
130.604414240,1,0,0
130.611420070,0,0,0
130.611701690,0,1,0
130.611703220,0,1,1
130.611716880,0,0,1
130.611718470,0,0,0
130.629509270,1,0,0
130.636515350,0,0,0
130.636795870,0,1,0
130.636796400,0,1,1
130.636810970,0,0,1
130.636811560,0,0,0
130.655358700,1,0,0
130.662363110,0,0,0
130.662641750,0,1,0
130.662646030,0,1,1
130.662657040,0,0,1
130.662661340,0,0,0
130.678967570,1,0,0
130.685973440,0,0,0
130.686254320,0,0,1
130.686257830,0,1,1
130.686269480,0,1,0
130.686273030,0,0,0
130.703240430,1,0,0
130.710246340,0,0,0
130.710525060,0,1,0
130.710525450,0,1,1
130.710540330,0,0,1
130.710540590,0,0,0
130.727176280,1,0,0
130.734182420,0,0,0
130.734459840,0,0,1
130.734464450,0,1,1
130.734475080,0,1,0
130.734479630,0,0,0
130.752515730,1,0,0
130.759521450,0,0,0
130.759802830,0,1,0
130.759804680,0,1,1
130.759817930,0,0,1
130.759819990,0,0,0
130.778023800,1,0,0
130.785029530,0,0,0
130.785310420,0,0,1
130.785311450,0,1,1
130.785325650,0,1,0
130.785326610,0,0,0
130.803958310,1,0,0
130.810966620,0,0,0
130.811244680,0,1,0
130.811246580,0,1,1
130.811260050,0,0,1
130.811261700,0,0,0
130.829226150,1,0,0
130.836230990,0,0,0
130.836512400,0,0,1
130.836513110,0,1,1
130.836527580,0,1,0
130.836528250,0,0,0
130.855019850,1,0,0
130.862026080,0,0,0
130.862306010,0,0,1
130.862306510,0,1,1
130.862321240,0,1,0
130.862321700,0,0,0
130.880233280,1,0,0
130.887239130,0,0,0
130.887519710,0,1,0
130.887521770,0,1,1
130.887534850,0,0,1
130.887536900,0,0,0
130.905406930,1,0,0
130.912412910,0,0,0
130.912692920,0,1,0
130.912694030,0,1,1
130.912708130,0,0,1
130.912709240,0,0,0
130.930128750,1,0,0
130.937133500,0,0,0
130.937415600,0,1,0
130.937417730,0,1,1
130.937430740,0,0,1
130.937432920,0,0,0
130.955833380,1,0,0
130.962839760,0,0,0
130.963119840,0,1,0
130.963121220,0,1,1
130.963135080,0,0,1
130.963136390,0,0,0
130.979380880,1,0,0
130.986389320,0,0,0
130.986668280,0,1,0
130.986683550,0,0,0
130.986736000,0,0,1
130.986751150,0,0,0
131.003382240,1,0,0
131.010388590,0,0,0
131.010668700,0,0,1
131.010671710,0,1,1
131.010683910,0,1,0
131.010686830,0,0,0
131.028987790,1,0,0
131.035994120,0,0,0
131.036274920,0,0,1
131.036275050,0,1,1
131.036290080,0,1,0
131.036290260,0,0,0
131.052929020,1,0,0
131.059932250,0,0,0
131.060214990,0,0,1
131.060218250,0,1,1
131.060230160,0,1,0
131.060233520,0,0,0
131.078469340,1,0,0
131.085474470,0,0,0
131.085756590,0,0,1
131.085756780,0,1,1
131.085771850,0,1,0
131.085772010,0,0,0
131.104265020,1,0,0
131.111271250,0,0,0
131.111551530,0,0,1
131.111555330,0,1,1
131.111566700,0,1,0
131.111570410,0,0,0
131.129390420,1,0,0
131.136396360,0,0,0
131.136676190,0,0,1
131.136677190,0,1,1
131.136691440,0,1,0
131.136692350,0,0,0
131.155165310,1,0,0
131.162171390,0,0,0
131.162451070,0,1,0
131.162454490,0,1,1
131.162466340,0,0,1
131.162469740,0,0,0
131.180978300,1,0,0
131.187984640,0,0,0
131.188265290,0,1,0
131.188266960,0,1,1
131.188280470,0,0,1
131.188282190,0,0,0
131.206684790,1,0,0
131.213690690,0,0,0
131.213970580,0,0,1
131.213972480,0,1,1
131.213985760,0,1,0
131.213987730,0,0,0
131.230813610,1,0,0
131.237819380,0,0,0
131.238099750,0,0,1
131.238100850,0,1,1
131.238114940,0,1,0
131.238116080,0,0,0
131.256530600,1,0,0
131.263536470,0,0,0
131.263817350,0,0,1
131.263820610,0,1,1
131.263832510,0,1,0
131.263835710,0,0,0
131.282238130,1,0,0
131.289241980,0,0,0
131.289523010,0,1,0
131.289526590,0,1,1
131.289538210,0,0,1
131.289541790,0,0,0
131.308005120,1,0,0
131.315009540,0,0,0
131.315292290,0,1,0
131.315294120,0,1,1
131.315307430,0,0,1
131.315309220,0,0,0
131.333767220,1,0,0
131.340773030,0,0,0
131.341053340,0,0,1
131.341054440,0,1,1
131.341068590,0,1,0
131.341069730,0,0,0
131.359462960,1,0,0
131.366469020,0,0,0
131.366748130,0,1,0
131.366751890,0,1,1
131.366763320,0,0,1
131.366766990,0,0,0
131.385259780,1,0,0
131.392265720,0,0,0
131.392610860,0,0,1
131.392611980,0,1,1
131.392626130,0,1,0
131.392627160,0,0,0
131.410961230,1,0,0
131.417967520,0,0,0
131.418248400,0,1,0
131.418248870,0,1,1
131.418263630,0,0,1
131.418264140,0,0,0
131.436670320,1,0,0
131.443676450,0,0,0
131.443956130,0,0,1
131.443959160,0,1,1
131.443971340,0,1,0
131.443974450,0,0,0
131.462283560,1,0,0
131.469352790,0,0,0
131.469569700,0,0,1
131.469570100,0,1,1
131.469585080,0,1,0
131.469585390,0,0,0
131.486069630,1,0,0
131.493074170,0,0,0
131.493353450,0,1,0
131.493358240,0,1,1
131.493368610,0,0,1
131.493373420,0,0,0
131.511801820,1,0,0
131.518806300,0,0,0
131.519086310,0,0,1
131.519086930,0,1,1
131.519101560,0,1,0
131.519102120,0,0,0
131.535755350,1,0,0
131.542761700,0,0,0
131.543041050,0,0,1
131.543042650,0,1,1
131.543056300,0,1,0
131.543057840,0,0,0
131.560405660,1,0,0
131.567411750,0,0,0
131.567689680,0,1,0
131.567693100,0,1,1
131.567704930,0,0,1
131.567708160,0,0,0
131.586037400,1,0,0
131.593043130,0,0,0
131.593321880,0,0,1
131.593324590,0,1,1
131.593337150,0,1,0
131.593339830,0,0,0
131.611856960,1,0,0
131.618863060,0,0,0
131.619142070,0,1,0
131.619146310,0,1,1
131.619157280,0,0,1
131.619161470,0,0,0
131.637304940,1,0,0
131.644309960,0,0,0
131.644591270,0,1,0
131.644591670,0,1,1
131.644606470,0,0,1
131.644606880,0,0,0
131.663012660,1,0,0
131.670015810,0,0,0
131.670299610,0,1,0
131.670314810,0,0,0
131.670358330,0,0,1
131.670373580,0,0,0
131.687582170,1,0,0
131.694588310,0,0,0
131.694867220,0,1,0
131.694870050,0,1,1
131.694882490,0,0,1
131.694885300,0,0,0
131.713425740,1,0,0
131.720491620,0,0,0
131.720711190,0,1,0
131.720713910,0,1,1
131.720726350,0,0,1
131.720729040,0,0,0
131.736905490,1,0,0
131.743911180,0,0,0
131.744192420,0,0,1
131.744194890,0,1,1
131.744207610,0,1,0
131.744210150,0,0,0
131.762587190,1,0,0
131.769593290,0,0,0
131.769873230,0,1,0
131.769876850,0,1,1
131.769888370,0,0,1
131.769892030,0,0,0
131.787615180,1,0,0
131.794618030,0,0,0
131.794901590,0,1,0
131.794905360,0,1,1
131.794916770,0,0,1
131.794920630,0,0,0
131.812297990,1,0,0
131.819304080,0,0,0
131.819582830,0,0,1
131.819584910,0,1,1
131.819597930,0,1,0
131.819600100,0,0,0
131.835966930,1,0,0
131.842972890,0,0,0
131.843251230,0,0,1
131.843253170,0,1,1
131.843266340,0,1,0
131.843268290,0,0,0
131.861667860,1,0,0
131.868674040,0,0,0
131.868954450,0,0,1
131.868956850,0,1,1
131.868969580,0,1,0
131.868972070,0,0,0
131.885550150,1,0,0
131.892556190,0,0,0
131.892838920,0,0,1
131.892839980,0,1,1
131.892854110,0,1,0
131.892855230,0,0,0
131.911239620,1,0,0
131.918222240,0,0,0
131.918527490,0,0,1
131.918527590,0,1,1
131.918542640,0,1,0
131.918542800,0,0,0
131.937000110,1,0,0
131.944006360,0,0,0
131.944285790,0,1,0
131.944289650,0,1,1
131.944300890,0,0,1
131.944304790,0,0,0
131.962977720,1,0,0
131.969983850,0,0,0
131.970262910,0,0,1
131.970265270,0,1,1
131.970278120,0,1,0
131.970280560,0,0,0
131.986594770,1,0,0
131.993601140,0,0,0
131.993882370,0,1,0
131.993882750,0,1,1
131.993897610,0,0,1
131.993898000,0,0,0
132.012232820,1,0,0
132.019239050,0,0,0
132.019520870,0,0,1
132.019522060,0,1,1
132.019536160,0,1,0
132.019537290,0,0,0
132.036050610,1,0,0
132.043055170,0,0,0
132.043337090,0,0,1
132.043339490,0,1,1
132.043352290,0,1,0
132.043354720,0,0,0
132.061777640,1,0,0
132.068783830,0,0,0
132.069063680,0,1,0
132.069067740,0,1,1
132.069078870,0,0,1
132.069083070,0,0,0
132.087474050,1,0,0
132.094541940,0,0,0
132.094759900,0,0,1
132.094760840,0,1,1
132.094775130,0,1,0
132.094776040,0,0,0
132.111380550,1,0,0
132.118386670,0,0,0
132.118667910,0,1,0
132.118669640,0,1,1
132.118683120,0,0,1
132.118684800,0,0,0
132.135030110,1,0,0
132.142036230,0,0,0
132.142316630,0,1,0
132.142318150,0,1,1
132.142331810,0,0,1
132.142333310,0,0,0
132.160858580,1,0,0
132.167864530,0,0,0
132.168145030,0,1,0
132.168146580,0,1,1
132.168160170,0,0,1
132.168161820,0,0,0
132.186236340,1,0,0
132.193242520,0,0,0
132.193524850,0,1,0
132.193525130,0,1,1
132.193540120,0,0,1
132.193540290,0,0,0
132.210966380,1,0,0
132.217972300,0,0,0
132.218251670,0,1,0
132.218253410,0,1,1
132.218266780,0,0,1
132.218268640,0,0,0
132.236920690,1,0,0
132.243926640,0,0,0
132.244205920,0,0,1
132.244207450,0,1,1
132.244221150,0,1,0
132.244222700,0,0,0
132.262601220,1,0,0
132.269607490,0,0,0
132.269888610,0,1,0
132.269890280,0,1,1
132.269903870,0,0,1
132.269905450,0,0,0
132.286626010,1,0,0
132.293632090,0,0,0
132.293912790,0,0,1
132.293913380,0,1,1
132.293928000,0,1,0
132.293928670,0,0,0
132.310782740,1,0,0
132.317788780,0,0,0
132.318066350,0,1,0
132.318072180,0,1,1
132.318081560,0,0,1
132.318087410,0,0,0
132.336618150,1,0,0
132.343622250,0,0,0
132.343904650,0,0,1
132.343916670,0,1,1
132.343919850,0,1,0
132.343931900,0,0,0
132.362466600,1,0,0
132.369472180,0,0,0
132.369753180,0,0,1
132.369753260,0,1,1
132.369768370,0,1,0
132.369768490,0,0,0
132.387236620,1,0,0
132.394242700,0,0,0
132.394522320,0,0,1
132.394522770,0,1,1
132.394537580,0,1,0
132.394538060,0,0,0
132.411839000,1,0,0
132.418844630,0,0,0
132.419125260,0,1,0
132.419125950,0,1,1
132.419140490,0,0,1
132.419141110,0,0,0
132.437121260,1,0,0
132.444127240,0,0,0
132.444407100,0,1,0
132.444409360,0,1,1
132.444422350,0,0,1
132.444424500,0,0,0
132.463018920,1,0,0
132.470023350,0,0,0
132.470307740,0,0,1
132.470308110,0,1,1
132.470322930,0,1,0
132.470323300,0,0,0
132.487885590,1,0,0
132.494891880,0,0,0
132.495170290,0,0,1
132.495171260,0,1,1
132.495185480,0,1,0
132.495186430,0,0,0
132.511965090,1,0,0
132.518969630,0,0,0
132.519253680,0,0,1
132.519254860,0,1,1
132.519268950,0,1,0
132.519270120,0,0,0
132.537775480,1,0,0
132.544781660,0,0,0
132.545062170,0,0,1
132.545063220,0,1,1
132.545077330,0,1,0
132.545078440,0,0,0
132.561752810,1,0,0
132.568758730,0,0,0
132.569040520,0,1,0
132.569041640,0,1,1
132.569055700,0,0,1
132.569056700,0,0,0
132.587605490,1,0,0
132.594611470,0,0,0
132.594893670,0,1,0
132.594894980,0,1,1
132.594909000,0,0,1
132.594910140,0,0,0
132.612822810,1,0,0
132.619828520,0,0,0
132.620107340,0,0,1
132.620107490,0,1,1
132.620122510,0,1,0
132.620122660,0,0,0
132.638621530,1,0,0
132.645627570,0,0,0
132.645906630,0,0,1
132.645911600,0,1,1
132.645921790,0,1,0
132.645926750,0,0,0
132.662616780,1,0,0
132.669622900,0,0,0
132.669892450,0,1,0
132.669905260,0,1,1
132.669907650,0,0,1
132.669920570,0,0,0
132.688502750,1,0,0
132.695508230,0,0,0
132.695786080,0,1,0
132.695795830,0,1,1
132.695801200,0,0,1
132.695811020,0,0,0
132.712889860,1,0,0
132.719935630,0,0,0
132.720176990,0,0,1
132.720177010,0,1,1
132.720192230,0,0,1
132.720192260,0,0,0
132.738554200,1,0,0
132.745558680,0,0,0
132.745840260,0,1,0
132.745840500,0,1,1
132.745855430,0,0,1
132.745855600,0,0,0
132.764671630,1,0,0
132.771677630,0,0,0
132.771957480,0,1,0
132.771957590,0,1,1
132.771972620,0,0,1
132.771972930,0,0,0
132.789849870,1,0,0
132.796855890,0,0,0
132.797136420,0,0,1
132.797137030,0,1,1
132.797152170,0,0,1
132.797216960,0,0,0
132.813913470,1,0,0
132.820918120,0,0,0
132.821199720,0,0,1
132.821200450,0,1,1
132.821214860,0,1,0
132.821215620,0,0,0
132.837698680,1,0,0
132.844704740,0,0,0
132.844983920,0,1,0
132.844984230,0,1,1
132.844999110,0,0,1
132.844999370,0,0,0
132.862628690,1,0,0
132.869638120,0,0,0
132.869914720,0,1,0
132.869917720,0,1,1
132.869929870,0,0,1
132.869932900,0,0,0
132.888481510,1,0,0
132.895487680,0,0,0
132.895770630,0,1,0
132.895770960,0,1,1
132.895785770,0,0,1
132.895786350,0,0,0
132.914249070,1,0,0
132.921254170,0,0,0
132.921532090,0,0,1
132.921538900,0,1,1
132.921547280,0,1,0
132.921554070,0,0,0
132.938572090,1,0,0
132.945576530,0,0,0
132.945852750,0,1,0
132.945857850,0,1,1
132.945867930,0,0,1
132.945873040,0,0,0
132.964369100,1,0,0
132.971374870,0,0,0
132.971654480,0,1,0
132.971655200,0,1,1
132.971669710,0,0,1
132.971670380,0,0,0
132.989610710,1,0,0
132.996615270,0,0,0
132.996898870,0,0,1
132.996898970,0,1,1
132.996914080,0,1,0
132.996914220,0,0,0
133.013594050,1,0,0
133.020600210,0,0,0
133.020881060,0,1,0
133.020883010,0,1,1
133.020896290,0,0,1
133.020898210,0,0,0
133.039379640,1,0,0
133.046385700,0,0,0
133.046665630,0,1,0
133.046666620,0,1,1
133.046680760,0,0,1
133.046681750,0,0,0
133.064127170,1,0,0
133.071133210,0,0,0
133.071414170,0,0,1
133.071414270,0,1,1
133.071429280,0,1,0
133.071429370,0,0,0
133.089009130,1,0,0
133.096015050,0,0,0
133.096297500,0,1,0
133.096312710,0,0,0
133.096363790,0,0,1
133.096378890,0,0,0
133.114706140,1,0,0
133.121712020,0,0,0
133.121991630,0,0,1
133.121995780,0,1,1
133.122006820,0,1,0
133.122011030,0,0,0
133.138382020,1,0,0
133.145388390,0,0,0
133.145669190,0,1,0
133.145670390,0,1,1
133.145684440,0,0,1
133.145685600,0,0,0
133.164013150,1,0,0
133.171017940,0,0,0
133.171301700,0,1,0
133.171303570,0,1,1
133.171316940,0,0,1
133.171318800,0,0,0
133.189550060,1,0,0
133.196554410,0,0,0
133.196836040,0,1,0
133.196837180,0,1,1
133.196851290,0,0,1
133.196852350,0,0,0
133.214807020,1,0,0
133.221813190,0,0,0
133.222094340,0,1,0
133.222094780,0,1,1
133.222109560,0,0,1
133.222109960,0,0,0
133.240557470,1,0,0
133.247562330,0,0,0
133.247843950,0,0,1
133.247847680,0,1,1
133.247859080,0,1,0
133.247862820,0,0,0
133.264441780,1,0,0
133.271447970,0,0,0
133.271727530,0,0,1
133.271731310,0,1,1
133.271742670,0,1,0
133.271746540,0,0,0
133.290268730,1,0,0
133.297266840,0,0,0
133.297554610,0,1,0
133.297555790,0,1,1
133.297569800,0,0,1
133.297570870,0,0,0
133.314102610,1,0,0
133.321108320,0,0,0
133.321387180,0,1,0
133.321389110,0,1,1
133.321402430,0,0,1
133.321404230,0,0,0
133.339925640,1,0,0
133.346931870,0,0,0
133.347210480,0,1,0
133.347212560,0,1,1
133.347225710,0,0,1
133.347227740,0,0,0
133.365557530,1,0,0
133.372563750,0,0,0
133.372842300,0,1,0
133.372843460,0,1,1
133.372857490,0,0,1
133.372858560,0,0,0
133.389242300,1,0,0
133.396250630,0,0,0
133.396528020,0,1,0
133.396529660,0,1,1
133.396543180,0,0,1
133.396544820,0,0,0
133.413017440,1,0,0
133.420056270,0,0,0
133.420303130,0,0,1
133.420306470,0,1,1
133.420318190,0,1,0
133.420321710,0,0,0
133.438898790,1,0,0
133.445904720,0,0,0
133.446185000,0,1,0
133.446186530,0,1,1
133.446200180,0,0,1
133.446201740,0,0,0
133.464121190,1,0,0
133.471127080,0,0,0
133.471409650,0,0,1
133.471424790,0,0,0
133.471473570,0,1,0
133.471488730,0,0,0
133.490036850,1,0,0
133.497043050,0,0,0
133.497323220,0,0,1
133.497326800,0,1,1
133.497338470,0,1,0
133.497342030,0,0,0
133.514265290,1,0,0
133.521269850,0,0,0
133.521550750,0,0,1
133.521555080,0,1,1
133.521565870,0,1,0
133.521570270,0,0,0
133.538057580,1,0,0
133.545063720,0,0,0
133.545343650,0,1,0
133.545345050,0,1,1
133.545358920,0,0,1
133.545360200,0,0,0
133.563523110,1,0,0
133.570529210,0,0,0
133.570808560,0,0,1
133.570811890,0,1,1
133.570823850,0,1,0
133.570826990,0,0,0
133.589374120,1,0,0
133.596442080,0,0,0
133.596660290,0,1,0
133.596662070,0,1,1
133.596675400,0,0,1
133.596677280,0,0,0
133.612959080,1,0,0
133.619965240,0,0,0
133.620244400,0,0,1
133.620247720,0,1,1
133.620259600,0,1,0
133.620262950,0,0,0
133.638790900,1,0,0
133.645797020,0,0,0
133.646076920,0,1,0
133.646078930,0,1,1
133.646092080,0,0,1
133.646094200,0,0,0
133.662504670,1,0,0
133.669509170,0,0,0
133.669789400,0,1,0
133.669792170,0,1,1
133.669804490,0,0,1
133.669807410,0,0,0
133.688265200,1,0,0
133.695270850,0,0,0
133.695549760,0,0,1
133.695552830,0,1,1
133.695564900,0,1,0
133.695567970,0,0,0
133.712139120,1,0,0
133.719145140,0,0,0
133.719424040,0,0,1
133.719427070,0,1,1
133.719439370,0,1,0
133.719442290,0,0,0
133.735748160,1,0,0
133.742754340,0,0,0
133.743034390,0,1,0
133.743036590,0,1,1
133.743049550,0,0,1
133.743051820,0,0,0
133.761133690,1,0,0
133.768138000,0,0,0
133.768418980,0,1,0
133.768420040,0,1,1
133.768434190,0,0,1
133.768435240,0,0,0
133.786986800,1,0,0
133.793992360,0,0,0
133.794272380,0,1,0
133.794274340,0,1,1
133.794287510,0,0,1
133.794289420,0,0,0
133.812677100,1,0,0
133.819683170,0,0,0
133.819962870,0,0,1
133.819965810,0,1,1
133.819978040,0,1,0
133.819980910,0,0,0
133.837036190,1,0,0
133.844042090,0,0,0
133.844266760,0,0,1
133.844282000,0,0,0
133.844321500,0,1,0
133.844336710,0,0,0
133.862694950,1,0,0
133.869699200,0,0,0
133.869982430,0,1,0
133.869983870,0,1,1
133.869997590,0,0,1
133.869999100,0,0,0
133.888536340,1,0,0
133.895603730,0,0,0
133.895823230,0,0,1
133.895825850,0,1,1
133.895838420,0,1,0
133.895841060,0,0,0
133.912559500,1,0,0
133.919565770,0,0,0
133.919845660,0,0,1
133.919849360,0,1,1
133.919860890,0,1,0
133.919864460,0,0,0
133.938472120,1,0,0
133.945476660,0,0,0
133.945757680,0,1,0
133.945773010,0,0,0
133.945794230,0,0,1
133.945809420,0,0,0
133.962253640,1,0,0
133.969259680,0,0,0
133.969540080,0,1,0
133.969542620,0,1,1
133.969555230,0,0,1
133.969557780,0,0,0
133.988245720,1,0,0
133.995251650,0,0,0
133.995531960,0,0,1
133.995534360,0,1,1
133.995547110,0,1,0
133.995549570,0,0,0
134.013533870,1,0,0
134.020539580,0,0,0
134.020820260,0,0,1
134.020822810,0,1,1
134.020835450,0,1,0
134.020838080,0,0,0
134.039422050,1,0,0
134.046428090,0,0,0
134.046708670,0,0,1
134.046710250,0,1,1
134.046723860,0,1,0
134.046725520,0,0,0
134.065263540,1,0,0
134.072269500,0,0,0
134.072549550,0,1,0
134.072552180,0,1,1
134.072564780,0,0,1
134.072567390,0,0,0
134.090836300,1,0,0
134.097842260,0,0,0
134.098122730,0,1,0
134.098125670,0,1,1
134.098137970,0,0,1
134.098140920,0,0,0
134.116758750,1,0,0
134.123764390,0,0,0
134.124043030,0,0,1
134.124046150,0,1,1
134.124058280,0,1,0
134.124061400,0,0,0
134.141872920,1,0,0
134.148876170,0,0,0
134.149159820,0,1,0
134.149162340,0,1,1
134.149174970,0,0,1
134.149177580,0,0,0
134.167679600,1,0,0
134.174685270,0,0,0
134.174965970,0,0,1
134.174968020,0,1,1
134.174981180,0,1,0
134.174983200,0,0,0
134.193623260,1,0,0
134.200629570,0,0,0
134.200909400,0,0,1
134.200911300,0,1,1
134.200924650,0,1,0
134.200926540,0,0,0
134.217394210,1,0,0
134.224399940,0,0,0
134.224677410,0,1,0
134.224682680,0,1,1
134.224692580,0,0,1
134.224697800,0,0,0
134.243329540,1,0,0
134.250335770,0,0,0
134.250616100,0,0,1
134.250617100,0,1,1
134.250631350,0,1,0
134.250632210,0,0,0
134.269076340,1,0,0
134.276082380,0,0,0
134.276361320,0,1,0
134.276364680,0,1,1
134.276376630,0,0,1
134.276379990,0,0,0
134.294580290,1,0,0
134.301586520,0,0,0
134.301867210,0,0,1
134.301868740,0,1,1
134.301882350,0,1,0
134.301883970,0,0,0
134.320505680,1,0,0
134.327511860,0,0,0
134.327792560,0,1,0
134.327795590,0,1,1
134.327807830,0,0,1
134.327810860,0,0,0
134.344535260,1,0,0
134.351541200,0,0,0
134.351809830,0,0,1
134.351821610,0,1,1
134.351825040,0,1,0
134.351836840,0,0,0
134.368442720,1,0,0
134.375445860,0,0,0
134.375728220,0,0,1
134.375729980,0,1,1
134.375743420,0,1,0
134.375745190,0,0,0
134.392097340,1,0,0
134.399103220,0,0,0
134.399383470,0,1,0
134.399385870,0,1,1
134.399398570,0,0,1
134.399401020,0,0,0
134.417720980,1,0,0
134.424722000,0,0,0
134.425005970,0,1,0
134.425010050,0,1,1
134.425021100,0,0,1
134.425025360,0,0,0
134.443522280,1,0,0
134.450528220,0,0,0
134.450808700,0,0,1
134.450810190,0,1,1
134.450823810,0,1,0
134.450825440,0,0,0
134.467060820,1,0,0
134.474067150,0,0,0
134.474345690,0,0,1
134.474348760,0,1,1
134.474360940,0,1,0
134.474363720,0,0,0
134.492918250,1,0,0
134.499924660,0,0,0
134.500205410,0,0,1
134.500206120,0,1,1
134.500220640,0,1,0
134.500221250,0,0,0
134.518725150,1,0,0
134.525731570,0,0,0
134.526013980,0,0,1
134.526014170,0,1,1
134.526029230,0,1,0
134.526029440,0,0,0
134.544634420,1,0,0
134.551640370,0,0,0
134.551919740,0,0,1
134.551921280,0,1,1
134.551934830,0,1,0
134.551936470,0,0,0
134.570042420,1,0,0
134.577045800,0,0,0
134.577328230,0,0,1
134.577331310,0,1,1
134.577343460,0,1,0
134.577346460,0,0,0
134.595698940,1,0,0
134.602704960,0,0,0
134.602980990,0,0,1
134.602985440,0,1,1
134.602996160,0,1,0
134.603000710,0,0,0
134.619747540,1,0,0
134.626753620,0,0,0
134.627033890,0,1,0
134.627037880,0,1,1
134.627049160,0,0,1
134.627052980,0,0,0
134.645471740,1,0,0
134.652477550,0,0,0
134.652757500,0,1,0
134.652760910,0,1,1
134.652772670,0,0,1
134.652776140,0,0,0
134.670904790,1,0,0
134.677907950,0,0,0
134.678190570,0,1,0
134.678193520,0,1,1
134.678205820,0,0,1
134.678208730,0,0,0
134.696483130,1,0,0
134.703489170,0,0,0
134.703769140,0,1,0
134.703772720,0,1,1
134.703784310,0,0,1
134.703787970,0,0,0
134.722364560,1,0,0
134.729370600,0,0,0
134.729651290,0,0,1
134.729652520,0,1,1
134.729666520,0,1,0
134.729667580,0,0,0
134.748092280,1,0,0
134.755096590,0,0,0
134.755379700,0,0,1
134.755380840,0,1,1
134.755394860,0,1,0
134.755395990,0,0,0
134.772009220,1,0,0
134.779014970,0,0,0
134.779296730,0,1,0
134.779298170,0,1,1
134.779311850,0,0,1
134.779313350,0,0,0
134.795965280,1,0,0
134.802973720,0,0,0
134.803251680,0,0,1
134.803252670,0,1,1
134.803266900,0,1,0
134.803267880,0,0,0
134.821759460,1,0,0
134.828765420,0,0,0
134.829044850,0,0,1
134.829045100,0,1,1
134.829059950,0,1,0
134.829060220,0,0,0
134.846021670,1,0,0
134.853026400,0,0,0
134.853307470,0,0,1
134.853308460,0,1,1
134.853322650,0,1,0
134.853323640,0,0,0
134.871232650,1,0,0
134.878235700,0,0,0
134.878520960,0,0,1
134.878522950,0,1,1
134.878536020,0,1,0
134.878538110,0,0,0
134.896647710,1,0,0
134.903653850,0,0,0
134.903934980,0,1,0
134.903935240,0,1,1
134.903950080,0,0,1
134.903950360,0,0,0
134.920489750,1,0,0
134.927495810,0,0,0
134.927778830,0,0,1
134.927779650,0,1,1
134.927793970,0,1,0
134.927794790,0,0,0
134.945976130,1,0,0
134.952981840,0,0,0
134.953262110,0,0,1
134.953262830,0,1,1
134.953277230,0,1,0
134.953278010,0,0,0
134.971506370,1,0,0
134.978511990,0,0,0
134.978792970,0,0,1
134.978795400,0,1,1
134.978808140,0,1,0
134.978810640,0,0,0
134.996909630,1,0,0
135.003915630,0,0,0
135.004194820,0,1,0
135.004198170,0,1,1
135.004210050,0,0,1
135.004213420,0,0,0
135.021846400,1,0,0
135.028852280,0,0,0
135.029131200,0,0,1
135.029132990,0,1,1
135.029146450,0,1,0
135.029148200,0,0,0
135.047127640,1,0,0
135.054132240,0,0,0
135.054415500,0,1,0
135.054415840,0,1,1
135.054430710,0,0,1
135.054431060,0,0,0
135.070962020,1,0,0
135.077968140,0,0,0
135.078247450,0,1,0
135.078262550,0,0,0
135.078314660,0,0,1
135.078329820,0,0,0
135.096574750,1,0,0
135.103580940,0,0,0
135.103862840,0,0,1
135.103863330,0,1,1
135.103878020,0,1,0
135.103878580,0,0,0
135.122432720,1,0,0
135.129437140,0,0,0
135.129721220,0,0,1
135.129721630,0,1,1
135.129736530,0,1,0
135.129736770,0,0,0
135.146947080,1,0,0
135.153953330,0,0,0
135.154232150,0,0,1
135.154234100,0,1,1
135.154247330,0,1,0
135.154249220,0,0,0
135.171968150,1,0,0
135.178974440,0,0,0
135.179253520,0,1,0
135.179257090,0,1,1
135.179268810,0,0,1
135.179272280,0,0,0
135.196994180,1,0,0
135.203998590,0,0,0
135.204280880,0,1,0
135.204281420,0,1,1
135.204296030,0,0,1
135.204296580,0,0,0
135.221065550,1,0,0
135.228068550,0,0,0
135.228353930,0,0,1
135.228355100,0,1,1
135.228369090,0,1,0
135.228370370,0,0,0
135.247120500,1,0,0
135.254124880,0,0,0
135.254406020,0,1,0
135.254407390,0,1,1
135.254421250,0,0,1
135.254422540,0,0,0
135.272141360,1,0,0
135.279147190,0,0,0
135.279427030,0,1,0
135.279430740,0,1,1
135.279442070,0,0,1
135.279445960,0,0,0
135.296346380,1,0,0
135.303350940,0,0,0
135.303634310,0,1,0
135.303635040,0,1,1
135.303649540,0,0,1
135.303650220,0,0,0
135.321913120,1,0,0
135.328919160,0,0,0
135.329197710,0,1,0
135.329212960,0,0,0
135.329269130,0,0,1
135.329284340,0,0,0
135.346159330,1,0,0
135.353165350,0,0,0
135.353446930,0,1,0
135.353446990,0,1,1
135.353462120,0,0,0
135.371361880,1,0,0
135.378368190,0,0,0
135.378650250,0,0,1
135.378650290,0,1,1
135.378665360,0,1,0
135.378665540,0,0,0
135.395110150,1,0,0
135.402116520,0,0,0
135.402397930,0,0,1
135.402398890,0,1,1
135.402413070,0,1,0
135.402414110,0,0,0
135.420807780,1,0,0
135.427813950,0,0,0
135.428094450,0,1,0
135.428097110,0,1,1
135.428109640,0,0,1
135.428112190,0,0,0
135.446036060,1,0,0
135.453042250,0,0,0
135.453324740,0,0,1
135.453325610,0,1,1
135.453339950,0,1,0
135.453340670,0,0,0
135.471420470,1,0,0
135.478425300,0,0,0
135.478708020,0,0,1
135.478708120,0,1,1
135.478723250,0,1,0
135.478723320,0,0,0
135.496933940,1,0,0
135.504001500,0,0,0
135.504222370,0,1,0
135.504222470,0,1,1
135.504237640,0,0,1
135.504237700,0,0,0
135.522696800,1,0,0
135.529702800,0,0,0
135.529983520,0,0,1
135.529984670,0,1,1
135.529998660,0,1,0
135.529999960,0,0,0
135.548558000,1,0,0
135.555564180,0,0,0
135.555841990,0,0,1
135.555848160,0,1,1
135.555857170,0,1,0
135.555863260,0,0,0
135.572360580,1,0,0
135.579366910,0,0,0
135.579646100,0,1,0
135.579647730,0,1,1
135.579661350,0,0,1
135.579662830,0,0,0
135.597007110,1,0,0
135.604013060,0,0,0
135.604294760,0,1,0
135.604295400,0,1,1
135.604309880,0,0,1
135.604310460,0,0,0
135.622057070,1,0,0
135.629063280,0,0,0
135.629344370,0,1,0
135.629344640,0,1,1
135.629359490,0,0,1
135.629359810,0,0,0
135.647595080,1,0,0
135.654601200,0,0,0
135.654880420,0,0,1
135.654881630,0,1,1
135.654895570,0,1,0
135.654896730,0,0,0
135.671947460,1,0,0
135.678951640,0,0,0
135.679236050,0,1,0
135.679236450,0,1,1
135.679251150,0,0,1
135.679251660,0,0,0
135.696878110,1,0,0
135.703884110,0,0,0
135.704162340,0,0,1
135.704164230,0,1,1
135.704177650,0,1,0
135.704179390,0,0,0
135.722007110,1,0,0
135.729013010,0,0,0
135.729290300,0,1,0
135.729292390,0,1,1
135.729305420,0,0,1
135.729307600,0,0,0
135.746974950,1,0,0
135.753979430,0,0,0
135.754259250,0,0,1
135.754260310,0,1,1
135.754274350,0,1,0
135.754275450,0,0,0
135.772789860,1,0,0
135.779795690,0,0,0
135.780075260,0,0,1
135.780090590,0,0,0
135.780142940,0,1,0
135.780158160,0,0,0
135.797280200,1,0,0
135.804284570,0,0,0
135.804567860,0,1,0
135.804583050,0,0,0
135.804631500,0,0,1
135.804646710,0,0,0
135.821698160,1,0,0
135.828704240,0,0,0
135.828985060,0,1,0
135.828987010,0,1,1
135.829000220,0,0,1
135.829002240,0,0,0
135.847363150,1,0,0
135.854367900,0,0,0
135.854648820,0,1,0
135.854650460,0,1,1
135.854664090,0,0,1
135.854665640,0,0,0
135.872931680,1,0,0
135.879937800,0,0,0
135.880217110,0,1,0
135.880217930,0,1,1
135.880232400,0,0,1
135.880233070,0,0,0
135.896903070,1,0,0
135.903907530,0,0,0
135.904191390,0,1,0
135.904192160,0,1,1
135.904206660,0,0,1
135.904207330,0,0,0
135.921790310,1,0,0
135.928796310,0,0,0
135.929074740,0,0,1
135.929078490,0,1,1
135.929089860,0,1,0
135.929093670,0,0,0
135.947401820,1,0,0
135.954469190,0,0,0
135.954748050,0,1,0
135.954749140,0,1,1
135.954763280,0,0,1
135.954764350,0,0,0
135.971845130,1,0,0
135.978851340,0,0,0
135.979129210,0,1,0
135.979130030,0,1,1
135.979144270,0,0,1
135.979145210,0,0,0
135.997477410,1,0,0
136.004485740,0,0,0
136.004765320,0,1,0
136.004766040,0,1,1
136.004780550,0,0,1
136.004781280,0,0,0
136.022839070,1,0,0
136.029845020,0,0,0
136.030124420,0,0,1
136.030128500,0,1,1
136.030139630,0,1,0
136.030143740,0,0,0
136.047021820,1,0,0
136.054027650,0,0,0
136.054305920,0,1,0
136.054306910,0,1,1
136.054321150,0,0,1
136.054322030,0,0,0
136.072044030,1,0,0
136.079049800,0,0,0
136.079331190,0,0,1
136.079346440,0,0,0
136.079395070,0,1,0
136.079410280,0,0,0
136.095994820,1,0,0
136.103003110,0,0,0
136.103282540,0,1,0
136.103283720,0,1,1
136.103297640,0,0,1
136.103298900,0,0,0
136.120656810,1,0,0
136.127662470,0,0,0
136.127938540,0,0,1
136.127946900,0,1,1
136.127953770,0,1,0
136.127962070,0,0,0
136.145987150,1,0,0
136.152995460,0,0,0
136.153274430,0,1,0
136.153276510,0,1,1
136.153289510,0,0,1
136.153291710,0,0,0
136.171635910,1,0,0
136.178641820,0,0,0
136.178923710,0,1,0
136.178924790,0,1,1
136.178938960,0,0,1
136.178939950,0,0,0
136.196887420,1,0,0
136.203893730,0,0,0
136.204172460,0,0,1
136.204176070,0,1,1
136.204187590,0,1,0
136.204191190,0,0,0
136.222679680,1,0,0
136.229686070,0,0,0
136.229964640,0,1,0
136.229966000,0,1,1
136.229979760,0,0,1
136.229981180,0,0,0
136.248251500,1,0,0
136.255260290,0,0,0
136.255537940,0,1,0
136.255540360,0,1,1
136.255553170,0,0,1
136.255555570,0,0,0
136.273938280,1,0,0
136.280944530,0,0,0
136.281223680,0,0,1
136.281227150,0,1,1
136.281238870,0,1,0
136.281242380,0,0,0
136.299646960,1,0,0
136.306651430,0,0,0
136.306933020,0,0,1
136.306934640,0,1,1
136.306948290,0,1,0
136.306949890,0,0,0
136.325279950,1,0,0
136.332347610,0,0,0
136.332564580,0,0,1
136.332569170,0,1,1
136.332579780,0,1,0
136.332584390,0,0,0
136.349762320,1,0,0
136.356768570,0,0,0
136.357046250,0,0,1
136.357052380,0,1,1
136.357061560,0,1,0
136.357067590,0,0,0
136.375503670,1,0,0
136.382509540,0,0,0
136.382790660,0,1,0
136.382792450,0,1,1
136.382805870,0,0,1
136.382807660,0,0,0
136.401182470,1,0,0
136.408186990,0,0,0
136.408468110,0,1,0
136.408469940,0,1,1
136.408483350,0,0,1
136.408485190,0,0,0
136.426840270,1,0,0
136.433906670,0,0,0
136.434126650,0,1,0
136.434129160,0,1,1
136.434141900,0,0,1
136.434144340,0,0,0
136.450451290,1,0,0
136.457454230,0,0,0
136.457737620,0,0,1
136.457740790,0,1,1
136.457752810,0,1,0
136.457756020,0,0,0
136.475620570,1,0,0
136.482626610,0,0,0
136.482906030,0,0,1
136.482908230,0,1,1
136.482921190,0,1,0
136.482923500,0,0,0
136.501233310,1,0,0
136.508238990,0,0,0
136.508519350,0,0,1
136.508522680,0,1,1
136.508534540,0,1,0
136.508537900,0,0,0
136.526923570,1,0,0
136.533929570,0,0,0
136.534211000,0,1,0
136.534213050,0,1,1
136.534226220,0,0,1
136.534228270,0,0,0
136.552390620,1,0,0
136.559396990,0,0,0
136.559676430,0,0,1
136.559676690,0,1,1
136.559691680,0,1,0
136.559691880,0,0,0
136.578144920,1,0,0
136.585150610,0,0,0
136.585431740,0,1,0
136.585434130,0,1,1
136.585447030,0,0,1
136.585449320,0,0,0
136.603749100,1,0,0
136.610755300,0,0,0
136.611036160,0,1,0
136.611038240,0,1,1
136.611051350,0,0,1
136.611053530,0,0,0
136.629385900,1,0,0
136.636390540,0,0,0
136.636671770,0,0,1
136.636674420,0,1,1
136.636686880,0,1,0
136.636689670,0,0,0
136.655086760,1,0,0
136.662092660,0,0,0
136.662372090,0,1,0
136.662375080,0,1,1
136.662387280,0,0,1
136.662390240,0,0,0
136.680701460,1,0,0
136.687707520,0,0,0
136.687987690,0,0,1
136.687991250,0,1,1
136.688003020,0,1,0
136.688006390,0,0,0
136.706621530,1,0,0
136.713627680,0,0,0
136.713907030,0,0,1
136.713909730,0,1,1
136.713922130,0,1,0
136.713924900,0,0,0
136.732114940,1,0,0
136.739121000,0,0,0
136.739402240,0,1,0
136.739417470,0,0,0
136.739465830,0,0,1
136.739481080,0,0,0
136.756958690,1,0,0
136.763964730,0,0,0
136.764245620,0,1,0
136.764251240,0,1,1
136.764260830,0,0,1
136.764266400,0,0,0
136.782815080,1,0,0
136.789820930,0,0,0
136.790102230,0,0,1
136.790117460,0,0,0
136.790168420,0,1,0
136.790183580,0,0,0
136.808482420,1,0,0
136.815488540,0,0,0
136.815768010,0,0,1
136.815768180,0,1,1
136.815783320,0,1,0
136.815783380,0,0,0
136.834212870,1,0,0
136.841219030,0,0,0
136.841499060,0,0,1
136.841501720,0,1,1
136.841514290,0,1,0
136.841516870,0,0,0
136.859821500,1,0,0
136.866832060,0,0,0
136.867107470,0,0,1
136.867110000,0,1,1
136.867122610,0,1,0
136.867125230,0,0,0
136.883953920,1,0,0
136.890959860,0,0,0
136.891239950,0,0,1
136.891243240,0,1,1
136.891255100,0,1,0
136.891258450,0,0,0
136.909736990,1,0,0
136.916742100,0,0,0
136.917024340,0,0,1
136.917026870,0,1,1
136.917039460,0,1,0
136.917042140,0,0,0
136.933583160,1,0,0
136.940589030,0,0,0
136.940870170,0,1,0
136.940870260,0,1,1
136.940885310,0,0,1
136.940885410,0,0,0
136.959594380,1,0,0
136.966600340,0,0,0
136.966878790,0,0,1
136.966883450,0,1,1
136.966893980,0,1,0
136.966898660,0,0,0
136.984811970,1,0,0
136.991816490,0,0,0
136.992097060,0,1,0
136.992099510,0,1,1
136.992112240,0,0,1
136.992114800,0,0,0
137.010518790,1,0,0
137.017523230,0,0,0
137.017805380,0,1,0
137.017805630,0,1,1
137.017820480,0,0,1
137.017820830,0,0,0
137.035058250,1,0,0
137.042064080,0,0,0
137.042342720,0,1,0
137.042346590,0,1,1
137.042357860,0,0,1
137.042361760,0,0,0
137.058906650,1,0,0
137.065912350,0,0,0
137.066192230,0,1,0
137.066195120,0,1,1
137.066207440,0,0,1
137.066210270,0,0,0
137.083901280,1,0,0
137.090905840,0,0,0
137.091185990,0,0,1
137.091190320,0,1,1
137.091201300,0,1,0
137.091205570,0,0,0
137.109759410,1,0,0
137.116765390,0,0,0
137.117046830,0,0,1
137.117047450,0,1,1
137.117062060,0,1,0
137.117062640,0,0,0
137.135498670,1,0,0
137.142503070,0,0,0
137.142785220,0,0,1
137.142800460,0,0,0
137.142852040,0,1,0
137.142867160,0,0,0
137.161283950,1,0,0
137.168288410,0,0,0
137.168569880,0,1,0
137.168573520,0,1,1
137.168585070,0,0,1
137.168588700,0,0,0
137.186805730,1,0,0
137.193811730,0,0,0
137.194091190,0,0,1
137.194092930,0,1,1
137.194106290,0,1,0
137.194108110,0,0,0
137.212521810,1,0,0
137.219499570,0,0,0
137.219807420,0,1,0
137.219810470,0,1,1
137.219822730,0,0,1
137.219825740,0,0,0
137.237608190,1,0,0
137.244612870,0,0,0
137.244894400,0,1,0
137.244898980,0,1,1
137.244909610,0,0,1
137.244914110,0,0,0
137.262734750,1,0,0
137.269739380,0,0,0
137.270021410,0,0,1
137.270024140,0,1,1
137.270036450,0,1,0
137.270039390,0,0,0
137.288534910,1,0,0
137.295540890,0,0,0
137.295819540,0,0,1
137.295821750,0,1,1
137.295834770,0,1,0
137.295837060,0,0,0
137.313716880,1,0,0
137.320722890,0,0,0
137.321003220,0,0,1
137.321005860,0,1,1
137.321018300,0,1,0
137.321021130,0,0,0
137.337428640,1,0,0
137.344434640,0,0,0
137.344714330,0,1,0
137.344717620,0,1,1
137.344729560,0,0,1
137.344732790,0,0,0
137.362625130,1,0,0
137.369631150,0,0,0
137.369866720,0,0,1
137.369881860,0,0,0
137.369912480,0,1,0
137.369927600,0,0,0
137.388225720,1,0,0
137.395231510,0,0,0
137.395510970,0,1,0
137.395514600,0,1,1
137.395526130,0,0,1
137.395529770,0,0,0
137.413902560,1,0,0
137.420908270,0,0,0
137.421189660,0,1,0
137.421192050,0,1,1
137.421204800,0,0,1
137.421207190,0,0,0
137.437990210,1,0,0
137.444995060,0,0,0
137.445275400,0,1,0
137.445275430,0,1,1
137.445290580,0,0,1
137.445290660,0,0,0
137.463618820,1,0,0
137.470685950,0,0,0
137.470903590,0,1,0
137.470904800,0,1,1
137.470918860,0,0,1
137.470919980,0,0,0
137.487695200,1,0,0
137.494701490,0,0,0
137.494983180,0,0,1
137.494984600,0,1,1
137.494998350,0,1,0
137.494999740,0,0,0
137.511884600,1,0,0
137.518891640,0,0,0
137.519171690,0,0,1
137.519173090,0,1,1
137.519186850,0,1,0
137.519188380,0,0,0
137.537689900,1,0,0
137.544692690,0,0,0
137.544974180,0,0,1
137.544976430,0,1,1
137.544989410,0,1,0
137.544991610,0,0,0
137.563486470,1,0,0
137.570491050,0,0,0
137.570773460,0,0,1
137.570774710,0,1,1
137.570788670,0,1,0
137.570789890,0,0,0
137.588729870,1,0,0
137.595735870,0,0,0
137.596015550,0,0,1
137.596018130,0,1,1
137.596030840,0,1,0
137.596033340,0,0,0
137.613664170,1,0,0
137.620670440,0,0,0
137.620940250,0,0,1
137.620951430,0,1,1
137.620955500,0,1,0
137.620966680,0,0,0
137.638534110,1,0,0
137.645538800,0,0,0
137.645819830,0,1,0
137.645823900,0,1,1
137.645835080,0,0,1
137.645839090,0,0,0
137.662769930,1,0,0
137.669774280,0,0,0
137.670055550,0,1,0
137.670057250,0,1,1
137.670070740,0,0,1
137.670072470,0,0,0
137.688602460,1,0,0
137.695608460,0,0,0
137.695890480,0,0,1
137.695891680,0,1,1
137.695905630,0,1,0
137.695906910,0,0,0
137.713880970,1,0,0
137.720886780,0,0,0
137.721168730,0,1,0
137.721168870,0,1,1
137.721183940,0,0,1
137.721184080,0,0,0
137.740011870,1,0,0
137.747014770,0,0,0
137.747298320,0,1,0
137.747301210,0,1,1
137.747313610,0,0,1
137.747316340,0,0,0
137.765046280,1,0,0
137.772052170,0,0,0
137.772331760,0,1,0
137.772335970,0,1,1
137.772346910,0,0,1
137.772351140,0,0,0
137.790907330,1,0,0
137.797912390,0,0,0
137.798194090,0,0,1
137.798195000,0,1,1
137.798209310,0,1,0
137.798210210,0,0,0
137.814889080,1,0,0
137.821891850,0,0,0
137.822177780,0,0,1
137.822178420,0,1,1
137.822193030,0,1,0
137.822193530,0,0,0
137.840657340,1,0,0
137.847663520,0,0,0
137.847945020,0,0,1
137.847945810,0,1,1
137.847960160,0,1,0
137.847961010,0,0,0
137.866481310,1,0,0
137.873485890,0,0,0
137.873769610,0,0,1
137.873770330,0,1,1
137.873784780,0,1,0
137.873785540,0,0,0
137.891778110,1,0,0
137.898784330,0,0,0
137.899068040,0,0,1
137.899068760,0,1,1
137.899083100,0,1,0
137.899083980,0,0,0
137.917515910,1,0,0
137.924522160,0,0,0
137.924800380,0,0,1
137.924801050,0,1,1
137.924815650,0,1,0
137.924816280,0,0,0
137.942235430,1,0,0
137.949241060,0,0,0
137.949519500,0,1,0
137.949524100,0,1,1
137.949534710,0,0,1
137.949539240,0,0,0
137.968097150,1,0,0
137.975103320,0,0,0
137.975382360,0,0,1
137.975383900,0,1,1
137.975397500,0,1,0
137.975399190,0,0,0
137.993030990,1,0,0
138.000036720,0,0,0
138.000302180,0,0,1
138.000316240,0,1,1
138.000317350,0,1,0
138.000331390,0,0,0
138.018932000,1,0,0
138.025937210,0,0,0
138.026219320,0,0,1
138.026220600,0,1,1
138.026234480,0,1,0
138.026235810,0,0,0
138.044696820,1,0,0
138.051703010,0,0,0
138.051982600,0,0,1
138.051984150,0,1,1
138.051997740,0,1,0
138.051999380,0,0,0
138.069987830,1,0,0
138.076993910,0,0,0
138.077276320,0,1,0
138.077276980,0,1,1
138.077291510,0,0,1
138.077292210,0,0,0
138.095811430,1,0,0
138.102817450,0,0,0
138.103098990,0,0,1
138.103100790,0,1,1
138.103114260,0,1,0
138.103115930,0,0,0
138.121545210,1,0,0
138.128551350,0,0,0
138.128831770,0,1,0
138.128832900,0,1,1
138.128847060,0,0,1
138.128848100,0,0,0
138.145542060,1,0,0
138.152548480,0,0,0
138.152832380,0,0,1
138.152847570,0,0,0
138.152892990,0,1,0
138.152908160,0,0,0
138.171049150,1,0,0
138.178055320,0,0,0
138.178335640,0,0,1
138.178335810,0,1,1
138.178350850,0,1,0
138.178351060,0,0,0
138.197045730,1,0,0
138.204053730,0,0,0
138.204333990,0,0,1
138.204334360,0,1,1
138.204349170,0,1,0
138.204349610,0,0,0
138.222427010,1,0,0
138.229432800,0,0,0
138.229710220,0,1,0
138.229712560,0,1,1
138.229725510,0,0,1
138.229727780,0,0,0
138.247033280,1,0,0
138.254039280,0,0,0
138.254320800,0,0,1
138.254335960,0,0,0
138.254385810,0,1,0
138.254401120,0,0,0
138.272164140,1,0,0
138.279170410,0,0,0
138.279448090,0,1,0
138.279449490,0,1,1
138.279463270,0,0,1
138.279464740,0,0,0
138.296840900,1,0,0
138.303847000,0,0,0
138.304126810,0,0,1
138.304128060,0,1,1
138.304142000,0,1,0
138.304143200,0,0,0
138.321901920,1,0,0
138.328906250,0,0,0
138.329191280,0,0,1
138.329206430,0,0,0
138.329236900,0,1,0
138.329252080,0,0,0
138.347064120,1,0,0
138.354069840,0,0,0
138.354348300,0,1,0
138.354349520,0,1,1
138.354363420,0,0,1
138.354364660,0,0,0
138.372164000,1,0,0
138.379231890,0,0,0
138.379452160,0,1,0
138.379459030,0,1,1
138.379467390,0,0,1
138.379474150,0,0,0
138.397525300,1,0,0
138.404531840,0,0,0
138.404810230,0,1,0
138.404811540,0,1,1
138.404825500,0,0,1
138.404826700,0,0,0
138.423136450,1,0,0
138.430142580,0,0,0
138.430424150,0,0,1
138.430424760,0,1,1
138.430439320,0,1,0
138.430439860,0,0,0
138.447228180,1,0,0
138.454178720,0,0,0
138.454517870,0,1,0
138.454518450,0,1,1
138.454533010,0,0,1
138.454533740,0,0,0
138.472863840,1,0,0
138.479868360,0,0,0
138.480150080,0,1,0
138.480151880,0,1,1
138.480165270,0,0,1
138.480167130,0,0,0
138.498059110,1,0,0
138.505065090,0,0,0
138.505344950,0,1,0
138.505345350,0,1,1
138.505360250,0,0,1
138.505360510,0,0,0
138.522350530,1,0,0
138.529353240,0,0,0
138.529637880,0,0,1
138.529638020,0,1,1
138.529653080,0,1,0
138.529653280,0,0,0
138.546864890,1,0,0
138.553869740,0,0,0
138.554150670,0,1,0
138.554152200,0,1,1
138.554166000,0,0,1
138.554167340,0,0,0
138.570989930,1,0,0
138.577994330,0,0,0
138.578274670,0,0,1
138.578274990,0,1,1
138.578289870,0,1,0
138.578290180,0,0,0
138.596789630,1,0,0
138.603857480,0,0,0
138.604077230,0,1,0
138.604077900,0,1,1
138.604092490,0,0,1
138.604093070,0,0,0
138.620867940,1,0,0
138.627874170,0,0,0
138.628156800,0,1,0
138.628157290,0,1,1
138.628171980,0,0,1
138.628172560,0,0,0
138.646730640,1,0,0
138.653736550,0,0,0
138.654020320,0,1,0
138.654020630,0,1,1
138.654035550,0,0,1
138.654035800,0,0,0
138.670942520,1,0,0
138.677947160,0,0,0
138.678228390,0,1,0
138.678229220,0,1,1
138.678243660,0,0,1
138.678244320,0,0,0
138.696708880,1,0,0
138.703712920,0,0,0
138.703996750,0,0,1
138.703996900,0,1,1
138.704011920,0,1,0
138.704012040,0,0,0
138.721889740,1,0,0
138.728895680,0,0,0
138.729174350,0,1,0
138.729175140,0,1,1
138.729189530,0,0,1
138.729190300,0,0,0
138.747587810,1,0,0
138.754593940,0,0,0
138.754873660,0,1,0
138.754874440,0,1,1
138.754888830,0,0,1
138.754889560,0,0,0
138.773102280,1,0,0
138.780172110,0,0,0
138.780387910,0,0,1
138.780390650,0,1,1
138.780403010,0,1,0
138.780405770,0,0,0
138.798251180,1,0,0
138.805257390,0,0,0
138.805538710,0,0,1
138.805540410,0,1,1
138.805553910,0,1,0
138.805555590,0,0,0
138.823510880,1,0,0
138.830517170,0,0,0
138.830798730,0,1,0
138.830799630,0,1,1
138.830813910,0,0,1
138.830814820,0,0,0
138.847608960,1,0,0
138.854615040,0,0,0
138.854894780,0,1,0
138.854909160,0,1,1
138.854909960,0,0,1
138.854924430,0,0,0
138.871860570,1,0,0
138.878863670,0,0,0
138.879146590,0,0,1
138.879148010,0,1,1
138.879161900,0,1,0
138.879163140,0,0,0
138.897272990,1,0,0
138.904278590,0,0,0
138.904558830,0,1,0
138.904560140,0,1,1
138.904573940,0,0,1
138.904575300,0,0,0
138.922813170,1,0,0
138.929795370,0,0,0
138.930102260,0,1,0
138.930103380,0,1,1
138.930117460,0,0,1
138.930118520,0,0,0
138.948609570,1,0,0
138.955618090,0,0,0
138.955894740,0,1,0
138.955895910,0,1,1
138.955909950,0,0,1
138.955911090,0,0,0
138.973108890,1,0,0
138.980113470,0,0,0
138.980394080,0,1,0
138.980395460,0,1,1
138.980409180,0,0,1
138.980410640,0,0,0
138.996913910,1,0,0
139.003918380,0,0,0
139.004198570,0,0,1
139.004201220,0,1,1
139.004213780,0,1,0
139.004216380,0,0,0
139.021242910,1,0,0
139.028248740,0,0,0
139.028529850,0,1,0
139.028532100,0,1,1
139.028545120,0,0,1
139.028547290,0,0,0
139.046924290,1,0,0
139.053930250,0,0,0
139.054209740,0,0,1
139.054214190,0,1,1
139.054225090,0,1,0
139.054229350,0,0,0
139.073015680,1,0,0
139.080021850,0,0,0
139.080302670,0,1,0
139.080304040,0,1,1
139.080317820,0,0,1
139.080319220,0,0,0
139.096914320,1,0,0
139.103918910,0,0,0
139.104171140,0,1,0
139.104186350,0,0,0
139.104202670,0,0,1
139.104217810,0,0,0
139.121755310,1,0,0
139.128761310,0,0,0
139.129043520,0,1,0
139.129045720,0,1,1
139.129058750,0,0,1
139.129060930,0,0,0
139.146710980,1,0,0
139.153716730,0,0,0
139.153996740,0,1,0
139.154011880,0,0,0
139.154065100,0,0,1
139.154080190,0,0,0
139.172481010,1,0,0
139.179484220,0,0,0
139.179763520,0,1,0
139.179767660,0,1,1
139.179778720,0,0,1
139.179782760,0,0,0
139.197320850,1,0,0
139.204325470,0,0,0
139.204608520,0,1,0
139.204611160,0,1,1
139.204623670,0,0,1
139.204626330,0,0,0
139.221975710,1,0,0
139.229031210,0,0,0
139.229261610,0,1,0
139.229263650,0,1,1
139.229276820,0,0,1
139.229278900,0,0,0
139.245925250,1,0,0
139.252929770,0,0,0
139.253210410,0,0,1
139.253211120,0,1,1
139.253225660,0,1,0
139.253226270,0,0,0
139.271361550,1,0,0
139.278367440,0,0,0
139.278648730,0,1,0
139.278651440,0,1,1
139.278663880,0,0,1
139.278666650,0,0,0
139.296921510,1,0,0
139.303897930,0,0,0
139.304207910,0,1,0
139.304209740,0,1,1
139.304223200,0,0,1
139.304224890,0,0,0
139.321855330,1,0,0
139.328859770,0,0,0
139.329140520,0,1,0
139.329142330,0,1,1
139.329155700,0,0,1
139.329157540,0,0,0
139.347233940,1,0,0
139.354236940,0,0,0
139.354519960,0,1,0
139.354521760,0,1,1
139.354535170,0,0,1
139.354536970,0,0,0
139.373295310,1,0,0
139.380298290,0,0,0
139.380583260,0,1,0
139.380585210,0,1,1
139.380598530,0,0,1
139.380600460,0,0,0
139.398506460,1,0,0
139.405512480,0,0,0
139.405791750,0,1,0
139.405793760,0,1,1
139.405806930,0,0,1
139.405809050,0,0,0
139.424207740,1,0,0
139.431212410,0,0,0
139.431494000,0,1,0
139.431497040,0,1,1
139.431509170,0,0,1
139.431512180,0,0,0
139.449401080,1,0,0
139.456407140,0,0,0
139.456687430,0,1,0
139.456690570,0,1,1
139.456702530,0,0,1
139.456705750,0,0,0
139.475172450,1,0,0
139.482178630,0,0,0
139.482457870,0,0,1
139.482461810,0,1,1
139.482473080,0,1,0
139.482476930,0,0,0
139.500215870,1,0,0
139.507221810,0,0,0
139.507501420,0,0,1
139.507504000,0,1,1
139.507516610,0,1,0
139.507519210,0,0,0
139.525876300,1,0,0
139.532881110,0,0,0
139.533162610,0,1,0
139.533165620,0,1,1
139.533177760,0,0,1
139.533180760,0,0,0
139.551704180,1,0,0
139.558708620,0,0,0
139.558988110,0,0,1
139.558990850,0,1,1
139.559003370,0,1,0
139.559006160,0,0,0
139.576004540,1,0,0
139.583010760,0,0,0
139.583289580,0,1,0
139.583291160,0,1,1
139.583304750,0,0,1
139.583306380,0,0,0
139.601827820,1,0,0
139.608833920,0,0,0
139.609112760,0,1,0
139.609115040,0,1,1
139.609127900,0,0,1
139.609130180,0,0,0
139.627656580,1,0,0
139.634661080,0,0,0
139.634940700,0,1,0
139.634944510,0,1,1
139.634956110,0,0,1
139.634959690,0,0,0
139.653407170,1,0,0
139.660410170,0,0,0
139.660692950,0,0,1
139.660694540,0,1,1
139.660708040,0,1,0
139.660709750,0,0,0
139.679213870,1,0,0
139.686219240,0,0,0
139.686501300,0,0,1
139.686503050,0,1,1
139.686516420,0,1,0
139.686583350,0,0,0
139.705085690,1,0,0
139.712091710,0,0,0
139.712368290,0,0,1
139.712369660,0,1,1
139.712383550,0,1,0
139.712384820,0,0,0
139.729690860,1,0,0
139.736756110,0,0,0
139.736977170,0,0,1
139.736979620,0,1,1
139.736992460,0,1,0
139.736994810,0,0,0
139.753511150,1,0,0
139.760514240,0,0,0
139.760798860,0,1,0
139.760801550,0,1,1
139.760814090,0,0,1
139.760816760,0,0,0
139.779359390,1,0,0
139.786363700,0,0,0
139.786644100,0,0,1
139.786647430,0,1,1
139.786659250,0,1,0
139.786662570,0,0,0
139.804833610,1,0,0
139.811839710,0,0,0
139.812120750,0,1,0
139.812123260,0,1,1
139.812135890,0,0,1
139.812138360,0,0,0
139.829452530,1,0,0
139.836458630,0,0,0
139.836739210,0,1,0
139.836740830,0,1,1
139.836754500,0,0,1
139.836756020,0,0,0
139.855264370,1,0,0
139.862267580,0,0,0
139.862550170,0,0,1
139.862552430,0,1,1
139.862565320,0,1,0
139.862567590,0,0,0
139.880055710,1,0,0
139.887061810,0,0,0
139.887340080,0,1,0
139.887342740,0,1,1
139.887355270,0,0,1
139.887357830,0,0,0
139.905251200,1,0,0
139.912255990,0,0,0
139.912539500,0,1,0
139.912554650,0,0,0
139.912577170,0,0,1
139.912592400,0,0,0
139.930238430,1,0,0
139.937244050,0,0,0
139.937524720,0,0,1
139.937527570,0,1,1
139.937539840,0,1,0
139.937542780,0,0,0
139.956007480,1,0,0
139.963013650,0,0,0
139.963294040,0,0,1
139.963294500,0,1,1
139.963309370,0,1,0
139.963309700,0,0,0
139.980362130,1,0,0
139.987370500,0,0,0
139.987649300,0,1,0
139.987649820,0,1,1
139.987664400,0,0,1
139.987664990,0,0,0
140.006134350,1,0,0
140.013140180,0,0,0
140.013420830,0,0,1
140.013422780,0,1,1
140.013436060,0,1,0
140.013437970,0,0,0
140.030140850,1,0,0
140.037146820,0,0,0
140.037429210,0,0,1
140.037430230,0,1,1
140.037444440,0,1,0
140.037445450,0,0,0
140.055625960,1,0,0
140.062692690,0,0,0
140.062912790,0,0,1
140.062913610,0,1,1
140.062927890,0,1,0
140.062928710,0,0,0
140.080131770,1,0,0
140.087137790,0,0,0
140.087421150,0,0,1
140.087434740,0,1,1
140.087436230,0,1,0
140.087449990,0,0,0
140.105001860,1,0,0
140.112007880,0,0,0
140.112288050,0,0,1
140.112303280,0,0,0
140.129739490,1,0,0
140.136745700,0,0,0
140.137019350,0,0,1
140.137025340,0,1,1
140.137034640,0,1,0
140.137040480,0,0,0
140.155393560,1,0,0
140.162399710,0,0,0
140.162679570,0,1,0
140.162681200,0,1,1
140.162694780,0,0,1
140.162696340,0,0,0
140.179252810,1,0,0
140.186258870,0,0,0
140.186539040,0,0,1
140.186540480,0,1,1
140.186554220,0,1,0
140.186555750,0,0,0
140.205117800,1,0,0
140.212120530,0,0,0
140.212400530,0,0,1
140.212406400,0,1,1
140.212415770,0,1,0
140.212421690,0,0,0
140.230210060,1,0,0
140.237215910,0,0,0
140.237496720,0,0,1
140.237497220,0,1,1
140.237511910,0,1,0
140.237512320,0,0,0
140.256028290,1,0,0
140.263032750,0,0,0
140.263313250,0,1,0
140.263315110,0,1,1
140.263328390,0,0,1
140.263330310,0,0,0
140.280554420,1,0,0
140.287560750,0,0,0
140.287839000,0,1,0
140.287843720,0,1,1
140.287854230,0,0,1
140.287859010,0,0,0
140.306350830,1,0,0
140.313353680,0,0,0
140.313635960,0,0,1
140.313638490,0,1,1
140.313651210,0,1,0
140.313653630,0,0,0
140.330351490,1,0,0
140.337357580,0,0,0
140.337637480,0,1,0
140.337639450,0,1,1
140.337652640,0,0,1
140.337654670,0,0,0
140.354042120,1,0,0
140.361050720,0,0,0
140.361301370,0,0,1
140.361316470,0,0,0
140.361330460,0,1,0
140.361345730,0,0,0
140.379352230,1,0,0
140.386358310,0,0,0
140.386637230,0,0,1
140.386652400,0,0,0
140.386702850,0,1,0
140.386718030,0,0,0
140.405380760,1,0,0
140.412386860,0,0,0
140.412668620,0,1,0
140.412670430,0,1,1
140.412683810,0,0,1
140.412685640,0,0,0
140.430854120,1,0,0
140.437860310,0,0,0
140.438141960,0,1,0
140.438143020,0,1,1
140.438157170,0,0,1
140.438158270,0,0,0
140.456739050,1,0,0
140.463745300,0,0,0
140.464022880,0,1,0
140.464026680,0,1,1
140.464038090,0,0,1
140.464041840,0,0,0
140.482958020,1,0,0
140.489964210,0,0,0
140.490243760,0,1,0
140.490245810,0,1,1
140.490258910,0,0,1
140.490260980,0,0,0
140.508699610,1,0,0
140.515705630,0,0,0
140.515986900,0,1,0
140.515989450,0,1,1
140.516002230,0,0,1
140.516004610,0,0,0
140.533204780,1,0,0
140.540213720,0,0,0
140.540487900,0,1,0
140.540492520,0,1,1
140.540503150,0,0,1
140.540507660,0,0,0
140.558970480,1,0,0
140.565975540,0,0,0
140.566258850,0,1,0
140.566260240,0,1,1
140.566274010,0,0,1
140.566275340,0,0,0
140.584679820,1,0,0
140.591747450,0,0,0
140.591967000,0,1,0
140.591969450,0,1,1
140.591982290,0,0,1
140.591984620,0,0,0
140.610419170,1,0,0
140.617425390,0,0,0
140.617657190,0,0,1
140.617672420,0,0,0
140.617704750,0,1,0
140.617719960,0,0,0
140.633938410,1,0,0
140.640944530,0,0,0
140.641222510,0,1,0
140.641226510,0,1,1
140.641237660,0,0,1
140.641241680,0,0,0
140.659655090,1,0,0
140.666672440,0,0,0
140.666941370,0,1,0
140.666945080,0,1,1
140.666956470,0,0,1
140.666960270,0,0,0
140.683911750,1,0,0
140.690917920,0,0,0
140.691197380,0,0,1
140.691212490,0,0,0
140.691263630,0,1,0
140.691278750,0,0,0
140.709753180,1,0,0
140.716759160,0,0,0
140.717039160,0,1,0
140.717040850,0,1,1
140.717054430,0,0,1
140.717056020,0,0,0
140.733901220,1,0,0
140.740907180,0,0,0
140.741186160,0,1,0
140.741189220,0,1,1
140.741201390,0,0,1
140.741204420,0,0,0
140.758928080,1,0,0
140.765932580,0,0,0
140.766207590,0,1,0
140.766218700,0,1,1
140.766222840,0,0,1
140.766233850,0,0,0
140.784689170,1,0,0
140.791692110,0,0,0
140.791974340,0,0,1
140.791977930,0,1,1
140.791989520,0,1,0
140.791993110,0,0,0
140.808940500,1,0,0
140.815945440,0,0,0
140.816223050,0,0,1
140.816227580,0,1,1
140.816238320,0,1,0
140.816242810,0,0,0
140.834349530,1,0,0
140.841355820,0,0,0
140.841634690,0,1,0
140.841637710,0,1,1
140.841649960,0,0,1
140.841652960,0,0,0
140.859966770,1,0,0
140.866972580,0,0,0
140.867252070,0,0,1
140.867254360,0,1,1
140.867267190,0,1,0
140.867269490,0,0,0
140.885395090,1,0,0
140.892401230,0,0,0
140.892682660,0,1,0
140.892685660,0,1,1
140.892697890,0,0,1
140.892700850,0,0,0
140.910360590,1,0,0
140.917365110,0,0,0
140.917644730,0,1,0
140.917649130,0,1,1
140.917660020,0,0,1
140.917664270,0,0,0
140.933948480,1,0,0
140.940952860,0,0,0
140.941233300,0,1,0
140.941236390,0,1,1
140.941248450,0,0,1
140.941251510,0,0,0
140.959612180,1,0,0
140.966618120,0,0,0
140.966895430,0,1,0
140.966901040,0,1,1
140.966910620,0,0,1
140.966916170,0,0,0
140.985122960,1,0,0
140.992128980,0,0,0
140.992409240,0,0,1
140.992411210,0,1,1
140.992424380,0,1,0
140.992426350,0,0,0
141.010387590,1,0,0
141.017393420,0,0,0
141.017671670,0,0,1
141.017674680,0,1,1
141.017686870,0,1,0
141.017689960,0,0,0
141.035813370,1,0,0
141.042819200,0,0,0
141.043098140,0,1,0
141.043101110,0,1,1
141.043113350,0,0,1
141.043116260,0,0,0
141.060537540,1,0,0
141.067542010,0,0,0
141.067824500,0,0,1
141.067825420,0,1,1
141.067839740,0,1,0
141.067840500,0,0,0
141.086345900,1,0,0
141.093351690,0,0,0
141.093633150,0,0,1
141.093634820,0,1,1
141.093648400,0,1,0
141.093650030,0,0,0
141.112090680,1,0,0
141.119093800,0,0,0
141.119376410,0,0,1
141.119377390,0,1,1
141.119391680,0,1,0
141.119392600,0,0,0
141.137762750,1,0,0
141.144768870,0,0,0
141.145049920,0,0,1
141.145051810,0,1,1
141.145065130,0,1,0
141.145067080,0,0,0
141.163570320,1,0,0
141.170576670,0,0,0
141.170857370,0,0,1
141.170858400,0,1,1
141.170872570,0,1,0
141.170873540,0,0,0
141.189331910,1,0,0
141.196337910,0,0,0
141.196618220,0,1,0
141.196620710,0,1,1
141.196633470,0,0,1
141.196635710,0,0,0
141.214936480,1,0,0
141.221942670,0,0,0
141.222220560,0,1,0
141.222225240,0,1,1
141.222235870,0,0,1
141.222240380,0,0,0
141.240657950,1,0,0
141.247664320,0,0,0
141.247933310,0,0,1
141.247945150,0,1,1
141.247948450,0,1,0
141.247960310,0,0,0
141.266341880,1,0,0
141.273348060,0,0,0
141.273624420,0,0,1
141.273627510,0,1,1
141.273639770,0,1,0
141.273642730,0,0,0
141.291737280,1,0,0
141.298743190,0,0,0
141.299024330,0,1,0
141.299025430,0,1,1
141.299039550,0,0,1
141.299040620,0,0,0
141.317603390,1,0,0
141.324609390,0,0,0
141.324888810,0,1,0
141.324888840,0,1,1
141.324903950,0,0,1
141.324904040,0,0,0
141.341726350,1,0,0
141.348732370,0,0,0
141.349011210,0,1,0
141.349012200,0,1,1
141.349026310,0,0,1
141.349027410,0,0,0
141.366916790,1,0,0
141.373922960,0,0,0
141.374204750,0,0,1
141.374206910,0,1,1
141.374219910,0,1,0
141.374221970,0,0,0
141.391721340,1,0,0
141.398759520,0,0,0
141.399007850,0,1,0
141.399009150,0,1,1
141.399023140,0,0,1
141.399024280,0,0,0
141.417384740,1,0,0
141.424387450,0,0,0
141.424671680,0,0,1
141.424673670,0,1,1
141.424686850,0,1,0
141.424688770,0,0,0
141.442474580,1,0,0
141.449479330,0,0,0
141.449759630,0,0,1
141.449762030,0,1,1
141.449774880,0,1,0
141.449777110,0,0,0
141.467761960,1,0,0
141.474767920,0,0,0
141.475049600,0,0,1
141.475049660,0,1,1
141.475064800,0,1,0
141.475064850,0,0,0
141.492119090,1,0,0
141.499125020,0,0,0
141.499407790,0,0,1
141.499408900,0,1,1
141.499422980,0,1,0
141.499423980,0,0,0
141.516513170,1,0,0
141.523521670,0,0,0
141.523800840,0,1,0
141.523801200,0,1,1
141.523815950,0,0,1
141.523816380,0,0,0
141.542245120,1,0,0
141.549250950,0,0,0
141.549530580,0,1,0
141.549534710,0,1,1
141.549545810,0,0,1
141.549549890,0,0,0
141.566701810,1,0,0
141.573707870,0,0,0
141.573985510,0,0,1
141.573989090,0,1,1
141.574000630,0,1,0
141.574004270,0,0,0
141.592491400,1,0,0
141.599497130,0,0,0
141.599762150,0,1,0
141.599776470,0,1,1
141.599777340,0,0,1
141.599791850,0,0,0
141.618363600,1,0,0
141.625369280,0,0,0
141.625649930,0,1,0
141.625650050,0,1,1
141.625665070,0,0,1
141.625665190,0,0,0
141.644036870,1,0,0
141.651042960,0,0,0
141.651323470,0,0,1
141.651324190,0,1,1
141.651338680,0,1,0
141.651339310,0,0,0
141.669229340,1,0,0
141.676233670,0,0,0
141.676515790,0,0,1
141.676517480,0,1,1
141.676531060,0,1,0
141.676532770,0,0,0
141.694411260,1,0,0
141.701417490,0,0,0
141.701700180,0,1,0
141.701700260,0,1,1
141.701715240,0,0,1
141.701715360,0,0,0
141.720170830,1,0,0
141.727178890,0,0,0
141.727458660,0,0,1
141.727459450,0,1,1
141.727473930,0,1,0
141.727474770,0,0,0
141.745870740,1,0,0
141.752876460,0,0,0
141.753157050,0,0,1
141.753157830,0,1,1
141.753172300,0,1,0
141.753173080,0,0,0
141.771687310,1,0,0
141.778691830,0,0,0
141.778972910,0,0,1
141.778976130,0,1,1
141.778988070,0,1,0
141.778991260,0,0,0
141.797464570,1,0,0
141.804468670,0,0,0
141.804749550,0,1,0
141.804752920,0,1,1
141.804764760,0,0,1
141.804768150,0,0,0
141.823238820,1,0,0
141.830243340,0,0,0
141.830527020,0,1,0
141.830527550,0,1,1
141.830542310,0,0,1
141.830542760,0,0,0
141.848845560,1,0,0
141.855851730,0,0,0
141.856130460,0,1,0
141.856134620,0,1,1
141.856145590,0,0,1
141.856149810,0,0,0
141.874693420,1,0,0
141.881699420,0,0,0
141.881979220,0,0,1
141.881979630,0,1,1
141.881994460,0,1,0
141.881994860,0,0,0
141.900360580,1,0,0
141.907366680,0,0,0
141.907645160,0,0,1
141.907646930,0,1,1
141.907660310,0,1,0
141.907662140,0,0,0
141.926142880,1,0,0
141.933186440,0,0,0
141.933430130,0,0,1
141.933431120,0,1,1
141.933445420,0,1,0
141.933446390,0,0,0
141.950022440,1,0,0
141.957027290,0,0,0
141.957308840,0,1,0
141.957309640,0,1,1
141.957324130,0,0,1
141.957324820,0,0,0
141.974854650,1,0,0
141.981860570,0,0,0
141.982142750,0,0,1
141.982143200,0,1,1
141.982157960,0,1,0
141.982158450,0,0,0
142.000047570,1,0,0
142.007053680,0,0,0
142.007335150,0,1,0
142.007336490,0,1,1
142.007350290,0,0,1
142.007351650,0,0,0
142.025835330,1,0,0
142.032841500,0,0,0
142.033124110,0,1,0
142.033133180,0,1,1
142.033139190,0,0,1
142.033148370,0,0,0
142.051388280,1,0,0
142.058392740,0,0,0
142.058678200,0,1,0
142.058678260,0,1,1
142.058693360,0,0,1
142.058693440,0,0,0
142.075473170,1,0,0
142.082477840,0,0,0
142.082760930,0,0,1
142.082761640,0,1,1
142.082776010,0,1,0
142.082776770,0,0,0
142.100976600,1,0,0
142.107985100,0,0,0
142.108262770,0,1,0
142.108265150,0,1,1
142.108277940,0,0,1
142.108280250,0,0,0
142.126514600,1,0,0
142.133520520,0,0,0
142.133800780,0,1,0
142.133803530,0,1,1
142.133815990,0,0,1
142.133818820,0,0,0
142.151891420,1,0,0
142.158897480,0,0,0
142.159175960,0,0,1
142.159176930,0,1,1
142.159191020,0,1,0
142.159192240,0,0,0
142.177617490,1,0,0
142.184623580,0,0,0
142.184904210,0,1,0
142.184905400,0,1,1
142.184919310,0,0,1
142.184920670,0,0,0
142.203296480,1,0,0
142.210302540,0,0,0
142.210582910,0,0,1
142.210583630,0,1,1
142.210598080,0,1,0
142.210598860,0,0,0
142.229110680,1,0,0
142.236116860,0,0,0
142.236394350,0,1,0
142.236396190,0,1,1
142.236409550,0,0,1
142.236411460,0,0,0
142.254514580,1,0,0
142.261519080,0,0,0
142.261799660,0,0,1
142.261800310,0,1,1
142.261814820,0,1,0
142.261815600,0,0,0
142.280225440,1,0,0
142.287231460,0,0,0
142.287513060,0,0,1
142.287513630,0,1,1
142.287528370,0,1,0
142.287528960,0,0,0
142.306019490,1,0,0
142.313025430,0,0,0
142.313304490,0,1,0
142.313307320,0,1,1
142.313319880,0,0,1
142.313322490,0,0,0
142.331484190,1,0,0
142.338490330,0,0,0
142.338770620,0,1,0
142.338770770,0,1,1
142.338785760,0,0,1
142.338786020,0,0,0
142.357217760,1,0,0
142.364223670,0,0,0
142.364502920,0,1,0
142.364503420,0,1,1
142.364518040,0,0,1
142.364518610,0,0,0
142.381356070,1,0,0
142.388364630,0,0,0
142.388642380,0,1,0
142.388642810,0,1,1
142.388657460,0,0,1
142.388657820,0,0,0
142.407013240,1,0,0
142.414019470,0,0,0
142.414299860,0,0,1
142.414300680,0,1,1
142.414315020,0,1,0
142.414315820,0,0,0
142.431689680,1,0,0
142.438698180,0,0,0
142.438979160,0,1,0
142.438994230,0,0,0
142.439044780,0,0,1
142.439060030,0,0,0
142.457259860,1,0,0
142.464265690,0,0,0
142.464544880,0,1,0
142.464548160,0,1,1
142.464560130,0,0,1
142.464563310,0,0,0
142.482790590,1,0,0
142.489796420,0,0,0
142.490074860,0,1,0
142.490075360,0,1,1
142.490089960,0,0,1
142.490090590,0,0,0
142.508646520,1,0,0
142.515680180,0,0,0
142.515933240,0,1,0
142.515934790,0,1,1
142.515948390,0,0,1
142.515949930,0,0,0
142.534094270,1,0,0
142.541099020,0,0,0
142.541381630,0,1,0
142.541383460,0,1,1
142.541396890,0,0,1
142.541398730,0,0,0
142.559816450,1,0,0
142.566822470,0,0,0
142.567093280,0,1,0
142.567108400,0,0,0
142.567170640,0,0,1
142.567185910,0,0,0
142.583440200,1,0,0
142.590507650,0,0,0
142.590728390,0,1,0
142.590729210,0,1,1
142.590743610,0,0,1
142.590744390,0,0,0
142.609112410,1,0,0
142.616118310,0,0,0
142.616398610,0,0,1
142.616402750,0,1,1
142.616413710,0,1,0
142.616417850,0,0,0
142.633636870,1,0,0
142.640641450,0,0,0
142.640922080,0,0,1
142.640925960,0,1,1
142.640937310,0,1,0
142.640941130,0,0,0
142.658415290,1,0,0
142.665432660,0,0,0
142.665703180,0,1,0
142.665704610,0,1,1
142.665718320,0,0,1
142.665719860,0,0,0
142.682892830,1,0,0
142.689898480,0,0,0
142.690179720,0,0,1
142.690180310,0,1,1
142.690194970,0,1,0
142.690195540,0,0,0
142.708628860,1,0,0
142.715634960,0,0,0
142.715915320,0,1,0
142.715916440,0,1,1
142.715930480,0,0,1
142.715931710,0,0,0
142.734479600,1,0,0
142.741485700,0,0,0
142.741765650,0,0,1
142.741768340,0,1,1
142.741780860,0,1,0
142.741783610,0,0,0
142.759401920,1,0,0
142.766404770,0,0,0
142.766685350,0,1,0
142.766689120,0,1,1
142.766700560,0,0,1
142.766704330,0,0,0
142.784632920,1,0,0
142.791638980,0,0,0
142.791920050,0,0,1
142.791921290,0,1,1
142.791935210,0,1,0
142.791936480,0,0,0
142.809522970,1,0,0
142.816531050,0,0,0
142.816809700,0,1,0
142.816810070,0,1,1
142.816824800,0,0,1
142.816825220,0,0,0
142.833364710,1,0,0
142.840370920,0,0,0
142.840652270,0,1,0
142.840654400,0,1,1
142.840667410,0,0,1
142.840669580,0,0,0
142.859152800,1,0,0
142.866158970,0,0,0
142.866441600,0,1,0
142.866443200,0,1,1
142.866456710,0,0,1
142.866458300,0,0,0
142.884787210,1,0,0
142.891791080,0,0,0
142.892072400,0,1,0
142.892076140,0,1,1
142.892087590,0,0,1
142.892091330,0,0,0
142.910229780,1,0,0
142.917235920,0,0,0
142.917518260,0,1,0
142.917519750,0,1,1
142.917533450,0,0,1
142.917534860,0,0,0
142.935900620,1,0,0
142.942906140,0,0,0
142.943185830,0,1,0
142.943188010,0,1,1
142.943200970,0,0,1
142.943203180,0,0,0
142.961144000,1,0,0
142.968148950,0,0,0
142.968429940,0,1,0
142.968431420,0,1,1
142.968445210,0,0,1
142.968446540,0,0,0
142.985212080,1,0,0
142.992218100,0,0,0
142.992498360,0,1,0
142.992499900,0,1,1
142.992513510,0,0,1
142.992515150,0,0,0
143.010206120,1,0,0
143.017212100,0,0,0
143.017491680,0,1,0
143.017493390,0,1,1
143.017506830,0,0,1
143.017508470,0,0,0
143.035245940,1,0,0
143.042250120,0,0,0
143.042597110,0,0,1
143.042600840,0,1,1
143.042612460,0,1,0
143.042616060,0,0,0
143.060231880,1,0,0
143.067236590,0,0,0
143.067518660,0,1,0
143.067520120,0,1,1
143.067533860,0,0,1
143.067535220,0,0,0
143.084810300,1,0,0
143.091814690,0,0,0
143.092094200,0,1,0
143.092098600,0,1,1
143.092109310,0,0,1
143.092113790,0,0,0
143.109395990,1,0,0
143.116402030,0,0,0
143.116679590,0,0,1
143.116684380,0,1,1
143.116694800,0,1,0
143.116699520,0,0,0
143.134376490,1,0,0
143.141382450,0,0,0
143.141663630,0,1,0
143.141665540,0,1,1
143.141678880,0,0,1
143.141680790,0,0,0
143.158380010,1,0,0
143.165382780,0,0,0
143.165667160,0,1,0
143.165668090,0,1,1
143.165682330,0,0,1
143.165683250,0,0,0
143.184203660,1,0,0
143.191207870,0,0,0
143.191490520,0,1,0
143.191491530,0,1,1
143.191505770,0,0,1
143.191506680,0,0,0
143.209198600,1,0,0
143.216204710,0,0,0
143.216484770,0,0,1
143.216487720,0,1,1
143.216500040,0,1,0
143.216502980,0,0,0
143.234377000,1,0,0
143.241382170,0,0,0
143.241662060,0,1,0
143.241664340,0,1,1
143.241677240,0,0,1
143.241679550,0,0,0
143.259213320,1,0,0
143.266219320,0,0,0
143.266499560,0,1,0
143.266502640,0,1,1
143.266514770,0,0,1
143.266517760,0,0,0
143.284718700,1,0,0
143.291721760,0,0,0
143.292003960,0,1,0
143.292004960,0,1,1
143.292019110,0,0,1
143.292020130,0,0,0
143.309456080,1,0,0
143.316462140,0,0,0
143.316741490,0,1,0
143.316744330,0,1,1
143.316756660,0,0,1
143.316759570,0,0,0
143.333847930,1,0,0
143.340852300,0,0,0
143.341134480,0,1,0
143.341135540,0,1,1
143.341149560,0,0,1
143.341150770,0,0,0
143.359346190,1,0,0
143.366352330,0,0,0
143.366634050,0,1,0
143.366635430,0,1,1
143.366649310,0,0,1
143.366650610,0,0,0
143.384407040,1,0,0
143.391413380,0,0,0
143.391692550,0,1,0
143.391694020,0,1,1
143.391707760,0,0,1
143.391709120,0,0,0
143.409361050,1,0,0
143.416366900,0,0,0
143.416648090,0,0,1
143.416663340,0,0,0
143.416701870,0,1,0
143.416717030,0,0,0
143.434494050,1,0,0
143.441500030,0,0,0
143.441780200,0,0,1
143.441783000,0,1,1
143.441795360,0,1,0
143.441798210,0,0,0
143.459473850,1,0,0
143.466478320,0,0,0
143.466760020,0,0,1
143.466762700,0,1,1
143.466775210,0,1,0
143.466777860,0,0,0
143.484667410,1,0,0
143.491673790,0,0,0
143.491953590,0,0,1
143.491955850,0,1,1
143.491968840,0,1,0
143.491970990,0,0,0
143.509928230,1,0,0
143.516934310,0,0,0
143.517210040,0,1,0
143.517216930,0,1,1
143.517225290,0,0,1
143.517232040,0,0,0
143.533801580,1,0,0
143.540807620,0,0,0
143.541087880,0,1,0
143.541089000,0,1,1
143.541103090,0,0,1
143.541104170,0,0,0
143.559645440,1,0,0
143.566650190,0,0,0
143.566931260,0,1,0
143.566933700,0,1,1
143.566946390,0,0,1
143.566948890,0,0,0
143.585022620,1,0,0
143.592028970,0,0,0
143.592308310,0,1,0
143.592312020,0,1,1
143.592323480,0,0,1
143.592327230,0,0,0
143.610823520,1,0,0
143.617829790,0,0,0
143.618109530,0,0,1
143.618111650,0,1,1
143.618124800,0,1,0
143.618126750,0,0,0
143.635400670,1,0,0
143.642406670,0,0,0
143.642686300,0,1,0
143.642688980,0,1,1
143.642701470,0,0,1
143.642704220,0,0,0
143.660296940,1,0,0
143.667303250,0,0,0
143.667574150,0,0,1
143.667583850,0,1,1
143.667589340,0,1,0
143.667599120,0,0,0
143.684488610,1,0,0
143.691494800,0,0,0
143.691775870,0,0,1
143.691778110,0,1,1
143.691791130,0,1,0
143.691793330,0,0,0
143.710122890,1,0,0
143.717131550,0,0,0
143.717409230,0,0,1
143.717411440,0,1,1
143.717424370,0,1,0
143.717426610,0,0,0
143.734432680,1,0,0
143.741438840,0,0,0
143.741716550,0,0,1
143.741718390,0,1,1
143.741731760,0,1,0
143.741733680,0,0,0
143.759589210,1,0,0
143.766593430,0,0,0
143.766875950,0,0,1
143.766878330,0,1,1
143.766891180,0,1,0
143.766893440,0,0,0
143.784389460,1,0,0
143.791395440,0,0,0
143.791673070,0,0,1
143.791674030,0,1,1
143.791688310,0,1,0
143.791689240,0,0,0
143.809430440,1,0,0
143.816436560,0,0,0
143.816717100,0,0,1
143.816719060,0,1,1
143.816732280,0,1,0
143.816734300,0,0,0
143.834348490,1,0,0
143.841354490,0,0,0
143.841635500,0,0,1
143.841637620,0,1,1
143.841650730,0,1,0
143.841652790,0,0,0
143.858764760,1,0,0
143.865770360,0,0,0
143.866049720,0,0,1
143.866051720,0,1,1
143.866064940,0,1,0
143.866066880,0,0,0
143.884344430,1,0,0
143.891348580,0,0,0
143.891629240,0,1,0
143.891630830,0,1,1
143.891644430,0,0,1
143.891646060,0,0,0
143.908748910,1,0,0
143.915786240,0,0,0
143.916036590,0,0,1
143.916038500,0,1,1
143.916051750,0,1,0
143.916053790,0,0,0
143.934547020,1,0,0
143.941551630,0,0,0
143.941834220,0,0,1
143.941836920,0,1,1
143.941849380,0,1,0
143.941852210,0,0,0
143.959218320,1,0,0
143.966224420,0,0,0
143.966503480,0,0,1
143.966505280,0,1,1
143.966518680,0,1,0
143.966520470,0,0,0
143.983355150,1,0,0
143.990361480,0,0,0
143.990641130,0,0,1
143.990643370,0,1,1
143.990656280,0,1,0
143.990658640,0,0,0
144.009206720,1,0,0
144.016213010,0,0,0
144.016495240,0,0,1
144.016495980,0,1,1
144.016510410,0,1,0
144.016511230,0,0,0
144.034845830,1,0,0
144.041851850,0,0,0
144.042133070,0,0,1
144.042135420,0,1,1
144.042148080,0,1,0
144.042150670,0,0,0
144.060261470,1,0,0
144.067267300,0,0,0
144.067546320,0,0,1
144.067546450,0,1,1
144.067561490,0,1,0
144.067561570,0,0,0
144.085379720,1,0,0
144.092385470,0,0,0
144.092665770,0,0,1
144.092666080,0,1,1
144.092680960,0,1,0
144.092681310,0,0,0
144.111106920,1,0,0
144.118112730,0,0,0
144.118391630,0,0,1
144.118395480,0,1,1
144.118406860,0,1,0
144.118410690,0,0,0
144.135397420,1,0,0
144.142403350,0,0,0
144.142682520,0,0,1
144.142682740,0,1,1
144.142697720,0,1,0
144.142697950,0,0,0
144.160098650,1,0,0
144.167104860,0,0,0
144.167385900,0,0,1
144.167387390,0,1,1
144.167401060,0,1,0
144.167402540,0,0,0
144.185900470,1,0,0
144.192906220,0,0,0
144.193187990,0,0,1
144.193189650,0,1,1
144.193203180,0,1,0
144.193204870,0,0,0
144.211547190,1,0,0
144.218553080,0,0,0
144.218834110,0,1,0
144.218836870,0,1,1
144.218849320,0,0,1
144.218852100,0,0,0
144.237277880,1,0,0
144.244284130,0,0,0
144.244550010,0,0,1
144.244565190,0,0,0
144.244567410,0,1,0
144.244582740,0,0,0
144.262942520,1,0,0
144.269947030,0,0,0
144.270227000,0,0,1
144.270229770,0,1,1
144.270242200,0,1,0
144.270244950,0,0,0
144.288637790,1,0,0
144.295644230,0,0,0
144.295924230,0,1,0
144.295928190,0,1,1
144.295939460,0,0,1
144.295943290,0,0,0
144.312548480,1,0,0
144.319554540,0,0,0
144.319836410,0,0,1
144.319851740,0,0,0
144.319881070,0,1,0
144.319896170,0,0,0
144.338303970,1,0,0
144.345310050,0,0,0
144.345588790,0,0,1
144.345590990,0,1,1
144.345604080,0,1,0
144.345606240,0,0,0
144.363964680,1,0,0
144.370970660,0,0,0
144.371253240,0,0,1
144.371254390,0,1,1
144.371268380,0,1,0
144.371269450,0,0,0
144.388930500,1,0,0
144.395936730,0,0,0
144.396216040,0,0,1
144.396216710,0,1,1
144.396231240,0,1,0
144.396231980,0,0,0
144.414779950,1,0,0
144.421784360,0,0,0
144.422066090,0,1,0
144.422069250,0,1,1
144.422081190,0,0,1
144.422084360,0,0,0
144.440576810,1,0,0
144.447579810,0,0,0
144.447863490,0,0,1
144.447864600,0,1,1
144.447878550,0,1,0
144.447879810,0,0,0
144.466273630,1,0,0
144.473278020,0,0,0
144.473561170,0,0,1
144.473562830,0,1,1
144.473576480,0,1,0
144.473578080,0,0,0
144.491647860,1,0,0
144.498653800,0,0,0
144.498935400,0,0,1
144.498936250,0,1,1
144.498950670,0,1,0
144.498951520,0,0,0
144.517364290,1,0,0
144.524370660,0,0,0
144.524653720,0,1,0
144.524653790,0,1,1
144.524669010,0,0,1
144.524669060,0,0,0
144.543234720,1,0,0
144.550239130,0,0,0
144.550522230,0,0,1
144.550523120,0,1,1
144.550537520,0,1,0
144.550538370,0,0,0
144.568909370,1,0,0
144.575915450,0,0,0
144.576194780,0,0,1
144.576196310,0,1,1
144.576209970,0,1,0
144.576211600,0,0,0
144.592658930,1,0,0
144.599665030,0,0,0
144.599944670,0,1,0
144.599949140,0,1,1
144.599959960,0,0,1
144.599964250,0,0,0
144.618344190,1,0,0
144.625350210,0,0,0
144.625630740,0,1,0
144.625631420,0,1,1
144.625645930,0,0,1
144.625646570,0,0,0
144.643978260,1,0,0
144.650982820,0,0,0
144.651239680,0,1,0
144.651254790,0,0,0
144.651265970,0,0,1
144.651281220,0,0,0
144.667910420,1,0,0
144.674913630,0,0,0
144.675199480,0,0,1
144.675199940,0,1,1
144.675214600,0,1,0
144.675215130,0,0,0
144.693573720,1,0,0
144.700578490,0,0,0
144.700862430,0,1,0
144.700863090,0,1,1
144.700877590,0,0,1
144.700878150,0,0,0
144.719243790,1,0,0
144.726249980,0,0,0
144.726531170,0,0,1
144.726531700,0,1,1
144.726546520,0,1,0
144.726546930,0,0,0
144.744927570,1,0,0
144.751932150,0,0,0
144.752212620,0,1,0
144.752213260,0,1,1
144.752227850,0,0,1
144.752228480,0,0,0
144.770566930,1,0,0
144.777572660,0,0,0
144.777852950,0,0,1
144.777853590,0,1,1
144.777868120,0,1,0
144.777868770,0,0,0
144.796332750,1,0,0
144.803339330,0,0,0
144.803619150,0,0,1
144.803620800,0,1,1
144.803634350,0,1,0
144.803636050,0,0,0
144.821664550,1,0,0
144.828670710,0,0,0
144.828950050,0,0,1
144.828950180,0,1,1
144.828965260,0,1,0
144.828965560,0,0,0
144.846765090,1,0,0
144.853770660,0,0,0
144.854052640,0,0,1
144.854053540,0,1,1
144.854067950,0,1,0
144.854068790,0,0,0
144.872526040,1,0,0
144.879531930,0,0,0
144.879810530,0,0,1
144.879812090,0,1,1
144.879825630,0,1,0
144.879827320,0,0,0
144.898255960,1,0,0
144.905260670,0,0,0
144.905544430,0,1,0
144.905545290,0,1,1
144.905559650,0,0,1
144.905560490,0,0,0
144.924018680,1,0,0
144.931085700,0,0,0
144.931301180,0,1,0
144.931307770,0,1,1
144.931316390,0,0,1
144.931322880,0,0,0
144.949723400,1,0,0
144.956728420,0,0,0
144.957011190,0,1,0
144.957012140,0,1,1
144.957026370,0,0,1
144.957027260,0,0,0
144.975628530,1,0,0
144.982632860,0,0,0
144.982914170,0,1,0
144.982915560,0,1,1
144.982929480,0,0,1
144.982930730,0,0,0
145.001332120,1,0,0
145.008338220,0,0,0
145.008618170,0,0,1
145.008618910,0,1,1
145.008633360,0,1,0
145.008634110,0,0,0
145.025421220,1,0,0
145.032427160,0,0,0
145.032707290,0,1,0
145.032707470,0,1,1
145.032722470,0,0,1
145.032722680,0,0,0
145.050388790,1,0,0
145.057393290,0,0,0
145.057674400,0,1,0
145.057678420,0,1,1
145.057689560,0,0,1
145.057693520,0,0,0
145.076063650,1,0,0
145.083069550,0,0,0
145.083349110,0,1,0
145.083349160,0,1,1
145.083364340,0,0,1
145.083364470,0,0,0
145.100204880,1,0,0
145.107210920,0,0,0
145.107492430,0,1,0
145.107492640,0,1,1
145.107507680,0,0,1
145.107507910,0,0,0
145.125981890,1,0,0
145.132988010,0,0,0
145.133270110,0,0,1
145.133270850,0,1,1
145.133285290,0,1,0
145.133286000,0,0,0
145.151346270,1,0,0
145.158352270,0,0,0
145.158634190,0,1,0
145.158634510,0,1,1
145.158649460,0,0,1
145.158649700,0,0,0
145.177032650,1,0,0
145.184038940,0,0,0
145.184322040,0,0,1
145.184322610,0,1,1
145.184337230,0,1,0
145.184337860,0,0,0
145.202726950,1,0,0
145.209733200,0,0,0
145.210014660,0,1,0
145.210016130,0,1,1
145.210029950,0,0,1
145.210031300,0,0,0
145.228427920,1,0,0
145.235434080,0,0,0
145.235708520,0,0,1
145.235711710,0,1,1
145.235723740,0,1,0
145.235726830,0,0,0
145.254248800,1,0,0
145.261251720,0,0,0
145.261536960,0,1,0
145.261538360,0,1,1
145.261552110,0,0,1
145.261553440,0,0,0
145.279188680,1,0,0
145.286194820,0,0,0
145.286473450,0,1,0
145.286475740,0,1,1
145.286488690,0,0,1
145.286490820,0,0,0
145.303465990,1,0,0
145.310445030,0,0,0
145.310753470,0,1,0
145.310754190,0,1,1
145.310768660,0,0,1
145.310769310,0,0,0
145.329194690,1,0,0
145.336200540,0,0,0
145.336482790,0,1,0
145.336483340,0,1,1
145.336498000,0,0,1
145.336498530,0,0,0
145.355279030,1,0,0
145.362284990,0,0,0
145.362565280,0,1,0
145.362566040,0,1,1
145.362580550,0,0,1
145.362581200,0,0,0
145.380593310,1,0,0
145.387596200,0,0,0
145.387879700,0,1,0
145.387880300,0,1,1
145.387894880,0,0,1
145.387895480,0,0,0
145.405971250,1,0,0
145.412977190,0,0,0
145.413257080,0,1,0
145.413258700,0,1,1
145.413272270,0,0,1
145.413273970,0,0,0
145.431679010,1,0,0
145.438737400,0,0,0
145.438966500,0,1,0
145.438967150,0,1,1
145.438981710,0,0,1
145.438982460,0,0,0
145.457409290,1,0,0
145.464415410,0,0,0
145.464695780,0,0,1
145.464699800,0,1,1
145.464710960,0,1,0
145.464715030,0,0,0
145.482965530,1,0,0
145.489971230,0,0,0
145.490225800,0,1,0
145.490241030,0,0,0
145.490254120,0,0,1
145.490269350,0,0,0
145.508307010,1,0,0
145.515313010,0,0,0
145.515590040,0,0,1
145.515596520,0,1,1
145.515605290,0,1,0
145.515611770,0,0,0
145.533914640,1,0,0
145.540920930,0,0,0
145.541199930,0,0,1
145.541205040,0,1,1
145.541215110,0,1,0
145.541220270,0,0,0
145.559579170,1,0,0
145.566585610,0,0,0
145.566865800,0,1,0
145.566869310,0,1,1
145.566880980,0,0,1
145.566884500,0,0,0
145.585365930,1,0,0
145.592369240,0,0,0
145.592651870,0,1,0
145.592652780,0,1,1
145.592667150,0,0,1
145.592667980,0,0,0
145.610492790,1,0,0
145.617499060,0,0,0
145.617780040,0,1,0
145.617781350,0,1,1
145.617795330,0,0,1
145.617796570,0,0,0
145.636215820,1,0,0
145.643222320,0,0,0
145.643503650,0,1,0
145.643503770,0,1,1
145.643518790,0,0,1
145.643518920,0,0,0
145.661766490,1,0,0
145.668770600,0,0,0
145.669051800,0,1,0
145.669053090,0,1,1
145.669066900,0,0,1
145.669068260,0,0,0
145.686783560,1,0,0
145.693789700,0,0,0
145.694068930,0,1,0
145.694071520,0,1,1
145.694084130,0,0,1
145.694086580,0,0,0
145.712557900,1,0,0
145.719564090,0,0,0
145.719843640,0,1,0
145.719844940,0,1,1
145.719860150,0,1,0
145.719924330,0,0,0
145.738313350,1,0,0
145.745319390,0,0,0
145.745559050,0,0,1
145.745574180,0,0,0
145.745601790,0,1,0
145.745617100,0,0,0
145.763936750,1,0,0
145.770942580,0,0,0
145.771225460,0,1,0
145.771225920,0,1,1
145.771240670,0,0,1
145.771241120,0,0,0
145.789636400,1,0,0
145.796704070,0,0,0
145.796923740,0,1,0
145.796925170,0,1,1
145.796939070,0,0,1
145.796940300,0,0,0
145.815117770,1,0,0
145.822123930,0,0,0
145.822403410,0,0,1
145.822407040,0,1,1
145.822418560,0,1,0
145.822422280,0,0,0
145.840871820,1,0,0
145.847877690,0,0,0
145.848156090,0,0,1
145.848171190,0,0,0
145.848225730,0,1,0
145.848240960,0,0,0
145.866543180,1,0,0
145.873549220,0,0,0
145.873828710,0,1,0
145.873831050,0,1,1
145.873844050,0,0,1
145.873846180,0,0,0
145.892207370,1,0,0
145.899213350,0,0,0
145.899493850,0,0,1
145.899497390,0,1,1
145.899509080,0,1,0
145.899512530,0,0,0
145.915750720,1,0,0
145.922759160,0,0,0
145.923037240,0,0,1
145.923052500,0,0,0
145.923070810,0,1,0
145.923086060,0,0,0
145.941442980,1,0,0
145.948449060,0,0,0
145.948728210,0,1,0
145.948730620,0,1,1
145.948743440,0,0,1
145.948745760,0,0,0
145.967107680,1,0,0
145.974113510,0,0,0
145.974394080,0,0,1
145.974397280,0,1,1
145.974409330,0,1,0
145.974412490,0,0,0
145.992070100,1,0,0
145.999076450,0,0,0
145.999355950,0,1,0
145.999357470,0,1,1
145.999371070,0,0,1
145.999372760,0,0,0
146.017863540,1,0,0
146.024869210,0,0,0
146.025147830,0,1,0
146.025151060,0,1,1
146.025163040,0,0,1
146.025166330,0,0,0
146.043505280,1,0,0
146.050511190,0,0,0
146.050792610,0,1,0
146.050793090,0,1,1
146.050807830,0,0,1
146.050808310,0,0,0
146.068944950,1,0,0
146.075950990,0,0,0
146.076231010,0,1,0
146.076235330,0,1,1
146.076246250,0,0,1
146.076250570,0,0,0
146.094700520,1,0,0
146.101706750,0,0,0
146.101986290,0,0,1
146.101989430,0,1,1
146.102001540,0,1,0
146.102004660,0,0,0
146.120533140,1,0,0
146.127538880,0,0,0
146.127817170,0,0,1
146.127822680,0,1,1
146.127832420,0,1,0
146.127837830,0,0,0
146.146325600,1,0,0
146.153330210,0,0,0
146.153610090,0,1,0
146.153611870,0,1,1
146.153625290,0,0,1
146.153627030,0,0,0
146.171703280,1,0,0
146.178709380,0,0,0
146.178989040,0,0,1
146.178989550,0,1,1
146.179004190,0,1,0
146.179004730,0,0,0
146.197715640,1,0,0
146.204720160,0,0,0
146.205001990,0,1,0
146.205015320,0,1,1
146.205017200,0,0,1
146.205030530,0,0,0
146.223222540,1,0,0
146.230228370,0,0,0
146.230508460,0,0,1
146.230511230,0,1,1
146.230523640,0,1,0
146.230526540,0,0,0
146.248760860,1,0,0
146.255763780,0,0,0
146.256046820,0,0,1
146.256048330,0,1,1
146.256062020,0,1,0
146.256063520,0,0,0
146.274545470,1,0,0
146.281551600,0,0,0
146.281831960,0,1,0
146.281832540,0,1,1
146.281847210,0,0,1
146.281847700,0,0,0
146.300077170,1,0,0
146.307083230,0,0,0
146.307361150,0,0,1
146.307363840,0,1,1
146.307376370,0,1,0
146.307378990,0,0,0
146.325969410,1,0,0
146.332975490,0,0,0
146.333253660,0,1,0
146.333256280,0,1,1
146.333268850,0,0,1
146.333271510,0,0,0
146.350517300,1,0,0
146.357523280,0,0,0
146.357803060,0,1,0
146.357805450,0,1,1
146.357818270,0,0,1
146.357820600,0,0,0
146.376109230,1,0,0
146.383113640,0,0,0
146.383395240,0,1,0
146.383399030,0,1,1
146.383410440,0,0,1
146.383414340,0,0,0
146.400463750,1,0,0
146.407469750,0,0,0
146.407750100,0,1,0
146.407752370,0,1,1
146.407765360,0,0,1
146.407833030,0,0,0
146.426226690,1,0,0
146.433231110,0,0,0
146.433512270,0,1,0
146.433513210,0,1,1
146.433527430,0,0,1
146.433528430,0,0,0
146.451923060,1,0,0
146.458928870,0,0,0
146.459209280,0,0,1
146.459210880,0,1,1
146.459224510,0,1,0
146.459225980,0,0,0
146.477546810,1,0,0
146.484554980,0,0,0
146.484832660,0,0,1
146.484834070,0,1,1
146.484847870,0,1,0
146.484849250,0,0,0
146.503393400,1,0,0
146.510399420,0,0,0
146.510678400,0,0,1
146.510683370,0,1,1
146.510693710,0,1,0
146.510698680,0,0,0
146.527506220,1,0,0
146.534512280,0,0,0
146.534791790,0,1,0
146.534794360,0,1,1
146.534807040,0,0,1
146.534809590,0,0,0
146.552541370,1,0,0
146.559547300,0,0,0
146.559826560,0,0,1
146.559830070,0,1,1
146.559841720,0,1,0
146.559845210,0,0,0
146.578351940,1,0,0
146.585357980,0,0,0
146.585641340,0,0,1
146.585656540,0,0,0
146.585690760,0,1,0
146.585705920,0,0,0
146.603726230,1,0,0
146.610731960,0,0,0
146.611011060,0,1,0
146.611012350,0,1,1
146.611026260,0,0,1
146.611027490,0,0,0
146.629200410,1,0,0
146.636206360,0,0,0
146.636486750,0,0,1
146.636490390,0,1,1
146.636501960,0,1,0
146.636505500,0,0,0
146.654129410,1,0,0
146.661135330,0,0,0
146.661416630,0,0,1
146.661418530,0,1,1
146.661431800,0,1,0
146.661433650,0,0,0
146.679798090,1,0,0
146.686803980,0,0,0
146.687084830,0,0,1
146.687085780,0,1,1
146.687099970,0,1,0
146.687166240,0,0,0
146.705481550,1,0,0
146.712484700,0,0,0
146.712767590,0,0,1
146.712769370,0,1,1
146.712782790,0,1,0
146.712784640,0,0,0
146.730921810,1,0,0
146.737928010,0,0,0
146.738208790,0,1,0
146.738211850,0,1,1
146.738223930,0,0,1
146.738227090,0,0,0
146.756624940,1,0,0
146.763630730,0,0,0
146.763909270,0,0,1
146.763912110,0,1,1
146.763924560,0,1,0
146.763927290,0,0,0
146.782344850,1,0,0
146.789349260,0,0,0
146.789630590,0,1,0
146.789633650,0,1,1
146.789645690,0,0,1
146.789648840,0,0,0
146.808015890,1,0,0
146.815021790,0,0,0
146.815301240,0,0,1
146.815302680,0,1,1
146.815316450,0,1,0
146.815382200,0,0,0
146.833817360,1,0,0
146.840823550,0,0,0
146.841102310,0,1,0
146.841104770,0,1,1
146.841117520,0,0,1
146.841119960,0,0,0
146.859567750,1,0,0
146.866573660,0,0,0
146.866853050,0,0,1
146.866853270,0,1,1
146.866868260,0,1,0
146.866868460,0,0,0
146.885228020,1,0,0
146.892234170,0,0,0
146.892514070,0,1,0
146.892516040,0,1,1
146.892529340,0,0,1
146.892531270,0,0,0
146.910538970,1,0,0
146.917544970,0,0,0
146.917825840,0,0,1
146.917827410,0,1,1
146.917841000,0,1,0
146.917842590,0,0,0
146.936237000,1,0,0
146.943242910,0,0,0
146.943523350,0,1,0
146.943524350,0,1,1
146.943539510,0,1,0
146.943603280,0,0,0
146.961926570,1,0,0
146.968932790,0,0,0
146.969211310,0,0,1
146.969214380,0,1,1
146.969226560,0,1,0
146.969229580,0,0,0
146.987617160,1,0,0
146.994621530,0,0,0
146.994901170,0,1,0
146.994906200,0,1,1
146.994916420,0,0,1
146.994921530,0,0,0
147.013371040,1,0,0
147.020377100,0,0,0
147.020655200,0,1,0
147.020659350,0,1,1
147.020670470,0,0,1
147.020674550,0,0,0
147.039040240,1,0,0
147.046044780,0,0,0
147.046327920,0,0,1
147.046329540,0,1,1
147.046343130,0,1,0
147.046344700,0,0,0
147.064794450,1,0,0
147.071800490,0,0,0
147.072081280,0,0,1
147.072082920,0,1,1
147.072096570,0,1,0
147.072098080,0,0,0
147.090456590,1,0,0
147.097462480,0,0,0
147.097743390,0,0,1
147.097743670,0,1,1
147.097758740,0,1,0
147.097758920,0,0,0
147.116226760,1,0,0
147.123229570,0,0,0
147.123513570,0,1,0
147.123528820,0,0,0
147.123578090,0,0,1
147.123593320,0,0,0
147.141873560,1,0,0
147.148876790,0,0,0
147.149159200,0,0,1
147.149162970,0,1,1
147.149174390,0,1,0
147.149178240,0,0,0
147.167032250,1,0,0
147.174038650,0,0,0
147.174320150,0,0,1
147.174321190,0,1,1
147.174335430,0,1,0
147.174336410,0,0,0
147.192058070,1,0,0
147.199062280,0,0,0
147.199343710,0,1,0
147.199348510,0,1,1
147.199358920,0,0,1
147.199363690,0,0,0
147.217080740,1,0,0
147.224086680,0,0,0
147.224366890,0,0,1
147.224367930,0,1,1
147.224381990,0,1,0
147.224383180,0,0,0
147.242775730,1,0,0
147.249778730,0,0,0
147.250058830,0,1,0
147.250063900,0,1,1
147.250074100,0,0,1
147.250079100,0,0,0
147.268242300,1,0,0
147.275248020,0,0,0
147.275527990,0,0,1
147.275529850,0,1,1
147.275543240,0,1,0
147.275545020,0,0,0
147.292208730,1,0,0
147.299213110,0,0,0
147.299497160,0,0,1
147.299497340,0,1,1
147.299512350,0,1,0
147.299512520,0,0,0
147.317846760,1,0,0
147.324852860,0,0,0
147.325135500,0,0,1
147.325136570,0,1,1
147.325150690,0,1,0
147.325151720,0,0,0
147.343485020,1,0,0
147.350490950,0,0,0
147.350769720,0,1,0
147.350774140,0,1,1
147.350784990,0,0,1
147.350789340,0,0,0
147.369200550,1,0,0
147.376206940,0,0,0
147.376482500,0,1,0
147.376487390,0,1,1
147.376497660,0,0,1
147.376502560,0,0,0
147.394802370,1,0,0
147.401808260,0,0,0
147.402090090,0,0,1
147.402090920,0,1,1
147.402105300,0,1,0
147.402106130,0,0,0
147.420210810,1,0,0
147.427217020,0,0,0
147.427497430,0,1,0
147.427499260,0,1,1
147.427512590,0,0,1
147.427514550,0,0,0
147.445770320,1,0,0
147.452776290,0,0,0
147.453057710,0,0,1
147.453058600,0,1,1
147.453072810,0,1,0
147.453073740,0,0,0
147.471225760,1,0,0
147.478228910,0,0,0
147.478509840,0,0,1
147.478511870,0,1,1
147.478525130,0,1,0
147.478527100,0,0,0
147.497045230,1,0,0
147.504050640,0,0,0
147.504329130,0,1,0
147.504334770,0,1,1
147.504344290,0,0,1
147.504350010,0,0,0
147.522720150,1,0,0
147.529725960,0,0,0
147.530005950,0,1,0
147.530007130,0,1,1
147.530021090,0,0,1
147.530022380,0,0,0
147.548584180,1,0,0
147.555590430,0,0,0
147.555871010,0,1,0
147.555871510,0,1,1
147.555886240,0,0,1
147.555886740,0,0,0
147.574189810,1,0,0
147.581176960,0,0,0
147.581472870,0,1,0
147.581479850,0,1,1
147.581488060,0,0,1
147.581495000,0,0,0
147.599751780,1,0,0
147.606756530,0,0,0
147.607036360,0,1,0
147.607038400,0,1,1
147.607051560,0,0,1
147.607053460,0,0,0
147.625833500,1,0,0
147.632839600,0,0,0
147.633119260,0,0,1
147.633127070,0,1,1
147.633134450,0,1,0
147.633142290,0,0,0
147.650383420,1,0,0
147.657389660,0,0,0
147.657670470,0,1,0
147.657685640,0,0,0
147.657735500,0,0,1
147.657750730,0,0,0
147.676386160,1,0,0
147.683392050,0,0,0
147.683671200,0,0,1
147.683673910,0,1,1
147.683686300,0,1,0
147.683689080,0,0,0
147.700742400,1,0,0
147.707746570,0,0,0
147.708031810,0,0,1
147.708032400,0,1,1
147.708047050,0,1,0
147.708047560,0,0,0
147.725445530,1,0,0
147.732451720,0,0,0
147.732734380,0,0,1
147.732734630,0,1,1
147.732749620,0,1,0
147.732749780,0,0,0
147.750583740,1,0,0
147.757592060,0,0,0
147.757866340,0,0,1
147.757868930,0,1,1
147.757881530,0,1,0
147.757884120,0,0,0
147.776268000,1,0,0
147.783273850,0,0,0
147.783556330,0,1,0
147.783557250,0,1,1
147.783571540,0,0,1
147.783572490,0,0,0
147.802251970,1,0,0
147.809258240,0,0,0
147.809539960,0,1,0
147.809540570,0,1,1
147.809555100,0,0,1
147.809555750,0,0,0
147.827546160,1,0,0
147.834550470,0,0,0
147.834831640,0,0,1
147.834833340,0,1,1
147.834846880,0,1,0
147.834848530,0,0,0
147.852910730,1,0,0
147.859916920,0,0,0
147.860196080,0,0,1
147.860197570,0,1,1
147.860211250,0,1,0
147.860212820,0,0,0
147.878353090,1,0,0
147.885358630,0,0,0
147.885640080,0,1,0
147.885640880,0,1,1
147.885655260,0,0,1
147.885656090,0,0,0
147.902458800,1,0,0
147.909461420,0,0,0
147.909743310,0,1,0
147.909743350,0,1,1
147.909758520,0,0,1
147.909758660,0,0,0
147.927979720,1,0,0
147.934985970,0,0,0
147.935267700,0,1,0
147.935267850,0,1,1
147.935283030,0,0,1
147.935283060,0,0,0
147.953362390,1,0,0
147.960366930,0,0,0
147.960650380,0,0,1
147.960651030,0,1,1
147.960665530,0,1,0
147.960666180,0,0,0
147.979123000,1,0,0
147.986128810,0,0,0
147.986409520,0,1,0
147.986409580,0,1,1
147.986424660,0,0,1
147.986424780,0,0,0
148.003061370,1,0,0
148.010066290,0,0,0
148.010311670,0,0,1
148.010326890,0,0,0
148.010347880,0,1,0
148.010363040,0,0,0
148.028854170,1,0,0
148.035860170,0,0,0
148.036138570,0,1,0
148.036141360,0,1,1
148.036153720,0,0,1
148.036156650,0,0,0
148.054064100,1,0,0
148.061069930,0,0,0
148.061348660,0,1,0
148.061349930,0,1,1
148.061363990,0,0,1
148.061365010,0,0,0
148.079097160,1,0,0
148.086102760,0,0,0
148.086380290,0,1,0
148.086383230,0,1,1
148.086395540,0,0,1
148.086398440,0,0,0
148.104059210,1,0,0
148.111064890,0,0,0
148.111343750,0,1,0
148.111346700,0,1,1
148.111359000,0,0,1
148.111361900,0,0,0
148.129884710,1,0,0
148.136940480,0,0,0
148.137173510,0,1,0
148.137175250,0,1,1
148.137188690,0,0,1
148.137190430,0,0,0
148.154107730,1,0,0
148.161113610,0,0,0
148.161391830,0,1,0
148.161392690,0,1,1
148.161406970,0,0,1
148.161407830,0,0,0
148.179995330,1,0,0
148.187001160,0,0,0
148.187281330,0,1,0
148.187282050,0,1,1
148.187296460,0,0,1
148.187297220,0,0,0
148.205729380,1,0,0
148.212735580,0,0,0
148.213014210,0,0,1
148.213019880,0,1,1
148.213029450,0,1,0
148.213035150,0,0,0
148.231040030,1,0,0
148.238045920,0,0,0
148.238326380,0,0,1
148.238328150,0,1,1
148.238341570,0,1,0
148.238343260,0,0,0
148.255450360,1,0,0
148.262456610,0,0,0
148.262736490,0,1,0
148.262737300,0,1,1
148.262751780,0,0,1
148.262752570,0,0,0
148.281308200,1,0,0
148.288316530,0,0,0
148.288593710,0,1,0
148.288595900,0,1,1
148.288608910,0,0,1
148.288611160,0,0,0
148.307037980,1,0,0
148.314043920,0,0,0
148.314323280,0,0,1
148.314328520,0,1,1
148.314338480,0,1,0
148.314343750,0,0,0
148.332703660,1,0,0
148.339708030,0,0,0
148.339991820,0,1,0
148.339992530,0,1,1
148.340006980,0,0,1
148.340007700,0,0,0
148.358557140,1,0,0
148.365563120,0,0,0
148.365843560,0,0,1
148.365845180,0,1,1
148.365858770,0,1,0
148.365860400,0,0,0
148.384322650,1,0,0
148.391328500,0,0,0
148.391608770,0,1,0
148.391609570,0,1,1
148.391623910,0,0,1
148.391624710,0,0,0
148.408903940,1,0,0
148.415910340,0,0,0
148.416189130,0,1,0
148.416204420,0,0,0
148.416258240,0,0,1
148.416273390,0,0,0
148.432470250,1,0,0
148.439475960,0,0,0
148.439752880,0,1,0
148.439756150,0,1,1
148.439768050,0,0,1
148.439771370,0,0,0
148.458204700,1,0,0
148.465210950,0,0,0
148.465493600,0,1,0
148.465494700,0,1,1
148.465508820,0,0,1
148.465509880,0,0,0
148.483893750,1,0,0
148.490899950,0,0,0
148.491182060,0,1,0
148.491189580,0,1,1
148.491197290,0,0,1
148.491204720,0,0,0
148.508827480,1,0,0
148.515831850,0,0,0
148.516114020,0,0,1
148.516114130,0,1,1
148.516129210,0,1,0
148.516129350,0,0,0
148.533917210,1,0,0
148.540923480,0,0,0
148.541202880,0,1,0
148.541204950,0,1,1
148.541218070,0,0,1
148.541220240,0,0,0
148.559443610,1,0,0
148.566452510,0,0,0
148.566729760,0,1,0
148.566733270,0,1,1
148.566744970,0,0,1
148.566748470,0,0,0
148.585179460,1,0,0
148.592185330,0,0,0
148.592464710,0,1,0
148.592479890,0,0,0
148.592532380,0,0,1
148.592547520,0,0,0
148.610996840,1,0,0
148.618001250,0,0,0
148.618281540,0,1,0
148.618285260,0,1,1
148.618296750,0,0,1
148.618300450,0,0,0
148.636661870,1,0,0
148.643667890,0,0,0
148.643947480,0,1,0
148.643948710,0,1,1
148.643962710,0,0,1
148.643963950,0,0,0
148.662488520,1,0,0
148.669494230,0,0,0
148.669729240,0,1,0
148.669744490,0,0,0
148.669777210,0,0,1
148.669792500,0,0,0
148.688204160,1,0,0
148.695210510,0,0,0
148.695487990,0,0,1
148.695493010,0,1,1
148.695503260,0,1,0
148.695508240,0,0,0
148.713858290,1,0,0
148.720864240,0,0,0
148.721142690,0,0,1
148.721147250,0,1,1
148.721157830,0,1,0
148.721162520,0,0,0
148.737507530,1,0,0
148.744513660,0,0,0
148.744795800,0,1,0
148.744797470,0,1,1
148.744810920,0,0,1
148.744812570,0,0,0
148.763266540,1,0,0
148.770272000,0,0,0
148.770554470,0,1,0
148.770554580,0,1,1
148.770569740,0,0,1
148.770569760,0,0,0
148.788546090,1,0,0
148.795552150,0,0,0
148.795831940,0,0,1
148.795832700,0,1,1
148.795847190,0,1,0
148.795847780,0,0,0
148.814218700,1,0,0
148.821224570,0,0,0
148.821506040,0,1,0
148.821506780,0,1,1
148.821521250,0,0,1
148.821521990,0,0,0
148.839451750,1,0,0
148.846457600,0,0,0
148.846740970,0,0,1
148.846756200,0,0,0
148.865220230,1,0,0
148.872223520,0,0,0
148.872508540,0,0,1
148.872523850,0,0,0
148.890947600,1,0,0
148.897953490,0,0,0
148.898232050,0,0,1
148.898234410,0,1,1
148.898247320,0,1,0
148.898249510,0,0,0
148.916623710,1,0,0
148.923629960,0,0,0
148.923910480,0,1,0
148.923910500,0,1,1
148.923925620,0,1,0
148.923925700,0,0,0
148.942254760,1,0,0
148.949268010,0,0,0
148.949541100,0,1,0
148.949544710,0,1,1
148.949556310,0,0,1
148.949559810,0,0,0
148.967713100,1,0,0
148.974717570,0,0,0
148.974998530,0,1,0
148.975003010,0,1,1
148.975013730,0,0,1
148.975018360,0,0,0
148.992123450,1,0,0
148.999129370,0,0,0
148.999411520,0,0,1
148.999411660,0,1,1
148.999426790,0,1,0
148.999426970,0,0,0
149.017502170,1,0,0
149.024508370,0,0,0
149.024790090,0,0,1
149.024790450,0,1,1
149.024805340,0,1,0
149.024805660,0,0,0
149.042749250,1,0,0
149.049753650,0,0,0
149.050033810,0,1,0
149.050038600,0,1,1
149.050049060,0,0,1
149.050053780,0,0,0
149.068539680,1,0,0
149.075545410,0,0,0
149.075827060,0,0,1
149.075842250,0,0,0
149.075872090,0,1,0
149.075887290,0,0,0
149.093948020,1,0,0
149.100953910,0,0,0
149.101234380,0,0,1
149.101235450,0,1,1
149.101249550,0,1,0
149.101250650,0,0,0
149.117729810,1,0,0
149.124735780,0,0,0
149.125014830,0,1,0
149.125017950,0,1,1
149.125029930,0,0,1
149.125032970,0,0,0
149.143355540,1,0,0
149.150361460,0,0,0
149.150639600,0,0,1
149.150654850,0,0,0
149.150708600,0,1,0
149.150723830,0,0,0
149.168990150,1,0,0
149.175996090,0,0,0
149.176275630,0,0,1
149.176276480,0,1,1
149.176290900,0,1,0
149.176291750,0,0,0
149.194689790,1,0,0
149.201698430,0,0,0
149.201974930,0,1,0
149.201979080,0,1,1
149.201990170,0,0,1
149.201994280,0,0,0
149.218846870,1,0,0
149.225852950,0,0,0
149.226132410,0,1,0
149.226136610,0,1,1
149.226147580,0,0,1
149.226151790,0,0,0
149.244531750,1,0,0
149.251537480,0,0,0
149.251820860,0,0,1
149.251821580,0,1,1
149.251836150,0,1,0
149.251836790,0,0,0
149.270336740,1,0,0
149.277342720,0,0,0
149.277623220,0,0,1
149.277625050,0,1,1
149.277638390,0,1,0
149.277640170,0,0,0
149.295994620,1,0,0
149.303000760,0,0,0
149.303281940,0,0,1
149.303282550,0,1,1
149.303297130,0,1,0
149.303297760,0,0,0
149.321698670,1,0,0
149.328705060,0,0,0
149.328985300,0,0,1
149.328986870,0,1,1
149.329000510,0,1,0
149.329001990,0,0,0
149.346373730,1,0,0
149.353379520,0,0,0
149.353657120,0,0,1
149.353657520,0,1,1
149.353672310,0,1,0
149.353738270,0,0,0
149.371799630,1,0,0
149.378808110,0,0,0
149.379087130,0,0,1
149.379088500,0,1,1
149.379102360,0,1,0
149.379103770,0,0,0
149.397228720,1,0,0
149.404234740,0,0,0
149.404461740,0,0,1
149.404476990,0,0,0
149.404516710,0,1,0
149.404531920,0,0,0
149.422946090,1,0,0
149.430015860,0,0,0
149.430234910,0,0,1
149.430235390,0,1,1
149.430250140,0,1,0
149.430250570,0,0,0
149.448697760,1,0,0
149.455703840,0,0,0
149.455982580,0,1,0
149.455987420,0,1,1
149.455997830,0,0,1
149.456002630,0,0,0
149.474384350,1,0,0
149.481390220,0,0,0
149.481671660,0,0,1
149.481671850,0,1,1
149.481686860,0,1,0
149.481687080,0,0,0
149.499935940,1,0,0
149.506941940,0,0,0
149.507222770,0,0,1
149.507225360,0,1,1
149.507237960,0,1,0
149.507240610,0,0,0
149.525763930,1,0,0
149.532770360,0,0,0
149.533052340,0,0,1
149.533053840,0,1,1
149.533067530,0,1,0
149.533068980,0,0,0
149.551443710,1,0,0
149.558449600,0,0,0
149.558731340,0,1,0
149.558731890,0,1,1
149.558746510,0,0,1
149.558747140,0,0,0
149.576324310,1,0,0
149.583332520,0,0,0
149.583582870,0,1,0
149.583598060,0,0,0
149.583609600,0,0,1
149.583624870,0,0,0
149.601623920,1,0,0
149.608629960,0,0,0
149.608911250,0,1,0
149.608913760,0,1,1
149.608926520,0,0,1
149.608929010,0,0,0
149.626944610,1,0,0
149.633950240,0,0,0
149.634232260,0,1,0
149.634235640,0,1,1
149.634247440,0,0,1
149.634250890,0,0,0
149.652186240,1,0,0
149.659192530,0,0,0
149.659474570,0,1,0
149.659475860,0,1,1
149.659489800,0,0,1
149.659491080,0,0,0
149.677918500,1,0,0
149.684924290,0,0,0
149.685193680,0,1,0
149.685204110,0,1,1
149.685208850,0,0,1
149.685219300,0,0,0
149.703591970,1,0,0
149.710597860,0,0,0
149.710877520,0,1,0
149.710877770,0,1,1
149.710892680,0,0,1
149.710893010,0,0,0
149.729433770,1,0,0
149.736439810,0,0,0
149.736720770,0,1,0
149.736721040,0,1,1
149.736735940,0,0,1
149.736736210,0,0,0
149.753660370,1,0,0
149.760666660,0,0,0
149.760948300,0,1,0
149.760949470,0,1,1
149.760963550,0,0,1
149.760964720,0,0,0
149.779405080,1,0,0
149.786413580,0,0,0
149.786662280,0,1,0
149.786677390,0,0,0
149.786691810,0,0,1
149.786706950,0,0,0
149.805092450,1,0,0
149.812098280,0,0,0
149.812379980,0,1,0
149.812381230,0,1,1
149.812395240,0,0,1
149.812396500,0,0,0
149.830875700,1,0,0
149.837883870,0,0,0
149.838164370,0,1,0
149.838164640,0,1,1
149.838179580,0,0,1
149.838179860,0,0,0
149.856583170,1,0,0
149.863590860,0,0,0
149.863855710,0,0,1
149.863870850,0,0,0
149.863872480,0,1,0
149.863887650,0,0,0
149.882341410,1,0,0
149.889346950,0,0,0
149.889625780,0,0,1
149.889626050,0,1,1
149.889640960,0,1,0
149.889641240,0,0,0
149.907880520,1,0,0
149.914889080,0,0,0
149.915168390,0,1,0
149.915170140,0,1,1
149.915183610,0,0,1
149.915185340,0,0,0
149.933691340,1,0,0
149.940697520,0,0,0
149.940976850,0,0,1
149.940977830,0,1,1
149.940992140,0,1,0
149.940993120,0,0,0
149.959506410,1,0,0
149.966512530,0,0,0
149.966791610,0,0,1
149.966795170,0,1,1
149.966806820,0,1,0
149.966810460,0,0,0
149.983780470,1,0,0
149.990786430,0,0,0
149.991069300,0,0,1
149.991069760,0,1,1
149.991084470,0,1,0
149.991085010,0,0,0
150.009194640,1,0,0
150.016197350,0,0,0
150.016479760,0,1,0
150.016482440,0,1,1
150.016494840,0,0,1
150.016497660,0,0,0
150.034608440,1,0,0
150.041614600,0,0,0
150.041896350,0,1,0
150.041897110,0,1,1
150.041911490,0,0,1
150.041912380,0,0,0
150.060247880,1,0,0
150.067254090,0,0,0
150.067534640,0,0,1
150.067534770,0,1,1
150.067549870,0,1,0
150.067549910,0,0,0
150.086196250,1,0,0
150.093202140,0,0,0
150.093480420,0,1,0
150.093495540,0,0,0
150.093549310,0,0,1
150.093564520,0,0,0
150.111853630,1,0,0
150.118859480,0,0,0
150.119139990,0,0,1
150.119140530,0,1,1
150.119155190,0,1,0
150.119155690,0,0,0
150.137708820,1,0,0
150.144714530,0,0,0
150.144994590,0,1,0
150.144995660,0,1,1
150.145009800,0,0,1
150.145010950,0,0,0
150.163442000,1,0,0
150.170448060,0,0,0
150.170727350,0,1,0
150.170729310,0,1,1
150.170742620,0,0,1
150.170744500,0,0,0
150.189292400,1,0,0
150.196298210,0,0,0
150.196577720,0,0,1
150.196578890,0,1,1
150.196592880,0,1,0
150.196594160,0,0,0
150.214574160,1,0,0
150.221580320,0,0,0
150.221841370,0,0,1
150.221856620,0,0,0
150.221860070,0,1,0
150.221875310,0,0,0
150.238613280,1,0,0
150.245619470,0,0,0
150.245898300,0,1,0
150.245898610,0,1,1
150.245913400,0,0,1
150.245913650,0,0,0
150.264310310,1,0,0
150.271316390,0,0,0
150.271594290,0,1,0
150.271596950,0,1,1
150.271609570,0,0,1
150.271612240,0,0,0
150.289777480,1,0,0
150.296783650,0,0,0
150.297065140,0,1,0
150.297066500,0,1,1
150.297080290,0,0,1
150.297081790,0,0,0
150.315572660,1,0,0
150.322522490,0,0,0
150.322857580,0,1,0
150.322859800,0,1,1
150.322872880,0,0,1
150.322875060,0,0,0
150.340986290,1,0,0
150.347992470,0,0,0
150.348271960,0,1,0
150.348272280,0,1,1
150.348287170,0,0,1
150.348287430,0,0,0
150.366705840,1,0,0
150.373711880,0,0,0
150.373991690,0,0,1
150.373995260,0,1,1
150.374007040,0,1,0
150.374010400,0,0,0
150.392318300,1,0,0
150.399322950,0,0,0
150.399603680,0,1,0
150.399603710,0,1,1
150.399618910,0,0,1
150.399618960,0,0,0
150.418032910,1,0,0
150.425038770,0,0,0
150.425315910,0,0,1
150.425319520,0,1,1
150.425331160,0,1,0
150.425334770,0,0,0
150.442140790,1,0,0
150.449149430,0,0,0
150.449391050,0,1,0
150.449406250,0,0,0
150.449425580,0,0,1
150.449440810,0,0,0
150.467661170,1,0,0
150.474667330,0,0,0
150.474948780,0,1,0
150.474950130,0,1,1
150.474963960,0,0,1
150.474965230,0,0,0
150.492059270,1,0,0
150.499063830,0,0,0
150.499345910,0,1,0
150.499348640,0,1,1
150.499361160,0,0,1
150.499363840,0,0,0
150.517788940,1,0,0
150.524795170,0,0,0
150.525075600,0,1,0
150.525076420,0,1,1
150.525090890,0,0,1
150.525091730,0,0,0
150.543512540,1,0,0
150.550518780,0,0,0
150.550800590,0,0,1
150.550815800,0,0,0
150.550863940,0,1,0
150.550879190,0,0,0
150.566712400,1,0,0
150.573685070,0,0,0
150.573998050,0,0,1
150.574002340,0,1,1
150.574013240,0,1,0
150.574017550,0,0,0
150.592407310,1,0,0
150.599413470,0,0,0
150.599692520,0,0,1
150.599695580,0,1,1
150.599707850,0,1,0
150.599710780,0,0,0
150.618205610,1,0,0
150.625211560,0,0,0
150.625490880,0,0,1
150.625494120,0,1,1
150.625506090,0,1,0
150.625509370,0,0,0
150.644144550,1,0,0
150.651150920,0,0,0
150.651431580,0,1,0
150.651434240,0,1,1
150.651446830,0,0,1
150.651449450,0,0,0
150.667770940,1,0,0
150.674775550,0,0,0
150.675056050,0,1,0
150.675056730,0,1,1
150.675071300,0,0,1
150.675071870,0,0,0
150.693463220,1,0,0
150.700469030,0,0,0
150.700749260,0,1,0
150.700750220,0,1,1
150.700764400,0,0,1
150.700765400,0,0,0
150.718972850,1,0,0
150.725979160,0,0,0
150.726259510,0,0,1
150.726262640,0,1,1
150.726274760,0,1,0
150.726277800,0,0,0
150.744758900,1,0,0
150.751763500,0,0,0
150.752046000,0,1,0
150.752048040,0,1,1
150.752061250,0,0,1
150.752063230,0,0,0
150.770433550,1,0,0
150.777440050,0,0,0
150.777719380,0,1,0
150.777721340,0,1,1
150.777734520,0,0,1
150.777736570,0,0,0
150.796065600,1,0,0
150.803071540,0,0,0
150.803352630,0,1,0
150.803354850,0,1,1
150.803367900,0,0,1
150.803370030,0,0,0
150.820965150,1,0,0
150.827973730,0,0,0
150.828250120,0,1,0
150.828252330,0,1,1
150.828265320,0,0,1
150.828267620,0,0,0
150.846768450,1,0,0
150.853774420,0,0,0
150.854053520,0,1,0
150.854056630,0,1,1
150.854068700,0,0,1
150.854071940,0,0,0
150.872170100,1,0,0
150.879174280,0,0,0
150.879456960,0,1,0
150.879460220,0,1,1
150.879472310,0,0,1
150.879475390,0,0,0
150.897898980,1,0,0
150.904928060,0,0,0
150.905186270,0,1,0
150.905188710,0,1,1
150.905201420,0,0,1
150.905203850,0,0,0
150.922859250,1,0,0
150.929865290,0,0,0
150.930143840,0,1,0
150.930146860,0,1,1
150.930159130,0,0,1
150.930162050,0,0,0
150.948586340,1,0,0
150.955592450,0,0,0
150.955873120,0,1,0
150.955875430,0,1,1
150.955888200,0,0,1
150.955890700,0,0,0
150.974387480,1,0,0
150.981393330,0,0,0
150.981673770,0,0,1
150.981676560,0,1,1
150.981688960,0,1,0
150.981691700,0,0,0
150.997901180,1,0,0
151.004905610,0,0,0
151.005185900,0,0,1
151.005201070,0,0,0
151.005210960,0,1,0
151.005226080,0,0,0
151.023632430,1,0,0
151.030638770,0,0,0
151.030915550,0,1,0
151.030920490,0,1,1
151.030930650,0,0,1
151.030935780,0,0,0
151.047746790,1,0,0
151.054749620,0,0,0
151.055020730,0,0,1
151.055031490,0,1,1
151.055035980,0,1,0
151.055046720,0,0,0
151.073331750,1,0,0
151.080335830,0,0,0
151.080615010,0,0,1
151.080619060,0,1,1
151.080630190,0,1,0
151.080634120,0,0,0
151.099063340,1,0,0
151.106069050,0,0,0
151.106350870,0,0,1
151.106353350,0,1,1
151.106366030,0,1,0
151.106368540,0,0,0
151.122841730,1,0,0
151.129847830,0,0,0
151.130125300,0,1,0
151.130128560,0,1,1
151.130140550,0,0,1
151.130143650,0,0,0
151.148537740,1,0,0
151.155541940,0,0,0
151.155824070,0,1,0
151.155827900,0,1,1
151.155839320,0,0,1
151.155843190,0,0,0
151.174334180,1,0,0
151.181338560,0,0,0
151.181609450,0,1,0
151.181621450,0,1,1
151.181624700,0,0,1
151.181636680,0,0,0
151.200095580,1,0,0
151.207101560,0,0,0
151.207381710,0,1,0
151.207384630,0,1,1
151.207396870,0,0,1
151.207399850,0,0,0
151.225412170,1,0,0
151.232418190,0,0,0
151.232698010,0,0,1
151.232699270,0,1,1
151.232713300,0,1,0
151.232714460,0,0,0
151.251213600,1,0,0
151.258219300,0,0,0
151.258498630,0,1,0
151.258501410,0,1,1
151.258513710,0,0,1
151.258516620,0,0,0
151.276482060,1,0,0
151.283488160,0,0,0
151.283769900,0,0,1
151.283771240,0,1,1
151.283785150,0,1,0
151.283786490,0,0,0
151.302236130,1,0,0
151.309242370,0,0,0
151.309522410,0,0,1
151.309525370,0,1,1
151.309537590,0,1,0
151.309540510,0,0,0
151.327977420,1,0,0
151.334983320,0,0,0
151.335262870,0,1,0
151.335266830,0,1,1
151.335277990,0,0,1
151.335282010,0,0,0
151.353599580,1,0,0
151.360605590,0,0,0
151.360885130,0,0,1
151.360887110,0,1,1
151.360900350,0,1,0
151.360902250,0,0,0
151.379231670,1,0,0
151.386237540,0,0,0
151.386517720,0,0,1
151.386519110,0,1,1
151.386532970,0,1,0
151.386534300,0,0,0
151.404859940,1,0,0
151.411864520,0,0,0
151.412146930,0,0,1
151.412149050,0,1,1
151.412162180,0,1,0
151.412164360,0,0,0
151.430686950,1,0,0
151.437692910,0,0,0
151.437974440,0,0,1
151.437977370,0,1,1
151.437989540,0,1,0
151.437992530,0,0,0
151.456503660,1,0,0
151.463509950,0,0,0
151.463789640,0,1,0
151.463793820,0,1,1
151.463804830,0,0,1
151.463809070,0,0,0
151.482244050,1,0,0
151.489249900,0,0,0
151.489532230,0,0,1
151.489534040,0,1,1
151.489547470,0,1,0
151.489549230,0,0,0
151.507328760,1,0,0
151.514334340,0,0,0
151.514614840,0,0,1
151.514617360,0,1,1
151.514630020,0,1,0
151.514632480,0,0,0
151.532977450,1,0,0
151.539982010,0,0,0
151.540264140,0,0,1
151.540264950,0,1,1
151.540279450,0,1,0
151.540280070,0,0,0
151.558058700,1,0,0
151.565064640,0,0,0
151.565339830,0,1,0
151.565346770,0,1,1
151.565355010,0,0,1
151.565361910,0,0,0
151.583851710,1,0,0
151.590857810,0,0,0
151.591137600,0,1,0
151.591141000,0,1,1
151.591152810,0,0,1
151.591156130,0,0,0
151.609643570,1,0,0
151.616651940,0,0,0
151.616929470,0,0,1
151.616929850,0,1,1
151.616944680,0,1,0
151.616945060,0,0,0
151.635314600,1,0,0
151.642381740,0,0,0
151.642604210,0,1,0
151.642611270,0,1,1
151.642619480,0,0,1
151.642626470,0,0,0
151.660917120,1,0,0
151.667925620,0,0,0
151.668202700,0,1,0
151.668206190,0,1,1
151.668217900,0,0,1
151.668221440,0,0,0
151.686576900,1,0,0
151.693583040,0,0,0
151.693864620,0,0,1
151.693865990,0,1,1
151.693879780,0,1,0
151.693881180,0,0,0
151.711534220,1,0,0
151.718540340,0,0,0
151.718823210,0,0,1
151.718824270,0,1,1
151.718838450,0,1,0
151.718839490,0,0,0
151.737208120,1,0,0
151.744211300,0,0,0
151.744496610,0,0,1
151.744497880,0,1,1
151.744511860,0,1,0
151.744513080,0,0,0
151.762777500,1,0,0
151.769783100,0,0,0
151.770063880,0,1,0
151.770064300,0,1,1
151.770079190,0,0,1
151.770079320,0,0,0
151.788195190,1,0,0
151.795201190,0,0,0
151.795482390,0,0,1
151.795483760,0,1,1
151.795497680,0,1,0
151.795498940,0,0,0
151.814014800,1,0,0
151.821020880,0,0,0
151.821300580,0,1,0
151.821301960,0,1,1
151.821315840,0,0,1
151.821317170,0,0,0
151.839749410,1,0,0
151.846755310,0,0,0
151.847034180,0,0,1
151.847036370,0,1,1
151.847049410,0,1,0
151.847051470,0,0,0
151.865529960,1,0,0
151.872535980,0,0,0
151.872818600,0,1,1
151.872833770,0,0,1
151.872833790,0,0,0
151.891313110,1,0,0
151.898317880,0,0,0
151.898601170,0,0,1
151.898603150,0,1,1
151.898616340,0,1,0
151.898618360,0,0,0
151.916874890,1,0,0
151.923879300,0,0,0
151.924160430,0,0,1
151.924160720,0,1,1
151.924175630,0,1,0
151.924175900,0,0,0
151.942349440,1,0,0
151.949355230,0,0,0
151.949634840,0,1,0
151.949638020,0,1,1
151.949650010,0,0,1
151.949653180,0,0,0
151.967084290,1,0,0
151.974090270,0,0,0
151.974369630,0,0,1
151.974373200,0,1,1
151.974384880,0,1,0
151.974388430,0,0,0
151.992790920,1,0,0
151.999797020,0,0,0
152.000073870,0,1,0
152.000080870,0,1,1
152.000089060,0,0,1
152.000096130,0,0,0
152.018333410,1,0,0
152.025337470,0,0,0
152.025619040,0,0,1
152.025619960,0,1,1
152.025634180,0,1,0
152.025635150,0,0,0
152.044025250,1,0,0
152.051031370,0,0,0
152.051309820,0,0,1
152.051313460,0,1,1
152.051325020,0,1,0
152.051328670,0,0,0
152.069710790,1,0,0
152.076716650,0,0,0
152.076994240,0,1,0
152.077000950,0,1,1
152.077009490,0,0,1
152.077016160,0,0,0
152.095444760,1,0,0
152.102450970,0,0,0
152.102734420,0,0,1
152.102735180,0,1,1
152.102749560,0,1,0
152.102750260,0,0,0
152.120783010,1,0,0
152.127788820,0,0,0
152.128065980,0,1,0
152.128071630,0,1,1
152.128081200,0,0,1
152.128086920,0,0,0
152.146514520,1,0,0
152.153520640,0,0,0
152.153800830,0,1,0
152.153801180,0,1,1
152.153816040,0,0,1
152.153816450,0,0,0
152.171792000,1,0,0
152.178800710,0,0,0
152.179079660,0,0,1
152.179080210,0,1,1
152.179094870,0,1,0
152.179095420,0,0,0
152.197435470,1,0,0
152.204441500,0,0,0
152.204723070,0,0,1
152.204723610,0,1,1
152.204738290,0,1,0
152.204738860,0,0,0
152.222490950,1,0,0
152.229497280,0,0,0
152.229776600,0,0,1
152.229776950,0,1,1
152.229791800,0,1,0
152.229792100,0,0,0
152.247490260,1,0,0
152.254496530,0,0,0
152.254779830,0,0,1
152.254780270,0,1,1
152.254794950,0,1,0
152.254795580,0,0,0
152.273233390,1,0,0
152.280236220,0,0,0
152.280518460,0,0,1
152.280518650,0,1,1
152.280533710,0,1,0
152.280533920,0,0,0
152.298804580,1,0,0
152.305810690,0,0,0
152.306091030,0,0,1
152.306092130,0,1,1
152.306106240,0,1,0
152.306107340,0,0,0
152.324573070,1,0,0
152.331579210,0,0,0
152.331859640,0,1,0
152.331860350,0,1,1
152.331874880,0,0,1
152.331875450,0,0,0
152.350302560,1,0,0
152.357306870,0,0,0
152.357587900,0,0,1
152.357589040,0,1,1
152.357603170,0,1,0
152.357604180,0,0,0
152.375388790,1,0,0
152.382393430,0,0,0
152.382676910,0,0,1
152.382677230,0,1,1
152.382692220,0,1,0
152.382692470,0,0,0
152.400407980,1,0,0
152.407414040,0,0,0
152.407694600,0,0,1
152.407694710,0,1,1
152.407709870,0,1,0
152.407710020,0,0,0
152.426013840,1,0,0
152.433019710,0,0,0
152.433287550,0,0,1
152.433298920,0,1,1
152.433302810,0,1,0
152.433314050,0,0,0
152.449895940,1,0,0
152.456902080,0,0,0
152.457181320,0,0,1
152.457181510,0,1,1
152.457196490,0,1,0
152.457196780,0,0,0
152.475676840,1,0,0
152.482683150,0,0,0
152.482965770,0,1,0
152.482965810,0,1,1
152.482981020,0,1,0
152.482981060,0,0,0
152.501566510,1,0,0
152.508572720,0,0,0
152.508853210,0,1,0
152.508854210,0,1,1
152.508868350,0,0,1
152.508869380,0,0,0
152.527326870,1,0,0
152.534332720,0,0,0
152.534609920,0,1,0
152.534625170,0,0,0
152.534677890,0,0,1
152.534693010,0,0,0
152.553337420,1,0,0
152.560341860,0,0,0
152.560625120,0,0,1
152.560626070,0,1,1
152.560640180,0,1,0
152.560641300,0,0,0
152.579319780,1,0,0
152.586325820,0,0,0
152.586608430,0,1,0
152.586609480,0,1,1
152.586623570,0,0,1
152.586624750,0,0,0
152.605084560,1,0,0
152.612090620,0,0,0
152.612371780,0,0,1
152.612372600,0,1,1
152.612386900,0,1,0
152.612387740,0,0,0
152.630904050,1,0,0
152.637910340,0,0,0
152.638191020,0,1,0
152.638191230,0,1,1
152.638206200,0,0,1
152.638206390,0,0,0
152.655003630,1,0,0
152.662009620,0,0,0
152.662288730,0,0,1
152.662289380,0,1,1
152.662303980,0,1,0
152.662304600,0,0,0
152.680979090,1,0,0
152.687985050,0,0,0
152.688267690,0,1,0
152.688267950,0,1,1
152.688282960,0,0,1
152.688283150,0,0,0
152.706165910,1,0,0
152.713170400,0,0,0
152.713451340,0,1,0
152.713451560,0,1,1
152.713466490,0,0,1
152.713466700,0,0,0
152.731057390,1,0,0
152.738062410,0,0,0
152.738344780,0,1,0
152.738344880,0,1,1
152.738359930,0,0,1
152.738360020,0,0,0
152.756694290,1,0,0
152.763700290,0,0,0
152.763982160,0,1,0
152.763982630,0,1,1
152.763997350,0,0,1
152.763997820,0,0,0
152.782107270,1,0,0
152.789113190,0,0,0
152.789396210,0,1,0
152.789396870,0,1,1
152.789411330,0,0,1
152.789412040,0,0,0
152.807759960,1,0,0
152.814763170,0,0,0
152.815044360,0,0,1
152.815048880,0,1,1
152.815059460,0,1,0
152.815064060,0,0,0
152.833376140,1,0,0
152.840379800,0,0,0
152.840662320,0,1,0
152.840662860,0,1,1
152.840677530,0,0,1
152.840678070,0,0,0
152.858719950,1,0,0
152.865722910,0,0,0
152.866006000,0,0,1
152.866006470,0,1,1
152.866021220,0,1,0
152.866021640,0,0,0
152.884487670,1,0,0
152.891492310,0,0,0
152.891774290,0,0,1
152.891781450,0,1,1
152.891789440,0,1,0
152.891796600,0,0,0
152.910196820,1,0,0
152.917201460,0,0,0
152.917483250,0,1,0
152.917483900,0,1,1
152.917498500,0,0,1
152.917499050,0,0,0
152.935564890,1,0,0
152.942573110,0,0,0
152.942851590,0,1,0
152.942852430,0,1,1
152.942866850,0,0,1
152.942867660,0,0,0
152.961366520,1,0,0
152.968372680,0,0,0
152.968652340,0,1,0
152.968655770,0,1,1
152.968667550,0,0,1
152.968670870,0,0,0
152.985748250,1,0,0
152.992751310,0,0,0
152.993034300,0,0,1
152.993037100,0,1,1
152.993049440,0,1,0
152.993052240,0,0,0
153.009525090,1,0,0
153.016530910,0,0,0
153.016811770,0,1,0
153.016812660,0,1,1
153.016826970,0,0,1
153.016827800,0,0,0
153.035180270,1,0,0
153.042186410,0,0,0
153.042465170,0,0,1
153.042470150,0,1,1
153.042480440,0,1,0
153.042485390,0,0,0
153.060634250,1,0,0
153.067640330,0,0,0
153.067922480,0,1,0
153.067923630,0,1,1
153.067937710,0,0,1
153.067938860,0,0,0
153.086410720,1,0,0
153.093416570,0,0,0
153.093696860,0,1,0
153.093697080,0,1,1
153.093712130,0,0,1
153.093712280,0,0,0
153.112189390,1,0,0
153.119195450,0,0,0
153.119472950,0,1,0
153.119475020,0,1,1
153.119488200,0,0,1
153.119490230,0,0,0
153.137806000,1,0,0
153.144811960,0,0,0
153.145092330,0,1,0
153.145093840,0,1,1
153.145107390,0,0,1
153.145108980,0,0,0
153.162417440,1,0,0
153.169423440,0,0,0
153.169703450,0,0,1
153.169711900,0,1,1
153.169718680,0,1,0
153.169727100,0,0,0
153.188171280,1,0,0
153.195177360,0,0,0
153.195459230,0,1,0
153.195461580,0,1,1
153.195474400,0,0,1
153.195476870,0,0,0
153.212434500,1,0,0
153.219440540,0,0,0
153.219718840,0,0,1
153.219723680,0,1,1
153.219734170,0,1,0
153.219738780,0,0,0
153.237753630,1,0,0
153.244758260,0,0,0
153.245042350,0,1,0
153.245057570,0,0,0
153.245081010,0,0,1
153.245096090,0,0,0
153.263536640,1,0,0
153.270542850,0,0,0
153.270824330,0,1,0
153.270826810,0,1,1
153.270839490,0,0,1
153.270841910,0,0,0
153.287508700,1,0,0
153.294514510,0,0,0
153.294792860,0,0,1
153.294793980,0,1,1
153.294808020,0,1,0
153.294809150,0,0,0
153.313333160,1,0,0
153.320349410,0,0,0
153.320618800,0,0,1
153.320622440,0,1,1
153.320633950,0,1,0
153.320637630,0,0,0
153.338473860,1,0,0
153.345480060,0,0,0
153.345759280,0,1,0
153.345762230,0,1,1
153.345774420,0,0,1
153.345777520,0,0,0
153.364211340,1,0,0
153.371216090,0,0,0
153.371498220,0,1,0
153.371499360,0,1,1
153.371513490,0,0,1
153.371514500,0,0,0
153.390027100,1,0,0
153.397033030,0,0,0
153.397311160,0,1,0
153.397312890,0,1,1
153.397326260,0,0,1
153.397328090,0,0,0
153.415701020,1,0,0
153.422707210,0,0,0
153.422986680,0,0,1
153.422990900,0,1,1
153.423001950,0,1,0
153.423006210,0,0,0
153.441436840,1,0,0
153.448503960,0,0,0
153.448724250,0,1,0
153.448725920,0,1,1
153.448739480,0,0,1
153.448741230,0,0,0
153.466684260,1,0,0
153.473690400,0,0,0
153.473966800,0,0,1
153.473971440,0,1,1
153.473981880,0,1,0
153.473986650,0,0,0
153.492497810,1,0,0
153.499503790,0,0,0
153.499786220,0,1,0
153.499787770,0,1,1
153.499801430,0,0,1
153.499802990,0,0,0
153.516605100,1,0,0
153.523610970,0,0,0
153.523890000,0,0,1
153.523894290,0,1,1
153.523905100,0,1,0
153.523909410,0,0,0
153.542157750,1,0,0
153.549162910,0,0,0
153.549447750,0,1,0
153.549462930,0,0,0
153.549509570,0,0,1
153.549524840,0,0,0
153.567989630,1,0,0
153.574994190,0,0,0
153.575274770,0,1,0
153.575275600,0,1,1
153.575289960,0,0,1
153.575290760,0,0,0
153.592047840,1,0,0
153.599054350,0,0,0
153.599334450,0,1,0
153.599336130,0,1,1
153.599349670,0,0,1
153.599351350,0,0,0
153.617823180,1,0,0
153.624890610,0,0,0
153.625109920,0,0,1
153.625112910,0,1,1
153.625125170,0,1,0
153.625128090,0,0,0
153.643677500,1,0,0
153.650683890,0,0,0
153.650966240,0,1,0
153.650981490,0,0,0
153.651028910,0,0,1
153.651044050,0,0,0
153.669529090,1,0,0
153.676535040,0,0,0
153.676812100,0,1,0
153.676816690,0,1,1
153.676827390,0,0,1
153.676831960,0,0,0
153.695056300,1,0,0
153.702062150,0,0,0
153.702342900,0,1,0
153.702343820,0,1,1
153.702358140,0,0,1
153.702359070,0,0,0
153.720786700,1,0,0
153.727792660,0,0,0
153.728072510,0,0,1
153.728076420,0,1,1
153.728087700,0,1,0
153.728091710,0,0,0
153.746545060,1,0,0
153.753550790,0,0,0
153.753829820,0,1,0
153.753831040,0,1,1
153.753844980,0,0,1
153.753846290,0,0,0
153.772372280,1,0,0
153.779378630,0,0,0
153.779660340,0,0,1
153.779675550,0,0,0
153.797981740,1,0,0
153.804988100,0,0,0
153.805268030,0,1,0
153.805268720,0,1,1
153.805283300,0,0,1
153.805283870,0,0,0
153.823502270,1,0,0
153.830508450,0,0,0
153.830791600,0,1,0
153.830792170,0,1,1
153.830806850,0,0,1
153.830807430,0,0,0
153.849373630,1,0,0
153.856380150,0,0,0
153.856657380,0,1,0
153.856660760,0,1,1
153.856672480,0,0,1
153.856676000,0,0,0
153.875042220,1,0,0
153.882046950,0,0,0
153.882328270,0,1,0
153.882328890,0,1,1
153.882343460,0,0,1
153.882344030,0,0,0
153.900733040,1,0,0
153.907739000,0,0,0
153.908022410,0,0,1
153.908037600,0,0,0
153.926434520,1,0,0
153.933440610,0,0,0
153.933719530,0,0,1
153.933719720,0,1,1
153.933734690,0,1,0
153.933735010,0,0,0
153.950404310,1,0,0
153.957409810,0,0,0
153.957693080,0,1,0
153.957694340,0,1,1
153.957708330,0,0,1
153.957709530,0,0,0
153.976148340,1,0,0
153.983154550,0,0,0
153.983435330,0,1,0
153.983437870,0,1,1
153.983450500,0,0,1
153.983453140,0,0,0
154.001763760,1,0,0
154.008766510,0,0,0
154.009049830,0,1,0
154.009051230,0,1,1
154.009065120,0,0,1
154.009066330,0,0,0
154.027551830,1,0,0
154.034556080,0,0,0
154.034838400,0,1,0
154.034839550,0,1,1
154.034853540,0,0,1
154.034854670,0,0,0
154.053378340,1,0,0
154.060384520,0,0,0
154.060665450,0,0,1
154.060666840,0,1,1
154.060680620,0,1,0
154.060681940,0,0,0
154.077488840,1,0,0
154.084454750,0,0,0
154.084775160,0,1,0
154.084776440,0,1,1
154.084790240,0,0,1
154.084791580,0,0,0
154.103294140,1,0,0
154.110299800,0,0,0
154.110579930,0,0,1
154.110582270,0,1,1
154.110595170,0,1,0
154.110597450,0,0,0
154.129114200,1,0,0
154.136119180,0,0,0
154.136400870,0,1,0
154.136401930,0,1,1
154.136416100,0,0,1
154.136417140,0,0,0
154.154942820,1,0,0
154.161949040,0,0,0
154.162228960,0,1,0
154.162229520,0,1,1
154.162244100,0,0,1
154.162244730,0,0,0
154.180828720,1,0,0
154.187834590,0,0,0
154.188113610,0,1,0
154.188115090,0,1,1
154.188128820,0,0,1
154.188130300,0,0,0
154.205338200,1,0,0
154.212343400,0,0,0
154.212626990,0,1,0
154.212628510,0,1,1
154.212642110,0,0,1
154.212643760,0,0,0
154.230684450,1,0,0
154.237690570,0,0,0
154.237970410,0,1,0
154.237971920,0,1,1
154.237985580,0,0,1
154.237987160,0,0,0
154.256605480,1,0,0
154.263611870,0,0,0
154.263893790,0,1,0
154.263894490,0,1,1
154.263908950,0,0,1
154.263909630,0,0,0
154.282357820,1,0,0
154.289362230,0,0,0
154.289643760,0,0,1
154.289646310,0,1,1
154.289659050,0,1,0
154.289661480,0,0,0
154.305981150,1,0,0
154.312986900,0,0,0
154.313332940,0,0,1
154.313335760,0,1,1
154.313348180,0,1,0
154.313351010,0,0,0
154.331719070,1,0,0
154.338725030,0,0,0
154.339003010,0,1,0
154.339005860,0,1,1
154.339018180,0,0,1
154.339021090,0,0,0
154.357401390,1,0,0
154.364407490,0,0,0
154.364687450,0,1,0
154.364688180,0,1,1
154.364702680,0,0,1
154.364703430,0,0,0
154.383165900,1,0,0
154.390172230,0,0,0
154.390451540,0,0,1
154.390455470,0,1,1
154.390466770,0,1,0
154.390470770,0,0,0
154.408860320,1,0,0
154.415866280,0,0,0
154.416145820,0,0,1
154.416149140,0,1,1
154.416161020,0,1,0
154.416164290,0,0,0
154.434525740,1,0,0
154.441528680,0,0,0
154.441812420,0,1,0
154.441814390,0,1,1
154.441827620,0,0,1
154.441829760,0,0,0
154.458333990,1,0,0
154.465348630,0,0,0
154.465625470,0,0,1
154.465629490,0,1,1
154.465640740,0,1,0
154.465644610,0,0,0
154.483873280,1,0,0
154.490879200,0,0,0
154.491156660,0,1,0
154.491160360,0,1,1
154.491171990,0,0,1
154.491175500,0,0,0
154.509547670,1,0,0
154.516553770,0,0,0
154.516834650,0,0,1
154.516836600,0,1,1
154.516849990,0,1,0
154.516851830,0,0,0
154.534774170,1,0,0
154.541779810,0,0,0
154.542062390,0,0,1
154.542063640,0,1,1
154.542077410,0,1,0
154.542078910,0,0,0
154.560478400,1,0,0
154.567482900,0,0,0
154.567764540,0,1,0
154.567766540,0,1,1
154.567779790,0,0,1
154.567781660,0,0,0
154.586327580,1,0,0
154.593333560,0,0,0
154.593610130,0,1,0
154.593613490,0,1,1
154.593625380,0,0,1
154.593628750,0,0,0
154.612039730,1,0,0
154.619045920,0,0,0
154.619325220,0,1,0
154.619328260,0,1,1
154.619340360,0,0,1
154.619343410,0,0,0
154.637886260,1,0,0
154.644892440,0,0,0
154.645174470,0,1,0
154.645176730,0,1,1
154.645189650,0,0,1
154.645191980,0,0,0
154.663353410,1,0,0
154.670359700,0,0,0
154.670640280,0,0,1
154.670642850,0,1,1
154.670655480,0,1,0
154.670658010,0,0,0
154.688523540,1,0,0
154.695529540,0,0,0
154.695809850,0,1,0
154.695812700,0,1,1
154.695825120,0,0,1
154.695828010,0,0,0
154.714336340,1,0,0
154.721342560,0,0,0
154.721622060,0,0,1
154.721623520,0,1,1
154.721637290,0,1,0
154.721638710,0,0,0
154.738688380,1,0,0
154.745694460,0,0,0
154.745970570,0,0,1
154.745977990,0,1,1
154.745985750,0,1,0
154.745993230,0,0,0
154.763969960,1,0,0
154.770975880,0,0,0
154.771255430,0,1,0
154.771258970,0,1,1
154.771270650,0,0,1
154.771274300,0,0,0
154.789188820,1,0,0
154.796194740,0,0,0
154.796473660,0,1,0
154.796477160,0,1,1
154.796488840,0,0,1
154.796492330,0,0,0
154.814787200,1,0,0
154.821819280,0,0,0
154.822072310,0,1,0
154.822075670,0,1,1
154.822087580,0,0,1
154.822090810,0,0,0
154.838336280,1,0,0
154.845342380,0,0,0
154.845621570,0,1,0
154.845623990,0,1,1
154.845636750,0,0,1
154.845639130,0,0,0
154.863779600,1,0,0
154.870785990,0,0,0
154.871067510,0,0,1
154.871069940,0,1,1
154.871082700,0,1,0
154.871085210,0,0,0
154.889452310,1,0,0
154.896460770,0,0,0
154.896738200,0,1,0
154.896740960,0,1,1
154.896753400,0,0,1
154.896756250,0,0,0
154.915094770,1,0,0
154.922100880,0,0,0
154.922380310,0,1,0
154.922383380,0,1,1
154.922395360,0,0,1
154.922398530,0,0,0
154.939418380,1,0,0
154.946424480,0,0,0
154.946703730,0,1,0
154.946707680,0,1,1
154.946718910,0,0,1
154.946722840,0,0,0
154.964319400,1,0,0
154.971385250,0,0,0
154.971606170,0,0,1
154.971607230,0,1,1
154.971621370,0,1,0
154.971622480,0,0,0
154.989356460,1,0,0
154.996362170,0,0,0
154.996641760,0,1,0
154.996643300,0,1,1
154.996656920,0,0,1
154.996658560,0,0,0
155.013362420,1,0,0
155.020368870,0,0,0
155.020647240,0,0,1
155.020649950,0,1,1
155.020662430,0,1,0
155.020665090,0,0,0
155.038672460,1,0,0
155.045678520,0,0,0
155.045957600,0,1,0
155.045961560,0,1,1
155.045972870,0,0,1
155.045976810,0,0,0
155.064382550,1,0,0
155.071387200,0,0,0
155.071669290,0,1,0
155.071684600,0,0,0
155.071735320,0,0,1
155.071750560,0,0,0
155.089372760,1,0,0
155.096378870,0,0,0
155.096657340,0,0,1
155.096658810,0,1,1
155.096672490,0,1,0
155.096674060,0,0,0
155.114818040,1,0,0
155.121824230,0,0,0
155.122103590,0,1,0
155.122106890,0,1,1
155.122118790,0,0,1
155.122122080,0,0,0
155.139431500,1,0,0
155.146436100,0,0,0
155.146716200,0,1,0
155.146720290,0,1,1
155.146731340,0,0,1
155.146735540,0,0,0
155.165033130,1,0,0
155.172039380,0,0,0
155.172318860,0,0,1
155.172320450,0,1,1
155.172334090,0,1,0
155.172335680,0,0,0
155.190851660,1,0,0
155.197857900,0,0,0
155.198138680,0,1,0
155.198141120,0,1,1
155.198153790,0,0,1
155.198156300,0,0,0
155.215983830,1,0,0
155.222989950,0,0,0
155.223270460,0,0,1
155.223271230,0,1,1
155.223285710,0,1,0
155.223286410,0,0,0
155.241713020,1,0,0
155.248719060,0,0,0
155.248997880,0,0,1
155.248997980,0,1,1
155.249013130,0,1,0
155.249013210,0,0,0
155.267507070,1,0,0
155.274513320,0,0,0
155.274742700,0,0,1
155.274758010,0,0,0
155.274792530,0,1,0
155.274807820,0,0,0
155.293327800,1,0,0
155.300334030,0,0,0
155.300614740,0,1,0
155.300614810,0,1,1
155.300629910,0,1,0
155.300629980,0,0,0
155.319100310,1,0,0
155.326106160,0,0,0
155.326385660,0,1,0
155.326388550,0,1,1
155.326400840,0,0,1
155.326403770,0,0,0
155.344788610,1,0,0
155.351794500,0,0,0
155.352071660,0,1,0
155.352077720,0,1,1
155.352086870,0,0,1
155.352093050,0,0,0
155.370488240,1,0,0
155.377555550,0,0,0
155.377776270,0,0,1
155.377777270,0,1,1
155.377791470,0,1,0
155.377792450,0,0,0
155.396348100,1,0,0
155.403354270,0,0,0
155.403581080,0,1,0
155.403596250,0,0,0
155.403634540,0,0,1
155.403649790,0,0,0
155.421682610,1,0,0
155.428686870,0,0,0
155.428968090,0,0,1
155.428969190,0,1,1
155.428983300,0,1,0
155.428984400,0,0,0
155.447423300,1,0,0
155.454429420,0,0,0
155.454711540,0,0,1
155.454712550,0,1,1
155.454726600,0,1,0
155.454727690,0,0,0
155.473043660,1,0,0
155.480047970,0,0,0
155.480329770,0,0,1
155.480330930,0,1,1
155.480344960,0,1,0
155.480346030,0,0,0
155.498422500,1,0,0
155.505428660,0,0,0
155.505706760,0,1,0
155.505708380,0,1,1
155.505721910,0,0,1
155.505723590,0,0,0
155.522711910,1,0,0
155.529717910,0,0,0
155.529995210,0,1,0
155.530000890,0,1,1
155.530010350,0,0,1
155.530015990,0,0,0
155.548208420,1,0,0
155.555211270,0,0,0
155.555494230,0,0,1
155.555496020,0,1,1
155.555509430,0,1,0
155.555511140,0,0,0
155.574066860,1,0,0
155.581073240,0,0,0
155.581353800,0,0,1
155.581354320,0,1,1
155.581369040,0,1,0
155.581369420,0,0,0
155.598802450,1,0,0
155.605808570,0,0,0
155.606087800,0,1,0
155.606090970,0,1,1
155.606103010,0,0,1
155.606106240,0,0,0
155.624660700,1,0,0
155.631666330,0,0,0
155.631945370,0,1,0
155.631950370,0,1,1
155.631960590,0,0,1
155.631965620,0,0,0
155.650382540,1,0,0
155.657385710,0,0,0
155.657668860,0,0,1
155.657669700,0,1,1
155.657684020,0,1,0
155.657684890,0,0,0
155.675986710,1,0,0
155.682992610,0,0,0
155.683271050,0,0,1
155.683272950,0,1,1
155.683286260,0,1,0
155.683288200,0,0,0
155.701652160,1,0,0
155.708656880,0,0,0
155.708939770,0,0,1
155.708940370,0,1,1
155.708954990,0,1,0
155.708955620,0,0,0
155.726941330,1,0,0
155.733947200,0,0,0
155.734229110,0,0,1
155.734229920,0,1,1
155.734244460,0,1,0
155.734245020,0,0,0
155.752282020,1,0,0
155.759288040,0,0,0
155.759566430,0,0,1
155.759568150,0,1,1
155.759581650,0,1,0
155.759583320,0,0,0
155.777867840,1,0,0
155.784874000,0,0,0
155.785153260,0,0,1
155.785156620,0,1,1
155.785168430,0,1,0
155.785171860,0,0,0
155.801242180,1,0,0
155.808246930,0,0,0
155.808528210,0,0,1
155.808529060,0,1,1
155.808543370,0,1,0
155.808544240,0,0,0
155.824878030,1,0,0
155.831885260,0,0,0
155.832160730,0,1,0
155.832167860,0,1,1
155.832175940,0,0,1
155.832183020,0,0,0
155.850565720,1,0,0
155.857570140,0,0,0
155.857851280,0,0,1
155.857860300,0,1,1
155.857866510,0,1,0
155.857875360,0,0,0
155.876008000,1,0,0
155.883014250,0,0,0
155.883293810,0,0,1
155.883294910,0,1,1
155.883308970,0,1,0
155.883310030,0,0,0
155.899945100,1,0,0
155.906951260,0,0,0
155.907233070,0,0,1
155.907233410,0,1,1
155.907248170,0,1,0
155.907248560,0,0,0
155.925506290,1,0,0
155.932512460,0,0,0
155.932790830,0,1,0
155.932794030,0,1,1
155.932805970,0,0,1
155.932809170,0,0,0
155.951330510,1,0,0
155.958336280,0,0,0
155.958617730,0,1,0
155.958619950,0,1,1
155.958632910,0,0,1
155.958635060,0,0,0
155.976656970,1,0,0
155.983662970,0,0,0
155.983943380,0,0,1
155.983943550,0,1,1
155.983958560,0,1,0
155.983958880,0,0,0
156.002313700,1,0,0
156.009319990,0,0,0
156.009600860,0,0,1
156.009602010,0,1,1
156.009616070,0,1,0
156.009617150,0,0,0
156.027911080,1,0,0
156.034911540,0,0,0
156.035194090,0,1,0
156.035200080,0,1,1
156.035209300,0,0,1
156.035215240,0,0,0
156.053225360,1,0,0
156.060233730,0,0,0
156.060512540,0,0,1
156.060512850,0,1,1
156.060527710,0,1,0
156.060528090,0,0,0
156.077476130,1,0,0
156.084482170,0,0,0
156.084761890,0,1,0
156.084762010,0,1,1
156.084777140,0,0,1
156.084777300,0,0,0
156.103315840,1,0,0
156.110321900,0,0,0
156.110604510,0,0,1
156.110605290,0,1,1
156.110619780,0,1,0
156.110620420,0,0,0
156.128941790,1,0,0
156.135947660,0,0,0
156.136226340,0,1,0
156.136228000,0,1,1
156.136241480,0,0,1
156.136243250,0,0,0
156.154733520,1,0,0
156.161739160,0,0,0
156.162021340,0,1,0
156.162022230,0,1,1
156.162036480,0,0,1
156.162037340,0,0,0
156.180591490,1,0,0
156.187597610,0,0,0
156.187879570,0,1,0
156.187894760,0,0,0
156.187945660,0,0,1
156.187960860,0,0,0
156.206294050,1,0,0
156.213299930,0,0,0
156.213579180,0,0,1
156.213583280,0,1,1
156.213594370,0,1,0
156.213598610,0,0,0
156.231919310,1,0,0
156.238925270,0,0,0
156.239205140,0,1,0
156.239206610,0,1,1
156.239220330,0,0,1
156.239221770,0,0,0
156.256662430,1,0,0
156.263668240,0,0,0
156.263911630,0,1,0
156.263926750,0,0,0
156.263951050,0,0,1
156.263966240,0,0,0
156.282700360,1,0,0
156.289706420,0,0,0
156.289988090,0,1,0
156.289988310,0,1,1
156.290003330,0,0,1
156.290003410,0,0,0
156.306989340,1,0,0
156.313994120,0,0,0
156.314277400,0,1,0
156.314277850,0,1,1
156.314292630,0,0,1
156.314293100,0,0,0
156.331633730,1,0,0
156.338639810,0,0,0
156.338919640,0,1,0
156.338921260,0,1,1
156.338934740,0,0,1
156.338936500,0,0,0
156.357491200,1,0,0
156.364497590,0,0,0
156.364777120,0,0,1
156.364779200,0,1,1
156.364792300,0,1,0
156.364794430,0,0,0
156.383217160,1,0,0
156.390223100,0,0,0
156.390502290,0,0,1
156.390507770,0,1,1
156.390517540,0,1,0
156.390523010,0,0,0
156.408945080,1,0,0
156.415949730,0,0,0
156.416230750,0,0,1
156.416231060,0,1,1
156.416245940,0,1,0
156.416246350,0,0,0
156.434736550,1,0,0
156.441739650,0,0,0
156.442023230,0,1,0
156.442024950,0,1,1
156.442038400,0,0,1
156.442040130,0,0,0
156.459437730,1,0,0
156.466441900,0,0,0
156.466722470,0,0,1
156.466722650,0,1,1
156.466737720,0,1,0
156.466737880,0,0,0
156.485014510,1,0,0
156.492017570,0,0,0
156.492301090,0,1,0
156.492316300,0,0,0
156.492367080,0,0,1
156.492382270,0,0,0
156.510773790,1,0,0
156.517778370,0,0,0
156.518059450,0,1,0
156.518060150,0,1,1
156.518074610,0,0,1
156.518075320,0,0,0
156.536407770,1,0,0
156.543413960,0,0,0
156.543691100,0,0,1
156.543697970,0,1,1
156.543706390,0,1,0
156.543713120,0,0,0
156.562075150,1,0,0
156.569081150,0,0,0
156.569361210,0,1,0
156.569362100,0,1,1
156.569376430,0,0,1
156.569377250,0,0,0
156.587380740,1,0,0
156.594386530,0,0,0
156.594668310,0,1,0
156.594669630,0,1,1
156.594683560,0,0,1
156.594684840,0,0,0
156.613070970,1,0,0
156.620075310,0,0,0
156.620358050,0,1,0
156.620358950,0,1,1
156.620373250,0,0,1
156.620374160,0,0,0
156.637350410,1,0,0
156.644362680,0,0,0
156.644636430,0,0,1
156.644636510,0,1,1
156.644651540,0,1,0
156.644651780,0,0,0
156.662876140,1,0,0
156.669881000,0,0,0
156.670163760,0,1,0
156.670164980,0,1,1
156.670179120,0,0,1
156.670180190,0,0,0
156.688575650,1,0,0
156.695580150,0,0,0
156.695863100,0,1,0
156.695864030,0,1,1
156.695878240,0,0,1
156.695879320,0,0,0
156.713948360,1,0,0
156.720954210,0,0,0
156.721235580,0,1,0
156.721236770,0,1,1
156.721250790,0,0,1
156.721252010,0,0,0
156.739578450,1,0,0
156.746584160,0,0,0
156.746864850,0,1,0
156.746866060,0,1,1
156.746880060,0,0,1
156.746881170,0,0,0
156.765305680,1,0,0
156.772310330,0,0,0
156.772592480,0,1,0
156.772593470,0,1,1
156.772607730,0,0,1
156.772608610,0,0,0
156.790907650,1,0,0
156.797912290,0,0,0
156.798198010,0,0,1
156.798213120,0,0,0
156.798262630,0,1,0
156.798277730,0,0,0
156.816109300,1,0,0
156.823115500,0,0,0
156.823394030,0,1,0
156.823409280,0,0,0
156.823462140,0,0,1
156.823477290,0,0,0
156.841698930,1,0,0
156.848704970,0,0,0
156.848984780,0,0,1
156.848988430,0,1,1
156.849000020,0,1,0
156.849003600,0,0,0
156.867585200,1,0,0
156.874591020,0,0,0
156.874870830,0,1,0
156.874873320,0,1,1
156.874886080,0,0,1
156.874888510,0,0,0
156.893307610,1,0,0
156.900313540,0,0,0
156.900595270,0,1,0
156.900595290,0,1,1
156.900610370,0,0,1
156.900610470,0,0,0
156.918947720,1,0,0
156.925953170,0,0,0
156.926233730,0,1,0
156.926234940,0,1,1
156.926248920,0,0,1
156.926250170,0,0,0
156.942853150,1,0,0
156.949859330,0,0,0
156.950135860,0,0,1
156.950139510,0,1,1
156.950150960,0,1,0
156.950154590,0,0,0
156.968482510,1,0,0
156.975490030,0,0,0
156.975770220,0,1,0
156.975772040,0,1,1
156.975785470,0,0,1
156.975787200,0,0,0
156.992770920,1,0,0
156.999776840,0,0,0
157.000058600,0,1,0
157.000060210,0,1,1
157.000073820,0,0,1
157.000075410,0,0,0
157.018501030,1,0,0
157.025507320,0,0,0
157.025787000,0,1,0
157.025788800,0,1,1
157.025802220,0,0,1
157.025803980,0,0,0
157.044059060,1,0,0
157.051064810,0,0,0
157.051345310,0,1,0
157.051347100,0,1,1
157.051360580,0,0,1
157.051362280,0,0,0
157.068605810,1,0,0
157.075611870,0,0,0
157.075893710,0,1,0
157.075895500,0,1,1
157.075908860,0,0,1
157.075910680,0,0,0
157.094446830,1,0,0
157.101452940,0,0,0
157.101732150,0,1,0
157.101733020,0,1,1
157.101747380,0,0,1
157.101748250,0,0,0
157.118052930,1,0,0
157.125091870,0,0,0
157.125340390,0,1,0
157.125342320,0,1,1
157.125355570,0,0,1
157.125357530,0,0,0
157.143819960,1,0,0
157.150825870,0,0,0
157.151105890,0,0,1
157.151107640,0,1,1
157.151120950,0,1,0
157.151122790,0,0,0
157.169637010,1,0,0
157.176641860,0,0,0
157.176922350,0,1,0
157.176923600,0,1,1
157.176937580,0,0,1
157.176938600,0,0,0
157.195465740,1,0,0
157.202471910,0,0,0
157.202703240,0,0,1
157.202718380,0,0,0
157.202750580,0,1,0
157.202765790,0,0,0
157.220804020,1,0,0
157.227810300,0,0,0
157.228091140,0,0,1
157.228093110,0,1,1
157.228106260,0,1,0
157.228108310,0,0,0
157.246631520,1,0,0
157.253637520,0,0,0
157.253916490,0,1,0
157.253918560,0,1,1
157.253931690,0,0,1
157.253933770,0,0,0
157.272327460,1,0,0
157.279333520,0,0,0
157.279612210,0,0,1
157.279615970,0,1,1
157.279627420,0,1,0
157.279631190,0,0,0
157.296398460,1,0,0
157.303402940,0,0,0
157.303683220,0,1,0
157.303686450,0,1,1
157.303698370,0,0,1
157.303701590,0,0,0
157.321159460,1,0,0
157.328135620,0,0,0
157.328444600,0,0,1
157.328447540,0,1,1
157.328459830,0,1,0
157.328462640,0,0,0
157.346852610,1,0,0
157.353858570,0,0,0
157.354137150,0,0,1
157.354146770,0,1,1
157.354152310,0,1,0
157.354162000,0,0,0
157.372895140,1,0,0
157.379901010,0,0,0
157.380181650,0,0,1
157.380183570,0,1,1
157.380196840,0,1,0
157.380198750,0,0,0
157.396160170,1,0,0
157.403166400,0,0,0
157.403447700,0,1,0
157.403449080,0,1,1
157.403462840,0,0,1
157.403464240,0,0,0
157.421894580,1,0,0
157.428900860,0,0,0
157.429180160,0,1,0
157.429183460,0,1,1
157.429195340,0,0,1
157.429198600,0,0,0
157.447517980,1,0,0
157.454523660,0,0,0
157.454804580,0,1,0
157.454805550,0,1,1
157.454819800,0,0,1
157.454820920,0,0,0
157.473020710,1,0,0
157.480029290,0,0,0
157.480307060,0,1,0
157.480322200,0,0,0
157.480374640,0,0,1
157.480389700,0,0,0
157.498691420,1,0,0
157.505697210,0,0,0
157.505978520,0,0,1
157.505980290,0,1,1
157.505993720,0,1,0
157.505995460,0,0,0
157.524546720,1,0,0
157.531554990,0,0,0
157.531832080,0,0,1
157.531834860,0,1,1
157.531847350,0,1,0
157.531850040,0,0,0
157.550333310,1,0,0
157.557339140,0,0,0
157.557620590,0,0,1
157.557622900,0,1,1
157.557635710,0,1,0
157.557638150,0,0,0
157.575904650,1,0,0
157.582909400,0,0,0
157.583191320,0,1,0
157.583193830,0,1,1
157.583206550,0,0,1
157.583208990,0,0,0
157.601185300,1,0,0
157.608191400,0,0,0
157.608474870,0,1,0
157.608490050,0,0,0
157.608537770,0,0,1
157.608553000,0,0,0
157.626750660,1,0,0
157.633756950,0,0,0
157.634038100,0,1,0
157.634040980,0,1,1
157.634053350,0,0,1
157.634056110,0,0,0
157.652573040,1,0,0
157.659577620,0,0,0
157.659859220,0,0,1
157.659860540,0,1,1
157.659874430,0,1,0
157.659875740,0,0,0
157.678328900,1,0,0
157.685334690,0,0,0
157.685612310,0,1,0
157.685617600,0,1,1
157.685627500,0,0,1
157.685632720,0,0,0
157.703940070,1,0,0
157.710946420,0,0,0
157.711223360,0,0,1
157.711228110,0,1,1
157.711238600,0,1,0
157.711243330,0,0,0
157.729837720,1,0,0
157.736843510,0,0,0
157.737124510,0,0,1
157.737126610,0,1,1
157.737139740,0,1,0
157.737141750,0,0,0
157.755507730,1,0,0
157.762513960,0,0,0
157.762793550,0,1,0
157.762796660,0,1,1
157.762808780,0,0,1
157.762811780,0,0,0
157.781115670,1,0,0
157.788121670,0,0,0
157.788401330,0,0,1
157.788402590,0,1,1
157.788416500,0,1,0
157.788417760,0,0,0
157.806557200,1,0,0
157.813561320,0,0,0
157.813844670,0,0,1
157.813846780,0,1,1
157.813859880,0,1,0
157.813861950,0,0,0
157.832378240,1,0,0
157.839384140,0,0,0
157.839664970,0,1,0
157.839668180,0,1,1
157.839680140,0,0,1
157.839683240,0,0,0
157.858181460,1,0,0
157.865187410,0,0,0
157.865468520,0,1,0
157.865471640,0,1,1
157.865483750,0,0,1
157.865486910,0,0,0
157.884022550,1,0,0
157.891028550,0,0,0
157.891309070,0,0,1
157.891311040,0,1,1
157.891324230,0,1,0
157.891326270,0,0,0
157.909626530,1,0,0
157.916630930,0,0,0
157.916913490,0,0,1
157.916915320,0,1,1
157.916928760,0,1,0
157.916930560,0,0,0
157.935474410,1,0,0
157.942542220,0,0,0
157.942761080,0,0,1
157.942761210,0,1,1
157.942776330,0,1,0
157.942776380,0,0,0
157.960186160,1,0,0
157.967191240,0,0,0
157.967469490,0,1,0
157.967475250,0,1,1
157.967484670,0,0,1
157.967490500,0,0,0
157.985716860,1,0,0
157.992722960,0,0,0
157.993005450,0,1,0
157.993020720,0,0,0
157.993069090,0,0,1
157.993084280,0,0,0
158.011542880,1,0,0
158.018548780,0,0,0
158.018827560,0,1,0
158.018830870,0,1,1
158.018842830,0,0,1
158.018846030,0,0,0
158.037303140,1,0,0
158.044309220,0,0,0
158.044588140,0,0,1
158.044592180,0,1,1
158.044603290,0,1,0
158.044607250,0,0,0
158.062422160,1,0,0
158.069427930,0,0,0
158.069709050,0,0,1
158.069709750,0,1,1
158.069724170,0,1,0
158.069724920,0,0,0
158.087341660,1,0,0
158.094347830,0,0,0
158.094594930,0,0,1
158.094610070,0,0,0
158.094628880,0,1,0
158.094644090,0,0,0
158.112876650,1,0,0
158.119882870,0,0,0
158.120162240,0,1,0
158.120165790,0,1,1
158.120177440,0,0,1
158.120180950,0,0,0
158.137841520,1,0,0
158.144847670,0,0,0
158.145129250,0,0,1
158.145130660,0,1,1
158.145144440,0,1,0
158.145145900,0,0,0
158.163563550,1,0,0
158.170569480,0,0,0
158.170848990,0,1,0
158.170852650,0,1,1
158.170864160,0,0,1
158.170867840,0,0,0
158.188416260,1,0,0
158.195422210,0,0,0
158.195700140,0,1,0
158.195703760,0,1,1
158.195715330,0,0,1
158.195718930,0,0,0
158.213008340,1,0,0
158.220013250,0,0,0
158.220293500,0,0,1
158.220295650,0,1,1
158.220308620,0,1,0
158.220310830,0,0,0
158.238736240,1,0,0
158.245742220,0,0,0
158.246023090,0,0,1
158.246024210,0,1,1
158.246038210,0,1,0
158.246039440,0,0,0
158.262893820,1,0,0
158.269900110,0,0,0
158.270181320,0,0,1
158.270181610,0,1,1
158.270196610,0,1,0
158.270196880,0,0,0
158.288583430,1,0,0
158.295586510,0,0,0
158.295868580,0,0,1
158.295870840,0,1,1
158.295883780,0,1,0
158.295886050,0,0,0
158.312841360,1,0,0
158.319847400,0,0,0
158.320128210,0,0,1
158.320129500,0,1,1
158.320143350,0,1,0
158.320144790,0,0,0
158.336719250,1,0,0
158.343727900,0,0,0
158.344005800,0,0,1
158.344007810,0,1,1
158.344021040,0,1,0
158.344023000,0,0,0
158.362561740,1,0,0
158.369567610,0,0,0
158.369850160,0,0,1
158.369851020,0,1,1
158.369865380,0,1,0
158.369866250,0,0,0
158.388304470,1,0,0
158.395308930,0,0,0
158.395593550,0,1,0
158.395593620,0,1,1
158.395608770,0,0,1
158.395608810,0,0,0
158.412936830,1,0,0
158.419942660,0,0,0
158.420222840,0,1,0
158.420224400,0,1,1
158.420238030,0,0,1
158.420239560,0,0,0
158.438578900,1,0,0
158.445584730,0,0,0
158.445865240,0,1,0
158.445865320,0,1,1
158.445880430,0,0,1
158.445880440,0,0,0
158.464298420,1,0,0
158.471304500,0,0,0
158.471582830,0,0,1
158.471584660,0,1,1
158.471598070,0,1,0
158.471599870,0,0,0
158.489996120,1,0,0
158.497001930,0,0,0
158.497281330,0,0,1
158.497282270,0,1,1
158.497296640,0,1,0
158.497297410,0,0,0
158.515691410,1,0,0
158.522697310,0,0,0
158.522980690,0,0,1
158.522981420,0,1,1
158.522995960,0,1,0
158.522996540,0,0,0
158.540715480,1,0,0
158.547721290,0,0,0
158.548004010,0,0,1
158.548004610,0,1,1
158.548019200,0,1,0
158.548019830,0,0,0
158.566421730,1,0,0
158.573427480,0,0,0
158.573705000,0,0,1
158.573705820,0,1,1
158.573720200,0,1,0
158.573721020,0,0,0
158.592082530,1,0,0
158.599087030,0,0,0
158.599368500,0,0,1
158.599369150,0,1,1
158.599383750,0,1,0
158.599384300,0,0,0
158.617812370,1,0,0
158.624816720,0,0,0
158.625097940,0,0,1
158.625099930,0,1,1
158.625113150,0,1,0
158.625115150,0,0,0
158.642687770,1,0,0
158.649693740,0,0,0
158.649972060,0,1,0
158.649987280,0,0,0
158.650037910,0,0,1
158.650053070,0,0,0
158.668098310,1,0,0
158.675104500,0,0,0
158.675385350,0,0,1
158.675385810,0,1,1
158.675400500,0,1,0
158.675401010,0,0,0
158.693839960,1,0,0
158.700845710,0,0,0
158.701129520,0,0,1
158.701130230,0,1,1
158.701144810,0,1,0
158.701145520,0,0,0
158.718841490,1,0,0
158.725847800,0,0,0
158.726125860,0,1,0
158.726126630,0,1,1
158.726141060,0,0,1
158.726141970,0,0,0
158.744685620,1,0,0
158.751691700,0,0,0
158.751968830,0,0,1
158.751970940,0,1,1
158.751983970,0,1,0
158.751986000,0,0,0
158.770446640,1,0,0
158.777451100,0,0,0
158.777734170,0,1,0
158.777734810,0,1,1
158.777749340,0,0,1
158.777750080,0,0,0
158.795709170,1,0,0
158.802712310,0,0,0
158.802995670,0,0,1
158.802998320,0,1,1
158.803010880,0,1,0
158.803013530,0,0,0
158.820772190,1,0,0
158.827778040,0,0,0
158.828057120,0,1,0
158.828061680,0,1,1
158.828072410,0,0,1
158.828076930,0,0,0
158.846549050,1,0,0
158.853557490,0,0,0
158.853835020,0,0,1
158.853835200,0,1,1
158.853850200,0,1,0
158.853850390,0,0,0
158.870504940,1,0,0
158.877510920,0,0,0
158.877790880,0,1,0
158.877792540,0,1,1
158.877806080,0,0,1
158.877807770,0,0,0
158.894288480,1,0,0
158.901293250,0,0,0
158.901576950,0,0,1
158.901577260,0,1,1
158.901592210,0,1,0
158.901592420,0,0,0
158.918823790,1,0,0
158.925822100,0,0,0
158.926109490,0,1,0
158.926110470,0,1,1
158.926124700,0,0,1
158.926125660,0,0,0
158.944437560,1,0,0
158.951443440,0,0,0
158.951723790,0,0,1
158.951739020,0,0,0
158.951788330,0,1,0
158.951803550,0,0,0
158.970338280,1,0,0
158.977347070,0,0,0
158.977627150,0,0,1
158.977627310,0,1,1
158.977642320,0,1,0
158.977642620,0,0,0
158.995970240,1,0,0
159.002976140,0,0,0
159.003255740,0,0,1
159.003260770,0,1,1
159.003270990,0,1,0
159.003275950,0,0,0
159.020535850,1,0,0
159.027541910,0,0,0
159.027823000,0,1,0
159.027823200,0,1,1
159.027838270,0,0,1
159.027838390,0,0,0
159.044483400,1,0,0
159.051489090,0,0,0
159.051771560,0,0,1
159.051772300,0,1,1
159.051786770,0,1,0
159.051787420,0,0,0
159.070270260,1,0,0
159.077274700,0,0,0
159.077555700,0,1,0
159.077555800,0,1,1
159.077570900,0,0,1
159.077571090,0,0,0
159.094727760,1,0,0
159.101734150,0,0,0
159.102011830,0,0,1
159.102014050,0,1,1
159.102027010,0,1,0
159.102029260,0,0,0
159.118744030,1,0,0
159.125750270,0,0,0
159.126032370,0,1,0
159.126032810,0,1,1
159.126047580,0,0,1
159.126047970,0,0,0
159.144447370,1,0,0
159.151452780,0,0,0
159.151733480,0,1,0
159.151735320,0,1,1
159.151748690,0,0,1
159.151750500,0,0,0
159.170020270,1,0,0
159.177025390,0,0,0
159.177306420,0,1,0
159.177308240,0,1,1
159.177321670,0,0,1
159.177323610,0,0,0
159.195493520,1,0,0
159.202499850,0,0,0
159.202782140,0,0,1
159.202782420,0,1,1
159.202797370,0,1,0
159.202797580,0,0,0
159.221415960,1,0,0
159.228422150,0,0,0
159.228701500,0,0,1
159.228705880,0,1,1
159.228716680,0,1,0
159.228721110,0,0,0
159.245735270,1,0,0
159.252740210,0,0,0
159.253024340,0,1,0
159.253024780,0,1,1
159.253039530,0,0,1
159.253040110,0,0,0
159.271500590,1,0,0
159.278515650,0,0,0
159.278787410,0,0,1
159.278787680,0,1,1
159.278802550,0,1,0
159.278802890,0,0,0
159.296482780,1,0,0
159.303488970,0,0,0
159.303770770,0,0,1
159.303771230,0,1,1
159.303785970,0,1,0
159.303786330,0,0,0
159.321810070,1,0,0
159.328816030,0,0,0
159.329098480,0,1,0
159.329100150,0,1,1
159.329113680,0,0,1
159.329115370,0,0,0
159.347498330,1,0,0
159.354504450,0,0,0
159.354783590,0,0,1
159.354787900,0,1,1
159.354798800,0,1,0
159.354803170,0,0,0
159.373026230,1,0,0
159.379976480,0,0,0
159.380311050,0,0,1
159.380315280,0,1,1
159.380326370,0,1,0
159.380330440,0,0,0
159.398792940,1,0,0
159.405798900,0,0,0
159.406079600,0,0,1
159.406083510,0,1,1
159.406094750,0,1,0
159.406098780,0,0,0
159.424556430,1,0,0
159.431560640,0,0,0
159.431842710,0,0,1
159.431843180,0,1,1
159.431857840,0,1,0
159.431858400,0,0,0
159.448489170,1,0,0
159.455495210,0,0,0
159.455776350,0,1,0
159.455776360,0,1,1
159.455791530,0,0,1
159.455791570,0,0,0
159.474218310,1,0,0
159.481224120,0,0,0
159.481503830,0,1,0
159.481504720,0,1,1
159.481519030,0,0,1
159.481520050,0,0,0
159.499976500,1,0,0
159.506982830,0,0,0
159.507263290,0,0,1
159.507263370,0,1,1
159.507278500,0,1,0
159.507278540,0,0,0
159.524936000,1,0,0
159.531944500,0,0,0
159.532220150,0,0,1
159.532221440,0,1,1
159.532235420,0,1,0
159.532236620,0,0,0
159.550632550,1,0,0
159.557638650,0,0,0
159.557919130,0,1,0
159.557919890,0,1,1
159.557934250,0,0,1
159.557935150,0,0,0
159.576432340,1,0,0
159.583438070,0,0,0
159.583718400,0,1,0
159.583719390,0,1,1
159.583733650,0,0,1
159.583734660,0,0,0
159.602189600,1,0,0
159.609197930,0,0,0
159.609476590,0,1,0
159.609477690,0,1,1
159.609491780,0,0,1
159.609492850,0,0,0
159.625837570,1,0,0
159.632842380,0,0,0
159.633125010,0,1,0
159.633126420,0,1,1
159.633140300,0,0,1
159.633141570,0,0,0
159.651512100,1,0,0
159.658518120,0,0,0
159.658798700,0,1,0
159.658799680,0,1,1
159.658813850,0,0,1
159.658814840,0,0,0
159.677301400,1,0,0
159.684307620,0,0,0
159.684586890,0,1,0
159.684588160,0,1,1
159.684602040,0,0,1
159.684603390,0,0,0
159.702616770,1,0,0
159.709622650,0,0,0
159.709905210,0,1,0
159.709906550,0,1,1
159.709920460,0,0,1
159.709921790,0,0,0
159.725824350,1,0,0
159.732843990,0,0,0
159.733113490,0,1,0
159.733114880,0,1,1
159.733128690,0,0,1
159.733130170,0,0,0
159.750852040,1,0,0
159.757856430,0,0,0
159.758138080,0,0,1
159.758141890,0,1,1
159.758153350,0,1,0
159.758157180,0,0,0
159.775873890,1,0,0
159.782879600,0,0,0
159.783160310,0,1,0
159.783160770,0,1,1
159.783175510,0,0,1
159.783176000,0,0,0
159.800893410,1,0,0
159.807896540,0,0,0
159.808177670,0,0,1
159.808177750,0,1,1
159.808192930,0,0,1
159.808192960,0,0,0
159.825991650,1,0,0
159.832997810,0,0,0
159.833275900,0,1,0
159.833277780,0,1,1
159.833291080,0,0,1
159.833293030,0,0,0
159.850782830,1,0,0
159.857788910,0,0,0
159.858070210,0,1,0
159.858071870,0,1,1
159.858085460,0,0,1
159.858087080,0,0,0
159.874902810,1,0,0
159.881909100,0,0,0
159.882186300,0,1,0
159.882189730,0,1,1
159.882201480,0,0,1
159.882204890,0,0,0
159.899334180,1,0,0
159.906340410,0,0,0
159.906621160,0,1,0
159.906623860,0,1,1
159.906636400,0,0,1
159.906639040,0,0,0
159.925244000,1,0,0
159.932247250,0,0,0
159.932529780,0,1,0
159.932532180,0,1,1
159.932545070,0,0,1
159.932547320,0,0,0
159.949014160,1,0,0
159.956019740,0,0,0
159.956299520,0,0,1
159.956314740,0,0,0
159.956369190,0,1,0
159.956384450,0,0,0
159.974718830,1,0,0
159.981724390,0,0,0
159.982004000,0,0,1
159.982006460,0,1,1
159.982019270,0,1,0
159.982021770,0,0,0
160.000398340,1,0,0
160.007404400,0,0,0
160.007685790,0,1,0
160.007687610,0,1,1
160.007700850,0,0,1
160.007702710,0,0,0
160.025860950,1,0,0
160.032869030,0,0,0
160.033145990,0,0,1
160.033149190,0,1,1
160.033161220,0,1,0
160.033164360,0,0,0
160.050781220,1,0,0
160.057787190,0,0,0
160.058066070,0,1,0
160.058068640,0,1,1
160.058081320,0,0,1
160.058083790,0,0,0
160.075845490,1,0,0
160.082851400,0,0,0
160.083132770,0,0,1
160.083134950,0,1,1
160.083148000,0,1,0
160.083150070,0,0,0
160.100775720,1,0,0
160.107781610,0,0,0
160.108061220,0,0,1
160.108063450,0,1,1
160.108078640,0,0,1
160.108141570,0,0,0
160.125830820,1,0,0
160.132836130,0,0,0
160.133116560,0,1,0
160.133119700,0,1,1
160.133131620,0,0,1
160.133134950,0,0,0
160.151813560,1,0,0
160.158819750,0,0,0
160.159100940,0,1,0
160.159102980,0,1,1
160.159116140,0,0,1
160.159118230,0,0,0
160.175920760,1,0,0
160.182927160,0,0,0
160.183206420,0,0,1
160.183209280,0,1,1
160.183221670,0,1,0
160.183224650,0,0,0
160.201704250,1,0,0
160.208710160,0,0,0
160.208990070,0,0,1
160.208991650,0,1,1
160.209005300,0,1,0
160.209006860,0,0,0
160.226566600,1,0,0
160.233571100,0,0,0
160.233853370,0,0,1
160.233855140,0,1,1
160.233868550,0,1,0
160.233870300,0,0,0
160.252354420,1,0,0
160.259360110,0,0,0
160.259640670,0,0,1
160.259644620,0,1,1
160.259655830,0,1,0
160.259659720,0,0,0
160.278324530,1,0,0
160.285330740,0,0,0
160.285610260,0,0,1
160.285612010,0,1,1
160.285625440,0,1,0
160.285627330,0,0,0
160.303496890,1,0,0
160.310502910,0,0,0
160.310783640,0,0,1
160.310786250,0,1,1
160.310798780,0,1,0
160.310801430,0,0,0
160.329285400,1,0,0
160.336288690,0,0,0
160.336572100,0,0,1
160.336574810,0,1,1
160.336587240,0,1,0
160.336589910,0,0,0
160.355175900,1,0,0
160.362182070,0,0,0
160.362465460,0,0,1
160.362480670,0,0,0
160.362528850,0,1,0
160.362544120,0,0,0
160.379621170,1,0,0
160.386627170,0,0,0
160.386906440,0,1,0
160.386908740,0,1,1
160.386921650,0,0,1
160.386923940,0,0,0
160.403845540,1,0,0
160.410851600,0,0,0
160.411132350,0,0,1
160.411134700,0,1,1
160.411147550,0,1,0
160.411149880,0,0,0
160.429545130,1,0,0
160.436551090,0,0,0
160.436830690,0,0,1
160.436833010,0,1,1
160.436845910,0,1,0
160.436848220,0,0,0
160.454794070,1,0,0
160.461800030,0,0,0
160.462078110,0,0,1
160.462080600,0,1,1
160.462093310,0,1,0
160.462095740,0,0,0
160.480713270,1,0,0
160.487716430,0,0,0
160.487999790,0,1,0
160.488002570,0,1,1
160.488015040,0,0,1
160.488017690,0,0,0
160.506307980,1,0,0
160.513314290,0,0,0
160.513596040,0,0,1
160.513598290,0,1,1
160.513611280,0,1,0
160.513613540,0,0,0
160.531593790,1,0,0
160.538599880,0,0,0
160.538879400,0,0,1
160.538894520,0,0,0
160.538895400,0,1,0
160.538910660,0,0,0
160.556840730,1,0,0
160.563846650,0,0,0
160.564127690,0,0,1
160.564128500,0,1,1
160.564142860,0,1,0
160.564143650,0,0,0
160.582696570,1,0,0
160.589702650,0,0,0
160.589983380,0,1,0
160.589986360,0,1,1
160.589998570,0,0,1
160.590001700,0,0,0
160.608200990,1,0,0
160.615206970,0,0,0
160.615485780,0,1,0
160.615500940,0,0,0
160.615514270,0,0,1
160.615529470,0,0,0
160.633026580,1,0,0
160.640030950,0,0,0
160.640313130,0,0,1
160.640328420,0,0,0
160.640380100,0,1,0
160.640395200,0,0,0
160.659168250,1,0,0
160.666174380,0,0,0
160.666453640,0,1,0
160.666456590,0,1,1
160.666468820,0,0,1
160.666471880,0,0,0
160.684416230,1,0,0
160.691421960,0,0,0
160.691700930,0,1,0
160.691704030,0,1,1
160.691716160,0,0,1
160.691719200,0,0,0
160.708289830,1,0,0
160.715296000,0,0,0
160.715574310,0,1,0
160.715578290,0,1,1
160.715589500,0,0,1
160.715593490,0,0,0
160.734185340,1,0,0
160.741188190,0,0,0
160.741471730,0,0,1
160.741473770,0,1,1
160.741486900,0,1,0
160.741488920,0,0,0
160.759161090,1,0,0
160.766166980,0,0,0
160.766446960,0,1,0
160.766449260,0,1,1
160.766462150,0,0,1
160.766464480,0,0,0
160.784360070,1,0,0
160.791366380,0,0,0
160.791643840,0,1,0
160.791659050,0,0,0
160.791712620,0,0,1
160.791727820,0,0,0
160.809447490,1,0,0
160.816455760,0,0,0
160.816737160,0,0,1
160.816752450,0,0,0
160.816771890,0,1,0
160.816787090,0,0,0
160.835529460,1,0,0
160.842535250,0,0,0
160.842815340,0,0,1
160.842815740,0,1,1
160.842830690,0,1,0
160.842830930,0,0,0
160.860585420,1,0,0
160.867591660,0,0,0
160.867869520,0,1,0
160.867871340,0,1,1
160.867884760,0,0,1
160.867886570,0,0,0
160.885292730,1,0,0
160.892360060,0,0,0
160.892578270,0,1,0
160.892582370,0,1,1
160.892593350,0,0,1
160.892597510,0,0,0
160.909358410,1,0,0
160.916366580,0,0,0
160.916645770,0,0,1
160.916647190,0,1,1
160.916660930,0,1,0
160.916662440,0,0,0
160.935110690,1,0,0
160.942114420,0,0,0
160.942395550,0,1,0
160.942399210,0,1,1
160.942410840,0,0,1
160.942414460,0,0,0
160.959179190,1,0,0
160.966185060,0,0,0
160.966427450,0,1,0
160.966442700,0,0,0
160.966466610,0,0,1
160.966481900,0,0,0
160.984321060,1,0,0
160.991327040,0,0,0
160.991604930,0,1,0
160.991606100,0,1,1
160.991620160,0,0,1
160.991621390,0,0,0
161.009539090,1,0,0
161.016545460,0,0,0
161.016825560,0,1,0
161.016829330,0,1,1
161.016840720,0,0,1
161.016844540,0,0,0
161.034090770,1,0,0
161.041094640,0,0,0
161.041377980,0,0,1
161.041378290,0,1,1
161.041393150,0,1,0
161.041393480,0,0,0
161.058584870,1,0,0
161.065590850,0,0,0
161.065868840,0,0,1
161.065871630,0,1,1
161.065884050,0,1,0
161.065886750,0,0,0
161.084176900,1,0,0
161.091182710,0,0,0
161.091464460,0,1,0
161.091464740,0,1,1
161.091479630,0,0,1
161.091479970,0,0,0
161.109321900,1,0,0
161.116326670,0,0,0
161.116606870,0,0,1
161.116609320,0,1,1
161.116622100,0,1,0
161.116624300,0,0,0
161.134281070,1,0,0
161.141287270,0,0,0
161.141567780,0,1,0
161.141571610,0,1,1
161.141582880,0,0,1
161.141586840,0,0,0
161.159180630,1,0,0
161.166186500,0,0,0
161.166465890,0,1,0
161.166469050,0,1,1
161.166480990,0,0,1
161.166484130,0,0,0
161.183346480,1,0,0
161.190352520,0,0,0
161.190633450,0,0,1
161.190634230,0,1,1
161.190648600,0,1,0
161.190649390,0,0,0
161.208303520,1,0,0
161.215306630,0,0,0
161.215591980,0,0,1
161.215592810,0,1,1
161.215607190,0,1,0
161.215607980,0,0,0
161.233808690,1,0,0
161.240814480,0,0,0
161.241095210,0,1,0
161.241095300,0,1,1
161.241110350,0,0,1
161.241110520,0,0,0
161.259507470,1,0,0
161.266481030,0,0,0
161.266792780,0,0,1
161.266794730,0,1,1
161.266807970,0,1,0
161.266809900,0,0,0
161.285196220,1,0,0
161.292199200,0,0,0
161.292479720,0,0,1
161.292481670,0,1,1
161.292495010,0,1,0
161.292496860,0,0,0
161.311025670,1,0,0
161.318028640,0,0,0
161.318311400,0,1,0
161.318315460,0,1,1
161.318326550,0,0,1
161.318330730,0,0,0
161.336940940,1,0,0
161.343949090,0,0,0
161.344228720,0,1,0
161.344229010,0,1,1
161.344243900,0,0,1
161.344244150,0,0,0
161.362608220,1,0,0
161.369616470,0,0,0
161.369895410,0,1,0
161.369896410,0,1,1
161.369910630,0,0,1
161.369911610,0,0,0
161.387930810,1,0,0
161.394933870,0,0,0
161.395216600,0,1,0
161.395229910,0,1,1
161.395231760,0,0,1
161.395245120,0,0,0
161.413619710,1,0,0
161.420625770,0,0,0
161.420908400,0,0,1
161.420909700,0,1,1
161.420923500,0,1,0
161.420924930,0,0,0
161.439445980,1,0,0
161.446452040,0,0,0
161.446731590,0,0,1
161.446733190,0,1,1
161.446746670,0,1,0
161.446748390,0,0,0
161.465311370,1,0,0
161.472317380,0,0,0
161.472595600,0,1,0
161.472600970,0,1,1
161.472610810,0,0,1
161.472616220,0,0,0
161.490004340,1,0,0
161.497009110,0,0,0
161.497290050,0,1,0
161.497293100,0,1,1
161.497305210,0,0,1
161.497308250,0,0,0
161.515796470,1,0,0
161.522800830,0,0,0
161.523083070,0,0,1
161.523098290,0,0,0
161.541182500,1,0,0
161.548191120,0,0,0
161.548467070,0,1,0
161.548471050,0,1,1
161.548482280,0,0,1
161.548486280,0,0,0
161.565199430,1,0,0
161.572205530,0,0,0
161.572485780,0,1,0
161.572488910,0,1,1
161.572500990,0,0,1
161.572504120,0,0,0
161.590167430,1,0,0
161.597173410,0,0,0
161.597453190,0,0,1
161.597455060,0,1,1
161.597468250,0,1,0
161.597470140,0,0,0
161.615099100,1,0,0
161.622104910,0,0,0
161.622385630,0,0,1
161.622388540,0,1,1
161.622400880,0,1,0
161.622403850,0,0,0
161.640850900,1,0,0
161.647856770,0,0,0
161.648136870,0,1,0
161.648139950,0,1,1
161.648152080,0,0,1
161.648155170,0,0,0
161.666294860,1,0,0
161.673301040,0,0,0
161.673582540,0,0,1
161.673585230,0,1,1
161.673597680,0,1,0
161.673600420,0,0,0
161.691608610,1,0,0
161.698614880,0,0,0
161.698893710,0,1,0
161.698895940,0,1,1
161.698908920,0,0,1
161.698911120,0,0,0
161.715908710,1,0,0
161.722914480,0,0,0
161.723195300,0,0,1
161.723196990,0,1,1
161.723210500,0,1,0
161.723212090,0,0,0
161.741583800,1,0,0
161.748589740,0,0,0
161.748869340,0,1,0
161.748872680,0,1,1
161.748884510,0,0,1
161.748887880,0,0,0
161.766549240,1,0,0
161.773555630,0,0,0
161.773837220,0,0,1
161.773837760,0,1,1
161.773852470,0,1,0
161.773852970,0,0,0
161.792061140,1,0,0
161.799067430,0,0,0
161.799346160,0,1,0
161.799347980,0,1,1
161.799361310,0,0,1
161.799363160,0,0,0
161.817979170,1,0,0
161.824983250,0,0,0
161.825264500,0,1,0
161.825268880,0,1,1
161.825279700,0,0,1
161.825284130,0,0,0
161.843645340,1,0,0
161.850649690,0,0,0
161.850931490,0,0,1
161.850933750,0,1,1
161.850946760,0,1,0
161.850949040,0,0,0
161.867914110,1,0,0
161.874919880,0,0,0
161.875197990,0,0,1
161.875199860,0,1,1
161.875213180,0,1,0
161.875215150,0,0,0
161.893736050,1,0,0
161.900742130,0,0,0
161.901023150,0,0,1
161.901024710,0,1,1
161.901038120,0,1,0
161.901039900,0,0,0
161.919498600,1,0,0
161.926504760,0,0,0
161.926784130,0,1,0
161.926787530,0,1,1
161.926799210,0,0,1
161.926802630,0,0,0
161.945399690,1,0,0
161.952405410,0,0,0
161.952686140,0,0,1
161.952686360,0,1,1
161.952701360,0,1,0
161.952701570,0,0,0
161.970933630,1,0,0
161.977939730,0,0,0
161.978218560,0,0,1
161.978220550,0,1,1
161.978233660,0,1,0
161.978235760,0,0,0
161.996384490,1,0,0
162.003390840,0,0,0
162.003672060,0,0,1
162.003674100,0,1,1
162.003687140,0,1,0
162.003689200,0,0,0
162.020045330,1,0,0
162.027051770,0,0,0
162.027331280,0,0,1
162.027332480,0,1,1
162.027346440,0,1,0
162.027347680,0,0,0
162.044501750,1,0,0
162.051507790,0,0,0
162.051787450,0,0,1
162.051790900,0,1,1
162.051802610,0,1,0
162.051806080,0,0,0
162.069967090,1,0,0
162.076971500,0,0,0
162.077253140,0,0,1
162.077254250,0,1,1
162.077268300,0,1,0
162.077269460,0,0,0
162.095631670,1,0,0
162.102636250,0,0,0
162.102916210,0,1,0
162.102919170,0,1,1
162.102931480,0,0,1
162.102934310,0,0,0
162.121339570,1,0,0
162.128345740,0,0,0
162.128624970,0,1,0
162.128625170,0,1,1
162.128640210,0,0,1
162.128640440,0,0,0
162.146185280,1,0,0
162.153191610,0,0,0
162.153472050,0,1,0
162.153487360,0,0,0
162.153538430,0,0,1
162.153553740,0,0,0
162.171699080,1,0,0
162.178705120,0,0,0
162.178986700,0,0,1
162.178987120,0,1,1
162.179001890,0,1,0
162.179002430,0,0,0
162.197401040,1,0,0
162.204407210,0,0,0
162.204686080,0,1,0
162.204687880,0,1,1
162.204701260,0,0,1
162.204703100,0,0,0
162.221204470,1,0,0
162.228219820,0,0,0
162.228489520,0,1,0
162.228493590,0,1,1
162.228504730,0,0,1
162.228508750,0,0,0
162.246839370,1,0,0
162.253845160,0,0,0
162.254124620,0,0,1
162.254139720,0,0,0
162.254192850,0,1,0
162.254208000,0,0,0
162.272408290,1,0,0
162.279414650,0,0,0
162.279693750,0,1,0
162.279694720,0,1,1
162.279708880,0,0,1
162.279709950,0,0,0
162.298225530,1,0,0
162.305229960,0,0,0
162.305513920,0,0,1
162.305514730,0,1,1
162.305529210,0,1,0
162.305529880,0,0,0
162.323792280,1,0,0
162.330798510,0,0,0
162.331078130,0,1,0
162.331082360,0,1,1
162.331093380,0,0,1
162.331097550,0,0,0
162.349525790,1,0,0
162.356543160,0,0,0
162.356811490,0,1,0
162.356815070,0,1,1
162.356826690,0,0,1
162.356830300,0,0,0
162.375186650,1,0,0
162.382195020,0,0,0
162.382474450,0,0,1
162.382486200,0,1,1
162.382489640,0,1,0
162.382501420,0,0,0
162.401137550,1,0,0
162.408140440,0,0,0
162.408422970,0,1,0
162.408427710,0,1,1
162.408438170,0,0,1
162.408442850,0,0,0
162.424779040,1,0,0
162.431784710,0,0,0
162.432060120,0,1,0
162.432066130,0,1,1
162.432075370,0,0,1
162.432081250,0,0,0
162.449804230,1,0,0
162.456810350,0,0,0
162.457089100,0,1,0
162.457089510,0,1,1
162.457104230,0,0,1
162.457104680,0,0,0
162.475567880,1,0,0
162.482573980,0,0,0
162.482858000,0,0,1
162.482858150,0,1,1
162.482873180,0,1,0
162.482873310,0,0,0
162.501322300,1,0,0
162.508328530,0,0,0
162.508611290,0,0,1
162.508611630,0,1,1
162.508626500,0,1,0
162.508626920,0,0,0
162.526993350,1,0,0
162.533999350,0,0,0
162.534279190,0,1,0
162.534279780,0,1,1
162.534294440,0,0,1
162.534295070,0,0,0
162.552727730,1,0,0
162.559732140,0,0,0
162.560013160,0,0,1
162.560013280,0,1,1
162.560028380,0,1,0
162.560028400,0,0,0
162.578188050,1,0,0
162.585194270,0,0,0
162.585476790,0,0,1
162.585491970,0,0,0
162.585540670,0,1,0
162.585555900,0,0,0
162.603718570,1,0,0
162.610724610,0,0,0
162.611003750,0,0,1
162.611005300,0,1,1
162.611019000,0,1,0
162.611020590,0,0,0
162.629485950,1,0,0
162.636490470,0,0,0
162.636772660,0,1,0
162.636773380,0,1,1
162.636787860,0,0,1
162.636788590,0,0,0
162.655184480,1,0,0
162.662190450,0,0,0
162.662471030,0,0,1
162.662472070,0,1,1
162.662486240,0,1,0
162.662487320,0,0,0
162.680779290,1,0,0
162.687796500,0,0,0
162.688064430,0,1,0
162.688065370,0,1,1
162.688079600,0,0,1
162.688080560,0,0,0
162.706100300,1,0,0
162.713105940,0,0,0
162.713384420,0,0,1
162.713387850,0,1,1
162.713399670,0,1,0
162.713403100,0,0,0
162.731792130,1,0,0
162.738797820,0,0,0
162.739077020,0,1,0
162.739082110,0,1,1
162.739092160,0,0,1
162.739097300,0,0,0
162.757085390,1,0,0
162.764089800,0,0,0
162.764370630,0,1,0
162.764370680,0,1,1
162.764385810,0,0,1
162.764385820,0,0,0
162.781836720,1,0,0
162.788842680,0,0,0
162.789123880,0,1,0
162.789139000,0,0,0
162.789189640,0,0,1
162.789204870,0,0,0
162.807538000,1,0,0
162.814543850,0,0,0
162.814827230,0,1,0
162.814827480,0,1,1
162.814842440,0,0,1
162.814842710,0,0,0
162.833197040,1,0,0
162.840200160,0,0,0
162.840485610,0,1,0
162.840485760,0,1,1
162.840500780,0,0,1
162.840500980,0,0,0
162.858668250,1,0,0
162.865674210,0,0,0
162.865953740,0,1,0
162.865954100,0,1,1
162.865968950,0,0,1
162.865969320,0,0,0
162.884331670,1,0,0
162.891340300,0,0,0
162.891616390,0,1,0
162.891617640,0,1,1
162.891631610,0,0,1
162.891632830,0,0,0
162.908724130,1,0,0
162.915726860,0,0,0
162.916010640,0,1,0
162.916010940,0,1,1
162.916025870,0,0,1
162.916026100,0,0,0
162.934519840,1,0,0
162.941526130,0,0,0
162.941808120,0,1,0
162.941809530,0,1,1
162.941823370,0,0,1
162.941824800,0,0,0
162.960368770,1,0,0
162.967374930,0,0,0
162.967657350,0,1,0
162.967657720,0,1,1
162.967672450,0,0,1
162.967672970,0,0,0
162.984377990,1,0,0
162.991383860,0,0,0
162.991666160,0,0,1
162.991681390,0,0,0
162.991713500,0,1,0
162.991728730,0,0,0
163.008762530,1,0,0
163.015770920,0,0,0
163.016048380,0,0,1
163.016049050,0,1,1
163.016063540,0,1,0
163.016064270,0,0,0
163.033654570,1,0,0
163.040660050,0,0,0
163.040941860,0,1,0
163.040942280,0,1,1
163.040957050,0,0,1
163.040957440,0,0,0
163.057432130,1,0,0
163.064438000,0,0,0
163.064718410,0,1,0
163.064720700,0,1,1
163.064733660,0,0,1
163.064735970,0,0,0
163.083215740,1,0,0
163.090221900,0,0,0
163.090503450,0,1,0
163.090504970,0,1,1
163.090518660,0,0,1
163.090520100,0,0,0
163.108856720,1,0,0
163.115862740,0,0,0
163.116142830,0,1,0
163.116143480,0,1,1
163.116158040,0,0,1
163.116158670,0,0,0
163.133720160,1,0,0
163.140724700,0,0,0
163.141005940,0,1,0
163.141006740,0,1,1
163.141021080,0,0,1
163.141021860,0,0,0
163.159504430,1,0,0
163.166507300,0,0,0
163.166790220,0,0,1
163.166794380,0,1,1
163.166805430,0,1,0
163.166809600,0,0,0
163.185061940,1,0,0
163.192066540,0,0,0
163.192346940,0,1,0
163.192347330,0,1,1
163.192362290,0,0,1
163.192362510,0,0,0
163.210584290,1,0,0
163.217590540,0,0,0
163.217871210,0,1,0
163.217872080,0,1,1
163.217886360,0,0,1
163.217887270,0,0,0
163.236401170,1,0,0
163.243459800,0,0,0
163.243689570,0,1,0
163.243689610,0,1,1
163.243704750,0,0,1
163.243704900,0,0,0
163.260822320,1,0,0
163.267828340,0,0,0
163.268107890,0,1,0
163.268107990,0,1,1
163.268122990,0,0,1
163.268123150,0,0,0
163.285686210,1,0,0
163.292692380,0,0,0
163.292971300,0,1,0
163.292972370,0,1,1
163.292986510,0,0,1
163.292987510,0,0,0
163.311447450,1,0,0
163.318453460,0,0,0
163.318734760,0,1,0
163.318735730,0,1,1
163.318749890,0,0,1
163.318750960,0,0,0
163.335295570,1,0,0
163.342301690,0,0,0
163.342582140,0,1,0
163.342584110,0,1,1
163.342597350,0,0,1
163.342599500,0,0,0
163.360696010,1,0,0
163.367700040,0,0,0
163.367980690,0,1,0
163.367982660,0,1,1
163.367995910,0,0,1
163.367997800,0,0,0
163.385559800,1,0,0
163.392565980,0,0,0
163.392791390,0,0,1
163.392806600,0,0,0
163.392845050,0,1,0
163.392860230,0,0,0
163.408985160,1,0,0
163.415991430,0,0,0
163.416273200,0,1,0
163.416274560,0,1,1
163.416288320,0,0,1
163.416289640,0,0,0
163.434585710,1,0,0
163.441590180,0,0,0
163.441870760,0,1,0
163.441872090,0,1,1
163.441886030,0,0,1
163.441887250,0,0,0
163.458740160,1,0,0
163.465743350,0,0,0
163.466024850,0,1,0
163.466025360,0,1,1
163.466040030,0,0,1
163.466040490,0,0,0
163.483740720,1,0,0
163.490746700,0,0,0
163.491028310,0,1,0
163.491029740,0,1,1
163.491043450,0,0,1
163.491044930,0,0,0
163.509502270,1,0,0
163.516508230,0,0,0
163.516788190,0,0,1
163.516791640,0,1,1
163.516803430,0,1,0
163.516806830,0,0,0
163.535296090,1,0,0
163.542300440,0,0,0
163.542581630,0,0,1
163.542585120,0,1,1
163.542596830,0,1,0
163.542600330,0,0,0
163.560811340,1,0,0
163.567817740,0,0,0
163.568098520,0,1,0
163.568100070,0,1,1
163.568113770,0,0,1
163.568115110,0,0,0
163.586251320,1,0,0
163.593257530,0,0,0
163.593536960,0,1,0
163.593538370,0,1,1
163.593552250,0,0,1
163.593553590,0,0,0
163.610689510,1,0,0
163.617695510,0,0,0
163.617975420,0,1,0
163.617976940,0,1,1
163.617990570,0,0,1
163.617992200,0,0,0
163.635714280,1,0,0
163.642718990,0,0,0
163.642999090,0,0,1
163.643003740,0,1,1
163.643014310,0,1,0
163.643018880,0,0,0
163.661386660,1,0,0
163.668392610,0,0,0
163.668672010,0,1,0
163.668673840,0,1,1
163.668687150,0,0,1
163.668689090,0,0,0
163.685698280,1,0,0
163.692702820,0,0,0
163.692985470,0,1,0
163.692987140,0,1,1
163.693000640,0,0,1
163.693002390,0,0,0
163.711425220,1,0,0
163.718431660,0,0,0
163.718660680,0,0,1
163.718675830,0,0,0
163.718713680,0,1,0
163.718728890,0,0,0
163.735797140,1,0,0
163.742802570,0,0,0
163.743081480,0,0,1
163.743087250,0,1,1
163.743096690,0,1,0
163.743102460,0,0,0
163.761724180,1,0,0
163.768728640,0,0,0
163.769009690,0,1,0
163.769012470,0,1,1
163.769024890,0,0,1
163.769027630,0,0,0
163.785860050,1,0,0
163.792866050,0,0,0
163.793145660,0,0,1
163.793146510,0,1,1
163.793160840,0,1,0
163.793161690,0,0,0
163.811818480,1,0,0
163.818824350,0,0,0
163.819104330,0,0,1
163.819107240,0,1,1
163.819119580,0,1,0
163.819122460,0,0,0
163.835709530,1,0,0
163.842715360,0,0,0
163.842994680,0,1,0
163.842997860,0,1,1
163.843009990,0,0,1
163.843013020,0,0,0
163.859526320,1,0,0
163.866532060,0,0,0
163.866811490,0,1,0
163.866815130,0,1,1
163.866826700,0,0,1
163.866830400,0,0,0
163.883300710,1,0,0
163.890305490,0,0,0
163.890587440,0,1,0
163.890589430,0,1,1
163.890602750,0,0,1
163.890604720,0,0,0
163.909022420,1,0,0
163.916027100,0,0,0
163.916289140,0,0,1
163.916294580,0,1,1
163.916304280,0,1,0
163.916309830,0,0,0
163.934629230,1,0,0
163.941632340,0,0,0
163.941915120,0,0,1
163.941918250,0,1,1
163.941930250,0,1,0
163.941933440,0,0,0
163.958779290,1,0,0
163.965782410,0,0,0
163.966064840,0,0,1
163.966067690,0,1,1
163.966080110,0,1,0
163.966082960,0,0,0
163.984488610,1,0,0
163.991497060,0,0,0
163.991776030,0,1,0
163.991776820,0,1,1
163.991791130,0,0,1
163.991791940,0,0,0
164.010150130,1,0,0
164.017156110,0,0,0
164.017436850,0,0,1
164.017439360,0,1,1
164.017452070,0,1,0
164.017454450,0,0,0
164.035595950,1,0,0
164.042601970,0,0,0
164.042881760,0,1,0
164.042882210,0,1,1
164.042897010,0,0,1
164.042897410,0,0,0
164.061351310,1,0,0
164.068357120,0,0,0
164.068637550,0,0,1
164.068639830,0,1,1
164.068652810,0,1,0
164.068655010,0,0,0
164.087044660,1,0,0
164.094049330,0,0,0
164.094332110,0,0,1
164.094334490,0,1,1
164.094347300,0,1,0
164.094349760,0,0,0
164.112654310,1,0,0
164.119660750,0,0,0
164.119939450,0,0,1
164.119940430,0,1,1
164.119954740,0,1,0
164.119955660,0,0,0
164.138408230,1,0,0
164.145414110,0,0,0
164.145693770,0,0,1
164.145696290,0,1,1
164.145708930,0,1,0
164.145711560,0,0,0
164.162159350,1,0,0
164.169165330,0,0,0
164.169444440,0,1,0
164.169446400,0,1,1
164.169459620,0,0,1
164.169461540,0,0,0
164.187565190,1,0,0
164.194632770,0,0,0
164.194851960,0,1,0
164.194855630,0,1,1
164.194867230,0,0,1
164.194870730,0,0,0
164.211948200,1,0,0
164.218954240,0,0,0
164.219233850,0,0,1
164.219233880,0,1,1
164.219249050,0,1,0
164.219249110,0,0,0
164.237781420,1,0,0
164.244787430,0,0,0
164.245066040,0,0,1
164.245068610,0,1,1
164.245081310,0,1,0
164.245083940,0,0,0
164.263494230,1,0,0
164.270498790,0,0,0
164.270780860,0,0,1
164.270783050,0,1,1
164.270796020,0,1,0
164.270798280,0,0,0
164.287302520,1,0,0
164.294311220,0,0,0
164.294587970,0,0,1
164.294591600,0,1,1
164.294603110,0,1,0
164.294606800,0,0,0
164.313033630,1,0,0
164.320039520,0,0,0
164.320318950,0,1,0
164.320322700,0,1,1
164.320334140,0,0,1
164.320337970,0,0,0
164.338821590,1,0,0
164.345827480,0,0,0
164.346108120,0,1,0
164.346110270,0,1,1
164.346123370,0,0,1
164.346125510,0,0,0
164.364617150,1,0,0
164.371623260,0,0,0
164.371904520,0,0,1
164.371906620,0,1,1
164.371919640,0,1,0
164.371921770,0,0,0
164.390375910,1,0,0
164.397380760,0,0,0
164.397662820,0,0,1
164.397663980,0,1,1
164.397677980,0,1,0
164.397679120,0,0,0
164.416209980,1,0,0
164.423214370,0,0,0
164.423495530,0,0,1
164.423498370,0,1,1
164.423510700,0,1,0
164.423513560,0,0,0
164.441326870,1,0,0
164.448332910,0,0,0
164.448613700,0,0,1
164.448615860,0,1,1
164.448628830,0,1,0
164.448631130,0,0,0
164.467199730,1,0,0
164.474205440,0,0,0
164.474488270,0,0,1
164.474490030,0,1,1
164.474503440,0,1,0
164.474505230,0,0,0
164.492834900,1,0,0
164.499840920,0,0,0
164.500120570,0,0,1
164.500121030,0,1,1
164.500135730,0,1,0
164.500136230,0,0,0
164.518556140,1,0,0
164.525562130,0,0,0
164.525841010,0,1,0
164.525843930,0,1,1
164.525856150,0,0,1
164.525859110,0,0,0
164.543782990,1,0,0
164.550791180,0,0,0
164.551067860,0,1,0
164.551068600,0,1,1
164.551083030,0,0,1
164.551083800,0,0,0
164.569579680,1,0,0
164.576585810,0,0,0
164.576866900,0,0,1
164.576867660,0,1,1
164.576882080,0,1,0
164.576882930,0,0,0
164.595195850,1,0,0
164.602202160,0,0,0
164.602482100,0,1,0
164.602484530,0,1,1
164.602497300,0,0,1
164.602499770,0,0,0
164.619393810,1,0,0
164.626399950,0,0,0
164.626680450,0,1,0
164.626695620,0,0,0
164.626727740,0,0,1
164.626742780,0,0,0
164.644990980,1,0,0
164.651997350,0,0,0
164.652277330,0,0,1
164.652278680,0,1,1
164.652292510,0,1,0
164.652293870,0,0,0
164.670851940,1,0,0
164.677860340,0,0,0
164.678135850,0,1,0
164.678140500,0,1,1
164.678151040,0,0,1
164.678155730,0,0,0
164.694792600,1,0,0
164.701798700,0,0,0
164.702077940,0,1,0
164.702079070,0,1,1
164.702093190,0,0,1
164.702094190,0,0,0
164.720540980,1,0,0
164.727545560,0,0,0
164.727827490,0,0,1
164.727828860,0,1,1
164.727842760,0,1,0
164.727844000,0,0,0
164.746344050,1,0,0
164.753350110,0,0,0
164.753626640,0,0,1
164.753632190,0,1,1
164.753641700,0,1,0
164.753647460,0,0,0
164.772114800,1,0,0
164.779118840,0,0,0
164.779399760,0,1,0
164.779404290,0,1,1
164.779414900,0,0,1
164.779419500,0,0,0
164.797715850,1,0,0
164.804721790,0,0,0
164.805001590,0,0,1
164.805004070,0,1,1
164.805016750,0,1,0
164.805019320,0,0,0
164.823547900,1,0,0
164.830555100,0,0,0
164.830835010,0,1,0
164.830836170,0,1,1
164.830850110,0,0,1
164.830851380,0,0,0
164.848564790,1,0,0
164.855573520,0,0,0
164.855850550,0,1,0
164.855853700,0,1,1
164.855865740,0,0,1
164.855868800,0,0,0
164.873975400,1,0,0
164.880981440,0,0,0
164.881263080,0,0,1
164.881263310,0,1,1
164.881278260,0,1,0
164.881278430,0,0,0
164.899772780,1,0,0
164.906779010,0,0,0
164.907059980,0,0,1
164.907061270,0,1,1
164.907075270,0,1,0
164.907076470,0,0,0
164.925525640,1,0,0
164.932531820,0,0,0
164.932810930,0,1,0
164.932812360,0,1,1
164.932826140,0,0,1
164.932827550,0,0,0
164.951002390,1,0,0
164.958008260,0,0,0
164.958287260,0,0,1
164.958302380,0,0,0
164.958303910,0,1,0
164.958319060,0,0,0
164.975885580,1,0,0
164.982891470,0,0,0
164.983170720,0,0,1
164.983171880,0,1,1
164.983185950,0,1,0
164.983187120,0,0,0
164.999868090,1,0,0
165.006935680,0,0,0
165.007155100,0,0,1
165.007155250,0,1,1
165.007170290,0,1,0
165.007170360,0,0,0
165.024011130,1,0,0
165.031017280,0,0,0
165.031295980,0,0,1
165.031298590,0,1,1
165.031311170,0,1,0
165.031313670,0,0,0
165.049850350,1,0,0
165.056854530,0,0,0
165.057134220,0,0,1
165.057136740,0,1,1
165.057149440,0,1,0
165.057151920,0,0,0
165.075701160,1,0,0
165.082707240,0,0,0
165.082986140,0,1,0
165.082987930,0,1,1
165.083001320,0,0,1
165.083003160,0,0,0
165.100860850,1,0,0
165.107867100,0,0,0
165.108148620,0,1,0
165.108148790,0,1,1
165.108163840,0,0,1
165.108164000,0,0,0
165.124794350,1,0,0
165.131798930,0,0,0
165.132081360,0,0,1
165.132082080,0,1,1
165.132096540,0,1,0
165.132097350,0,0,0
165.150519730,1,0,0
165.157526140,0,0,0
165.157804670,0,0,1
165.157806250,0,1,1
165.157819800,0,1,0
165.157821470,0,0,0
165.175301120,1,0,0
165.182307390,0,0,0
165.182588810,0,1,0
165.182589120,0,1,1
165.182604020,0,0,1
165.182604410,0,0,0
165.200857210,1,0,0
165.207861710,0,0,0
165.208142130,0,1,0
165.208147560,0,1,1
165.208157270,0,0,1
165.208162680,0,0,0
165.226592690,1,0,0
165.233598650,0,0,0
165.233879610,0,0,1
165.233881360,0,1,1
165.233894750,0,1,0
165.233896580,0,0,0
165.250969520,1,0,0
165.258039060,0,0,0
165.258254860,0,1,0
165.258259360,0,1,1
165.258270170,0,0,1
165.258274570,0,0,0
165.274912350,1,0,0
165.281915280,0,0,0
165.282197890,0,0,1
165.282198260,0,1,1
165.282213110,0,1,0
165.282213510,0,0,0
165.300472210,1,0,0
165.307478060,0,0,0
165.307756640,0,1,0
165.307761120,0,1,1
165.307771820,0,0,1
165.307776260,0,0,0
165.324792020,1,0,0
165.331798100,0,0,0
165.332079100,0,1,0
165.332079650,0,1,1
165.332094280,0,0,1
165.332094960,0,0,0
165.349855250,1,0,0
165.356861060,0,0,0
165.357142150,0,0,1
165.357143350,0,1,1
165.357157360,0,1,0
165.357158490,0,0,0
165.374843580,1,0,0
165.381849780,0,0,0
165.382128900,0,0,1
165.382130580,0,1,1
165.382144170,0,1,0
165.382145830,0,0,0
165.400001060,1,0,0
165.407006850,0,0,0
165.407268210,0,1,0
165.407283440,0,0,0
165.407289870,0,0,1
165.407305090,0,0,0
165.425636080,1,0,0
165.432641960,0,0,0
165.432922430,0,0,1
165.432923540,0,1,1
165.432937680,0,1,0
165.432938730,0,0,0
165.451086650,1,0,0
165.458092670,0,0,0
165.458375340,0,0,1
165.458375900,0,1,1
165.458390540,0,1,0
165.458391110,0,0,0
165.475557610,1,0,0
165.482534040,0,0,0
165.482842780,0,1,0
165.482843840,0,1,1
165.482857900,0,0,1
165.482859000,0,0,0
165.501376400,1,0,0
165.508381340,0,0,0
165.508663470,0,0,1
165.508678720,0,0,0
165.508728860,0,1,0
165.508744110,0,0,0
165.527297490,1,0,0
165.534302720,0,0,0
165.534586140,0,1,0
165.534587180,0,1,1
165.534601380,0,0,1
165.534602410,0,0,0
165.550783980,1,0,0
165.557790150,0,0,0
165.558069020,0,1,0
165.558070380,0,1,1
165.558084220,0,0,1
165.558085560,0,0,0
165.574529770,1,0,0
165.581532740,0,0,0
165.581816250,0,0,1
165.581818620,0,1,1
165.581831480,0,1,0
165.581833810,0,0,0
165.598272930,1,0,0
165.605279320,0,0,0
165.605562020,0,1,0
165.605562360,0,1,1
165.605577230,0,0,1
165.605577530,0,0,0
165.623965010,1,0,0
165.630973220,0,0,0
165.631249550,0,1,0
165.631250530,0,1,1
165.631264860,0,0,1
165.631265740,0,0,0
165.649731520,1,0,0
165.656737450,0,0,0
165.657017590,0,1,0
165.657019120,0,1,1
165.657032770,0,0,1
165.657034220,0,0,0
165.675453770,1,0,0
165.682459790,0,0,0
165.682741460,0,0,1
165.682742170,0,1,1
165.682756790,0,1,0
165.682757440,0,0,0
165.701283450,1,0,0
165.708289420,0,0,0
165.708568380,0,0,1
165.708569400,0,1,1
165.708583550,0,1,0
165.708584650,0,0,0
165.726913780,1,0,0
165.733919660,0,0,0
165.734203090,0,1,0
165.734203450,0,1,1
165.734218280,0,0,1
165.734218700,0,0,0
165.752450430,1,0,0
165.759458780,0,0,0
165.759734760,0,1,0
165.759737660,0,1,1
165.759750070,0,0,1
165.759752930,0,0,0
165.778302230,1,0,0
165.785308330,0,0,0
165.785589870,0,1,0
165.785591190,0,1,1
165.785605240,0,0,1
165.785606290,0,0,0
165.803972150,1,0,0
165.810976690,0,0,0
165.811258910,0,1,0
165.811259550,0,1,1
165.811274200,0,0,1
165.811274670,0,0,0
165.829791220,1,0,0
165.836795740,0,0,0
165.837077160,0,0,1
165.837077680,0,1,1
165.837092380,0,1,0
165.837092820,0,0,0
165.855418700,1,0,0
165.862425030,0,0,0
165.862704870,0,1,0
165.862706520,0,1,1
165.862720140,0,0,1
165.862721780,0,0,0
165.879305490,1,0,0
165.886311230,0,0,0
165.886594080,0,0,1
165.886594120,0,1,1
165.886609350,0,0,1
165.886609370,0,0,0
165.903260810,1,0,0
165.910263960,0,0,0
165.910545820,0,0,1
165.910546170,0,1,1
165.910561040,0,1,0
165.910561360,0,0,0
165.927175240,1,0,0
165.934181180,0,0,0
165.934459220,0,0,1
165.934461010,0,1,1
165.934474460,0,1,0
165.934476240,0,0,0
165.952000390,1,0,0
165.959006910,0,0,0
165.959287640,0,0,1
165.959287820,0,1,1
165.959302760,0,1,0
165.959303050,0,0,0
165.977752190,1,0,0
165.984759250,0,0,0
165.985036680,0,1,0
165.985038640,0,1,1
165.985051880,0,0,1
165.985053910,0,0,0
166.002366980,1,0,0
166.009372370,0,0,0
166.009652130,0,0,1
166.009656100,0,1,1
166.009667270,0,1,0
166.009671390,0,0,0
166.028175880,1,0,0
166.035181750,0,0,0
166.035464150,0,0,1
166.035464620,0,1,1
166.035479340,0,1,0
166.035479890,0,0,0
166.051837580,1,0,0
166.058840430,0,0,0
166.059121410,0,0,1
166.059136550,0,0,0
166.059160020,0,1,0
166.059175350,0,0,0
166.076167120,1,0,0
166.083173010,0,0,0
166.083456240,0,0,1
166.083456320,0,1,1
166.083471430,0,1,0
166.083471500,0,0,0
166.101967210,1,0,0
166.108971760,0,0,0
166.109253630,0,1,0
166.109255540,0,1,1
166.109268810,0,0,1
166.109270640,0,0,0
166.126789600,1,0,0
166.133795510,0,0,0
166.134078860,0,0,1
166.134081570,0,1,1
166.134093920,0,1,0
166.134096730,0,0,0
166.152603500,1,0,0
166.159609330,0,0,0
166.159890360,0,0,1
166.159891380,0,1,1
166.159905510,0,1,0
166.159906570,0,0,0
166.177946480,1,0,0
166.184952690,0,0,0
166.185234780,0,1,0
166.185235990,0,1,1
166.185249990,0,0,1
166.185251090,0,0,0
166.203869800,1,0,0
166.210875760,0,0,0
166.211156870,0,1,0
166.211156910,0,1,1
166.211172010,0,0,1
166.211172100,0,0,0
166.229044820,1,0,0
166.236050950,0,0,0
166.236331370,0,1,0
166.236331900,0,1,1
166.236346570,0,0,1
166.236347080,0,0,0
166.254868620,1,0,0
166.261874620,0,0,0
166.262156110,0,0,1
166.262171360,0,0,0
166.262217010,0,1,0
166.262232280,0,0,0
166.280507100,1,0,0
166.287512060,0,0,0
166.287793160,0,1,0
166.287793240,0,1,1
166.287808330,0,0,1
166.287808400,0,0,0
166.305845560,1,0,0
166.312851480,0,0,0
166.313130680,0,1,0
166.313131620,0,1,1
166.313145810,0,0,1
166.313146910,0,0,0
166.331482860,1,0,0
166.338488900,0,0,0
166.338770080,0,1,0
166.338770390,0,1,1
166.338785330,0,0,1
166.338785680,0,0,0
166.357340970,1,0,0
166.364346800,0,0,0
166.364628350,0,1,0
166.364628940,0,1,1
166.364643520,0,0,1
166.364644250,0,0,0
166.381180590,1,0,0
166.388186770,0,0,0
166.388466690,0,1,0
166.388468320,0,1,1
166.388481860,0,0,1
166.388483630,0,0,0
166.406985860,1,0,0
166.413988820,0,0,0
166.414271890,0,0,1
166.414275050,0,1,1
166.414286990,0,1,0
166.414290290,0,0,0
166.432310950,1,0,0
166.439317070,0,0,0
166.439597710,0,1,0
166.439600020,0,1,1
166.439612900,0,0,1
166.439615290,0,0,0
166.458262890,1,0,0
166.465268620,0,0,0
166.465547560,0,0,1
166.465551860,0,1,1
166.465562730,0,1,0
166.465567110,0,0,0
166.483959560,1,0,0
166.490963920,0,0,0
166.491245240,0,1,0
166.491246920,0,1,1
166.491260380,0,0,1
166.491262130,0,0,0
166.509275940,1,0,0
166.516281920,0,0,0
166.516563650,0,1,0
166.516564450,0,1,1
166.516578950,0,0,1
166.516579590,0,0,0
166.535098260,1,0,0
166.542104380,0,0,0
166.542387140,0,1,0
166.542388830,0,1,1
166.542402280,0,0,1
166.542404010,0,0,0
166.560704280,1,0,0
166.567710450,0,0,0
166.567990510,0,1,0
166.567992140,0,1,1
166.568005700,0,0,1
166.568007430,0,0,0
166.585343970,1,0,0
166.592349880,0,0,0
166.592626410,0,1,0
166.592630500,0,1,1
166.592641720,0,0,1
166.592645790,0,0,0
166.609212690,1,0,0
166.616218670,0,0,0
166.616497290,0,1,0
166.616498050,0,1,1
166.616512490,0,0,1
166.616513280,0,0,0
166.634270510,1,0,0
166.641275090,0,0,0
166.641556220,0,0,1
166.641571490,0,0,0
166.641625980,0,1,0
166.641641190,0,0,0
166.660193180,1,0,0
166.667196320,0,0,0
166.667477690,0,1,0
166.667480830,0,1,1
166.667492910,0,0,1
166.667496040,0,0,0
166.684314380,1,0,0
166.691320190,0,0,0
166.691596690,0,0,1
166.691602300,0,1,1
166.691611850,0,1,0
166.691617480,0,0,0
166.709672630,1,0,0
166.716678360,0,0,0
166.716957880,0,0,1
166.716959300,0,1,1
166.716973090,0,1,0
166.716974590,0,0,0
166.734218670,1,0,0
166.741224530,0,0,0
166.741503260,0,1,0
166.741506320,0,1,1
166.741518400,0,0,1
166.741521470,0,0,0
166.759142110,1,0,0
166.766148360,0,0,0
166.766427570,0,1,0
166.766429680,0,1,1
166.766442780,0,0,1
166.766444950,0,0,0
166.784045880,1,0,0
166.791054280,0,0,0
166.791287100,0,1,0
166.791302240,0,0,0
166.791333250,0,0,1
166.791348470,0,0,0
166.809883050,1,0,0
166.816887280,0,0,0
166.817166720,0,1,0
166.817170040,0,1,1
166.817181870,0,0,1
166.817185250,0,0,0
166.834188320,1,0,0
166.841194190,0,0,0
166.841474070,0,0,1
166.841477520,0,1,1
166.841489300,0,1,0
166.841492760,0,0,0
166.859150340,1,0,0
166.866156550,0,0,0
166.866434620,0,1,0
166.866436990,0,1,1
166.866449790,0,0,1
166.866452160,0,0,0
166.884965410,1,0,0
166.891971220,0,0,0
166.892251630,0,1,0
166.892251720,0,1,1
166.892266810,0,0,1
166.892266870,0,0,0
166.911060830,1,0,0
166.918066600,0,0,0
166.918327980,0,0,1
166.918343210,0,0,0
166.918345110,0,1,0
166.918360210,0,0,0
166.935624920,1,0,0
166.942631120,0,0,0
166.942910070,0,1,0
166.942912570,0,1,1
166.942925190,0,0,1
166.942927730,0,0,0
166.961427500,1,0,0
166.968433690,0,0,0
166.968714480,0,1,0
166.968717010,0,1,1
166.968729750,0,0,1
166.968732280,0,0,0
166.987234630,1,0,0
166.994239280,0,0,0
166.994517990,0,0,1
166.994522740,0,1,1
166.994533200,0,1,0
166.994537900,0,0,0
167.012946930,1,0,0
167.019952780,0,0,0
167.020233790,0,0,1
167.020235420,0,1,1
167.020249080,0,1,0
167.020250630,0,0,0
167.036441340,1,0,0
167.043447060,0,0,0
167.043726250,0,0,1
167.043729760,0,1,1
167.043741350,0,1,0
167.043744970,0,0,0
167.060202230,1,0,0
167.067208450,0,0,0
167.067487910,0,1,0
167.067490840,0,1,1
167.067503140,0,0,1
167.067505980,0,0,0
167.085145750,1,0,0
167.092151620,0,0,0
167.092431310,0,1,0
167.092434090,0,1,1
167.092446540,0,0,1
167.092449300,0,0,0
167.110937690,1,0,0
167.117943690,0,0,0
167.118224540,0,1,0
167.118226140,0,1,1
167.118239680,0,0,1
167.118241430,0,0,0
167.136737380,1,0,0
167.143743590,0,0,0
167.144005670,0,1,0
167.144020960,0,0,0
167.144023580,0,0,1
167.144038770,0,0,0
167.162552160,1,0,0
167.169558300,0,0,0
167.169839530,0,0,1
167.169840650,0,1,1
167.169854630,0,1,0
167.169855850,0,0,0
167.188631730,1,0,0
167.195637560,0,0,0
167.195919900,0,1,0
167.195935040,0,0,0
167.195983010,0,0,1
167.195998260,0,0,0
167.213951440,1,0,0
167.220956040,0,0,0
167.221238150,0,1,0
167.221240410,0,1,1
167.221253330,0,0,1
167.221255510,0,0,0
167.239736960,1,0,0
167.246742980,0,0,0
167.247024640,0,0,1
167.247026630,0,1,1
167.247039750,0,1,0
167.247041790,0,0,0
167.263833540,1,0,0
167.270839270,0,0,0
167.271119970,0,1,0
167.271123080,0,1,1
167.271135130,0,0,1
167.271138170,0,0,0
167.289024980,1,0,0
167.296031120,0,0,0
167.296310440,0,0,1
167.296313380,0,1,1
167.296325570,0,1,0
167.296328530,0,0,0
167.314302210,1,0,0
167.321308580,0,0,0
167.321589780,0,0,1
167.321605030,0,0,0
167.339557880,1,0,0
167.346562400,0,0,0
167.346843270,0,0,1
167.346844760,0,1,1
167.346858370,0,1,0
167.346860010,0,0,0
167.365397220,1,0,0
167.372402920,0,0,0
167.372683120,0,1,0
167.372685750,0,1,1
167.372698320,0,0,1
167.372701040,0,0,0
167.391130410,1,0,0
167.398136300,0,0,0
167.398416660,0,1,0
167.398419170,0,1,1
167.398431870,0,0,1
167.398434330,0,0,0
167.415384920,1,0,0
167.422390770,0,0,0
167.422672310,0,1,0
167.422673530,0,1,1
167.422687510,0,0,1
167.422688590,0,0,0
167.440290920,1,0,0
167.447297230,0,0,0
167.447575680,0,0,1
167.447578460,0,1,1
167.447590780,0,1,0
167.447593620,0,0,0
167.465359340,1,0,0
167.472363730,0,0,0
167.472644040,0,0,1
167.472646670,0,1,1
167.472659240,0,1,0
167.472661940,0,0,0
167.489929300,1,0,0
167.496996360,0,0,0
167.497215230,0,1,0
167.497218690,0,1,1
167.497230420,0,0,1
167.497233810,0,0,0
167.515659380,1,0,0
167.522663880,0,0,0
167.522947170,0,0,1
167.522948550,0,1,1
167.522962360,0,1,0
167.522963770,0,0,0
167.539925250,1,0,0
167.546929920,0,0,0
167.547209860,0,0,1
167.547211170,0,1,1
167.547225110,0,1,0
167.547226380,0,0,0
167.565440740,1,0,0
167.572446670,0,0,0
167.572729120,0,0,1
167.572730360,0,1,1
167.572744370,0,1,0
167.572745460,0,0,0
167.590481650,1,0,0
167.597486460,0,0,0
167.597766280,0,1,0
167.597766810,0,1,1
167.597781530,0,0,1
167.597782000,0,0,0
167.615025670,1,0,0
167.622032000,0,0,0
167.622312200,0,1,0
167.622313520,0,1,1
167.622327430,0,0,1
167.622328670,0,0,0
167.638705770,1,0,0
167.645711930,0,0,0
167.645994300,0,0,1
167.645995390,0,1,1
167.646009610,0,1,0
167.646010770,0,0,0
167.663681710,1,0,0
167.670687850,0,0,0
167.670967950,0,0,1
167.670968810,0,1,1
167.670983200,0,1,0
167.670984100,0,0,0
167.689559060,1,0,0
167.696565040,0,0,0
167.696843720,0,0,1
167.696846230,0,1,1
167.696858850,0,1,0
167.696861270,0,0,0
167.715326570,1,0,0
167.722332460,0,0,0
167.722614690,0,0,1
167.722615500,0,1,1
167.722629870,0,1,0
167.722630710,0,0,0
167.741059950,1,0,0
167.748127800,0,0,0
167.748347130,0,0,1
167.748348040,0,1,1
167.748362400,0,1,0
167.748363270,0,0,0
167.766772620,1,0,0
167.773778430,0,0,0
167.774056400,0,1,0
167.774061420,0,1,1
167.774071710,0,0,1
167.774076670,0,0,0
167.790621110,1,0,0
167.797626960,0,0,0
167.797909740,0,0,1
167.797910590,0,1,1
167.797925050,0,1,0
167.797925820,0,0,0
167.816349450,1,0,0
167.823355510,0,0,0
167.823634110,0,1,0
167.823637450,0,1,1
167.823649260,0,0,1
167.823652620,0,0,0
167.839969030,1,0,0
167.846977560,0,0,0
167.847255670,0,0,1
167.847256680,0,1,1
167.847270750,0,1,0
167.847271930,0,0,0
167.864863090,1,0,0
167.871868630,0,0,0
167.872147500,0,0,1
167.872149430,0,1,1
167.872162730,0,1,0
167.872164550,0,0,0
167.889496000,1,0,0
167.896502060,0,0,0
167.896783350,0,1,0
167.896783760,0,1,1
167.896798560,0,0,1
167.896799070,0,0,0
167.913185310,1,0,0
167.920191260,0,0,0
167.920472120,0,0,1
167.920472520,0,1,1
167.920487360,0,1,0
167.920487730,0,0,0
167.936993260,1,0,0
167.943999280,0,0,0
167.944278550,0,1,0
167.944280480,0,1,1
167.944293650,0,0,1
167.944295740,0,0,0
167.962689050,1,0,0
167.969692930,0,0,0
167.969978690,0,0,1
167.969979130,0,1,1
167.969993830,0,1,0
167.969994340,0,0,0
167.987868100,1,0,0
167.994874160,0,0,0
167.995156150,0,0,1
167.995157820,0,1,1
167.995171210,0,1,0
167.995172960,0,0,0
168.013446310,1,0,0
168.020452310,0,0,0
168.020734650,0,1,0
168.020735780,0,1,1
168.020749900,0,0,1
168.020751030,0,0,0
168.038852140,1,0,0
168.045856700,0,0,0
168.046139060,0,0,1
168.046139490,0,1,1
168.046154200,0,1,0
168.046154650,0,0,0
168.062758260,1,0,0
168.069764110,0,0,0
168.070045580,0,1,0
168.070047350,0,1,1
168.070060760,0,0,1
168.070062580,0,0,0
168.088353330,1,0,0
168.095420760,0,0,0
168.095639940,0,0,1
168.095641250,0,1,1
168.095655000,0,1,0
168.095656470,0,0,0
168.114023980,1,0,0
168.121032600,0,0,0
168.121309410,0,1,0
168.121309460,0,1,1
168.121324600,0,0,1
168.121324780,0,0,0
168.137769140,1,0,0
168.144774860,0,0,0
168.145056530,0,0,1
168.145057150,0,1,1
168.145071630,0,1,0
168.145072290,0,0,0
168.162762970,1,0,0
168.169766340,0,0,0
168.170051100,0,0,1
168.170066220,0,0,0
168.170074000,0,1,0
168.170089270,0,0,0
168.187816470,1,0,0
168.194822640,0,0,0
168.195103790,0,0,1
168.195104900,0,1,1
168.195119060,0,1,0
168.195120130,0,0,0
168.212769740,1,0,0
168.219775660,0,0,0
168.220058270,0,0,1
168.220058380,0,1,1
168.220073580,0,1,0
168.220073590,0,0,0
168.238470500,1,0,0
168.245476510,0,0,0
168.245756530,0,1,0
168.245756550,0,1,1
168.245771710,0,0,0
168.264165040,1,0,0
168.271171250,0,0,0
168.271449840,0,1,0
168.271455120,0,1,1
168.271465170,0,0,1
168.271470300,0,0,0
168.287952870,1,0,0
168.294958740,0,0,0
168.295236950,0,1,0
168.295243410,0,1,1
168.295252160,0,0,1
168.295258660,0,0,0
168.313689000,1,0,0
168.320695200,0,0,0
168.320976740,0,1,0
168.320976790,0,1,1
168.320991840,0,0,1
168.320992000,0,0,0
168.337858220,1,0,0
168.344860840,0,0,0
168.345142590,0,0,1
168.345144140,0,1,1
168.345157920,0,1,0
168.345159430,0,0,0
168.363653890,1,0,0
168.370662450,0,0,0
168.370943410,0,1,0
168.370958580,0,0,0
168.371007280,0,0,1
168.371022400,0,0,0
168.387871700,1,0,0
168.394878010,0,0,0
168.395161830,0,1,0
168.395162030,0,1,1
168.395177040,0,0,1
168.395177280,0,0,0
168.413573180,1,0,0
168.420579260,0,0,0
168.420859410,0,0,1
168.420860080,0,1,1
168.420874600,0,1,0
168.420875270,0,0,0
168.438017720,1,0,0
168.445023700,0,0,0
168.445302540,0,0,1
168.445303610,0,1,1
168.445317770,0,1,0
168.445318830,0,0,0
168.463606290,1,0,0
168.470612060,0,0,0
168.470891860,0,1,0
168.470892360,0,1,1
168.470907070,0,0,1
168.470907630,0,0,0
168.489350750,1,0,0
168.496356870,0,0,0
168.496635720,0,0,1
168.496640300,0,1,1
168.496651070,0,1,0
168.496655460,0,0,0
168.514986730,1,0,0
168.521992610,0,0,0
168.522273690,0,1,0
168.522274220,0,1,1
168.522288960,0,0,1
168.522289370,0,0,0
168.540745630,1,0,0
168.547751530,0,0,0
168.548032010,0,1,0
168.548032540,0,1,1
168.548047210,0,0,1
168.548047750,0,0,0
168.564708650,1,0,0
168.571714620,0,0,0
168.571995340,0,1,0
168.571995840,0,1,1
168.572010590,0,0,1
168.572010960,0,0,0
168.589068310,1,0,0
168.596073930,0,0,0
168.596353890,0,1,0
168.596354420,0,1,1
168.596369070,0,0,1
168.596369590,0,0,0
168.614392270,1,0,0
168.621398180,0,0,0
168.621677100,0,1,0
168.621682950,0,1,1
168.621692260,0,0,1
168.621698200,0,0,0
168.638186700,1,0,0
168.645192720,0,0,0
168.645474660,0,1,0
168.645476160,0,1,1
168.645489810,0,0,1
168.645491410,0,0,0
168.663696700,1,0,0
168.670702890,0,0,0
168.670983750,0,0,1
168.670983770,0,1,1
168.670999040,0,0,0
168.689599770,1,0,0
168.696605960,0,0,0
168.696885420,0,0,1
168.696887310,0,1,1
168.696900670,0,1,0
168.696902520,0,0,0
168.714848690,1,0,0
168.721854830,0,0,0
168.722135520,0,1,0
168.722136590,0,1,1
168.722150750,0,0,1
168.722151750,0,0,0
168.739905540,1,0,0
168.746913730,0,0,0
168.747143880,0,1,0
168.747159170,0,0,0
168.747192430,0,0,1
168.747207670,0,0,0
168.765283360,1,0,0
168.772287710,0,0,0
168.772569900,0,1,0
168.772573370,0,1,1
168.772585060,0,0,1
168.772588700,0,0,0
168.790204150,1,0,0
168.797210440,0,0,0
168.797488510,0,1,0
168.797491890,0,1,1
168.797503770,0,0,1
168.797507140,0,0,0
168.815898880,1,0,0
168.822904820,0,0,0
168.823184260,0,1,0
168.823185310,0,1,1
168.823199380,0,0,1
168.823200480,0,0,0
168.841325760,1,0,0
168.848331610,0,0,0
168.848611280,0,0,1
168.848626380,0,0,0
168.848672400,0,1,0
168.848687490,0,0,0
168.866879220,1,0,0
168.873885490,0,0,0
168.874165970,0,1,0
168.874166050,0,1,1
168.874181220,0,0,1
168.874181380,0,0,0
168.891670010,1,0,0
168.898676430,0,0,0
168.898955430,0,0,1
168.898959280,0,1,1
168.898970640,0,1,0
168.898974390,0,0,0
168.916522680,1,0,0
168.923527130,0,0,0
168.923807830,0,0,1
168.923807910,0,1,1
168.923822970,0,1,0
168.923823160,0,0,0
168.942285370,1,0,0
168.949289680,0,0,0
168.949571220,0,1,0
168.949571500,0,1,1
168.949586450,0,0,1
168.949586690,0,0,0
168.967066680,1,0,0
168.974072720,0,0,0
168.974353810,0,1,0
168.974354420,0,1,1
168.974369060,0,0,1
168.974369670,0,0,0
168.991539220,1,0,0
168.998490110,0,0,0
168.998827960,0,1,0
168.998829220,0,1,1
168.998843140,0,0,1
168.998844530,0,0,0
169.017360990,1,0,0
169.024366910,0,0,0
169.024645310,0,1,0
169.024647600,0,1,1
169.024660480,0,0,1
169.024662720,0,0,0
169.041777160,1,0,0
169.048783360,0,0,0
169.049063790,0,1,0
169.049065080,0,1,1
169.049079120,0,0,1
169.049080270,0,0,0
169.066970950,1,0,0
169.073976930,0,0,0
169.074256670,0,1,0
169.074259440,0,1,1
169.074271770,0,0,1
169.074274560,0,0,0
169.090930030,1,0,0
169.097935710,0,0,0
169.098216570,0,1,0
169.098216840,0,1,1
169.098231820,0,0,1
169.098232000,0,0,0
169.116335820,1,0,0
169.123342210,0,0,0
169.123623930,0,1,0
169.123626240,0,1,1
169.123639190,0,0,1
169.123641450,0,0,0
169.140502090,1,0,0
169.147506460,0,0,0
169.147787280,0,1,0
169.147789700,0,1,1
169.147804910,0,1,0
169.147867840,0,0,0
169.165140840,1,0,0
169.172144020,0,0,0
169.172426490,0,1,0
169.172428060,0,1,1
169.172441720,0,0,1
169.172443250,0,0,0
169.190994490,1,0,0
169.197999090,0,0,0
169.198277500,0,1,0
169.198278900,0,1,1
169.198292700,0,0,1
169.198294120,0,0,0
169.214574580,1,0,0
169.221580750,0,0,0
169.221859940,0,0,1
169.221863500,0,1,1
169.221875110,0,1,0
169.221878710,0,0,0
169.239891580,1,0,0
169.246897500,0,0,0
169.247170050,0,0,1
169.247181650,0,1,1
169.247185240,0,1,0
169.247196890,0,0,0
169.264909730,1,0,0
169.271915520,0,0,0
169.272195150,0,1,0
169.272195890,0,1,1
169.272210330,0,0,1
169.272211050,0,0,0
169.290671570,1,0,0
169.297741650,0,0,0
169.297958570,0,1,0
169.297960310,0,1,1
169.297973730,0,0,1
169.297975370,0,0,0
169.316434070,1,0,0
169.323438860,0,0,0
169.323720940,0,1,0
169.323723420,0,1,1
169.323736130,0,0,1
169.323738600,0,0,0
169.342484910,1,0,0
169.349489740,0,0,0
169.349768750,0,1,0
169.349771260,0,1,1
169.349783880,0,0,1
169.349786420,0,0,0
169.366497900,1,0,0
169.373503670,0,0,0
169.373783570,0,1,0
169.373784570,0,1,1
169.373798780,0,0,1
169.373799780,0,0,0
169.391515700,1,0,0
169.398520760,0,0,0
169.398801930,0,1,0
169.398803870,0,1,1
169.398817130,0,0,1
169.398818970,0,0,0
169.417430140,1,0,0
169.424434680,0,0,0
169.424717290,0,0,1
169.424720410,0,1,1
169.424732540,0,1,0
169.424735550,0,0,0
169.442502740,1,0,0
169.449505800,0,0,0
169.449787530,0,1,0
169.449790790,0,1,1
169.449802760,0,0,1
169.449806000,0,0,0
169.467681660,1,0,0
169.474687850,0,0,0
169.474966800,0,0,1
169.474967080,0,1,1
169.474981980,0,1,0
169.474982280,0,0,0
169.492444660,1,0,0
169.499450760,0,0,0
169.499730350,0,1,0
169.499732780,0,1,1
169.499745470,0,0,1
169.499747920,0,0,0
169.517923660,1,0,0
169.524929740,0,0,0
169.525208870,0,1,0
169.525210990,0,1,1
169.525224010,0,0,1
169.525226160,0,0,0
169.542534490,1,0,0
169.549540470,0,0,0
169.549822160,0,1,0
169.549823120,0,1,1
169.549837330,0,0,1
169.549838290,0,0,0
169.566537220,1,0,0
169.573543130,0,0,0
169.573822040,0,0,1
169.573824270,0,1,1
169.573837270,0,1,0
169.573839540,0,0,0
169.592296850,1,0,0
169.599302590,0,0,0
169.599582730,0,1,0
169.599597870,0,0,0
169.599633820,0,0,1
169.599649110,0,0,0
169.617894680,1,0,0
169.624900300,0,0,0
169.625179570,0,0,1
169.625182460,0,1,1
169.625194800,0,1,0
169.625197670,0,0,0
169.643665350,1,0,0
169.650666660,0,0,0
169.650949420,0,1,0
169.650952300,0,1,1
169.650964650,0,0,1
169.650967470,0,0,0
169.667573280,1,0,0
169.674579590,0,0,0
169.674859170,0,1,0
169.674861660,0,1,1
169.674874380,0,0,1
169.674876830,0,0,0
169.692661870,1,0,0
169.699667780,0,0,0
169.699947550,0,1,0
169.699949900,0,1,1
169.699962720,0,0,1
169.699965060,0,0,0
169.718466750,1,0,0
169.725474510,0,0,0
169.725753320,0,0,1
169.725755900,0,1,1
169.725768460,0,1,0
169.725771070,0,0,0
169.744164230,1,0,0
169.751168850,0,0,0
169.751451720,0,0,1
169.751453030,0,1,1
169.751467010,0,1,0
169.751468240,0,0,0
169.769748940,1,0,0
169.776757380,0,0,0
169.777035140,0,0,1
169.777037550,0,1,1
169.777050320,0,1,0
169.777052780,0,0,0
169.795386070,1,0,0
169.802391920,0,0,0
169.802638770,0,0,1
169.802653830,0,0,0
169.802670220,0,1,0
169.802685510,0,0,0
169.821202300,1,0,0
169.828208200,0,0,0
169.828488490,0,1,0
169.828492060,0,1,1
169.828503640,0,0,1
169.828507310,0,0,0
169.846525030,1,0,0
169.853533470,0,0,0
169.853810210,0,0,1
169.853812680,0,1,1
169.853825500,0,1,0
169.853827860,0,0,0
169.870723550,1,0,0
169.877728000,0,0,0
169.878008990,0,0,1
169.878010180,0,1,1
169.878024240,0,1,0
169.878025280,0,0,0
169.896197510,1,0,0
169.903203740,0,0,0
169.903483120,0,1,0
169.903487370,0,1,1
169.903498200,0,0,1
169.903502610,0,0,0
169.921193860,1,0,0
169.928198340,0,0,0
169.928479910,0,0,1
169.928482100,0,1,1
169.928495060,0,1,0
169.928497200,0,0,0
169.946951970,1,0,0
169.953956660,0,0,0
169.954238980,0,0,1
169.954241210,0,1,1
169.954254230,0,1,0
169.954256390,0,0,0
169.971328090,1,0,0
169.978332720,0,0,0
169.978614710,0,1,0
169.978617630,0,1,1
169.978629920,0,0,1
169.978632790,0,0,0
169.996299070,1,0,0
170.003330360,0,0,0
170.003585900,0,0,1
170.003588130,0,1,1
170.003601110,0,1,0
170.003603330,0,0,0
170.022281330,1,0,0
170.029287530,0,0,0
170.029568390,0,0,1
170.029583610,0,0,0
170.029617650,0,1,0
170.029632880,0,0,0
170.047405660,1,0,0
170.054409950,0,0,0
170.054691450,0,0,1
170.054694820,0,1,1
170.054706620,0,1,0
170.054710000,0,0,0
170.073337730,1,0,0
170.080343770,0,0,0
170.080623130,0,1,0
170.080625210,0,1,1
170.080638250,0,0,1
170.080640350,0,0,0
170.098985170,1,0,0
170.105990020,0,0,0
170.106270190,0,1,0
170.106274650,0,1,1
170.106285300,0,0,1
170.106289840,0,0,0
170.123257180,1,0,0
170.130262950,0,0,0
170.130542200,0,0,1
170.130544860,0,1,1
170.130557440,0,1,0
170.130560070,0,0,0
170.147657810,1,0,0
170.154663720,0,0,0
170.154942010,0,1,0
170.154946600,0,1,1
170.154957300,0,0,1
170.154961840,0,0,0
170.173326480,1,0,0
170.180330890,0,0,0
170.180614950,0,0,1
170.180615660,0,1,1
170.180630140,0,1,0
170.180630860,0,0,0
170.197520300,1,0,0
170.204526410,0,0,0
170.204808330,0,0,1
170.204809040,0,1,1
170.204823560,0,1,0
170.204824350,0,0,0
170.222897220,1,0,0
170.229903350,0,0,0
170.230182180,0,1,0
170.230185880,0,1,1
170.230197450,0,0,1
170.230201020,0,0,0
170.248721770,1,0,0
170.255727500,0,0,0
170.256006790,0,1,0
170.256010170,0,1,1
170.256021870,0,0,1
170.256025380,0,0,0
170.274550860,1,0,0
170.281556960,0,0,0
170.281836070,0,0,1
170.281839190,0,1,1
170.281851300,0,1,0
170.281854350,0,0,0
170.299859750,1,0,0
170.306864770,0,0,0
170.307146220,0,0,1
170.307148560,0,1,1
170.307161390,0,1,0
170.307163790,0,0,0
170.325284400,1,0,0
170.332288780,0,0,0
170.332570460,0,0,1
170.332572020,0,1,1
170.332585730,0,1,0
170.332587020,0,0,0
170.350781340,1,0,0
170.357784190,0,0,0
170.358070500,0,1,0
170.358085670,0,0,0
170.358134250,0,0,1
170.358149520,0,0,0
170.375898570,1,0,0
170.382903010,0,0,0
170.383186040,0,1,0
170.383187280,0,1,1
170.383201290,0,0,1
170.383202440,0,0,0
170.401591620,1,0,0
170.408597450,0,0,0
170.408879720,0,0,1
170.408884520,0,1,1
170.408894950,0,1,0
170.408899770,0,0,0
170.427410890,1,0,0
170.434416680,0,0,0
170.434699020,0,0,1
170.434699520,0,1,1
170.434714180,0,1,0
170.434714810,0,0,0
170.453384570,1,0,0
170.460390310,0,0,0
170.460671150,0,1,0
170.460672500,0,1,1
170.460686380,0,0,1
170.460687700,0,0,0
170.477874150,1,0,0
170.484879290,0,0,0
170.485161000,0,0,1
170.485162090,0,1,1
170.485176270,0,1,0
170.485177230,0,0,0
170.503512800,1,0,0
170.510517020,0,0,0
170.510798010,0,1,0
170.510799470,0,1,1
170.510813190,0,0,1
170.510814670,0,0,0
170.529267220,1,0,0
170.536272760,0,0,0
170.536552870,0,0,1
170.536552990,0,1,1
170.536568150,0,0,0
170.554000380,1,0,0
170.561006550,0,0,0
170.561286410,0,0,1
170.561287470,0,1,1
170.561301600,0,1,0
170.561302610,0,0,0
170.577554350,1,0,0
170.584562750,0,0,0
170.584839600,0,0,1
170.584840700,0,1,1
170.584854850,0,1,0
170.584855930,0,0,0
170.602964360,1,0,0
170.609967440,0,0,0
170.610252170,0,0,1
170.610254100,0,1,1
170.610267400,0,1,0
170.610269240,0,0,0
170.628311210,1,0,0
170.635317480,0,0,0
170.635597410,0,1,0
170.635601460,0,1,1
170.635612680,0,0,1
170.635616730,0,0,0
170.654170090,1,0,0
170.661176090,0,0,0
170.661454850,0,1,0
170.661460050,0,1,1
170.661469970,0,0,1
170.661475240,0,0,0
170.679833370,1,0,0
170.686841840,0,0,0
170.687119040,0,1,0
170.687123410,0,1,1
170.687134200,0,0,1
170.687138570,0,0,0
170.705563310,1,0,0
170.712566300,0,0,0
170.712851040,0,0,1
170.712852250,0,1,1
170.712866140,0,1,0
170.712867450,0,0,0
170.729503240,1,0,0
170.736509170,0,0,0
170.736790210,0,0,1
170.736790830,0,1,1
170.736805350,0,1,0
170.736806060,0,0,0
170.753490500,1,0,0
170.760496190,0,0,0
170.760776150,0,0,1
170.760778400,0,1,1
170.760791270,0,1,0
170.760793650,0,0,0
170.776919450,1,0,0
170.783925450,0,0,0
170.784206650,0,1,0
170.784207050,0,1,1
170.784221860,0,0,1
170.784222340,0,0,0
170.800828860,1,0,0
170.807835150,0,0,0
170.808114640,0,0,1
170.808115200,0,1,1
170.808129910,0,1,0
170.808130340,0,0,0
170.824545440,1,0,0
170.831551160,0,0,0
170.831833750,0,0,1
170.831834390,0,1,1
170.831848930,0,1,0
170.831849600,0,0,0
170.849858790,1,0,0
170.856864670,0,0,0
170.857146560,0,0,1
170.857147950,0,1,1
170.857161750,0,1,0
170.857163100,0,0,0
170.873550330,1,0,0
170.880556550,0,0,0
170.880835800,0,0,1
170.880836310,0,1,1
170.880850980,0,1,0
170.880851480,0,0,0
170.897366030,1,0,0
170.904372340,0,0,0
170.904652800,0,0,1
170.904653610,0,1,1
170.904667880,0,1,0
170.904668850,0,0,0
170.921216840,1,0,0
170.928223080,0,0,0
170.928501780,0,0,1
170.928502960,0,1,1
170.928516970,0,1,0
170.928518230,0,0,0
170.945022140,1,0,0
170.952028080,0,0,0
170.952310080,0,0,1
170.952310340,0,1,1
170.952325180,0,1,0
170.952325530,0,0,0
170.968887780,1,0,0
170.975891960,0,0,0
170.976173520,0,0,1
170.976173970,0,1,1
170.976188720,0,1,0
170.976189160,0,0,0
170.994647330,1,0,0
171.001653140,0,0,0
171.001932220,0,1,0
171.001937810,0,1,1
171.001947470,0,0,1
171.001953060,0,0,0
171.020722540,1,0,0
171.027727370,0,0,0
171.028011190,0,0,1
171.028011530,0,1,1
171.028026460,0,1,0
171.028026680,0,0,0
171.045138040,1,0,0
171.052143740,0,0,0
171.052423970,0,1,0
171.052439200,0,0,0
171.052488530,0,0,1
171.052503800,0,0,0
171.070642370,1,0,0
171.077624370,0,0,0
171.077925740,0,1,0
171.077928140,0,1,1
171.077940930,0,0,1
171.077943300,0,0,0
171.094770490,1,0,0
171.101776410,0,0,0
171.102055790,0,0,1
171.102056600,0,1,1
171.102070890,0,1,0
171.102071790,0,0,0
171.118611300,1,0,0
171.125615480,0,0,0
171.125899980,0,1,0
171.125900040,0,1,1
171.125915230,0,0,1
171.125915270,0,0,0
171.143863400,1,0,0
171.150869440,0,0,0
171.151148520,0,1,0
171.151153480,0,1,1
171.151163650,0,0,1
171.151168770,0,0,0
171.169686300,1,0,0
171.176690570,0,0,0
171.176971860,0,1,0
171.176976740,0,1,1
171.176987130,0,0,1
171.176992010,0,0,0
171.193267610,1,0,0
171.200273710,0,0,0
171.200554100,0,0,1
171.200555110,0,1,1
171.200569300,0,1,0
171.200570360,0,0,0
171.216938410,1,0,0
171.223944490,0,0,0
171.224226100,0,0,1
171.224228570,0,1,1
171.224241330,0,1,0
171.224243820,0,0,0
171.241421410,1,0,0
171.248427090,0,0,0
171.248707030,0,1,0
171.248707120,0,1,1
171.248722220,0,0,1
171.248722250,0,0,0
171.266513660,1,0,0
171.273519680,0,0,0
171.273798000,0,0,1
171.273800220,0,1,1
171.273813250,0,1,0
171.273815490,0,0,0
171.291818830,1,0,0
171.298825030,0,0,0
171.299107850,0,1,0
171.299108880,0,1,1
171.299122930,0,0,1
171.299124090,0,0,0
171.317592410,1,0,0
171.324598500,0,0,0
171.324881870,0,1,0
171.324897010,0,0,0
171.324945410,0,0,1
171.324960490,0,0,0
171.342926370,1,0,0
171.349932370,0,0,0
171.350214720,0,0,1
171.350215370,0,1,1
171.350229930,0,1,0
171.350230620,0,0,0
171.366799660,1,0,0
171.373805530,0,0,0
171.374089060,0,0,1
171.374104330,0,0,0
171.392528000,1,0,0
171.399533720,0,0,0
171.399762810,0,0,1
171.399778000,0,0,0
171.399816730,0,1,0
171.399831950,0,0,0
171.418352580,1,0,0
171.425358580,0,0,0
171.425640190,0,0,1
171.425640210,0,1,1
171.425655340,0,1,0
171.425655560,0,0,0
171.442381830,1,0,0
171.449387870,0,0,0
171.449666880,0,0,1
171.449668520,0,1,1
171.449682010,0,1,0
171.449683730,0,0,0
171.466478610,1,0,0
171.473484820,0,0,0
171.473764550,0,1,0
171.473767760,0,1,1
171.473779800,0,0,1
171.473782970,0,0,0
171.492413740,1,0,0
171.499419800,0,0,0
171.499699830,0,0,1
171.499700420,0,1,1
171.499714990,0,1,0
171.499715670,0,0,0
171.518170620,1,0,0
171.525175180,0,0,0
171.525457780,0,1,0
171.525459810,0,1,1
171.525472940,0,0,1
171.525475040,0,0,0
171.542600120,1,0,0
171.549604530,0,0,0
171.549887200,0,1,0
171.549888130,0,1,1
171.549902480,0,0,1
171.549903210,0,0,0
171.567164390,1,0,0
171.574168910,0,0,0
171.574449530,0,1,0
171.574450360,0,1,1
171.574464630,0,0,1
171.574465510,0,0,0
171.591514200,1,0,0
171.598522710,0,0,0
171.598797660,0,0,1
171.598801490,0,1,1
171.598812840,0,1,0
171.598816590,0,0,0
171.617404310,1,0,0
171.624410370,0,0,0
171.624689720,0,1,0
171.624693410,0,1,1
171.624704990,0,0,1
171.624708550,0,0,0
171.641765240,1,0,0
171.648769780,0,0,0
171.649050670,0,0,1
171.649050720,0,1,1
171.649065850,0,1,0
171.649065930,0,0,0
171.666572510,1,0,0
171.673578340,0,0,0
171.673858960,0,1,0
171.673860340,0,1,1
171.673874120,0,0,1
171.673875600,0,0,0
171.691037070,1,0,0
171.698041650,0,0,0
171.698322310,0,1,0
171.698323550,0,1,1
171.698337600,0,0,1
171.698338820,0,0,0
171.715265900,1,0,0
171.722271910,0,0,0
171.722548380,0,1,0
171.722552200,0,1,1
171.722563670,0,0,1
171.722567400,0,0,0
171.740701040,1,0,0
171.747704080,0,0,0
171.747989100,0,0,1
171.747989250,0,1,1
171.748004280,0,1,0
171.748004350,0,0,0
171.766532740,1,0,0
171.773538420,0,0,0
171.773818040,0,0,1
171.773819860,0,1,1
171.773833370,0,1,0
171.773835000,0,0,0
171.791598630,1,0,0
171.798607360,0,0,0
171.798885000,0,1,0
171.798887380,0,1,1
171.798900250,0,0,1
171.798902580,0,0,0
171.817055990,1,0,0
171.824061760,0,0,0
171.824343090,0,1,0
171.824344820,0,1,1
171.824358230,0,0,1
171.824360000,0,0,0
171.840772480,1,0,0
171.847778830,0,0,0
171.848057800,0,1,0
171.848059150,0,1,1
171.848073010,0,0,1
171.848074440,0,0,0
171.866494260,1,0,0
171.873500090,0,0,0
171.873781010,0,1,0
171.873782720,0,1,1
171.873796150,0,0,1
171.873798010,0,0,0
171.891846070,1,0,0
171.898852030,0,0,0
171.899134220,0,1,0
171.899136020,0,1,1
171.899149360,0,0,1
171.899151240,0,0,0
171.917155820,1,0,0
171.924160690,0,0,0
171.924441870,0,0,1
171.924441910,0,1,1
171.924457070,0,0,1
171.924457100,0,0,0
171.942492160,1,0,0
171.949497970,0,0,0
171.949777770,0,0,1
171.949781200,0,1,1
171.949792880,0,1,0
171.949796260,0,0,0
171.966658440,1,0,0
171.973664750,0,0,0
171.973943470,0,1,0
171.973946260,0,1,1
171.973958640,0,0,1
171.973961400,0,0,0
171.992415780,1,0,0
171.999424400,0,0,0
171.999702140,0,1,0
171.999704780,0,1,1
171.999717390,0,0,1
171.999720050,0,0,0
172.017374410,1,0,0
172.024380200,0,0,0
172.024660580,0,1,0
172.024675780,0,0,0
172.024723080,0,0,1
172.024738370,0,0,0
172.043261700,1,0,0
172.050247320,0,0,0
172.050549810,0,1,0
172.050551350,0,1,1
172.050565010,0,0,1
172.050566520,0,0,0
172.068960810,1,0,0
172.075966790,0,0,0
172.076248920,0,0,1
172.076264120,0,0,0
172.076297120,0,1,0
172.076312390,0,0,0
172.093954690,1,0,0
172.100960700,0,0,0
172.101240520,0,1,0
172.101243530,0,1,1
172.101255680,0,0,1
172.101258650,0,0,0
172.119740290,1,0,0
172.126746370,0,0,0
172.127026720,0,0,1
172.127029680,0,1,1
172.127041860,0,1,0
172.127044850,0,0,0
172.145500380,1,0,0
172.152506190,0,0,0
172.152787310,0,1,0
172.152788970,0,1,1
172.152802600,0,0,1
172.152869640,0,0,0
172.171297780,1,0,0
172.178303970,0,0,0
172.178583620,0,0,1
172.178585120,0,1,1
172.178598910,0,1,0
172.178600410,0,0,0
172.197162830,1,0,0
172.204168950,0,0,0
172.204451980,0,0,1
172.204467270,0,0,0
172.204514870,0,1,0
172.204530060,0,0,0
172.222969650,1,0,0
172.229975680,0,0,0
172.230254590,0,0,1
172.230257480,0,1,1
172.230269730,0,1,0
172.230272700,0,0,0
172.247032100,1,0,0
172.254037870,0,0,0
172.254321600,0,1,0
172.254336770,0,0,0
172.254384570,0,0,1
172.254399780,0,0,0
172.272794940,1,0,0
172.279800560,0,0,0
172.280079230,0,1,0
172.280081160,0,1,1
172.280094440,0,0,1
172.280096300,0,0,0
172.298453190,1,0,0
172.305458770,0,0,0
172.305739950,0,0,1
172.305743500,0,1,1
172.305755140,0,1,0
172.305758690,0,0,0
172.324283300,1,0,0
172.331289570,0,0,0
172.331569190,0,0,1
172.331570940,0,1,1
172.331584290,0,1,0
172.331586140,0,0,0
172.349859530,1,0,0
172.356863840,0,0,0
172.357142750,0,1,0
172.357146480,0,1,1
172.357157920,0,0,1
172.357161560,0,0,0
172.373877560,1,0,0
172.380883730,0,0,0
172.381162840,0,1,0
172.381165980,0,1,1
172.381178110,0,0,1
172.381181150,0,0,0
172.399671420,1,0,0
172.406677320,0,0,0
172.406956840,0,1,0
172.406959410,0,1,1
172.406971980,0,0,1
172.406974610,0,0,0
172.423753270,1,0,0
172.430759370,0,0,0
172.431040530,0,1,0
172.431042680,0,1,1
172.431055800,0,0,1
172.431057910,0,0,0
172.449635170,1,0,0
172.456640650,0,0,0
172.456920390,0,0,1
172.456922840,0,1,1
172.456935490,0,1,0
172.456937980,0,0,0
172.475293970,1,0,0
172.482298360,0,0,0
172.482579510,0,1,0
172.482579600,0,1,1
172.482594770,0,1,0
172.482594800,0,0,0
172.500644390,1,0,0
172.507648440,0,0,0
172.507929070,0,1,0
172.507933090,0,1,1
172.507944320,0,0,1
172.507948290,0,0,0
172.526444220,1,0,0
172.533448720,0,0,0
172.533731630,0,0,1
172.533733740,0,1,1
172.533746860,0,1,0
172.533748940,0,0,0
172.552263210,1,0,0
172.559269160,0,0,0
172.559550050,0,0,1
172.559552150,0,1,1
172.559565240,0,1,0
172.559567360,0,0,0
172.576800660,1,0,0
172.583806890,0,0,0
172.584088140,0,0,1
172.584089610,0,1,1
172.584103330,0,1,0
172.584104690,0,0,0
172.602679520,1,0,0
172.609685640,0,0,0
172.609966940,0,0,1
172.609968990,0,1,1
172.609982180,0,1,0
172.609984190,0,0,0
172.627684940,1,0,0
172.634691080,0,0,0
172.634971370,0,1,0
172.634974250,0,1,1
172.634986510,0,0,1
172.634989500,0,0,0
172.651558780,1,0,0
172.658565050,0,0,0
172.658794490,0,1,0
172.658809660,0,0,0
172.658847780,0,0,1
172.658863000,0,0,0
172.676732350,1,0,0
172.683738530,0,0,0
172.684018410,0,1,0
172.684022110,0,1,1
172.684033660,0,0,1
172.684037340,0,0,0
172.702634950,1,0,0
172.709640930,0,0,0
172.709922410,0,1,0
172.709924180,0,1,1
172.709937680,0,0,1
172.709939430,0,0,0
172.728419690,1,0,0
172.735425730,0,0,0
172.735703470,0,1,0
172.735706370,0,1,1
172.735718780,0,0,1
172.735721560,0,0,0
172.754328630,1,0,0
172.761334710,0,0,0
172.761612870,0,1,0
172.761616190,0,1,1
172.761628120,0,0,1
172.761631330,0,0,0
172.779810320,1,0,0
172.786816230,0,0,0
172.787056060,0,1,0
172.787071370,0,0,0
172.787100750,0,0,1
172.787115900,0,0,0
172.804299090,1,0,0
172.811305130,0,0,0
172.811585250,0,1,0
172.811589190,0,1,1
172.811600530,0,0,1
172.811604340,0,0,0
172.830145950,1,0,0
172.837151980,0,0,0
172.837430070,0,0,1
172.837433620,0,1,1
172.837445360,0,1,0
172.837448850,0,0,0
172.854947010,1,0,0
172.861952170,0,0,0
172.862232830,0,1,0
172.862236140,0,1,1
172.862247890,0,0,1
172.862251370,0,0,0
172.880706510,1,0,0
172.887712420,0,0,0
172.887990350,0,1,0
172.887991790,0,1,1
172.888005580,0,0,1
172.888006950,0,0,0
172.906531580,1,0,0
172.913534720,0,0,0
172.913817730,0,0,1
172.913818620,0,1,1
172.913832920,0,1,0
172.913833790,0,0,0
172.932235700,1,0,0
172.939244030,0,0,0
172.939521190,0,0,1
172.939522910,0,1,1
172.939536380,0,1,0
172.939538080,0,0,0
172.958014440,1,0,0
172.965020680,0,0,0
172.965300460,0,1,0
172.965302200,0,1,1
172.965315660,0,0,1
172.965317440,0,0,0
172.983445440,1,0,0
172.990451750,0,0,0
172.990733160,0,0,1
172.990734770,0,1,1
172.990748430,0,1,0
172.990750000,0,0,0
173.009248530,1,0,0
173.016252960,0,0,0
173.016535330,0,0,1
173.016537140,0,1,1
173.016550600,0,1,0
173.016552270,0,0,0
173.034184900,1,0,0
173.041190920,0,0,0
173.041469890,0,0,1
173.041471440,0,1,1
173.041484910,0,1,0
173.041486600,0,0,0
173.058914460,1,0,0
173.065920520,0,0,0
173.066197290,0,1,0
173.066212600,0,0,0
173.066267480,0,0,1
173.066282770,0,0,0
173.084263070,1,0,0
173.091268980,0,0,0
173.091552090,0,0,1
173.091567210,0,0,0
173.091611000,0,1,0
173.091626270,0,0,0
173.108816730,1,0,0
173.115820930,0,0,0
173.116099090,0,1,0
173.116105240,0,1,1
173.116114310,0,0,1
173.116120550,0,0,0
173.133896190,1,0,0
173.140902210,0,0,0
173.141166700,0,0,1
173.141181840,0,0,0
173.141184050,0,1,0
173.141199380,0,0,0
173.159268650,1,0,0
173.166271890,0,0,0
173.166540860,0,1,0
173.166556110,0,0,0
173.166556910,0,0,1
173.166572100,0,0,0
173.184267500,1,0,0
173.191273480,0,0,0
173.191554500,0,0,1
173.191556610,0,1,1
173.191569580,0,1,0
173.191571800,0,0,0
173.209133190,1,0,0
173.216139160,0,0,0
173.216416250,0,0,1
173.216420150,0,1,1
173.216431500,0,1,0
173.216435360,0,0,0
173.234853920,1,0,0
173.241811850,0,0,0
173.242142360,0,0,1
173.242143550,0,1,1
173.242157570,0,1,0
173.242158800,0,0,0
173.260300300,1,0,0
173.267306400,0,0,0
173.267585890,0,0,1
173.267586900,0,1,1
173.267601090,0,1,0
173.267601980,0,0,0
173.286121900,1,0,0
173.293127920,0,0,0
173.293408140,0,0,1
173.293409450,0,1,1
173.293423370,0,1,0
173.293424530,0,0,0
173.311665450,1,0,0
173.318671610,0,0,0
173.318952370,0,0,1
173.318953570,0,1,1
173.318967600,0,1,0
173.318968780,0,0,0
173.336011050,1,0,0
173.343017050,0,0,0
173.343296050,0,1,0
173.343300960,0,1,1
173.343311280,0,0,1
173.343316210,0,0,0
173.361875240,1,0,0
173.368881400,0,0,0
173.369160360,0,1,0
173.369161920,0,1,1
173.369175550,0,0,1
173.369177210,0,0,0
173.387048930,1,0,0
173.394053470,0,0,0
173.394336950,0,0,1
173.394338760,0,1,1
173.394352090,0,1,0
173.394353950,0,0,0
173.412868970,1,0,0
173.419874970,0,0,0
173.420156220,0,0,1
173.420157280,0,1,1
173.420171430,0,1,0
173.420172450,0,0,0
173.438596190,1,0,0
173.445602250,0,0,0
173.445884370,0,1,0
173.445884580,0,1,1
173.445899530,0,0,1
173.445899700,0,0,0
173.464292230,1,0,0
173.471298160,0,0,0
173.471577120,0,0,1
173.471578840,0,1,1
173.471592310,0,1,0
173.471594110,0,0,0
173.489316750,1,0,0
173.496321500,0,0,0
173.496606420,0,0,1
173.496607260,0,1,1
173.496621710,0,1,0
173.496622490,0,0,0
173.515190210,1,0,0
173.522196330,0,0,0
173.522472820,0,1,0
173.522478530,0,1,1
173.522488030,0,0,1
173.522493730,0,0,0
173.539425920,1,0,0
173.546432060,0,0,0
173.546713470,0,0,1
173.546714030,0,1,1
173.546728630,0,1,0
173.546729240,0,0,0
173.565122250,1,0,0
173.572127690,0,0,0
173.572410830,0,0,1
173.572412200,0,1,1
173.572426050,0,1,0
173.572427370,0,0,0
173.591011360,1,0,0
173.598017340,0,0,0
173.598298310,0,1,0
173.598300100,0,1,1
173.598313510,0,0,1
173.598315290,0,0,0
173.616643490,1,0,0
173.623649610,0,0,0
173.623928930,0,1,0
173.623932770,0,1,1
173.623944160,0,0,1
173.623948040,0,0,0
173.641793300,1,0,0
173.648799070,0,0,0
173.649080940,0,0,1
173.649081660,0,1,1
173.649096130,0,1,0
173.649096820,0,0,0
173.666476230,1,0,0
173.673482250,0,0,0
173.673762940,0,0,1
173.673766100,0,1,1
173.673778150,0,1,0
173.673781310,0,0,0
173.692603610,1,0,0
173.699608200,0,0,0
173.699888040,0,1,0
173.699893890,0,1,1
173.699903240,0,0,1
173.699909070,0,0,0
173.717916120,1,0,0
173.724922150,0,0,0
173.725201640,0,1,0
173.725202350,0,1,1
173.725216740,0,0,1
173.725217490,0,0,0
173.741802880,1,0,0
173.748808750,0,0,0
173.749088310,0,0,1
173.749091040,0,1,1
173.749103520,0,1,0
173.749106330,0,0,0
173.767575260,1,0,0
173.774580940,0,0,0
173.774864150,0,0,1
173.774864390,0,1,1
173.774879290,0,1,0
173.774879560,0,0,0
173.793277340,1,0,0
173.800283170,0,0,0
173.800562790,0,1,0
173.800566610,0,1,1
173.800578040,0,0,1
173.800581880,0,0,0
173.818298660,1,0,0
173.825304780,0,0,0
173.825583280,0,0,1
173.825585140,0,1,1
173.825598420,0,1,0
173.825600350,0,0,0
173.842004190,1,0,0
173.849010440,0,0,0
173.849289430,0,0,1
173.849289670,0,1,1
173.849304590,0,1,0
173.849304810,0,0,0
173.866553100,1,0,0
173.873558990,0,0,0
173.873836750,0,1,0
173.873842720,0,1,1
173.873851900,0,0,1
173.873857870,0,0,0
173.891795500,1,0,0
173.898800000,0,0,0
173.899081040,0,0,1
173.899081380,0,1,1
173.899096290,0,1,0
173.899096670,0,0,0
173.917631110,1,0,0
173.924637480,0,0,0
173.924917290,0,1,0
173.924918580,0,1,1
173.924932460,0,0,1
173.924933790,0,0,0
173.943257760,1,0,0
173.950260770,0,0,0
173.950543110,0,0,1
173.950548000,0,1,1
173.950558360,0,1,0
173.950563230,0,0,0
173.967735610,1,0,0
173.974741940,0,0,0
173.975020320,0,1,0
173.975020590,0,1,1
173.975035590,0,0,1
173.975035630,0,0,0
173.992895730,1,0,0
173.999901810,0,0,0
174.000184760,0,1,0
174.000184930,0,1,1
174.000199940,0,0,1
174.000200130,0,0,0
174.018487710,1,0,0
174.025496170,0,0,0
174.025773350,0,0,1
174.025777340,0,1,1
174.025788510,0,1,0
174.025792570,0,0,0
174.042261140,1,0,0
174.049267370,0,0,0
174.049546470,0,1,0
174.049550830,0,1,1
174.049561740,0,0,1
174.049566100,0,0,0
174.067955020,1,0,0
174.074961180,0,0,0
174.075242750,0,0,1
174.075244110,0,1,1
174.075258080,0,1,0
174.075259380,0,0,0
174.092158700,1,0,0
174.099164740,0,0,0
174.099447350,0,1,0
174.099447530,0,1,1
174.099462550,0,0,1
174.099462810,0,0,0
174.117615390,1,0,0
174.124621660,0,0,0
174.124901090,0,0,1
174.124901660,0,1,1
174.124916230,0,1,0
174.124916780,0,0,0
174.143123040,1,0,0
174.150154010,0,0,0
174.150408800,0,1,0
174.150410430,0,1,1
174.150423950,0,0,1
174.150425570,0,0,0
174.169038310,1,0,0
174.176044410,0,0,0
174.176327970,0,0,1
174.176343200,0,0,0
174.176390200,0,1,0
174.176405450,0,0,0
174.192788120,1,0,0
174.199854140,0,0,0
174.200136190,0,0,1
174.200136720,0,1,1
174.200151410,0,1,0
174.200151950,0,0,0
174.218700230,1,0,0
174.225706510,0,0,0
174.225985610,0,0,1
174.225989120,0,1,1
174.226000870,0,1,0
174.226004280,0,0,0
174.244045560,1,0,0
174.251054310,0,0,0
174.251332640,0,1,0
174.251334000,0,1,1
174.251347780,0,0,1
174.251349110,0,0,0
174.269579870,1,0,0
174.276585370,0,0,0
174.276865850,0,1,0
174.276866220,0,1,1
174.276880990,0,0,1
174.276881420,0,0,0
174.295377540,1,0,0
174.302383650,0,0,0
174.302665240,0,1,0
174.302665970,0,1,1
174.302680280,0,0,1
174.302681160,0,0,0
174.319344750,1,0,0
174.326350490,0,0,0
174.326633580,0,1,0
174.326634450,0,1,1
174.326648770,0,0,1
174.326649700,0,0,0
174.342953010,1,0,0
174.349958820,0,0,0
174.350239610,0,1,0
174.350241460,0,1,1
174.350254850,0,0,1
174.350256620,0,0,0
174.368263490,1,0,0
174.375269480,0,0,0
174.375549710,0,1,0
174.375551150,0,1,1
174.375564960,0,0,1
174.375566330,0,0,0
174.392006370,1,0,0
174.399010850,0,0,0
174.399293730,0,1,0
174.399294530,0,1,1
174.399308900,0,0,1
174.399309770,0,0,0
174.415625570,1,0,0
174.422634470,0,0,0
174.422911340,0,1,0
174.422926550,0,0,0
174.422978260,0,0,1
174.422993420,0,0,0
174.441443680,1,0,0
174.448449510,0,0,0
174.448729380,0,1,0
174.448730240,0,1,1
174.448744650,0,0,1
174.448745380,0,0,0
174.465599720,1,0,0
174.472605650,0,0,0
174.472887350,0,0,1
174.472888070,0,1,1
174.472902530,0,1,0
174.472903260,0,0,0
174.489128000,1,0,0
174.496134020,0,0,0
174.496417200,0,1,0
174.496418160,0,1,1
174.496432390,0,0,1
174.496433310,0,0,0
174.512962220,1,0,0
174.519968200,0,0,0
174.520250630,0,0,1
174.520250640,0,1,1
174.520265890,0,0,0
174.537929140,1,0,0
174.544935590,0,0,0
174.545215150,0,0,1
174.545216520,0,1,1
174.545230250,0,1,0
174.545231760,0,0,0
174.562987200,1,0,0
174.569993010,0,0,0
174.570269830,0,1,0
174.570271030,0,1,1
174.570284990,0,0,1
174.570286190,0,0,0
174.586504750,1,0,0
174.593572370,0,0,0
174.593790060,0,1,0
174.593791910,0,1,1
174.593805270,0,0,1
174.593872400,0,0,0
174.612129710,1,0,0
174.619134210,0,0,0
174.619414470,0,0,1
174.619419120,0,1,1
174.619429600,0,1,0
174.619434370,0,0,0
174.638280950,1,0,0
174.645289400,0,0,0
174.645567620,0,1,0
174.645567830,0,1,1
174.645582810,0,0,1
174.645583040,0,0,0
174.663349130,1,0,0
174.670357480,0,0,0
174.670635980,0,1,0
174.670636330,0,1,1
174.670651120,0,0,1
174.670651520,0,0,0
174.687438900,1,0,0
174.694445060,0,0,0
174.694691190,0,1,0
174.694706440,0,0,0
174.694725610,0,0,1
174.694740750,0,0,0
174.711336450,1,0,0
174.718340680,0,0,0
174.718621400,0,1,0
174.718623940,0,1,1
174.718636610,0,0,1
174.718639070,0,0,0
174.736939040,1,0,0
174.743943950,0,0,0
174.744226170,0,1,0
174.744227530,0,1,1
174.744241400,0,0,1
174.744242670,0,0,0
174.762889770,1,0,0
174.769946000,0,0,0
174.770179380,0,1,0
174.770185560,0,1,1
174.770194520,0,0,1
174.770200700,0,0,0
174.788137000,1,0,0
174.795141830,0,0,0
174.795422920,0,1,0
174.795423330,0,1,1
174.795438110,0,0,1
174.795438540,0,0,0
174.813368040,1,0,0
174.820374330,0,0,0
174.820655300,0,1,0
174.820655310,0,1,1
174.820670500,0,0,1
174.820670540,0,0,0
174.839431770,1,0,0
174.846436370,0,0,0
174.846719670,0,1,0
174.846721070,0,1,1
174.846734900,0,0,1
174.846736310,0,0,0
174.863477600,1,0,0
174.870483370,0,0,0
174.870762860,0,1,0
174.870763670,0,1,1
174.870777980,0,0,1
174.870778820,0,0,0
174.889284150,1,0,0
174.896289540,0,0,0
174.896571360,0,1,0
174.896572950,0,1,1
174.896586500,0,0,1
174.896588110,0,0,0
174.914693850,1,0,0
174.921699980,0,0,0
174.921978950,0,1,0
174.921981660,0,1,1
174.921994230,0,0,1
174.921996990,0,0,0
174.939883190,1,0,0
174.946887660,0,0,0
174.947168500,0,0,1
174.947173090,0,1,1
174.947183620,0,1,0
174.947188360,0,0,0
174.964556270,1,0,0
174.971562120,0,0,0
174.971842370,0,0,1
174.971846450,0,1,1
174.971857580,0,1,0
174.971861700,0,0,0
174.990373310,1,0,0
174.997379350,0,0,0
174.997658990,0,1,0
174.997661630,0,1,1
174.997674190,0,0,1
174.997676770,0,0,0
175.014179510,1,0,0
175.021172450,0,0,0
175.021465110,0,0,1
175.021468180,0,1,1
175.021480340,0,1,0
175.021483340,0,0,0
175.039683410,1,0,0
175.046689570,0,0,0
175.046971700,0,1,0
175.046973510,0,1,1
175.046986930,0,0,1
175.046988670,0,0,0
175.065450790,1,0,0
175.072455100,0,0,0
175.072736890,0,0,1
175.072739950,0,1,1
175.072752050,0,1,0
175.072755090,0,0,0
175.090991580,1,0,0
175.097997350,0,0,0
175.098278570,0,1,0
175.098280270,0,1,1
175.098293800,0,0,1
175.098295540,0,0,0
175.116841920,1,0,0
175.123846410,0,0,0
175.124128810,0,0,1
175.124131760,0,1,1
175.124144060,0,1,0
175.124146910,0,0,0
175.142601130,1,0,0
175.149607480,0,0,0
175.149886460,0,0,1
175.149888760,0,1,1
175.149901600,0,1,0
175.149903970,0,0,0
175.167937800,1,0,0
175.174943940,0,0,0
175.175222620,0,1,0
175.175225740,0,1,1
175.175237840,0,0,1
175.175240980,0,0,0
175.193351630,1,0,0
175.200359960,0,0,0
175.200635820,0,1,0
175.200638970,0,1,1
175.200651030,0,0,1
175.200654150,0,0,0
175.217162140,1,0,0
175.224230330,0,0,0
175.224450140,0,1,0
175.224451390,0,1,1
175.224465340,0,0,1
175.224466570,0,0,0
175.242658790,1,0,0
175.249664600,0,0,0
175.249943200,0,0,1
175.249947490,0,1,1
175.249958470,0,1,0
175.249962780,0,0,0
175.268513770,1,0,0
175.275519810,0,0,0
175.275799280,0,1,0
175.275804370,0,1,1
175.275814470,0,0,1
175.275819540,0,0,0
175.294259860,1,0,0
175.301265710,0,0,0
175.301545530,0,1,0
175.301546810,0,1,1
175.301560820,0,0,1
175.301562020,0,0,0
175.318451710,1,0,0
175.325456810,0,0,0
175.325738770,0,1,0
175.325753890,0,0,0
175.325764940,0,0,1
175.325780130,0,0,0
175.344357020,1,0,0
175.351363190,0,0,0
175.351640890,0,1,0
175.351644740,0,1,1
175.351656220,0,0,1
175.351659840,0,0,0
175.370470570,1,0,0
175.377476590,0,0,0
175.377754600,0,1,0
175.377757930,0,1,1
175.377769780,0,0,1
175.377773110,0,0,0
175.395638630,1,0,0
175.402644630,0,0,0
175.402925450,0,0,1
175.402928910,0,1,1
175.402940680,0,1,0
175.402944100,0,0,0
175.421164110,1,0,0
175.428170130,0,0,0
175.428448940,0,0,1
175.428452180,0,1,1
175.428464140,0,1,0
175.428467370,0,0,0
175.446602820,1,0,0
175.453608750,0,0,0
175.453889620,0,1,0
175.453904870,0,0,0
175.453953400,0,0,1
175.453968620,0,0,0
175.471647880,1,0,0
175.478654270,0,0,0
175.478932850,0,1,0
175.478936630,0,1,1
175.478948100,0,0,1
175.478951900,0,0,0
175.495357640,1,0,0
175.502366040,0,0,0
175.502644340,0,0,1
175.502647430,0,1,1
175.502659400,0,1,0
175.502662600,0,0,0
175.521276710,1,0,0
175.528282330,0,0,0
175.528563390,0,0,1
175.528564370,0,1,1
175.528578570,0,1,0
175.528579450,0,0,0
175.544967780,1,0,0
175.551973530,0,0,0
175.552253880,0,1,0
175.552256790,0,1,1
175.552269040,0,0,1
175.552271870,0,0,0
175.568615250,1,0,0
175.575619900,0,0,0
175.575897710,0,0,1
175.575902420,0,1,1
175.575912930,0,1,0
175.575917600,0,0,0
175.592567560,1,0,0
175.599573510,0,0,0
175.599853810,0,0,1
175.599855800,0,1,1
175.599869080,0,1,0
175.599870900,0,0,0
175.617589890,1,0,0
175.624595990,0,0,0
175.624871960,0,0,1
175.624879300,0,1,1
175.624887190,0,1,0
175.624894500,0,0,0
175.641924510,1,0,0
175.648930780,0,0,0
175.649210400,0,0,1
175.649212680,0,1,1
175.649225610,0,1,0
175.649227920,0,0,0
175.667736410,1,0,0
175.674742470,0,0,0
175.675022780,0,0,1
175.675026090,0,1,1
175.675038030,0,1,0
175.675041210,0,0,0
175.693364200,1,0,0
175.700368220,0,0,0
175.700649420,0,1,0
175.700652390,0,1,1
175.700664690,0,0,1
175.700667490,0,0,0
175.718742760,1,0,0
175.725748840,0,0,0
175.725995880,0,1,0
175.726011190,0,0,0
175.726030020,0,0,1
175.726045180,0,0,0
175.742641650,1,0,0
175.749646380,0,0,0
175.749928420,0,0,1
175.749930240,0,1,1
175.749943620,0,1,0
175.749945530,0,0,0
175.768501920,1,0,0
175.775508070,0,0,0
175.775786860,0,0,1
175.775789570,0,1,1
175.775802150,0,1,0
175.775804760,0,0,0
175.791993080,1,0,0
175.798999280,0,0,0
175.799281130,0,0,1
175.799282890,0,1,1
175.799296320,0,1,0
175.799298030,0,0,0
175.815950320,1,0,0
175.822956400,0,0,0
175.823236200,0,1,0
175.823238880,0,1,1
175.823251470,0,0,1
175.823254050,0,0,0
175.839817670,1,0,0
175.846823710,0,0,0
175.847103370,0,1,0
175.847107990,0,1,1
175.847118490,0,0,1
175.847123180,0,0,0
175.865632130,1,0,0
175.872636210,0,0,0
175.872917980,0,1,0
175.872921330,0,1,1
175.872933180,0,0,1
175.872936430,0,0,0
175.891386050,1,0,0
175.898391730,0,0,0
175.898674710,0,0,1
175.898676430,0,1,1
175.898690040,0,1,0
175.898691700,0,0,0
175.916672770,1,0,0
175.923679060,0,0,0
175.923959770,0,1,0
175.923974950,0,0,0
175.924028170,0,0,1
175.924043330,0,0,0
175.941251060,1,0,0
175.948254040,0,0,0
175.948535250,0,0,1
175.948535790,0,1,1
175.948550540,0,1,0
175.948550980,0,0,0
175.967097610,1,0,0
175.974103480,0,0,0
175.974384200,0,0,1
175.974386560,0,1,1
175.974399460,0,1,0
175.974401720,0,0,0
175.991361290,1,0,0
175.998367220,0,0,0
175.998648490,0,0,1
175.998649080,0,1,1
175.998663740,0,1,0
175.998664270,0,0,0
176.015323450,1,0,0
176.022329740,0,0,0
176.022611990,0,0,1
176.022612360,0,1,1
176.022627180,0,1,0
176.022627670,0,0,0
176.041119120,1,0,0
176.048124800,0,0,0
176.048405290,0,0,1
176.048405500,0,1,1
176.048420450,0,1,0
176.048420770,0,0,0
176.066812330,1,0,0
176.073841870,0,0,0
176.074096310,0,0,1
176.074100020,0,1,1
176.074111560,0,1,0
176.074115310,0,0,0
176.093439850,1,0,0
176.100505770,0,0,0
176.100725900,0,0,1
176.100727440,0,1,1
176.100741040,0,1,0
176.100742680,0,0,0
176.119157380,1,0,0
176.126163170,0,0,0
176.126445490,0,0,1
176.126446890,0,1,1
176.126460780,0,1,0
176.126462100,0,0,0
176.143678020,1,0,0
176.150683950,0,0,0
176.150963810,0,1,0
176.150963950,0,1,1
176.150978960,0,0,1
176.150979170,0,0,0
176.168379520,1,0,0
176.175373320,0,0,0
176.175664970,0,0,1
176.175668380,0,1,1
176.175680280,0,1,0
176.175683620,0,0,0
176.192565840,1,0,0
176.199571800,0,0,0
176.199851790,0,1,0
176.199855910,0,1,1
176.199866980,0,0,1
176.199871120,0,0,0
176.216276810,1,0,0
176.223283020,0,0,0
176.223562870,0,0,1
176.223564300,0,1,1
176.223578080,0,1,0
176.223579440,0,0,0
176.239981840,1,0,0
176.246990280,0,0,0
176.247267690,0,0,1
176.247268780,0,1,1
176.247282920,0,1,0
176.247283990,0,0,0
176.264689510,1,0,0
176.271690730,0,0,0
176.271975130,0,0,1
176.271977010,0,1,1
176.271990310,0,1,0
176.271992200,0,0,0
176.290411860,1,0,0
176.297418110,0,0,0
176.297698650,0,0,1
176.297713900,0,0,0
176.297764930,0,1,0
176.297780090,0,0,0
176.315019780,1,0,0
176.322025840,0,0,0
176.322307910,0,0,1
176.322308840,0,1,1
176.322323180,0,1,0
176.322323990,0,0,0
176.340139570,1,0,0
176.347144540,0,0,0
176.347425510,0,0,1
176.347425840,0,1,1
176.347440700,0,1,0
176.347441050,0,0,0
176.363683810,1,0,0
176.370689800,0,0,0
176.370968520,0,0,1
176.370970430,0,1,1
176.370983700,0,1,0
176.370985660,0,0,0
176.387412690,1,0,0
176.394471960,0,0,0
176.394696940,0,0,1
176.394699020,0,1,1
176.394712140,0,1,0
176.394714180,0,0,0
176.411922860,1,0,0
176.418928730,0,0,0
176.419211710,0,0,1
176.419212180,0,1,1
176.419226850,0,1,0
176.419227450,0,0,0
176.437545880,1,0,0
176.444551790,0,0,0
176.444829910,0,1,0
176.444835130,0,1,1
176.444845200,0,0,1
176.444850440,0,0,0
176.462258360,1,0,0
176.469299370,0,0,0
176.469541460,0,1,0
176.469547530,0,1,1
176.469556680,0,0,1
176.469562740,0,0,0
176.487982690,1,0,0
176.494987380,0,0,0
176.495267310,0,1,0
176.495271890,0,1,1
176.495282580,0,0,1
176.495287050,0,0,0
176.512718080,1,0,0
176.519723980,0,0,0
176.520004370,0,0,1
176.520004560,0,1,1
176.520019550,0,1,0
176.520019620,0,0,0
176.537296660,1,0,0
176.544303040,0,0,0
176.544583690,0,0,1
176.544584190,0,1,1
176.544598890,0,1,0
176.544599370,0,0,0
176.562299720,1,0,0
176.569305370,0,0,0
176.569585040,0,1,0
176.569587060,0,1,1
176.569600250,0,0,1
176.569602270,0,0,0
176.588033640,1,0,0
176.595039790,0,0,0
176.595319920,0,1,0
176.595320570,0,1,1
176.595335060,0,0,1
176.595335860,0,0,0
176.613846290,1,0,0
176.620852420,0,0,0
176.621132060,0,1,0
176.621133050,0,1,1
176.621147270,0,0,1
176.621148320,0,0,0
176.637623580,1,0,0
176.644629800,0,0,0
176.644911400,0,1,0
176.644911470,0,1,1
176.644926640,0,0,1
176.644991180,0,0,0
176.663281020,1,0,0
176.670285530,0,0,0
176.670570060,0,1,0
176.670570950,0,1,1
176.670585290,0,0,1
176.670586200,0,0,0
176.688380390,1,0,0
176.695388950,0,0,0
176.695669160,0,0,1
176.695669540,0,1,1
176.695684350,0,1,0
176.695684810,0,0,0
176.713332350,1,0,0
176.720399570,0,0,0
176.720615360,0,1,0
176.720622600,0,1,1
176.720630460,0,0,1
176.720637770,0,0,0
176.739126240,1,0,0
176.746132120,0,0,0
176.746413840,0,1,0
176.746428960,0,0,0
176.746480590,0,0,1
176.746495710,0,0,0
176.763539620,1,0,0
176.770547970,0,0,0
176.770823630,0,0,1
176.770828170,0,1,1
176.770838900,0,1,0
176.770843420,0,0,0
176.788112440,1,0,0
176.795179750,0,0,0
176.795396990,0,0,1
176.795397090,0,1,1
176.795412250,0,0,1
176.795412280,0,0,0
176.814134700,1,0,0
176.821140760,0,0,0
176.821417340,0,1,0
176.821421550,0,1,1
176.821432500,0,0,1
176.821436700,0,0,0
176.838869420,1,0,0
176.845875340,0,0,0
176.846154490,0,0,1
176.846154730,0,1,1
176.846169740,0,1,0
176.846170070,0,0,0
176.864734820,1,0,0
176.871740780,0,0,0
176.872020670,0,1,0
176.872023140,0,1,1
176.872035860,0,0,1
176.872038350,0,0,0
176.888897960,1,0,0
176.895903920,0,0,0
176.896186750,0,0,1
176.896202080,0,0,0
176.896252010,0,1,0
176.896267190,0,0,0
176.912906370,1,0,0
176.919912560,0,0,0
176.920192300,0,1,0
176.920194940,0,1,1
176.920207530,0,0,1
176.920210080,0,0,0
176.938614500,1,0,0
176.945620770,0,0,0
176.945902260,0,1,0
176.945903490,0,1,1
176.945917500,0,0,1
176.945918780,0,0,0
176.963318660,1,0,0
176.970324580,0,0,0
176.970605670,0,1,0
176.970605860,0,1,1
176.970620900,0,0,1
176.970621110,0,0,0
176.987860120,1,0,0
176.994865950,0,0,0
176.995148990,0,1,0
176.995150220,0,1,1
176.995164300,0,0,1
176.995165490,0,0,0
177.013277970,1,0,0
177.020284220,0,0,0
177.020565760,0,1,0
177.020566220,0,1,1
177.020580960,0,0,1
177.020581350,0,0,0
177.037434990,1,0,0
177.044439820,0,0,0
177.044719140,0,1,0
177.044720910,0,1,1
177.044734410,0,0,1
177.044736100,0,0,0
177.063140680,1,0,0
177.070146670,0,0,0
177.070427920,0,0,1
177.070429990,0,1,1
177.070443080,0,1,0
177.070445150,0,0,0
177.087270230,1,0,0
177.094337310,0,0,0
177.094558580,0,1,0
177.094559070,0,1,1
177.094573800,0,0,1
177.094574290,0,0,0
177.112259580,1,0,0
177.119265580,0,0,0
177.119545870,0,1,0
177.119547360,0,1,1
177.119561050,0,0,1
177.119562530,0,0,0
177.136587660,1,0,0
177.143593700,0,0,0
177.143875140,0,1,0
177.143875680,0,1,1
177.143890280,0,0,1
177.143890880,0,0,0
177.162310500,1,0,0
177.169316370,0,0,0
177.169597660,0,1,0
177.169598280,0,1,1
177.169612930,0,0,1
177.169613410,0,0,0
177.188149480,1,0,0
177.195153940,0,0,0
177.195437540,0,0,1
177.195452740,0,0,0
177.195501450,0,1,0
177.195516680,0,0,0
177.213254290,1,0,0
177.220260290,0,0,0
177.220538030,0,1,0
177.220540210,0,1,1
177.220553120,0,0,1
177.220555270,0,0,0
177.237414640,1,0,0
177.244420390,0,0,0
177.244699360,0,0,1
177.244703680,0,1,1
177.244714520,0,1,0
177.244718930,0,0,0
177.260968280,1,0,0
177.267974130,0,0,0
177.268255230,0,0,1
177.268256080,0,1,1
177.268270440,0,1,0
177.268271240,0,0,0
177.284940460,1,0,0
177.291946490,0,0,0
177.292224600,0,1,0
177.292226340,0,1,1
177.292239680,0,0,1
177.292241610,0,0,0
177.310443480,1,0,0
177.317449790,0,0,0
177.317728060,0,1,0
177.317743330,0,0,0
177.317794110,0,0,1
177.317809340,0,0,0
177.335344140,1,0,0
177.342352470,0,0,0
177.342626700,0,0,1
177.342632190,0,1,1
177.342641870,0,1,0
177.342647480,0,0,0
177.361128250,1,0,0
177.368130970,0,0,0
177.368415540,0,1,0
177.368415850,0,1,1
177.368430770,0,0,1
177.368431100,0,0,0
177.386901020,1,0,0
177.393907000,0,0,0
177.394187290,0,0,1
177.394188270,0,1,1
177.394202480,0,1,0
177.394203450,0,0,0
177.412524440,1,0,0
177.419530120,0,0,0
177.419812330,0,1,0
177.419813520,0,1,1
177.419828790,0,1,0
177.419892160,0,0,0
177.438283230,1,0,0
177.445288980,0,0,0
177.445569500,0,1,0
177.445571820,0,1,1
177.445584680,0,0,1
177.445586960,0,0,0
177.462827420,1,0,0
177.469833480,0,0,0
177.470113980,0,1,0
177.470115070,0,1,1
177.470129180,0,0,1
177.470130320,0,0,0
177.488673880,1,0,0
177.495680130,0,0,0
177.495961520,0,1,0
177.495963780,0,1,1
177.495976740,0,0,1
177.495979070,0,0,0
177.513959090,1,0,0
177.520965230,0,0,0
177.521245890,0,1,0
177.521247010,0,1,1
177.521261180,0,0,1
177.521262260,0,0,0
177.538274850,1,0,0
177.545280890,0,0,0
177.545559500,0,0,1
177.545563480,0,1,1
177.545574620,0,1,0
177.545578750,0,0,0
177.563269930,1,0,0
177.570278010,0,0,0
177.570557540,0,1,0
177.570558020,0,1,1
177.570572810,0,0,1
177.570573310,0,0,0
177.588327410,1,0,0
177.595333490,0,0,0
177.595616000,0,1,0
177.595617230,0,1,1
177.595631160,0,0,1
177.595632330,0,0,0
177.614035410,1,0,0
177.621039220,0,0,0
177.621319900,0,0,1
177.621323060,0,1,1
177.621335130,0,1,0
177.621338120,0,0,0
177.639757210,1,0,0
177.646763460,0,0,0
177.647042890,0,1,0
177.647043180,0,1,1
177.647058040,0,0,1
177.647058280,0,0,0
177.663421510,1,0,0
177.670426090,0,0,0
177.670707740,0,0,1
177.670711060,0,1,1
177.670723010,0,1,0
177.670726250,0,0,0
177.689283430,1,0,0
177.696289510,0,0,0
177.696569540,0,1,0
177.696569700,0,1,1
177.696584680,0,0,1
177.696584780,0,0,0
177.714400830,1,0,0
177.721407030,0,0,0
177.721685500,0,1,0
177.721688500,0,1,1
177.721700690,0,0,1
177.721703740,0,0,0
177.739109890,1,0,0
177.746114340,0,0,0
177.746395270,0,0,1
177.746395380,0,1,1
177.746410500,0,0,0
177.762798290,1,0,0
177.769804310,0,0,0
177.770083650,0,1,0
177.770086210,0,1,1
177.770098920,0,0,1
177.770101500,0,0,0
177.786813850,1,0,0
177.793818510,0,0,0
177.794054650,0,1,0
177.794069900,0,0,0
177.794099610,0,0,1
177.794114860,0,0,0
177.812612000,1,0,0
177.819618040,0,0,0
177.819897030,0,0,1
177.819901230,0,1,1
177.819912210,0,1,0
177.819916420,0,0,0
177.836484450,1,0,0
177.843490300,0,0,0
177.843768860,0,1,0
177.843771570,0,1,1
177.843784110,0,0,1
177.843786800,0,0,0
177.861245440,1,0,0
177.868251540,0,0,0
177.868533180,0,1,0
177.868534010,0,1,1
177.868548440,0,0,1
177.868549200,0,0,0
177.887020900,1,0,0
177.894027440,0,0,0
177.894306490,0,1,0
177.894308430,0,1,1
177.894321670,0,0,1
177.894323580,0,0,0
177.912346030,1,0,0
177.919352090,0,0,0
177.919631000,0,0,1
177.919634070,0,1,1
177.919646230,0,1,0
177.919649320,0,0,0
177.938103300,1,0,0
177.945109150,0,0,0
177.945389230,0,0,1
177.945393070,0,1,1
177.945404330,0,1,0
177.945408300,0,0,0
177.963387600,1,0,0
177.970393220,0,0,0
177.970673670,0,0,1
177.970676420,0,1,1
177.970688860,0,1,0
177.970691570,0,0,0
177.987405480,1,0,0
177.994411420,0,0,0
177.994691090,0,0,1
177.994694030,0,1,1
177.994706190,0,1,0
177.994709300,0,0,0
178.013241010,1,0,0
178.020247000,0,0,0
178.020527440,0,1,0
178.020529470,0,1,1
178.020542630,0,0,1
178.020544630,0,0,0
178.038291880,1,0,0
178.045296590,0,0,0
178.045578870,0,0,1
178.045580630,0,1,1
178.045594050,0,1,0
178.045595780,0,0,0
178.063698170,1,0,0
178.070704250,0,0,0
178.070984950,0,0,1
178.070985110,0,1,1
178.071000100,0,1,0
178.071000400,0,0,0
178.088428650,1,0,0
178.095434850,0,0,0
178.095714480,0,0,1
178.095718420,0,1,1
178.095729620,0,1,0
178.095733630,0,0,0
178.113326540,1,0,0
178.120384420,0,0,0
178.120614190,0,0,1
178.120616840,0,1,1
178.120629330,0,1,0
178.120632050,0,0,0
178.138387060,1,0,0
178.145393120,0,0,0
178.145655190,0,0,1
178.145670310,0,0,0
178.145675220,0,1,0
178.145690340,0,0,0
178.162573760,1,0,0
178.169579700,0,0,0
178.169861050,0,0,1
178.169862760,0,1,1
178.169876340,0,1,0
178.169877970,0,0,0
178.188015370,1,0,0
178.195021550,0,0,0
178.195302110,0,1,0
178.195304430,0,1,1
178.195317360,0,0,1
178.195319630,0,0,0
178.211723260,1,0,0
178.218728940,0,0,0
178.219010450,0,1,0
178.219012720,0,1,1
178.219025680,0,0,1
178.219027990,0,0,0
178.237554680,1,0,0
178.244559210,0,0,0
178.244841290,0,0,1
178.244842820,0,1,1
178.244856550,0,1,0
178.244858050,0,0,0
178.261275690,1,0,0
178.268281710,0,0,0
178.268561260,0,1,0
178.268562250,0,1,1
178.268576390,0,0,1
178.268577470,0,0,0
178.287001150,1,0,0
178.294007170,0,0,0
178.294287150,0,0,1
178.294290430,0,1,1
178.294302480,0,1,0
178.294305640,0,0,0
178.310764040,1,0,0
178.317770370,0,0,0
178.318051570,0,0,1
178.318053850,0,1,1
178.318066670,0,1,0
178.318069010,0,0,0
178.335883950,1,0,0
178.342890140,0,0,0
178.343171330,0,1,0
178.343171840,0,1,1
178.343186490,0,0,1
178.343186960,0,0,0
178.360112970,1,0,0
178.367119130,0,0,0
178.367397510,0,0,1
178.367399770,0,1,1
178.367412720,0,1,0
178.367414950,0,0,0
178.385883340,1,0,0
178.392901190,0,0,0
178.393166540,0,1,0
178.393170970,0,1,1
178.393181780,0,0,1
178.393186220,0,0,0
178.409796520,1,0,0
178.416802270,0,0,0
178.417082370,0,1,0
178.417085290,0,1,1
178.417097620,0,0,1
178.417100470,0,0,0
178.433776350,1,0,0
178.440782430,0,0,0
178.441063750,0,0,1
178.441064900,0,1,1
178.441079060,0,1,0
178.441080100,0,0,0
178.459263700,1,0,0
178.466269760,0,0,0
178.466548330,0,1,0
178.466550810,0,1,1
178.466563520,0,0,1
178.466566060,0,0,0
178.485135080,1,0,0
178.492140850,0,0,0
178.492420060,0,1,0
178.492424590,0,1,1
178.492435270,0,0,1
178.492439770,0,0,0
178.510806940,1,0,0
178.517812870,0,0,0
178.518093880,0,0,1
178.518094910,0,1,1
178.518109040,0,1,0
178.518110120,0,0,0
178.535014830,1,0,0
178.542021090,0,0,0
178.542284790,0,1,0
178.542300000,0,0,0
178.542301300,0,0,1
178.542316550,0,0,0
178.558821530,1,0,0
178.565827520,0,0,0
178.566106650,0,1,0
178.566109950,0,1,1
178.566121830,0,0,1
178.566125170,0,0,0
178.583831300,1,0,0
178.590835540,0,0,0
178.591118260,0,0,1
178.591118380,0,1,1
178.591133430,0,1,0
178.591133560,0,0,0
178.608421600,1,0,0
178.615427290,0,0,0
178.615688770,0,0,1
178.615703970,0,0,0
178.615709480,0,1,0
178.615724690,0,0,0
178.634252250,1,0,0
178.641258250,0,0,0
178.641536520,0,1,0
178.641541000,0,1,1
178.641551710,0,0,1
178.641556020,0,0,0
178.658715750,1,0,0
178.665721850,0,0,0
178.665999770,0,1,0
178.666004440,0,1,1
178.666014960,0,0,1
178.666019640,0,0,0
178.684452730,1,0,0
178.691457310,0,0,0
178.691742960,0,0,1
178.691758150,0,0,0
178.691804440,0,1,0
178.691819500,0,0,0
178.710334570,1,0,0
178.717340560,0,0,0
178.717620360,0,0,1
178.717621580,0,1,1
178.717635500,0,1,0
178.717636660,0,0,0
178.736306860,1,0,0
178.743313150,0,0,0
178.743593340,0,0,1
178.743596310,0,1,1
178.743608570,0,1,0
178.743611520,0,0,0
178.762059240,1,0,0
178.769065110,0,0,0
178.769344750,0,1,0
178.769347280,0,1,1
178.769359950,0,0,1
178.769362510,0,0,0
178.786420920,1,0,0
178.793425600,0,0,0
178.793707770,0,1,0
178.793710700,0,1,1
178.793722980,0,0,1
178.793725850,0,0,0
178.812122570,1,0,0
178.819128320,0,0,0
178.819408710,0,0,1
178.819411460,0,1,1
178.819423950,0,1,0
178.819426700,0,0,0
178.837297860,1,0,0
178.844306110,0,0,0
178.844583310,0,0,1
178.844583830,0,1,1
178.844598560,0,1,0
178.844599020,0,0,0
178.862373690,1,0,0
178.869379960,0,0,0
178.869660690,0,1,0
178.869660900,0,1,1
178.869675850,0,0,1
178.869676100,0,0,0
178.887484440,1,0,0
178.894487190,0,0,0
178.894769210,0,0,1
178.894784380,0,0,0
178.894836850,0,1,0
178.894852060,0,0,0
178.912404940,1,0,0
178.919411210,0,0,0
178.919693530,0,0,1
178.919694100,0,1,1
178.919708730,0,1,0
178.919709290,0,0,0
178.937237000,1,0,0
178.944243120,0,0,0
178.944521920,0,1,0
178.944527140,0,1,1
178.944537160,0,0,1
178.944542400,0,0,0
178.962868350,1,0,0
178.969936040,0,0,0
178.970154200,0,0,1
178.970155710,0,1,1
178.970169410,0,1,0
178.970170850,0,0,0
178.988794090,1,0,0
178.995802400,0,0,0
178.996080140,0,1,0
178.996084000,0,1,1
178.996095330,0,0,1
178.996099160,0,0,0
179.013078350,1,0,0
179.020086720,0,0,0
179.020362390,0,1,0
179.020364850,0,1,1
179.020377600,0,0,1
179.020379910,0,0,0
179.038700390,1,0,0
179.045706560,0,0,0
179.045986640,0,1,0
179.045988110,0,1,1
179.046001700,0,0,1
179.046003270,0,0,0
179.064466130,1,0,0
179.071511440,0,0,0
179.071752640,0,1,0
179.071754210,0,1,1
179.071767850,0,0,1
179.071769400,0,0,0
179.088268870,1,0,0
179.095275300,0,0,0
179.095556280,0,0,1
179.095557670,0,1,1
179.095571360,0,1,0
179.095572790,0,0,0
179.113686240,1,0,0
179.120692260,0,0,0
179.120970890,0,1,0
179.120976070,0,1,1
179.120986120,0,0,1
179.120991300,0,0,0
179.137618880,1,0,0
179.144625020,0,0,0
179.144902030,0,0,1
179.144902810,0,1,1
179.144917160,0,1,0
179.144917960,0,0,0
179.162483290,1,0,0
179.169489520,0,0,0
179.169772910,0,0,1
179.169773480,0,1,1
179.169788100,0,1,0
179.169788660,0,0,0
179.188254440,1,0,0
179.195260750,0,0,0
179.195541370,0,0,1
179.195542190,0,1,1
179.195556640,0,1,0
179.195557370,0,0,0
179.212823670,1,0,0
179.219829690,0,0,0
179.220107790,0,1,0
179.220108830,0,1,1
179.220123040,0,0,1
179.220124060,0,0,0
179.237428180,1,0,0
179.244436640,0,0,0
179.244712790,0,1,0
179.244718000,0,1,1
179.244728040,0,0,1
179.244733250,0,0,0
179.262679250,1,0,0
179.269685720,0,0,0
179.269965730,0,1,0
179.269966590,0,1,1
179.269980960,0,0,1
179.269981820,0,0,0
179.287352530,1,0,0
179.294358740,0,0,0
179.294639150,0,0,1
179.294640480,0,1,1
179.294654400,0,1,0
179.294655730,0,0,0
179.312365700,1,0,0
179.319371450,0,0,0
179.319653130,0,1,0
179.319653160,0,1,1
179.319668270,0,0,1
179.319668400,0,0,0
179.338137720,1,0,0
179.345142160,0,0,0
179.345426760,0,0,1
179.345427480,0,1,1
179.345441930,0,1,0
179.345442770,0,0,0
179.362265280,1,0,0
179.369269900,0,0,0
179.369550770,0,1,0
179.369552660,0,1,1
179.369566020,0,0,1
179.369567910,0,0,0
179.386044080,1,0,0
179.393048770,0,0,0
179.393332230,0,0,1
179.393334130,0,1,1
179.393347430,0,1,0
179.393349360,0,0,0
179.411508880,1,0,0
179.418517390,0,0,0
179.418795940,0,0,1
179.418796130,0,1,1
179.418811180,0,1,0
179.418811340,0,0,0
179.436957130,1,0,0
179.443960190,0,0,0
179.444245460,0,0,1
179.444245920,0,1,1
179.444260670,0,1,0
179.444261020,0,0,0
179.462185270,1,0,0
179.469191370,0,0,0
179.469473250,0,1,0
179.469473840,0,1,1
179.469488440,0,0,1
179.469488940,0,0,0
179.487488210,1,0,0
179.494493000,0,0,0
179.494776260,0,0,1
179.494777630,0,1,1
179.494791400,0,1,0
179.494792960,0,0,0
179.511491330,1,0,0
179.518495990,0,0,0
179.518779610,0,0,1
179.518780190,0,1,1
179.518794780,0,1,0
179.518795310,0,0,0
179.535651950,1,0,0
179.542658000,0,0,0
179.542939220,0,0,1
179.542939360,0,1,1
179.542954430,0,1,0
179.542954520,0,0,0
179.561244050,1,0,0
179.568249740,0,0,0
179.568532560,0,0,1
179.568532710,0,1,1
179.568547800,0,1,0
179.568547940,0,0,0
179.587007050,1,0,0
179.594012990,0,0,0
179.594294980,0,0,1
179.594295190,0,1,1
179.594310140,0,1,0
179.594310400,0,0,0
179.612683970,1,0,0
179.619688640,0,0,0
179.619969380,0,1,0
179.619974440,0,1,1
179.619984560,0,0,1
179.619989680,0,0,0
179.638270290,1,0,0
179.645276350,0,0,0
179.645556670,0,1,0
179.645557730,0,1,1
179.645572040,0,0,1
179.645572940,0,0,0
179.663928960,1,0,0
179.670935040,0,0,0
179.671216210,0,1,0
179.671216230,0,1,1
179.671231290,0,1,0
179.671231440,0,0,0
179.689128370,1,0,0
179.696134450,0,0,0
179.696412030,0,0,1
179.696427170,0,0,0
179.696477790,0,1,0
179.696492940,0,0,0
179.712989010,1,0,0
179.719995170,0,0,0
179.720277860,0,1,0
179.720278010,0,1,1
179.720293110,0,0,1
179.720293200,0,0,0
179.738336760,1,0,0
179.745343110,0,0,0
179.745626360,0,1,0
179.745626470,0,1,1
179.745641560,0,0,1
179.745641660,0,0,0
179.762814980,1,0,0
179.769819500,0,0,0
179.770104590,0,1,0
179.770105060,0,1,1
179.770119820,0,0,1
179.770120160,0,0,0
179.788377550,1,0,0
179.795382770,0,0,0
179.795662390,0,0,1
179.795662920,0,1,1
179.795677520,0,1,0
179.795678040,0,0,0
179.812383140,1,0,0
179.819389160,0,0,0
179.819671260,0,1,0
179.819671580,0,1,1
179.819686550,0,0,1
179.819686790,0,0,0
179.838120170,1,0,0
179.845126560,0,0,0
179.845409820,0,1,0
179.845410150,0,1,1
179.845424980,0,0,1
179.845425270,0,0,0
179.863376670,1,0,0
179.870382770,0,0,0
179.870662250,0,1,0
179.870662650,0,1,1
179.870677400,0,0,1
179.870677880,0,0,0
179.887869140,1,0,0
179.894875280,0,0,0
179.895155760,0,0,1
179.895156650,0,1,1
179.895170900,0,1,0
179.895171820,0,0,0
179.913685520,1,0,0
179.920691330,0,0,0
179.920952610,0,1,0
179.920967920,0,0,0
179.920974550,0,0,1
179.920989700,0,0,0
179.938938850,1,0,0
179.945944850,0,0,0
179.946228210,0,1,0
179.946228740,0,1,1
179.946243420,0,0,1
179.946244030,0,0,0
179.964153020,1,0,0
179.971159180,0,0,0
179.971439170,0,1,0
179.971441240,0,1,1
179.971454250,0,0,1
179.971456370,0,0,0
179.989684270,1,0,0
179.996688660,0,0,0
179.996969660,0,0,1
179.996970000,0,1,1
179.996984830,0,1,0
179.996985250,0,0,0
180.015132600,1,0,0
180.022138700,0,0,0
180.022419060,0,0,1
180.022434310,0,0,0
180.022483650,0,1,0
180.022498830,0,0,0
180.039386680,1,0,0
180.046391280,0,0,0
180.046670090,0,0,1
180.046670500,0,1,1
180.046685330,0,1,0
180.046685690,0,0,0
180.064633180,1,0,0
180.071638970,0,0,0
180.071919130,0,1,0
180.071920900,0,1,1
180.071934440,0,0,1
180.071936020,0,0,0
180.088500240,1,0,0
180.095504500,0,0,0
180.095788240,0,0,1
180.095788480,0,1,1
180.095803440,0,1,0
180.095803710,0,0,0
180.114068840,1,0,0
180.121074340,0,0,0
180.121356740,0,0,1
180.121357000,0,1,1
180.121371990,0,1,0
180.121372170,0,0,0
180.139252570,1,0,0
180.146258420,0,0,0
180.146540230,0,1,0
180.146541200,0,1,1
180.146555420,0,0,1
180.146556410,0,0,0
180.163448380,1,0,0
180.170454250,0,0,0
180.170733290,0,0,1
180.170737570,0,1,1
180.170748490,0,1,0
180.170752790,0,0,0
180.188799350,1,0,0
180.195805410,0,0,0
180.196085410,0,0,1
180.196085800,0,1,1
180.196100660,0,1,0
180.196100920,0,0,0
180.213271350,1,0,0
180.220299760,0,0,0
180.220559480,0,1,0
180.220561390,0,1,1
180.220574650,0,0,1
180.220576580,0,0,0
180.237907030,1,0,0
180.244913030,0,0,0
180.245192960,0,1,0
180.245195020,0,1,1
180.245208170,0,0,1
180.245210210,0,0,0
180.262451650,1,0,0
180.269457550,0,0,0
180.269734230,0,1,0
180.269735690,0,1,1
180.269749440,0,0,1
180.269750940,0,0,0
180.287416280,1,0,0
180.294420690,0,0,0
180.294699030,0,0,1
180.294704650,0,1,1
180.294714150,0,1,0
180.294719880,0,0,0
180.311213710,1,0,0
180.318217080,0,0,0
180.318498840,0,1,0
180.318499130,0,1,1
180.318513960,0,0,1
180.318514300,0,0,0
180.336299620,1,0,0
180.343305580,0,0,0
180.343587110,0,1,0
180.343588530,0,1,1
180.343602400,0,0,1
180.343603650,0,0,0
180.360800910,1,0,0
180.367806720,0,0,0
180.368087010,0,0,1
180.368090880,0,1,1
180.368102180,0,1,0
180.368106110,0,0,0
180.386618950,1,0,0
180.393626990,0,0,0
180.393904640,0,0,1
180.393909010,0,1,1
180.393919850,0,1,0
180.393924130,0,0,0
180.412368140,1,0,0
180.419372330,0,0,0
180.419653790,0,0,1
180.419656110,0,1,1
180.419669000,0,1,0
180.419671320,0,0,0
180.437897620,1,0,0
180.444903520,0,0,0
180.445184590,0,1,0
180.445187100,0,1,1
180.445199840,0,0,1
180.445202310,0,0,0
180.463634810,1,0,0
180.470641350,0,0,0
180.470919770,0,0,1
180.470924070,0,1,1
180.470935060,0,1,0
180.470939210,0,0,0
180.487346740,1,0,0
180.494353070,0,0,0
180.494632420,0,1,0
180.494634030,0,1,1
180.494647630,0,0,1
180.494649110,0,0,0
180.511116110,1,0,0
180.518119040,0,0,0
180.518402400,0,0,1
180.518405150,0,1,1
180.518417650,0,1,0
180.518420300,0,0,0
180.536912210,1,0,0
180.543918320,0,0,0
180.544199090,0,1,0
180.544200930,0,1,1
180.544214320,0,0,1
180.544216170,0,0,0
180.562668610,1,0,0
180.569674360,0,0,0
180.569954280,0,0,1
180.569957780,0,1,1
180.569969640,0,1,0
180.569973020,0,0,0
180.588369120,1,0,0
180.595375070,0,0,0
180.595656050,0,1,0
180.595657810,0,1,1
180.595671290,0,0,1
180.595672970,0,0,0
180.614248040,1,0,0
180.621253840,0,0,0
180.621533620,0,0,1
180.621534270,0,1,1
180.621548850,0,1,0
180.621549480,0,0,0
180.639927520,1,0,0
180.646933510,0,0,0
180.647209980,0,1,0
180.647214600,0,1,1
180.647225210,0,0,1
180.647229810,0,0,0
180.664297950,1,0,0
180.671302990,0,0,0
180.671582270,0,0,1
180.671585250,0,1,1
180.671597420,0,1,0
180.671600310,0,0,0
180.688335880,1,0,0
180.695341900,0,0,0
180.695622090,0,1,0
180.695625530,0,1,1
180.695637310,0,0,1
180.695640630,0,0,0
180.712309850,1,0,0
180.719315700,0,0,0
180.719595420,0,1,0
180.719599780,0,1,1
180.719610670,0,0,1
180.719615050,0,0,0
180.737679200,1,0,0
180.744685200,0,0,0
180.744965380,0,1,0
180.744967430,0,1,1
180.744980610,0,0,1
180.744982670,0,0,0
180.762405510,1,0,0
180.769411800,0,0,0
180.769691740,0,0,1
180.769693760,0,1,1
180.769706950,0,1,0
180.769708920,0,0,0
180.787391340,1,0,0
180.794397110,0,0,0
180.794676920,0,1,0
180.794678660,0,1,1
180.794692020,0,0,1
180.794694010,0,0,0
180.813236970,1,0,0
180.820241800,0,0,0
180.820521020,0,0,1
180.820525590,0,1,1
180.820536240,0,1,0
180.820540810,0,0,0
180.838444240,1,0,0
180.845512220,0,0,0
180.845729860,0,1,0
180.845731890,0,1,1
180.845745020,0,0,1
180.845747000,0,0,0
180.863756410,1,0,0
180.870761260,0,0,0
180.871043270,0,1,0
180.871045310,0,1,1
180.871058330,0,0,1
180.871060540,0,0,0
180.889132470,1,0,0
180.896138510,0,0,0
180.896421460,0,1,0
180.896421520,0,1,1
180.896436600,0,0,1
180.896436750,0,0,0
180.913356010,1,0,0
180.920339000,0,0,0
180.920641190,0,0,1
180.920644050,0,1,1
180.920656300,0,1,0
180.920659210,0,0,0
180.937577810,1,0,0
180.944583620,0,0,0
180.944860730,0,1,0
180.944863030,0,1,1
180.944875880,0,0,1
180.944878210,0,0,0
180.963427570,1,0,0
180.970432390,0,0,0
180.970714220,0,0,1
180.970715650,0,1,1
180.970729400,0,1,0
180.970730860,0,0,0
180.986895970,1,0,0
180.993902240,0,0,0
180.994181530,0,0,1
180.994185050,0,1,1
180.994196760,0,1,0
180.994200250,0,0,0
181.012655810,1,0,0
181.019661910,0,0,0
181.019939470,0,0,1
181.019943380,0,1,1
181.019954530,0,1,0
181.019958580,0,0,0
181.038456560,1,0,0
181.045459450,0,0,0
181.045744290,0,0,1
181.045746800,0,1,1
181.045759450,0,1,0
181.045761980,0,0,0
181.063151470,1,0,0
181.070157550,0,0,0
181.070437500,0,0,1
181.070439280,0,1,1
181.070452660,0,1,0
181.070454400,0,0,0
181.087313360,1,0,0
181.094319590,0,0,0
181.094600170,0,0,1
181.094603570,0,1,1
181.094615350,0,1,0
181.094618750,0,0,0
181.111759610,1,0,0
181.118765750,0,0,0
181.119045880,0,1,0
181.119049690,0,1,1
181.119061190,0,0,1
181.119064750,0,0,0
181.137450570,1,0,0
181.144455080,0,0,0
181.144737150,0,0,1
181.144752320,0,0,0
181.144780940,0,1,0
181.144796170,0,0,0
181.162763770,1,0,0
181.169769730,0,0,0
181.170048840,0,1,0
181.170051360,0,1,1
181.170063940,0,0,1
181.170066570,0,0,0
181.188349270,1,0,0
181.195355310,0,0,0
181.195585510,0,0,1
181.195600740,0,0,0
181.195635820,0,1,0
181.195651000,0,0,0
181.213308400,1,0,0
181.220314750,0,0,0
181.220594480,0,1,0
181.220597080,0,1,1
181.220609670,0,0,1
181.220612260,0,0,0
181.237361310,1,0,0
181.244366140,0,0,0
181.244648760,0,1,0
181.244651750,0,1,1
181.244663920,0,0,1
181.244666910,0,0,0
181.261549010,1,0,0
181.268555210,0,0,0
181.268835000,0,0,1
181.268837150,0,1,1
181.268850250,0,1,0
181.268852440,0,0,0
181.287318470,1,0,0
181.294377800,0,0,0
181.294605520,0,1,0
181.294607560,0,1,1
181.294620730,0,0,1
181.294622810,0,0,0
181.312722860,1,0,0
181.319728900,0,0,0
181.320009050,0,1,0
181.320011900,0,1,1
181.320024190,0,0,1
181.320027150,0,0,0
181.338476640,1,0,0
181.345481050,0,0,0
181.345762210,0,1,0
181.345765400,0,1,1
181.345777440,0,0,1
181.345780520,0,0,0
181.364250620,1,0,0
181.371256890,0,0,0
181.371537740,0,0,1
181.371538190,0,1,1
181.371552900,0,1,0
181.371553480,0,0,0
181.389706790,1,0,0
181.396711050,0,0,0
181.396991380,0,0,1
181.396993250,0,1,1
181.397006570,0,1,0
181.397008520,0,0,0
181.413482820,1,0,0
181.420488820,0,0,0
181.420770720,0,0,1
181.420772460,0,1,1
181.420785930,0,1,0
181.420787690,0,0,0
181.438829190,1,0,0
181.445835020,0,0,0
181.446109330,0,1,0
181.446118100,0,1,1
181.446124580,0,0,1
181.446133120,0,0,0
181.464315860,1,0,0
181.471321920,0,0,0
181.471600970,0,0,1
181.471604210,0,1,1
181.471616160,0,1,0
181.471619500,0,0,0
181.490117700,1,0,0
181.497123780,0,0,0
181.497405830,0,0,1
181.497421000,0,0,0
181.497471480,0,1,0
181.497486730,0,0,0
181.515651910,1,0,0
181.522658050,0,0,0
181.522938310,0,0,1
181.522939830,0,1,1
181.522953500,0,1,0
181.522955010,0,0,0
181.541320910,1,0,0
181.548326470,0,0,0
181.548606710,0,0,1
181.548609390,0,1,1
181.548621940,0,1,0
181.548624490,0,0,0
181.565577820,1,0,0
181.572584210,0,0,0
181.572865040,0,1,0
181.572866090,0,1,1
181.572880250,0,0,1
181.572881290,0,0,0
181.591431590,1,0,0
181.598437610,0,0,0
181.598718630,0,0,1
181.598721250,0,1,1
181.598733820,0,1,0
181.598736470,0,0,0
181.616537030,1,0,0
181.623543000,0,0,0
181.623823020,0,1,0
181.623823030,0,1,1
181.623838130,0,1,0
181.623838180,0,0,0
181.642330650,1,0,0
181.649336780,0,0,0
181.649618010,0,1,0
181.649630800,0,1,1
181.649633180,0,0,1
181.649645990,0,0,0
181.667907160,1,0,0
181.674913170,0,0,0
181.675195280,0,1,0
181.675197370,0,1,1
181.675210510,0,0,1
181.675212530,0,0,0
181.693547640,1,0,0
181.700534780,0,0,0
181.700833100,0,0,1
181.700833640,0,1,1
181.700848330,0,1,0
181.700848780,0,0,0
181.718858220,1,0,0
181.725862840,0,0,0
181.726146790,0,0,1
181.726147860,0,1,1
181.726161890,0,1,0
181.726163170,0,0,0
181.744647490,1,0,0
181.751653570,0,0,0
181.751935020,0,0,1
181.751935430,0,1,1
181.751950210,0,1,0
181.751950630,0,0,0
181.770456140,1,0,0
181.777462030,0,0,0
181.777744590,0,1,0
181.777759880,0,0,0
181.777807440,0,0,1
181.777822750,0,0,0
181.795895620,1,0,0
181.802901820,0,0,0
181.803181590,0,1,0
181.803181900,0,1,1
181.803196780,0,0,1
181.803197020,0,0,0
181.821641270,1,0,0
181.828686140,0,0,0
181.828929420,0,0,1
181.828933740,0,1,1
181.828944650,0,1,0
181.828948860,0,0,0
181.846343260,1,0,0
181.853348930,0,0,0
181.853628530,0,1,0
181.853632800,0,1,1
181.853643790,0,0,1
181.853647990,0,0,0
181.872135990,1,0,0
181.879141800,0,0,0
181.879422920,0,1,0
181.879430200,0,1,1
181.879438190,0,0,1
181.879445380,0,0,0
181.897613160,1,0,0
181.904619320,0,0,0
181.904898960,0,1,0
181.904900470,0,1,1
181.904914190,0,0,1
181.904915660,0,0,0
181.923271990,1,0,0
181.930315760,0,0,0
181.930559020,0,0,1
181.930560000,0,1,1
181.930574220,0,1,0
181.930575270,0,0,0
181.949096980,1,0,0
181.956102950,0,0,0
181.956383400,0,1,0
181.956386520,0,1,1
181.956398640,0,0,1
181.956401720,0,0,0
181.974715520,1,0,0
181.981721660,0,0,0
181.982001540,0,1,0
181.982006040,0,1,1
181.982016730,0,0,1
181.982021180,0,0,0
182.000382710,1,0,0
182.007387200,0,0,0
182.007669230,0,0,1
182.007670160,0,1,1
182.007684500,0,1,0
182.007685410,0,0,0
182.026288190,1,0,0
182.033293250,0,0,0
182.033577750,0,0,1
182.033578430,0,1,1
182.033592960,0,1,0
182.033593530,0,0,0
182.051991750,1,0,0
182.058997770,0,0,0
182.059280470,0,1,0
182.059280960,0,1,1
182.059295760,0,0,1
182.059296190,0,0,0
182.077785690,1,0,0
182.084791790,0,0,0
182.085074220,0,0,1
182.085075120,0,1,1
182.085089360,0,1,0
182.085090320,0,0,0
182.103661260,1,0,0
182.110665900,0,0,0
182.110947120,0,0,1
182.110948470,0,1,1
182.110962300,0,1,0
182.110963680,0,0,0
182.129499740,1,0,0
182.136505720,0,0,0
182.136786370,0,0,1
182.136786910,0,1,1
182.136801620,0,1,0
182.136802130,0,0,0
182.155286220,1,0,0
182.162291950,0,0,0
182.162574720,0,0,1
182.162575340,0,1,1
182.162589910,0,1,0
182.162590590,0,0,0
182.180990930,1,0,0
182.187996910,0,0,0
182.188278250,0,0,1
182.188278610,0,1,1
182.188293520,0,1,0
182.188293940,0,0,0
182.206431560,1,0,0
182.213437660,0,0,0
182.213716880,0,1,0
182.213720670,0,1,1
182.213732130,0,0,1
182.213735870,0,0,0
182.232289910,1,0,0
182.239296310,0,0,0
182.239575400,0,1,0
182.239579060,0,1,1
182.239590540,0,0,1
182.239594210,0,0,0
182.256125320,1,0,0
182.263131030,0,0,0
182.263412880,0,1,0
182.263413550,0,1,1
182.263428030,0,0,1
182.263428750,0,0,0
182.281860970,1,0,0
182.288866780,0,0,0
182.289145780,0,1,0
182.289146900,0,1,1
182.289160960,0,0,1
182.289162090,0,0,0
182.307561660,1,0,0
182.314567320,0,0,0
182.314847670,0,0,1
182.314849610,0,1,1
182.314863010,0,1,0
182.314864650,0,0,0
182.333259830,1,0,0
182.340264240,0,0,0
182.340548660,0,0,1
182.340548880,0,1,1
182.340563920,0,1,0
182.340563940,0,0,0
182.358959830,1,0,0
182.365965930,0,0,0
182.366245870,0,0,1
182.366246540,0,1,1
182.366261010,0,1,0
182.366261770,0,0,0
182.384779870,1,0,0
182.391785810,0,0,0
182.392064540,0,1,0
182.392079680,0,0,0
182.392111330,0,0,1
182.392126510,0,0,0
182.409939390,1,0,0
182.416945180,0,0,0
182.417228000,0,1,0
182.417228870,0,1,1
182.417243200,0,0,1
182.417243950,0,0,0
182.435827830,1,0,0
182.442833980,0,0,0
182.443114850,0,0,1
182.443117410,0,1,1
182.443129950,0,1,0
182.443132620,0,0,0
182.460240930,1,0,0
182.467246740,0,0,0
182.467524810,0,1,0
182.467529520,0,1,1
182.467540060,0,0,1
182.467544770,0,0,0
182.485682500,1,0,0
182.492688780,0,0,0
182.492969040,0,1,0
182.492969210,0,1,1
182.492984260,0,0,1
182.492984460,0,0,0
182.511333330,1,0,0
182.518343990,0,0,0
182.518622430,0,1,0
182.518622730,0,1,1
182.518637660,0,0,1
182.518637900,0,0,0
182.537118290,1,0,0
182.544124180,0,0,0
182.544404840,0,0,1
182.544405810,0,1,1
182.544420030,0,1,0
182.544421010,0,0,0
182.560727470,1,0,0
182.567732960,0,0,0
182.568011740,0,1,0
182.568014280,0,1,1
182.568026930,0,0,1
182.568029380,0,0,0
182.586576410,1,0,0
182.593584400,0,0,0
182.593862410,0,1,0
182.593862800,0,1,1
182.593877640,0,0,1
182.593878110,0,0,0
182.610455420,1,0,0
182.617461380,0,0,0
182.617740470,0,0,1
182.617740720,0,1,1
182.617755740,0,1,0
182.617755890,0,0,0
182.634323540,1,0,0
182.641329680,0,0,0
182.641608020,0,1,0
182.641609720,0,1,1
182.641623240,0,0,1
182.641624890,0,0,0
182.658163070,1,0,0
182.665167500,0,0,0
182.665452160,0,0,1
182.665452660,0,1,1
182.665467430,0,1,0
182.665467870,0,0,0
182.683922430,1,0,0
182.690928380,0,0,0
182.691210870,0,1,0
182.691226120,0,0,0
182.691264350,0,0,1
182.691279540,0,0,0
182.709718160,1,0,0
182.716724430,0,0,0
182.717003540,0,1,0
182.717005040,0,1,1
182.717018680,0,0,1
182.717020290,0,0,0
182.733550250,1,0,0
182.740554730,0,0,0
182.740837620,0,1,0
182.740838190,0,1,1
182.740852680,0,0,1
182.740853380,0,0,0
182.759377730,1,0,0
182.766383900,0,0,0
182.766664340,0,0,1
182.766665080,0,1,1
182.766679500,0,1,0
182.766680260,0,0,0
182.785234530,1,0,0
182.792243070,0,0,0
182.792520170,0,0,1
182.792523700,0,1,1
182.792535400,0,1,0
182.792538930,0,0,0
182.810923360,1,0,0
182.817929490,0,0,0
182.818212840,0,1,0
182.818213640,0,1,1
182.818228030,0,0,1
182.818228840,0,0,0
182.836814740,1,0,0
182.843821030,0,0,0
182.844100780,0,0,1
182.844116010,0,0,0
182.844166630,0,1,0
182.844181720,0,0,0
182.860676150,1,0,0
182.867682600,0,0,0
182.867963740,0,1,0
182.867965410,0,1,1
182.867978990,0,0,1
182.867980530,0,0,0
182.886637150,1,0,0
182.893643210,0,0,0
182.893922780,0,1,0
182.893924120,0,1,1
182.893937940,0,0,1
182.893939180,0,0,0
182.912341550,1,0,0
182.919347110,0,0,0
182.919625650,0,1,0
182.919627190,0,1,1
182.919640800,0,0,1
182.919642430,0,0,0
182.938097680,1,0,0
182.945103840,0,0,0
182.945383860,0,1,0
182.945384440,0,1,1
182.945399070,0,0,1
182.945399640,0,0,0
182.963804010,1,0,0
182.970810130,0,0,0
182.971093250,0,1,1
182.971108460,0,1,0
182.971108480,0,0,0
182.988002570,1,0,0
182.995008690,0,0,0
182.995291480,0,1,0
182.995292440,0,1,1
182.995306710,0,0,1
182.995307690,0,0,0
183.012918270,1,0,0
183.019921520,0,0,0
183.020204740,0,0,1
183.020205030,0,1,1
183.020219900,0,1,0
183.020220210,0,0,0
183.037974960,1,0,0
183.044979290,0,0,0
183.045262320,0,1,0
183.045263300,0,1,1
183.045277420,0,0,1
183.045278530,0,0,0
183.062802290,1,0,0
183.069808410,0,0,0
183.070091610,0,1,0
183.070091820,0,1,1
183.070106810,0,0,1
183.070107050,0,0,0
183.087733930,1,0,0
183.094739740,0,0,0
183.095019190,0,1,0
183.095021410,0,1,1
183.095034290,0,0,1
183.095036510,0,0,0
183.111857240,1,0,0
183.118860190,0,0,0
183.119143280,0,1,0
183.119144640,0,1,1
183.119158520,0,0,1
183.119159890,0,0,0
183.136795630,1,0,0
183.143800170,0,0,0
183.144079400,0,1,0
183.144083020,0,1,1
183.144094580,0,0,1
183.144098220,0,0,0
183.162618590,1,0,0
183.169624610,0,0,0
183.169905110,0,1,0
183.169905440,0,1,1
183.169920330,0,0,1
183.169920620,0,0,0
183.187869760,1,0,0
183.194874530,0,0,0
183.195158340,0,1,0
183.195158880,0,1,1
183.195173640,0,0,1
183.195174020,0,0,0
183.212343920,1,0,0
183.219350040,0,0,0
183.219630730,0,1,0
183.219633440,0,1,1
183.219645850,0,0,1
183.219648540,0,0,0
183.238463220,1,0,0
183.245469070,0,0,0
183.245749230,0,1,0
183.245751820,0,1,1
183.245764560,0,0,1
183.245767020,0,0,0
183.263690530,1,0,0
183.270696670,0,0,0
183.270977890,0,1,0
183.270979260,0,1,1
183.270993060,0,0,1
183.270994550,0,0,0
183.287516600,1,0,0
183.294522950,0,0,0
183.294802100,0,1,0
183.294817310,0,0,0
183.294869280,0,0,1
183.294884530,0,0,0
183.313462460,1,0,0
183.320468460,0,0,0
183.320749540,0,1,0
183.320751120,0,1,1
183.320764790,0,0,1
183.320766220,0,0,0
183.339110060,1,0,0
183.346116080,0,0,0
183.346395350,0,0,1
183.346410550,0,0,0
183.346461390,0,1,0
183.346476640,0,0,0
183.364230670,1,0,0
183.371236120,0,0,0
183.371517140,0,1,0
183.371519060,0,1,1
183.371532310,0,0,1
183.371534330,0,0,0
183.390022320,1,0,0
183.397026940,0,0,0
183.397308180,0,1,0
183.397312230,0,1,1
183.397323370,0,0,1
183.397327330,0,0,0
183.415243360,1,0,0
183.422248060,0,0,0
183.422528830,0,1,0
183.422530710,0,1,1
183.422543910,0,0,1
183.422545830,0,0,0
183.440422500,1,0,0
183.447428290,0,0,0
183.447707690,0,0,1
183.447712410,0,1,1
183.447722830,0,1,0
183.447727510,0,0,0
183.465768630,1,0,0
183.472775140,0,0,0
183.473053140,0,1,0
183.473057480,0,1,1
183.473068300,0,0,1
183.473072710,0,0,0
183.491499270,1,0,0
183.498503500,0,0,0
183.498785070,0,0,1
183.498789140,0,1,1
183.498800190,0,1,0
183.498804300,0,0,0
183.517264440,1,0,0
183.524270400,0,0,0
183.524552490,0,1,0
183.524567590,0,0,0
183.524599880,0,0,1
183.524615050,0,0,0
183.542836050,1,0,0
183.549841770,0,0,0
183.550122780,0,0,1
183.550125880,0,1,1
183.550137960,0,1,0
183.550141130,0,0,0
183.568599420,1,0,0
183.575605460,0,0,0
183.575883700,0,0,1
183.575889070,0,1,1
183.575898900,0,1,0
183.575904250,0,0,0
183.594234220,1,0,0
183.601240190,0,0,0
183.601522570,0,1,0
183.601524600,0,1,1
183.601537690,0,0,1
183.601539840,0,0,0
183.619960240,1,0,0
183.626968970,0,0,0
183.627245860,0,1,0
183.627247040,0,1,1
183.627261090,0,0,1
183.627262180,0,0,0
183.645695530,1,0,0
183.652704280,0,0,0
183.652981390,0,0,1
183.652983380,0,1,1
183.652996680,0,1,0
183.652998580,0,0,0
183.671431870,1,0,0
183.678436300,0,0,0
183.678716750,0,1,0
183.678719830,0,1,1
183.678731940,0,0,1
183.678735000,0,0,0
183.697115870,1,0,0
183.704122180,0,0,0
183.704402350,0,0,1
183.704417500,0,0,0
183.704471250,0,1,0
183.704486430,0,0,0
183.722878410,1,0,0
183.729884310,0,0,0
183.730164540,0,1,0
183.730166630,0,1,1
183.730179740,0,0,1
183.730181830,0,0,0
183.748616850,1,0,0
183.755623220,0,0,0
183.755902420,0,0,1
183.755902680,0,1,1
183.755917670,0,1,0
183.755917850,0,0,0
183.774546630,1,0,0
183.781552540,0,0,0
183.781832300,0,0,1
183.781835310,0,1,1
183.781847480,0,1,0
183.781850570,0,0,0
183.800157810,1,0,0
183.807164080,0,0,0
183.807444550,0,1,0
183.807446880,0,1,1
183.807459840,0,0,1
183.807462220,0,0,0
183.825711920,1,0,0
183.832718020,0,0,0
183.832997160,0,1,0
183.832999510,0,1,1
183.833012340,0,0,1
183.833014720,0,0,0
183.851562260,1,0,0
183.858568500,0,0,0
183.858848610,0,1,0
183.858848930,0,1,1
183.858863820,0,0,1
183.858863990,0,0,0
183.875697710,1,0,0
183.882703910,0,0,0
183.882984530,0,1,0
183.882984740,0,1,1
183.882999740,0,0,1
183.882999890,0,0,0
183.899286360,1,0,0
183.906292340,0,0,0
183.906572120,0,1,0
183.906575560,0,1,1
183.906587410,0,0,1
183.906590790,0,0,0
183.924312170,1,0,0
183.931318400,0,0,0
183.931599120,0,0,1
183.931601410,0,1,1
183.931614350,0,1,0
183.931616610,0,0,0
183.948634650,1,0,0
183.955640350,0,0,0
183.955922500,0,0,1
183.955923850,0,1,1
183.955937710,0,1,0
183.955938990,0,0,0
183.973981500,1,0,0
183.980987680,0,0,0
183.981268120,0,1,0
183.981268250,0,1,1
183.981283300,0,0,1
183.981283460,0,0,0
183.999759500,1,0,0
184.006765690,0,0,0
184.007046450,0,1,0
184.007049440,0,1,1
184.007061670,0,0,1
184.007064610,0,0,0
184.023711120,1,0,0
184.030716550,0,0,0
184.030996820,0,0,1
184.031000010,0,1,1
184.031012000,0,1,0
184.031015240,0,0,0
184.048833510,1,0,0
184.055837800,0,0,0
184.056115610,0,1,0
184.056118800,0,1,1
184.056130800,0,0,1
184.056133940,0,0,0
184.074724370,1,0,0
184.081730120,0,0,0
184.082010340,0,1,0
184.082014550,0,1,1
184.082025550,0,0,1
184.082029780,0,0,0
184.100544310,1,0,0
184.107550330,0,0,0
184.107828670,0,1,0
184.107833160,0,1,1
184.107843860,0,0,1
184.107848410,0,0,0
184.125796980,1,0,0
184.132803100,0,0,0
184.133083460,0,1,0
184.133086350,0,1,1
184.133098690,0,0,1
184.133101530,0,0,0
184.150792100,1,0,0
184.157798120,0,0,0
184.158079620,0,0,1
184.158081710,0,1,1
184.158094850,0,1,0
184.158097000,0,0,0
184.176136910,1,0,0
184.183140260,0,0,0
184.183423190,0,0,1
184.183425130,0,1,1
184.183438390,0,1,0
184.183440310,0,0,0
184.200935780,1,0,0
184.207942220,0,0,0
184.208220690,0,0,1
184.208223570,0,1,1
184.208238730,0,0,1
184.208300100,0,0,0
184.225739970,1,0,0
184.232746320,0,0,0
184.233027050,0,1,0
184.233030210,0,1,1
184.233042250,0,0,1
184.233045330,0,0,0
184.251501090,1,0,0
184.258507130,0,0,0
184.258784070,0,0,1
184.258790500,0,1,1
184.258799230,0,1,0
184.258805560,0,0,0
184.275807340,1,0,0
184.282813080,0,0,0
184.283092940,0,1,0
184.283108020,0,0,0
184.283144920,0,0,1
184.283160020,0,0,0
184.300904610,1,0,0
184.307910670,0,0,0
184.308190400,0,0,1
184.308191920,0,1,1
184.308205570,0,1,0
184.308207120,0,0,0
184.325709000,1,0,0
184.332715020,0,0,0
184.332994000,0,1,0
184.332998860,0,1,1
184.333009140,0,0,1
184.333013990,0,0,0
184.351419190,1,0,0
184.358424930,0,0,0
184.358707320,0,0,1
184.358707420,0,1,1
184.358722510,0,1,0
184.358722640,0,0,0
184.375796430,1,0,0
184.382802530,0,0,0
184.383084370,0,0,1
184.383099530,0,0,0
184.383147040,0,1,0
184.383162210,0,0,0
184.400692620,1,0,0
184.407696910,0,0,0
184.407976250,0,0,1
184.407979730,0,1,1
184.407991410,0,1,0
184.407994830,0,0,0
184.426320580,1,0,0
184.433326780,0,0,0
184.433607500,0,0,1
184.433608170,0,1,1
184.433622680,0,1,0
184.433623430,0,0,0
184.451908990,1,0,0
184.458914840,0,0,0
184.459195730,0,0,1
184.459196180,0,1,1
184.459210890,0,1,0
184.459211430,0,0,0
184.477747430,1,0,0
184.484805990,0,0,0
184.485034290,0,0,1
184.485035540,0,1,1
184.485049540,0,1,0
184.485050820,0,0,0
184.503444370,1,0,0
184.510450350,0,0,0
184.510728140,0,1,0
184.510732500,0,1,1
184.510743320,0,0,1
184.510747790,0,0,0
184.528593620,1,0,0
184.535599850,0,0,0
184.535881050,0,0,1
184.535882530,0,1,1
184.535896250,0,1,0
184.535897760,0,0,0
184.554504790,1,0,0
184.561510700,0,0,0
184.561790780,0,1,0
184.561793190,0,1,1
184.561805920,0,0,1
184.561808480,0,0,0
184.580240440,1,0,0
184.587246410,0,0,0
184.587528300,0,1,0
184.587543440,0,0,0
184.587591610,0,0,1
184.587606740,0,0,0
184.604336080,1,0,0
184.611342260,0,0,0
184.611622660,0,1,0
184.611626410,0,1,1
184.611637920,0,0,1
184.611641610,0,0,0
184.627723000,1,0,0
184.634728900,0,0,0
184.635008830,0,0,1
184.635009890,0,1,1
184.635023950,0,1,0
184.635024990,0,0,0
184.653539530,1,0,0
184.660544150,0,0,0
184.660827260,0,0,1
184.660829200,0,1,1
184.660842510,0,1,0
184.660844340,0,0,0
184.677330410,1,0,0
184.684333350,0,0,0
184.684616660,0,0,1
184.684616740,0,1,1
184.684631930,0,1,0
184.684632030,0,0,0
184.702964660,1,0,0
184.709970810,0,0,0
184.710248390,0,1,0
184.710254080,0,1,1
184.710263510,0,0,1
184.710269290,0,0,0
184.728759790,1,0,0
184.735763720,0,0,0
184.736048030,0,1,0
184.736048480,0,1,1
184.736063170,0,0,1
184.736063730,0,0,0
184.753911140,1,0,0
184.760915600,0,0,0
184.761196860,0,0,1
184.761197840,0,1,1
184.761212020,0,1,0
184.761212920,0,0,0
184.778996950,1,0,0
184.786003160,0,0,0
184.786285190,0,0,1
184.786286070,0,1,1
184.786300360,0,1,0
184.786301360,0,0,0
184.804726480,1,0,0
184.811732330,0,0,0
184.812014570,0,1,0
184.812020860,0,1,1
184.812029830,0,0,1
184.812036130,0,0,0
184.828708160,1,0,0
184.835712880,0,0,0
184.835996940,0,1,0
184.835996950,0,1,1
184.836012070,0,1,0
184.836012110,0,0,0
184.854424620,1,0,0
184.861430360,0,0,0
184.861710020,0,1,0
184.861710360,0,1,1
184.861725210,0,0,1
184.861725570,0,0,0
184.880011120,1,0,0
184.887014320,0,0,0
184.887296090,0,0,1
184.887299560,0,1,1
184.887311300,0,1,0
184.887314770,0,0,0
184.903637070,1,0,0
184.910642560,0,0,0
184.910922090,0,1,0
184.910927120,0,1,1
184.910937230,0,0,1
184.910942260,0,0,0
184.927436930,1,0,0
184.934442510,0,0,0
184.934725460,0,1,0
184.934725720,0,1,1
184.934740670,0,0,1
184.934741010,0,0,0
184.953284330,1,0,0
184.960346010,0,0,0
184.960567090,0,1,0
184.960573180,0,1,1
184.960582250,0,0,1
184.960588470,0,0,0
184.977054470,1,0,0
184.984060550,0,0,0
184.984342600,0,0,1
184.984343070,0,1,1
184.984357850,0,1,0
184.984358290,0,0,0
185.001733820,1,0,0
185.008738770,0,0,0
185.009020020,0,0,1
185.009021730,0,1,1
185.009035230,0,1,0
185.009037000,0,0,0
185.026267890,1,0,0
185.033274430,0,0,0
185.033553820,0,1,0
185.033554310,0,1,1
185.033569110,0,0,1
185.033569520,0,0,0
185.052118040,1,0,0
185.059124140,0,0,0
185.059402340,0,1,0
185.059408000,0,1,1
185.059417500,0,0,1
185.059423150,0,0,0
185.076728040,1,0,0
185.083734030,0,0,0
185.084015840,0,1,0
185.084016170,0,1,1
185.084030940,0,0,1
185.084031380,0,0,0
185.102464600,1,0,0
185.109470810,0,0,0
185.109750170,0,1,0
185.109754590,0,1,1
185.109765370,0,0,1
185.109769690,0,0,0
185.126599050,1,0,0
185.133605010,0,0,0
185.133885940,0,1,0
185.133888030,0,1,1
185.133901080,0,0,1
185.133903240,0,0,0
185.152252140,1,0,0
185.159257510,0,0,0
185.159535650,0,1,0
185.159541490,0,1,1
185.159550920,0,0,1
185.159556680,0,0,0
185.177987490,1,0,0
185.184993350,0,0,0
185.185274180,0,1,0
185.185274830,0,1,1
185.185289330,0,0,1
185.185290090,0,0,0
185.203713700,1,0,0
185.210716640,0,0,0
185.211000830,0,0,1
185.211002290,0,1,1
185.211015930,0,1,0
185.211017560,0,0,0
185.229578810,1,0,0
185.236584660,0,0,0
185.236865680,0,0,1
185.236865910,0,1,1
185.236880890,0,1,0
185.236881140,0,0,0
185.253585340,1,0,0
185.260591380,0,0,0
185.260875330,0,1,0
185.260875390,0,1,1
185.260890640,0,0,1
185.260890680,0,0,0
185.277545190,1,0,0
185.284549670,0,0,0
185.284832200,0,1,0
185.284833650,0,1,1
185.284847470,0,0,1
185.284848850,0,0,0
185.302766360,1,0,0
185.309770730,0,0,0
185.310050940,0,0,1
185.310051910,0,1,1
185.310066130,0,1,0
185.310067120,0,0,0
185.328127540,1,0,0
185.335133660,0,0,0
185.335415330,0,1,0
185.335430570,0,0,0
185.335478860,0,0,1
185.335494190,0,0,0
185.353938090,1,0,0
185.360944170,0,0,0
185.361179220,0,1,0
185.361194450,0,0,0
185.361223780,0,0,1
185.361238940,0,0,0
185.379649550,1,0,0
185.386657730,0,0,0
185.386936360,0,0,1
185.386937010,0,1,1
185.386951610,0,1,0
185.386952180,0,0,0
185.404897570,1,0,0
185.411902060,0,0,0
185.412184610,0,1,0
185.412184760,0,1,1
185.412199800,0,0,1
185.412199900,0,0,0
185.429671920,1,0,0
185.436676310,0,0,0
185.436958010,0,1,0
185.436973150,0,0,0
185.436990740,0,0,1
185.437005970,0,0,0
185.455497190,1,0,0
185.462499790,0,0,0
185.462782560,0,0,1
185.462786840,0,1,1
185.462797760,0,1,0
185.462802010,0,0,0
185.481249170,1,0,0
185.488253710,0,0,0
185.488535120,0,0,1
185.488535500,0,1,1
185.488550390,0,1,0
185.488550690,0,0,0
185.506945800,1,0,0
185.513952230,0,0,0
185.514233880,0,1,0
185.514234350,0,1,1
185.514249130,0,0,1
185.514249470,0,0,0
185.531008410,1,0,0
185.538011370,0,0,0
185.538296400,0,1,0
185.538296520,0,1,1
185.538311560,0,0,1
185.538311620,0,0,0
185.554958360,1,0,0
185.561964090,0,0,0
185.562245310,0,0,1
185.562245670,0,1,1
185.562260440,0,1,0
185.562260840,0,0,0
185.580672090,1,0,0
185.587678010,0,0,0
185.587957840,0,1,0
185.587959590,0,1,1
185.587973040,0,0,1
185.587974850,0,0,0
185.606469350,1,0,0
185.613475320,0,0,0
185.613756480,0,0,1
185.613757460,0,1,1
185.613771690,0,1,0
185.613772480,0,0,0
185.630276380,1,0,0
185.637282690,0,0,0
185.637561460,0,0,1
185.637562790,0,1,1
185.637576650,0,1,0
185.637577890,0,0,0
185.654910000,1,0,0
185.661918790,0,0,0
185.662198380,0,1,0
185.662198950,0,1,1
185.662213540,0,0,1
185.662214150,0,0,0
185.678910470,1,0,0
185.685918900,0,0,0
185.686197690,0,1,0
185.686198360,0,1,1
185.686212830,0,0,1
185.686213550,0,0,0
185.704318660,1,0,0
185.711324680,0,0,0
185.711605960,0,1,0
185.711606780,0,1,1
185.711621120,0,0,1
185.711622050,0,0,0
185.730049510,1,0,0
185.737058070,0,0,0
185.737333780,0,0,1
185.737338480,0,1,1
185.737349030,0,1,0
185.737353680,0,0,0
185.754892180,1,0,0
185.761946760,0,0,0
185.762177690,0,1,0
185.762178700,0,1,1
185.762192870,0,0,1
185.762193950,0,0,0
185.779000790,1,0,0
185.786006980,0,0,0
185.786284120,0,0,1
185.786290190,0,1,1
185.786299330,0,1,0
185.786305390,0,0,0
185.804445250,1,0,0
185.811449440,0,0,0
185.811728020,0,0,1
185.811731940,0,1,1
185.811743200,0,1,0
185.811747160,0,0,0
185.830017800,1,0,0
185.837023630,0,0,0
185.837300140,0,1,0
185.837302920,0,1,1
185.837315430,0,0,1
185.837318100,0,0,0
185.855714980,1,0,0
185.862721290,0,0,0
185.863000220,0,1,0
185.863002340,0,1,1
185.863015430,0,0,1
185.863017520,0,0,0
185.879896980,1,0,0
185.886902680,0,0,0
185.887184660,0,1,0
185.887185770,0,1,1
185.887199760,0,0,1
185.887200960,0,0,0
185.904904240,1,0,0
185.911910320,0,0,0
185.912193060,0,1,0
185.912194130,0,1,1
185.912208260,0,0,1
185.912209250,0,0,0
185.929985740,1,0,0
185.936991820,0,0,0
185.937272440,0,0,1
185.937275580,0,1,1
185.937287610,0,1,0
185.937290720,0,0,0
185.954850360,1,0,0
185.961856260,0,0,0
185.962134950,0,0,1
185.962139680,0,1,1
185.962150050,0,1,0
185.962154820,0,0,0
185.979835570,1,0,0
185.986843730,0,0,0
185.987120550,0,1,0
185.987135870,0,0,0
185.987149820,0,0,1
185.987165070,0,0,0
186.004993550,1,0,0
186.011996210,0,0,0
186.012281450,0,1,0
186.012282680,0,1,1
186.012296660,0,0,1
186.012298030,0,0,0
186.030713940,1,0,0
186.037720270,0,0,0
186.037998930,0,1,0
186.038001100,0,1,1
186.038014260,0,0,1
186.038016370,0,0,0
186.055956460,1,0,0
186.062962230,0,0,0
186.063243300,0,1,0
186.063244520,0,1,1
186.063258530,0,0,1
186.063259660,0,0,0
186.080853900,1,0,0
186.087912600,0,0,0
186.088140410,0,0,1
186.088141740,0,1,1
186.088155660,0,1,0
186.088156940,0,0,0
186.106647090,1,0,0
186.113653230,0,0,0
186.113935030,0,1,0
186.113936480,0,1,1
186.113950210,0,0,1
186.113951730,0,0,0
186.131316190,1,0,0
186.138322160,0,0,0
186.138603280,0,1,0
186.138603730,0,1,1
186.138618530,0,0,1
186.138618960,0,0,0
186.157110480,1,0,0
186.164113600,0,0,0
186.164395540,0,1,0
186.164397590,0,1,1
186.164410650,0,0,1
186.164412730,0,0,0
186.182620420,1,0,0
186.189626560,0,0,0
186.189906730,0,0,1
186.189910150,0,1,1
186.189921880,0,1,0
186.189925330,0,0,0
186.206979000,1,0,0
186.213985080,0,0,0
186.214265010,0,0,1
186.214267690,0,1,1
186.214280190,0,1,0
186.214282920,0,0,0
186.231871780,1,0,0
186.238877990,0,0,0
186.239155800,0,0,1
186.239156810,0,1,1
186.239170960,0,1,0
186.239171900,0,0,0
186.257533100,1,0,0
186.264539220,0,0,0
186.264819440,0,1,0
186.264834620,0,0,0
186.264885530,0,0,1
186.264900670,0,0,0
186.282660120,1,0,0
186.289663200,0,0,0
186.289948580,0,1,0
186.289949180,0,1,1
186.289963810,0,0,1
186.289964450,0,0,0
186.308375870,1,0,0
186.315381820,0,0,0
186.315662000,0,1,0
186.315663660,0,1,1
186.315677080,0,0,1
186.315678910,0,0,0
186.334241120,1,0,0
186.341247180,0,0,0
186.341526290,0,0,1
186.341530370,0,1,1
186.341541490,0,1,0
186.341545640,0,0,0
186.359805810,1,0,0
186.366812050,0,0,0
186.367093660,0,1,0
186.367095560,0,1,1
186.367108910,0,0,1
186.367110910,0,0,0
186.384317110,1,0,0
186.391321840,0,0,0
186.391603270,0,0,1
186.391606240,0,1,1
186.391618410,0,1,0
186.391621410,0,0,0
186.410460950,1,0,0
186.417469720,0,0,0
186.417744920,0,0,1
186.417750410,0,1,1
186.417760100,0,1,0
186.417765660,0,0,0
186.434107440,1,0,0
186.441110480,0,0,0
186.441393800,0,1,0
186.441395750,0,1,1
186.441408990,0,0,1
186.441410900,0,0,0
186.459294000,1,0,0
186.466302120,0,0,0
186.466579190,0,0,1
186.466582300,0,1,1
186.466594440,0,1,0
186.466597490,0,0,0
186.483738660,1,0,0
186.490744620,0,0,0
186.491025470,0,1,0
186.491026340,0,1,1
186.491040720,0,0,1
186.491041500,0,0,0
186.507514400,1,0,0
186.514519480,0,0,0
186.514800070,0,0,1
186.514802720,0,1,1
186.514815340,0,1,0
186.514817870,0,0,0
186.533207860,1,0,0
186.540214090,0,0,0
186.540494490,0,0,1
186.540497470,0,1,1
186.540509740,0,1,0
186.540512610,0,0,0
186.558712340,1,0,0
186.565716960,0,0,0
186.565997890,0,0,1
186.565998110,0,1,1
186.566012950,0,1,0
186.566013360,0,0,0
186.584318670,1,0,0
186.591324560,0,0,0
186.591603030,0,1,0
186.591605120,0,1,1
186.591618130,0,0,1
186.591620300,0,0,0
186.608190620,1,0,0
186.615193740,0,0,0
186.615477530,0,1,0
186.615478930,0,1,1
186.615492760,0,0,1
186.615494120,0,0,0
186.633479680,1,0,0
186.640482800,0,0,0
186.640763340,0,1,0
186.640768220,0,1,1
186.640778440,0,0,1
186.640783330,0,0,0
186.658915540,1,0,0
186.665921640,0,0,0
186.666201750,0,0,1
186.666204150,0,1,1
186.666216950,0,1,0
186.666219360,0,0,0
186.684395850,1,0,0
186.691401700,0,0,0
186.691685020,0,0,1
186.691700220,0,0,0
186.691722110,0,1,0
186.691737210,0,0,0
186.709016890,1,0,0
186.716022880,0,0,0
186.716303520,0,0,1
186.716305000,0,1,1
186.716318890,0,1,0
186.716320380,0,0,0
186.733848260,1,0,0
186.740852730,0,0,0
186.741134290,0,1,0
186.741135610,0,1,1
186.741149460,0,0,1
186.741150690,0,0,0
186.758338130,1,0,0
186.765346830,0,0,0
186.765625400,0,0,1
186.765627520,0,1,1
186.765640670,0,1,0
186.765642810,0,0,0
186.784485480,1,0,0
186.791490060,0,0,0
186.791770080,0,1,0
186.791773610,0,1,1
186.791785210,0,0,1
186.791788750,0,0,0
186.808100450,1,0,0
186.815106360,0,0,0
186.815387090,0,0,1
186.815388770,0,1,1
186.815402300,0,1,0
186.815404000,0,0,0
186.833102240,1,0,0
186.840106510,0,0,0
186.840387080,0,1,0
186.840388240,0,1,1
186.840402250,0,0,1
186.840403480,0,0,0
186.858814280,1,0,0
186.865820590,0,0,0
186.866101270,0,1,0
186.866103930,0,1,1
186.866116450,0,0,1
186.866119110,0,0,0
186.883686320,1,0,0
186.890694360,0,0,0
186.890972000,0,1,0
186.890972350,0,1,1
186.890987250,0,0,1
186.890987590,0,0,0
186.909097430,1,0,0
186.916128280,0,0,0
186.916383040,0,1,0
186.916383310,0,1,1
186.916398220,0,0,1
186.916398550,0,0,0
186.934792860,1,0,0
186.941801400,0,0,0
186.942078520,0,0,1
186.942080290,0,1,1
186.942093700,0,1,0
186.942095600,0,0,0
186.960616910,1,0,0
186.967622340,0,0,0
186.967901620,0,0,1
186.967903910,0,1,1
186.967916870,0,1,0
186.967919090,0,0,0
186.984264360,1,0,0
186.991270540,0,0,0
186.991551000,0,0,1
186.991552160,0,1,1
186.991566290,0,1,0
186.991567330,0,0,0
187.009156640,1,0,0
187.016162810,0,0,0
187.016443400,0,0,1
187.016443910,0,1,1
187.016458680,0,1,0
187.016459120,0,0,0
187.033555070,1,0,0
187.040559760,0,0,0
187.040842770,0,0,1
187.040844830,0,1,1
187.040857980,0,1,0
187.040860120,0,0,0
187.059338260,1,0,0
187.066344280,0,0,0
187.066626320,0,0,1
187.066628300,0,1,1
187.066641540,0,1,0
187.066643570,0,0,0
187.085228850,1,0,0
187.092233510,0,0,0
187.092513440,0,0,1
187.092527930,0,1,1
187.092528630,0,1,0
187.092543030,0,0,0
187.109900860,1,0,0
187.116907030,0,0,0
187.117188280,0,0,1
187.117189970,0,1,1
187.117203520,0,1,0
187.117205150,0,0,0
187.135702760,1,0,0
187.142708860,0,0,0
187.142987090,0,1,0
187.142991570,0,1,1
187.143002340,0,0,1
187.143006800,0,0,0
187.160110320,1,0,0
187.167176230,0,0,0
187.167369970,0,1,0
187.167385210,0,0,0
187.167399930,0,0,1
187.167415150,0,0,0
187.185903340,1,0,0
187.192911690,0,0,0
187.193189920,0,1,0
187.193193410,0,1,1
187.193205210,0,0,1
187.193208650,0,0,0
187.209417430,1,0,0
187.216423310,0,0,0
187.216703530,0,1,0
187.216706930,0,1,1
187.216718710,0,0,1
187.216722110,0,0,0
187.234000490,1,0,0
187.241005820,0,0,0
187.241286760,0,1,0
187.241288890,0,1,1
187.241302050,0,0,1
187.241304010,0,0,0
187.259242010,1,0,0
187.266248380,0,0,0
187.266528640,0,0,1
187.266529190,0,1,1
187.266543740,0,1,0
187.266544500,0,0,0
187.283570360,1,0,0
187.290576380,0,0,0
187.290856040,0,0,1
187.290858480,0,1,1
187.290871260,0,1,0
187.290873630,0,0,0
187.309100190,1,0,0
187.316106520,0,0,0
187.316386940,0,1,0
187.316389620,0,1,1
187.316402080,0,0,1
187.316404890,0,0,0
187.333282750,1,0,0
187.340288640,0,0,0
187.340568170,0,0,1
187.340570420,0,1,1
187.340583460,0,1,0
187.340585560,0,0,0
187.358836460,1,0,0
187.365842450,0,0,0
187.366121420,0,0,1
187.366123710,0,1,1
187.366136640,0,1,0
187.366138830,0,0,0
187.384591600,1,0,0
187.391659000,0,0,0
187.391881670,0,1,0
187.391896870,0,0,0
187.391897230,0,0,1
187.391912420,0,0,0
187.410286960,1,0,0
187.417290270,0,0,0
187.417574190,0,0,1
187.417575430,0,1,1
187.417589340,0,1,0
187.417590620,0,0,0
187.435799730,1,0,0
187.442805600,0,0,0
187.443087520,0,1,0
187.443087670,0,1,1
187.443102720,0,0,1
187.443102820,0,0,0
187.460974620,1,0,0
187.467980560,0,0,0
187.468258450,0,0,1
187.468259740,0,1,1
187.468273650,0,1,0
187.468274950,0,0,0
187.485878260,1,0,0
187.492882620,0,0,0
187.493164450,0,0,1
187.493179650,0,0,0
187.493230700,0,1,0
187.493245840,0,0,0
187.511545580,1,0,0
187.518549740,0,0,0
187.518831990,0,0,1
187.518834030,0,1,1
187.518847220,0,1,0
187.518849160,0,0,0
187.537367140,1,0,0
187.544372680,0,0,0
187.544654950,0,0,1
187.544655990,0,1,1
187.544670070,0,1,0
187.544671150,0,0,0
187.563091960,1,0,0
187.570096330,0,0,0
187.570379640,0,0,1
187.570380670,0,1,1
187.570394870,0,1,0
187.570395860,0,0,0
187.588821230,1,0,0
187.595824250,0,0,0
187.596107290,0,0,1
187.596109170,0,1,1
187.596122510,0,1,0
187.596124250,0,0,0
187.614493250,1,0,0
187.621489600,0,0,0
187.621779840,0,1,0
187.621781520,0,1,1
187.621795020,0,0,1
187.621796790,0,0,0
187.640252170,1,0,0
187.647257940,0,0,0
187.647538540,0,0,1
187.647540900,0,1,1
187.647553750,0,1,0
187.647556060,0,0,0
187.666108820,1,0,0
187.673113750,0,0,0
187.673394310,0,1,0
187.673398250,0,1,1
187.673409410,0,0,1
187.673413500,0,0,0
187.691854570,1,0,0
187.698860310,0,0,0
187.699140750,0,0,1
187.699141700,0,1,1
187.699155900,0,1,0
187.699156910,0,0,0
187.716473000,1,0,0
187.723477410,0,0,0
187.723760190,0,0,1
187.723761020,0,1,1
187.723775350,0,1,0
187.723776120,0,0,0
187.742273020,1,0,0
187.749279200,0,0,0
187.749557710,0,0,1
187.749558470,0,1,1
187.749572840,0,1,0
187.749573660,0,0,0
187.766814970,1,0,0
187.773823780,0,0,0
187.774101880,0,0,1
187.774102780,0,1,1
187.774117150,0,1,0
187.774118010,0,0,0
187.791706070,1,0,0
187.798712240,0,0,0
187.798994260,0,0,1
187.798995180,0,1,1
187.799009420,0,1,0
187.799010320,0,0,0
187.816730220,1,0,0
187.823736570,0,0,0
187.824017530,0,0,1
187.824019430,0,1,1
187.824032780,0,1,0
187.824034570,0,0,0
187.842400880,1,0,0
187.849406960,0,0,0
187.849687260,0,0,1
187.849687840,0,1,1
187.849702400,0,1,0
187.849703110,0,0,0
187.867123670,1,0,0
187.874129920,0,0,0
187.874410740,0,0,1
187.874411010,0,1,1
187.874426030,0,1,0
187.874426260,0,0,0
187.892731020,1,0,0
187.899735500,0,0,0
187.900019120,0,0,1
187.900019440,0,1,1
187.900034180,0,1,0
187.900034590,0,0,0
187.918269360,1,0,0
187.925275310,0,0,0
187.925557030,0,1,0
187.925557330,0,1,1
187.925572300,0,0,1
187.925572640,0,0,0
187.944095690,1,0,0
187.951101810,0,0,0
187.951381110,0,1,0
187.951385980,0,1,1
187.951396340,0,0,1
187.951401180,0,0,0
187.969759150,1,0,0
187.976764560,0,0,0
187.977044650,0,1,0
187.977046770,0,1,1
187.977059750,0,0,1
187.977062000,0,0,0
187.994215460,1,0,0
188.001221700,0,0,0
188.001502850,0,0,1
188.001503270,0,1,1
188.001518120,0,1,0
188.001518440,0,0,0
188.017856240,1,0,0
188.024862110,0,0,0
188.025141340,0,1,0
188.025146290,0,1,1
188.025156440,0,0,1
188.025161560,0,0,0
188.043613970,1,0,0
188.050620150,0,0,0
188.050897150,0,0,1
188.050898380,0,1,1
188.050912290,0,1,0
188.050913710,0,0,0
188.069127220,1,0,0
188.076133110,0,0,0
188.076412070,0,0,1
188.076413040,0,1,1
188.076427400,0,1,0
188.076428270,0,0,0
188.094991990,1,0,0
188.101998030,0,0,0
188.102343980,0,0,1
188.102345120,0,1,1
188.102359190,0,1,0
188.102360280,0,0,0
188.120735640,1,0,0
188.127741240,0,0,0
188.128023940,0,0,1
188.128025100,0,1,1
188.128039130,0,1,0
188.128040300,0,0,0
188.144901980,1,0,0
188.151908210,0,0,0
188.152187350,0,1,0
188.152187450,0,1,1
188.152202550,0,1,0
188.152202570,0,0,0
188.170695860,1,0,0
188.177701920,0,0,0
188.177981550,0,1,1
188.177996760,0,0,1
188.177996820,0,0,0
188.194751600,1,0,0
188.201756600,0,0,0
188.202040070,0,0,1
188.202040160,0,1,1
188.202055200,0,1,0
188.202055370,0,0,0
188.218120900,1,0,0
188.225125400,0,0,0
188.225407660,0,0,1
188.225408240,0,1,1
188.225422950,0,1,0
188.225423470,0,0,0
188.243749840,1,0,0
188.250754420,0,0,0
188.251034280,0,1,0
188.251034290,0,1,1
188.251049390,0,1,0
188.251049570,0,0,0
188.269958570,1,0,0
188.276964240,0,0,0
188.277244160,0,1,0
188.277244430,0,1,1
188.277259400,0,0,1
188.277259490,0,0,0
188.293351370,1,0,0
188.300357720,0,0,0
188.300638640,0,1,0
188.300638910,0,1,1
188.300653880,0,0,1
188.300654200,0,0,0
188.318961870,1,0,0
188.325968220,0,0,0
188.326245940,0,0,1
188.326246950,0,1,1
188.326261140,0,1,0
188.326262070,0,0,0
188.342706070,1,0,0
188.349712320,0,0,0
188.349995160,0,1,0
188.349995670,0,1,1
188.350010320,0,0,1
188.350010910,0,0,0
188.368482160,1,0,0
188.375487900,0,0,0
188.375768630,0,1,0
188.375769190,0,1,1
188.375783840,0,0,1
188.375784400,0,0,0
188.394247240,1,0,0
188.401253090,0,0,0
188.401500920,0,0,1
188.401516020,0,0,0
188.401597760,0,1,0
188.401612960,0,0,0
188.419637180,1,0,0
188.426645760,0,0,0
188.426925460,0,1,0
188.426925900,0,1,1
188.426940650,0,0,1
188.426941110,0,0,0
188.445303090,1,0,0
188.452308990,0,0,0
188.452588840,0,1,0
188.452589300,0,1,1
188.452604080,0,0,1
188.452604520,0,0,0
188.470673680,1,0,0
188.477679570,0,0,0
188.477959850,0,1,0
188.477961700,0,1,1
188.477974920,0,0,1
188.477976880,0,0,0
188.494405650,1,0,0
188.501410080,0,0,0
188.501691220,0,0,1
188.501695380,0,1,1
188.501706470,0,1,0
188.501710670,0,0,0
188.520209840,1,0,0
188.527214230,0,0,0
188.527498740,0,0,1
188.527498960,0,1,1
188.527513990,0,1,0
188.527514120,0,0,0
188.543998510,1,0,0
188.551001410,0,0,0
188.551254020,0,1,0
188.551269250,0,0,0
188.551288050,0,0,1
188.551303180,0,0,0
188.569856680,1,0,0
188.576862760,0,0,0
188.577143270,0,1,0
188.577146390,0,1,1
188.577158450,0,0,1
188.577161530,0,0,0
188.593608360,1,0,0
188.600614020,0,0,0
188.600893810,0,1,0
188.600894740,0,1,1
188.600908980,0,0,1
188.600909970,0,0,0
188.619293440,1,0,0
188.626301940,0,0,0
188.626581480,0,1,0
188.626583140,0,1,1
188.626596660,0,0,1
188.626598410,0,0,0
188.643011120,1,0,0
188.650016760,0,0,0
188.650295680,0,0,1
188.650300500,0,1,1
188.650310790,0,1,0
188.650315720,0,0,0
188.668193010,1,0,0
188.675199240,0,0,0
188.675477790,0,0,1
188.675479180,0,1,1
188.675493060,0,1,0
188.675494370,0,0,0
188.693763140,1,0,0
188.700821840,0,0,0
188.701050870,0,0,1
188.701051740,0,1,1
188.701066080,0,1,0
188.701066930,0,0,0
188.718394450,1,0,0
188.725400670,0,0,0
188.725679420,0,0,1
188.725680810,0,1,1
188.725694670,0,1,0
188.725695990,0,0,0
188.743295550,1,0,0
188.750301170,0,0,0
188.750580340,0,0,1
188.750583240,0,1,1
188.750595600,0,1,0
188.750598430,0,0,0
188.768256460,1,0,0
188.775264710,0,0,0
188.775543940,0,0,1
188.775559190,0,0,0
188.775607620,0,1,0
188.775622860,0,0,0
188.793659130,1,0,0
188.800665370,0,0,0
188.800946010,0,1,0
188.800946280,0,1,1
188.800961240,0,0,1
188.800961480,0,0,0
188.817666410,1,0,0
188.824671260,0,0,0
188.824954280,0,1,0
188.824955880,0,1,1
188.824969450,0,0,1
188.824971130,0,0,0
188.842379220,1,0,0
188.849384880,0,0,0
188.849666550,0,1,0
188.849668150,0,1,1
188.849681610,0,0,1
188.849683400,0,0,0
188.867006110,1,0,0
188.874012350,0,0,0
188.874292320,0,0,1
188.874295220,0,1,1
188.874307440,0,1,0
188.874310420,0,0,0
188.891299520,1,0,0
188.898302740,0,0,0
188.898554660,0,1,0
188.898569800,0,0,0
188.898585840,0,0,1
188.898601050,0,0,0
188.915101550,1,0,0
188.922107440,0,0,0
188.922386840,0,1,0
188.922388140,0,1,1
188.922402110,0,0,1
188.922403320,0,0,0
188.939614330,1,0,0
188.946684680,0,0,0
188.946900260,0,1,0
188.946901370,0,1,1
188.946915550,0,0,1
188.946916490,0,0,0
188.964556910,1,0,0
188.971563280,0,0,0
188.971845120,0,0,1
188.971860340,0,0,0
188.988255820,1,0,0
188.995261770,0,0,0
188.995540240,0,1,0
188.995543620,0,1,1
188.995555490,0,0,1
188.995558870,0,0,0
189.012377580,1,0,0
189.019383740,0,0,0
189.019665280,0,1,0
189.019667830,0,1,1
189.019680570,0,0,1
189.019683060,0,0,0
189.037698830,1,0,0
189.044704680,0,0,0
189.044983800,0,1,0
189.044986430,0,1,1
189.044999050,0,0,1
189.045001580,0,0,0
189.063386540,1,0,0
189.070389560,0,0,0
189.070670450,0,1,0
189.070672330,0,1,1
189.070685650,0,0,1
189.070687580,0,0,0
189.088899180,1,0,0
189.095905310,0,0,0
189.096188100,0,0,1
189.096203330,0,0,0
189.096252130,0,1,0
189.096267320,0,0,0
189.112765260,1,0,0
189.119770030,0,0,0
189.120050750,0,0,1
189.120054820,0,1,1
189.120065850,0,1,0
189.120070050,0,0,0
189.138372800,1,0,0
189.145378800,0,0,0
189.145658000,0,1,0
189.145659980,0,1,1
189.145673210,0,0,1
189.145675100,0,0,0
189.164191030,1,0,0
189.171194590,0,0,0
189.171476590,0,1,0
189.171478380,0,1,1
189.171491750,0,0,1
189.171493500,0,0,0
189.188251020,1,0,0
189.195257000,0,0,0
189.195536940,0,0,1
189.195539900,0,1,1
189.195552060,0,1,0
189.195555020,0,0,0
189.211874890,1,0,0
189.218879490,0,0,0
189.219160150,0,0,1
189.219175340,0,0,0
189.219181170,0,1,0
189.219196360,0,0,0
189.237599110,1,0,0
189.244604780,0,0,0
189.244886610,0,1,0
189.244888590,0,1,1
189.244901850,0,0,1
189.244903770,0,0,0
189.262923970,1,0,0
189.269928570,0,0,0
189.270210040,0,1,0
189.270211300,0,1,1
189.270225210,0,0,1
189.270226440,0,0,0
189.286518210,1,0,0
189.293524120,0,0,0
189.293802440,0,1,0
189.293804530,0,1,1
189.293817710,0,0,1
189.293819760,0,0,0
189.312325890,1,0,0
189.319328580,0,0,0
189.319611710,0,1,0
189.319614180,0,1,1
189.319626910,0,0,1
189.319629380,0,0,0
189.338101600,1,0,0
189.345107500,0,0,0
189.345387340,0,0,1
189.345389020,0,1,1
189.345402570,0,1,0
189.345404260,0,0,0
189.363825000,1,0,0
189.370831120,0,0,0
189.371110820,0,0,1
189.371112450,0,1,1
189.371126050,0,1,0
189.371127550,0,0,0
189.388117620,1,0,0
189.395123380,0,0,0
189.395404410,0,0,1
189.395419720,0,0,0
189.395471410,0,1,0
189.395486700,0,0,0
189.413340140,1,0,0
189.420346030,0,0,0
189.420626790,0,0,1
189.420627820,0,1,1
189.420641870,0,1,0
189.420642970,0,0,0
189.439098430,1,0,0
189.446104450,0,0,0
189.446383570,0,1,0
189.446386080,0,1,1
189.446398670,0,0,1
189.446401330,0,0,0
189.464180010,1,0,0
189.471186420,0,0,0
189.471466720,0,1,0
189.471468270,0,1,1
189.471481940,0,0,1
189.471483580,0,0,0
189.489786530,1,0,0
189.496792500,0,0,0
189.497025360,0,1,0
189.497040610,0,0,0
189.497071960,0,0,1
189.497087120,0,0,0
189.515619680,1,0,0
189.522624320,0,0,0
189.522905460,0,0,1
189.522907730,0,1,1
189.522920660,0,1,0
189.522922860,0,0,0
189.541305740,1,0,0
189.548309940,0,0,0
189.548592020,0,1,0
189.548593730,0,1,1
189.548607230,0,0,1
189.548608910,0,0,0
189.567207300,1,0,0
189.574211840,0,0,0
189.574493250,0,0,1
189.574494400,0,1,1
189.574508480,0,1,0
189.574509580,0,0,0
189.591290210,1,0,0
189.598296210,0,0,0
189.598562670,0,1,0
189.598576650,0,1,1
189.598577870,0,0,1
189.598591870,0,0,0
189.616378460,1,0,0
189.623383330,0,0,0
189.623665000,0,0,1
189.623665810,0,1,1
189.623680110,0,1,0
189.623681000,0,0,0
189.641211660,1,0,0
189.648226590,0,0,0
189.648505620,0,1,0
189.648508250,0,1,1
189.648520810,0,0,1
189.648523520,0,0,0
189.666316370,1,0,0
189.673381050,0,0,0
189.673603990,0,1,0
189.673605760,0,1,1
189.673619220,0,0,1
189.673621070,0,0,0
189.691989780,1,0,0
189.698995630,0,0,0
189.699268970,0,0,1
189.699276260,0,1,1
189.699291470,0,0,1
189.699348050,0,0,0
189.717338840,1,0,0
189.724343760,0,0,0
189.724625700,0,1,0
189.724628820,0,1,1
189.724640800,0,0,1
189.724643880,0,0,0
189.743191990,1,0,0
189.750198150,0,0,0
189.750477840,0,1,0
189.750480760,0,1,1
189.750493090,0,0,1
189.750496090,0,0,0
189.768763470,1,0,0
189.775769300,0,0,0
189.776049550,0,0,1
189.776052490,0,1,1
189.776064720,0,1,0
189.776067780,0,0,0
189.793331170,1,0,0
189.800339900,0,0,0
189.800617910,0,0,1
189.800621070,0,1,1
189.800633050,0,1,0
189.800636300,0,0,0
189.817458100,1,0,0
189.824464160,0,0,0
189.824747260,0,0,1
189.824762470,0,0,0
189.842936580,1,0,0
189.849940890,0,0,0
189.850219920,0,1,0
189.850224640,0,1,1
189.850235250,0,0,1
189.850239740,0,0,0
189.868359350,1,0,0
189.875367740,0,0,0
189.875645570,0,1,0
189.875660770,0,0,0
189.875663430,0,0,1
189.875678560,0,0,0
189.894457390,1,0,0
189.901463780,0,0,0
189.901743980,0,1,0
189.901747810,0,1,1
189.901759230,0,0,1
189.901762970,0,0,0
189.919732240,1,0,0
189.926738180,0,0,0
189.927016480,0,1,0
189.927021000,0,1,1
189.927031770,0,0,1
189.927036200,0,0,0
189.945559520,1,0,0
189.952565530,0,0,0
189.952844950,0,1,0
189.952849310,0,1,1
189.952860100,0,0,1
189.952864540,0,0,0
189.971243160,1,0,0
189.978249050,0,0,0
189.978529290,0,1,0
189.978532980,0,1,1
189.978544490,0,0,1
189.978548120,0,0,0
189.996631660,1,0,0
190.003638140,0,0,0
190.003874980,0,0,1
190.003890270,0,0,0
190.003916320,0,1,0
190.003931530,0,0,0
190.022673230,1,0,0
190.029679140,0,0,0
190.029958440,0,0,1
190.029960860,0,1,1
190.029973500,0,1,0
190.029976070,0,0,0
190.047959700,1,0,0
190.054965910,0,0,0
190.055245940,0,0,1
190.055248360,0,1,1
190.055261090,0,1,0
190.055263530,0,0,0
190.073653910,1,0,0
190.080658140,0,0,0
190.080940210,0,0,1
190.080942710,0,1,1
190.080955400,0,1,0
190.080957940,0,0,0
190.097655990,1,0,0
190.104662090,0,0,0
190.104944940,0,0,1
190.104945400,0,1,1
190.104960190,0,1,0
190.104960630,0,0,0
190.121463060,1,0,0
190.128469030,0,0,0
190.128748510,0,0,1
190.128748550,0,1,1
190.128763630,0,1,0
190.128763690,0,0,0
190.147248370,1,0,0
190.154239220,0,0,0
190.154535950,0,0,1
190.154537900,0,1,1
190.154551190,0,1,0
190.154553150,0,0,0
190.172976890,1,0,0
190.179983270,0,0,0
190.180265220,0,0,1
190.180266310,0,1,1
190.180280450,0,1,0
190.180281520,0,0,0
190.198808380,1,0,0
190.205814580,0,0,0
190.206094710,0,1,0
190.206098620,0,1,1
190.206109960,0,0,1
190.206113780,0,0,0
190.224560290,1,0,0
190.231566500,0,0,0
190.231847140,0,0,1
190.231847980,0,1,1
190.231862360,0,1,0
190.231863240,0,0,0
190.248212110,1,0,0
190.255218280,0,0,0
190.255500470,0,0,1
190.255501410,0,1,1
190.255515640,0,1,0
190.255516560,0,0,0
190.272595960,1,0,0
190.279602210,0,0,0
190.279883870,0,0,1
190.279884910,0,1,1
190.279899050,0,1,0
190.279900100,0,0,0
190.297650630,1,0,0
190.304656620,0,0,0
190.304934770,0,0,1
190.304936700,0,1,1
190.304949970,0,1,0
190.304951850,0,0,0
190.323485230,1,0,0
190.330552290,0,0,0
190.330764490,0,1,0
190.330770710,0,1,1
190.330779740,0,0,1
190.330785910,0,0,0
190.349071170,1,0,0
190.356076770,0,0,0
190.356358760,0,1,0
190.356373890,0,0,0
190.356381690,0,0,1
190.356396790,0,0,0
190.374931820,1,0,0
190.381938080,0,0,0
190.382217540,0,0,1
190.382218260,0,1,1
190.382232600,0,1,0
190.382233510,0,0,0
190.400756630,1,0,0
190.407761020,0,0,0
190.408043400,0,0,1
190.408046550,0,1,1
190.408058520,0,1,0
190.408061820,0,0,0
190.424470060,1,0,0
190.431472800,0,0,0
190.431754050,0,1,0
190.431758210,0,1,1
190.431769250,0,0,1
190.431773460,0,0,0
190.450133540,1,0,0
190.457139300,0,0,0
190.457421500,0,0,1
190.457423300,0,1,1
190.457436710,0,1,0
190.457438590,0,0,0
190.474323170,1,0,0
190.481328690,0,0,0
190.481611150,0,0,1
190.481611710,0,1,1
190.481626440,0,1,0
190.481626940,0,0,0
190.500118280,1,0,0
190.507124150,0,0,0
190.507402670,0,1,0
190.507403380,0,1,1
190.507417960,0,0,1
190.507418590,0,0,0
190.525717990,1,0,0
190.532723900,0,0,0
190.533008010,0,0,1
190.533008400,0,1,1
190.533023230,0,1,0
190.533023690,0,0,0
190.551534050,1,0,0
190.558539980,0,0,0
190.558819390,0,1,0
190.558820550,0,1,1
190.558834580,0,0,1
190.558835780,0,0,0
190.575668710,1,0,0
190.582672930,0,0,0
190.582952750,0,1,0
190.582953950,0,1,1
190.582967890,0,0,1
190.582969170,0,0,0
190.600943480,1,0,0
190.607949450,0,0,0
190.608227030,0,0,1
190.608228460,0,1,1
190.608242170,0,1,0
190.608243560,0,0,0
190.626936170,1,0,0
190.633942180,0,0,0
190.634221870,0,1,0
190.634225260,0,1,1
190.634237030,0,0,1
190.634240430,0,0,0
190.651732830,1,0,0
190.658738990,0,0,0
190.659019260,0,0,1
190.659020330,0,1,1
190.659034430,0,1,0
190.659035530,0,0,0
190.677496600,1,0,0
190.684502870,0,0,0
190.684782370,0,0,1
190.684782700,0,1,1
190.684797530,0,1,0
190.684797880,0,0,0
190.703545120,1,0,0
190.710551270,0,0,0
190.710831740,0,0,1
190.710832030,0,1,1
190.710846970,0,1,0
190.710847210,0,0,0
190.729205000,1,0,0
190.736211060,0,0,0
190.736490280,0,1,0
190.736490520,0,1,1
190.736505380,0,0,1
190.736505680,0,0,0
190.754971000,1,0,0
190.761977470,0,0,0
190.762256230,0,1,0
190.762271480,0,0,0
190.762324450,0,0,1
190.762339680,0,0,0
190.780667690,1,0,0
190.787673750,0,0,0
190.787957170,0,1,0
190.787957230,0,1,1
190.787972310,0,0,1
190.787972410,0,0,0
190.805558700,1,0,0
190.812564600,0,0,0
190.812845370,0,1,0
190.812845560,0,1,1
190.812860540,0,0,1
190.812860730,0,0,0
190.831222910,1,0,0
190.838281780,0,0,0
190.838506540,0,1,0
190.838508290,0,1,1
190.838521680,0,0,1
190.838523520,0,0,0
190.856958520,1,0,0
190.863966990,0,0,0
190.864246520,0,1,0
190.864247560,0,1,1
190.864261700,0,0,1
190.864262750,0,0,0
190.882943730,1,0,0
190.889949640,0,0,0
190.890229620,0,1,0
190.890230980,0,1,1
190.890244860,0,0,1
190.890246080,0,0,0
190.908440890,1,0,0
190.915446720,0,0,0
190.915727970,0,1,0
190.915729250,0,1,1
190.915743130,0,0,1
190.915744460,0,0,0
190.933688660,1,0,0
190.940694830,0,0,0
190.940977590,0,1,0
190.940977730,0,1,1
190.940992780,0,0,1
190.940992940,0,0,0
190.959517080,1,0,0
190.966556740,0,0,0
190.966805380,0,0,1
190.966805920,0,1,1
190.966820540,0,1,0
190.966821020,0,0,0
190.985222100,1,0,0
190.992227830,0,0,0
190.992509150,0,1,0
190.992509460,0,1,1
190.992524330,0,0,1
190.992524690,0,0,0
191.009021070,1,0,0
191.016026800,0,0,0
191.016306090,0,1,0
191.016308030,0,1,1
191.016321250,0,0,1
191.016323170,0,0,0
191.034268300,1,0,0
191.041335420,0,0,0
191.041555860,0,1,0
191.041556340,0,1,1
191.041571040,0,0,1
191.041571590,0,0,0
191.060118490,1,0,0
191.067123090,0,0,0
191.067403420,0,1,0
191.067404860,0,1,1
191.067418680,0,0,1
191.067420090,0,0,0
191.085883570,1,0,0
191.092889760,0,0,0
191.093172640,0,1,0
191.093173280,0,1,1
191.093187830,0,0,1
191.093188550,0,0,0
191.111621470,1,0,0
191.118625740,0,0,0
191.118905800,0,0,1
191.118905890,0,1,1
191.118920970,0,0,0
191.137376450,1,0,0
191.144382400,0,0,0
191.144663660,0,1,0
191.144664070,0,1,1
191.144678740,0,0,1
191.144679320,0,0,0
191.161913340,1,0,0
191.168918960,0,0,0
191.169197280,0,0,1
191.169202870,0,1,1
191.169212490,0,1,0
191.169218160,0,0,0
191.185919100,1,0,0
191.192925350,0,0,0
191.193206060,0,0,1
191.193206220,0,1,1
191.193221320,0,0,0
191.210513840,1,0,0
191.217583760,0,0,0
191.217745030,0,1,0
191.217760280,0,0,0
191.217800140,0,0,1
191.217815350,0,0,0
191.235676970,1,0,0
191.242682800,0,0,0
191.242961610,0,1,0
191.242976840,0,0,0
191.243029370,0,0,1
191.243044510,0,0,0
191.261318130,1,0,0
191.268324030,0,0,0
191.268606320,0,1,0
191.268607100,0,1,1
191.268621480,0,0,1
191.268622270,0,0,0
191.287044110,1,0,0
191.294050260,0,0,0
191.294329710,0,1,0
191.294330540,0,1,1
191.294344920,0,0,1
191.294345750,0,0,0
191.312775800,1,0,0
191.319781720,0,0,0
191.320063070,0,1,0
191.320064290,0,1,1
191.320078330,0,0,1
191.320079560,0,0,0
191.336561130,1,0,0
191.343567330,0,0,0
191.343846380,0,0,1
191.343851500,0,1,1
191.343861600,0,1,0
191.343866690,0,0,0
191.362193360,1,0,0
191.369199520,0,0,0
191.369478980,0,1,0
191.369479860,0,1,1
191.369494140,0,0,1
191.369495120,0,0,0
191.385969050,1,0,0
191.392974950,0,0,0
191.393258270,0,1,0
191.393258360,0,1,1
191.393273480,0,1,0
191.393273580,0,0,0
191.411707030,1,0,0
191.418711490,0,0,0
191.418992820,0,0,1
191.418996540,0,1,1
191.419008110,0,1,0
191.419011770,0,0,0
191.437518830,1,0,0
191.444523130,0,0,0
191.444804120,0,1,0
191.444804820,0,1,1
191.444819410,0,0,1
191.444819960,0,0,0
191.463248310,1,0,0
191.470254360,0,0,0
191.470534440,0,0,1
191.470537040,0,1,1
191.470549500,0,1,0
191.470552160,0,0,0
191.487863220,1,0,0
191.494868840,0,0,0
191.495149100,0,1,0
191.495152940,0,1,1
191.495164220,0,0,1
191.495168190,0,0,0
191.511510270,1,0,0
191.518516220,0,0,0
191.518795300,0,0,1
191.518800080,0,1,1
191.518810480,0,1,0
191.518815200,0,0,0
191.535541740,1,0,0
191.542547760,0,0,0
191.542828430,0,1,0
191.542829700,0,1,1
191.542843620,0,0,1
191.542845050,0,0,0
191.561558660,1,0,0
191.568565030,0,0,0
191.568846950,0,1,0
191.568862160,0,0,0
191.568893380,0,0,1
191.568908610,0,0,0
191.585148630,1,0,0
191.592154600,0,0,0
191.592434350,0,1,0
191.592435640,0,1,1
191.592449470,0,0,1
191.592450820,0,0,0
191.610776380,1,0,0
191.617781290,0,0,0
191.618063660,0,1,0
191.618064260,0,1,1
191.618078840,0,0,1
191.618079470,0,0,0
191.636382420,1,0,0
191.643388620,0,0,0
191.643669610,0,1,0
191.643684840,0,0,0
191.643705850,0,0,1
191.643721010,0,0,0
191.660287450,1,0,0
191.667295800,0,0,0
191.667574360,0,1,0
191.667576550,0,1,1
191.667589480,0,0,1
191.667591780,0,0,0
191.686072760,1,0,0
191.693139990,0,0,0
191.693331590,0,1,0
191.693346860,0,0,0
191.693359290,0,0,1
191.693374600,0,0,0
191.711456820,1,0,0
191.718462970,0,0,0
191.718743640,0,0,1
191.718744590,0,1,1
191.718758830,0,1,0
191.718759730,0,0,0
191.737258390,1,0,0
191.744264180,0,0,0
191.744545670,0,1,0
191.744547140,0,1,1
191.744560850,0,0,1
191.744562410,0,0,0
191.762940720,1,0,0
191.769946780,0,0,0
191.770229000,0,1,0
191.770230540,0,1,1
191.770244140,0,0,1
191.770245720,0,0,0
191.788544580,1,0,0
191.795549010,0,0,0
191.795832370,0,1,0
191.795833960,0,1,1
191.795847490,0,0,1
191.795849140,0,0,0
191.814273910,1,0,0
191.821340180,0,0,0
191.821562440,0,0,1
191.821577600,0,0,0
191.821581990,0,1,0
191.821597240,0,0,0
191.839521300,1,0,0
191.846527410,0,0,0
191.846807660,0,1,0
191.846820230,0,1,1
191.846822820,0,0,1
191.846835480,0,0,0
191.864572410,1,0,0
191.871578630,0,0,0
191.871858400,0,0,1
191.871861430,0,1,1
191.871873540,0,1,0
191.871876590,0,0,0
191.889602760,1,0,0
191.896608770,0,0,0
191.896889820,0,1,0
191.896891750,0,1,1
191.896904990,0,0,1
191.896906980,0,0,0
191.915389550,1,0,0
191.922395500,0,0,0
191.922676020,0,0,1
191.922676840,0,1,1
191.922691230,0,1,0
191.922692130,0,0,0
191.940890090,1,0,0
191.947894790,0,0,0
191.948177530,0,1,0
191.948192670,0,0,0
191.948201480,0,0,1
191.948216600,0,0,0
191.966300190,1,0,0
191.973306400,0,0,0
191.973585380,0,0,1
191.973585750,0,1,1
191.973600520,0,1,0
191.973601000,0,0,0
191.990025600,1,0,0
191.997031320,0,0,0
191.997311340,0,0,1
191.997314300,0,1,1
191.997326580,0,1,0
191.997329440,0,0,0
192.016092930,1,0,0
192.023099060,0,0,0
192.023378730,0,0,1
192.023382630,0,1,1
192.023393920,0,1,0
192.023397770,0,0,0
192.041701410,1,0,0
192.048705870,0,0,0
192.048987210,0,0,1
192.048990060,0,1,1
192.049002360,0,1,0
192.049005220,0,0,0
192.067329370,1,0,0
192.074334930,0,0,0
192.074614250,0,1,0
192.074615110,0,1,1
192.074629540,0,0,1
192.074630320,0,0,0
192.091396880,1,0,0
192.098403030,0,0,0
192.098682000,0,1,0
192.098684960,0,1,1
192.098697080,0,0,1
192.098700130,0,0,0
192.116495690,1,0,0
192.123501790,0,0,0
192.123781200,0,1,0
192.123782240,0,1,1
192.123796350,0,0,1
192.123797260,0,0,0
192.141800590,1,0,0
192.148806650,0,0,0
192.149086880,0,0,1
192.149088620,0,1,1
192.149102150,0,1,0
192.149103820,0,0,0
192.166595440,1,0,0
192.173601480,0,0,0
192.173882740,0,1,0
192.173885260,0,1,1
192.173898010,0,0,1
192.173900400,0,0,0
192.192361560,1,0,0
192.199367270,0,0,0
192.199648700,0,0,1
192.199649990,0,1,1
192.199663880,0,1,0
192.199665050,0,0,0
192.217349600,1,0,0
192.224357910,0,0,0
192.224634610,0,1,0
192.224637030,0,1,1
192.224649800,0,0,1
192.224652320,0,0,0
192.242407290,1,0,0
192.249415320,0,0,0
192.249692170,0,1,0
192.249694700,0,1,1
192.249707440,0,0,1
192.249709950,0,0,0
192.267356140,1,0,0
192.274362170,0,0,0
192.274643820,0,0,1
192.274646280,0,1,1
192.274658950,0,1,0
192.274661650,0,0,0
192.292339970,1,0,0
192.299348520,0,0,0
192.299626510,0,0,1
192.299629520,0,1,1
192.299641680,0,1,0
192.299644690,0,0,0
192.318086880,1,0,0
192.325091380,0,0,0
192.325372270,0,1,0
192.325375720,0,1,1
192.325387440,0,0,1
192.325390890,0,0,0
192.344090240,1,0,0
192.351094510,0,0,0
192.351376440,0,1,0
192.351379160,0,1,1
192.351391680,0,0,1
192.351394320,0,0,0
192.369416970,1,0,0
192.376421510,0,0,0
192.376701430,0,0,1
192.376703660,0,1,1
192.376716640,0,1,0
192.376718780,0,0,0
192.395280800,1,0,0
192.402283820,0,0,0
192.402565060,0,0,1
192.402567470,0,1,1
192.402580280,0,1,0
192.402582700,0,0,0
192.420570950,1,0,0
192.427575460,0,0,0
192.427856720,0,1,0
192.427859350,0,1,1
192.427872010,0,0,1
192.427874470,0,0,0
192.446349340,1,0,0
192.453355190,0,0,0
192.453633990,0,1,0
192.453637980,0,1,1
192.453649210,0,0,1
192.453653140,0,0,0
192.472183470,1,0,0
192.479189550,0,0,0
192.479471410,0,0,1
192.479472300,0,1,1
192.479486640,0,1,0
192.479487550,0,0,0
192.497904620,1,0,0
192.504910800,0,0,0
192.505191820,0,1,0
192.505194670,0,1,1
192.505207000,0,0,1
192.505209850,0,0,0
192.522679510,1,0,0
192.529684980,0,0,0
192.529965190,0,1,0
192.529966980,0,1,1
192.529980290,0,0,1
192.529982160,0,0,0
192.547898480,1,0,0
192.554904480,0,0,0
192.555186600,0,0,1
192.555188480,0,1,1
192.555201750,0,1,0
192.555203660,0,0,0
192.572887830,1,0,0
192.579893730,0,0,0
192.580174980,0,0,1
192.580176040,0,1,1
192.580190170,0,1,0
192.580191200,0,0,0
192.597598060,1,0,0
192.604602780,0,0,0
192.604885270,0,1,0
192.604887610,0,1,1
192.604900500,0,0,1
192.604902920,0,0,0
192.623349250,1,0,0
192.630355280,0,0,0
192.630636820,0,0,1
192.630638520,0,1,1
192.630651980,0,1,0
192.630653720,0,0,0
192.648731700,1,0,0
192.655737780,0,0,0
192.656016910,0,1,0
192.656019150,0,1,1
192.656032140,0,0,1
192.656034380,0,0,0
192.672474690,1,0,0
192.679480960,0,0,0
192.679760580,0,1,0
192.679762280,0,1,1
192.679775820,0,0,1
192.679777560,0,0,0
192.697889960,1,0,0
192.704895400,0,0,0
192.705175980,0,0,1
192.705178720,0,1,1
192.705191230,0,1,0
192.705193970,0,0,0
192.723587550,1,0,0
192.730593580,0,0,0
192.730874570,0,0,1
192.730874720,0,1,1
192.730889750,0,1,0
192.730889990,0,0,0
192.747288930,1,0,0
192.754294800,0,0,0
192.754574640,0,1,0
192.754576280,0,1,1
192.754589800,0,0,1
192.754591500,0,0,0
192.772597640,1,0,0
192.779603700,0,0,0
192.779882820,0,1,0
192.779886200,0,1,1
192.779898050,0,0,1
192.779901400,0,0,0
192.798327050,1,0,0
192.805333300,0,0,0
192.805615740,0,0,1
192.805616280,0,1,1
192.805630920,0,1,0
192.805631380,0,0,0
192.823093940,1,0,0
192.830099960,0,0,0
192.830378050,0,0,1
192.830379630,0,1,1
192.830393300,0,1,0
192.830394800,0,0,0
192.846812680,1,0,0
192.853815640,0,0,0
192.854099110,0,1,0
192.854102720,0,1,1
192.854114380,0,0,1
192.854117860,0,0,0
192.871001990,1,0,0
192.878008000,0,0,0
192.878287320,0,1,0
192.878289970,0,1,1
192.878302610,0,0,1
192.878305090,0,0,0
192.896045710,1,0,0
192.903051600,0,0,0
192.903333170,0,1,0
192.903334490,0,1,1
192.903348420,0,0,1
192.903349720,0,0,0
192.921963210,1,0,0
192.928968920,0,0,0
192.929248980,0,1,0
192.929250410,0,1,1
192.929264190,0,0,1
192.929265700,0,0,0
192.947741590,1,0,0
192.954747860,0,0,0
192.955027390,0,1,0
192.955031350,0,1,1
192.955042600,0,0,1
192.955046590,0,0,0
192.973363030,1,0,0
192.980366190,0,0,0
192.980649680,0,0,1
192.980649850,0,1,1
192.980664890,0,1,0
192.980665010,0,0,0
192.999227490,1,0,0
193.006233480,0,0,0
193.006507850,0,1,0
193.006511680,0,1,1
193.006523010,0,0,1
193.006526780,0,0,0
193.024774280,1,0,0
193.031777020,0,0,0
193.032061430,0,1,0
193.032061540,0,1,1
193.032076680,0,1,0
193.032076720,0,0,0
193.049084940,1,0,0
193.056034810,0,0,0
193.056371070,0,1,0
193.056372220,0,1,1
193.056386320,0,0,1
193.056387450,0,0,0
193.074815370,1,0,0
193.081821430,0,0,0
193.082103250,0,0,1
193.082103510,0,1,1
193.082118450,0,1,0
193.082118630,0,0,0
193.100585350,1,0,0
193.107591080,0,0,0
193.107871730,0,0,1
193.107871960,0,1,1
193.107886930,0,1,0
193.107887230,0,0,0
193.124717780,1,0,0
193.131723840,0,0,0
193.132005040,0,0,1
193.132006110,0,1,1
193.132020180,0,1,0
193.132021210,0,0,0
193.150289890,1,0,0
193.157295610,0,0,0
193.157564130,0,1,0
193.157578290,0,1,1
193.157579340,0,0,1
193.157593410,0,0,0
193.175796820,1,0,0
193.182802780,0,0,0
193.183080980,0,0,1
193.183082830,0,1,1
193.183096180,0,1,0
193.183098100,0,0,0
193.200983260,1,0,0
193.207989340,0,0,0
193.208268670,0,1,0
193.208270350,0,1,1
193.208283870,0,0,1
193.208285520,0,0,0
193.226778070,1,0,0
193.233784010,0,0,0
193.234063710,0,0,1
193.234064640,0,1,1
193.234078830,0,1,0
193.234079830,0,0,0
193.252341840,1,0,0
193.259345050,0,0,0
193.259626080,0,0,1
193.259627040,0,1,1
193.259641270,0,1,0
193.259642350,0,0,0
193.276535590,1,0,0
193.283538640,0,0,0
193.283821470,0,1,0
193.283824940,0,1,1
193.283836550,0,0,1
193.283840170,0,0,0
193.300207550,1,0,0
193.307263150,0,0,0
193.307492590,0,0,1
193.307494870,0,1,1
193.307507900,0,1,0
193.307510070,0,0,0
193.324254520,1,0,0
193.331260620,0,0,0
193.331542060,0,1,0
193.331542520,0,1,1
193.331557280,0,0,1
193.331557670,0,0,0
193.349950210,1,0,0
193.356956420,0,0,0
193.357235110,0,0,1
193.357236470,0,1,1
193.357250340,0,1,0
193.357251700,0,0,0
193.374115430,1,0,0
193.381123410,0,0,0
193.381402180,0,1,0
193.381404280,0,1,1
193.381417340,0,0,1
193.381419520,0,0,0
193.400005870,1,0,0
193.407011970,0,0,0
193.407292220,0,1,0
193.407292760,0,1,1
193.407307360,0,0,1
193.407307860,0,0,0
193.423405780,1,0,0
193.430411730,0,0,0
193.430690340,0,1,0
193.430691030,0,1,1
193.430705510,0,0,1
193.430706300,0,0,0
193.447662460,1,0,0
193.454666760,0,0,0
193.454949110,0,1,0
193.454949470,0,1,1
193.454964380,0,0,1
193.454964590,0,0,0
193.473021750,1,0,0
193.480026200,0,0,0
193.480305380,0,0,1
193.480308240,0,1,1
193.480320510,0,1,0
193.480323480,0,0,0
193.498479100,1,0,0
193.505485140,0,0,0
193.505765450,0,0,1
193.505765710,0,1,1
193.505780710,0,1,0
193.505780940,0,0,0
193.522959260,1,0,0
193.529965340,0,0,0
193.530242550,0,1,0
193.530244700,0,1,1
193.530257770,0,0,1
193.530259900,0,0,0
193.547097580,1,0,0
193.554102080,0,0,0
193.554380680,0,0,1
193.554383380,0,1,1
193.554395700,0,1,0
193.554398650,0,0,0
193.571802540,1,0,0
193.578808780,0,0,0
193.579089300,0,1,0
193.579090640,0,1,1
193.579104460,0,0,1
193.579105780,0,0,0
193.597915520,1,0,0
193.604920160,0,0,0
193.605205090,0,0,1
193.605205170,0,1,1
193.605220280,0,1,0
193.605220390,0,0,0
193.622243320,1,0,0
193.629247780,0,0,0
193.629525990,0,0,1
193.629528500,0,1,1
193.629541200,0,1,0
193.629543730,0,0,0
193.647589700,1,0,0
193.654648590,0,0,0
193.654874440,0,1,0
193.654875890,0,1,1
193.654889580,0,0,1
193.654891070,0,0,0
193.673314140,1,0,0
193.680319990,0,0,0
193.680599310,0,1,0
193.680600310,0,1,1
193.680614470,0,0,1
193.680615570,0,0,0
193.699432260,1,0,0
193.706436720,0,0,0
193.706712350,0,0,1
193.706718680,0,1,1
193.706727510,0,1,0
193.706733930,0,0,0
193.724715580,1,0,0
193.731721130,0,0,0
193.732000990,0,1,0
193.732001160,0,1,1
193.732016220,0,0,1
193.732016260,0,0,0
193.750602060,1,0,0
193.757608160,0,0,0
193.757889700,0,0,1
193.757890340,0,1,1
193.757904990,0,1,0
193.757905570,0,0,0
193.776402870,1,0,0
193.783408850,0,0,0
193.783687710,0,1,0
193.783689060,0,1,1
193.783702960,0,0,1
193.783704310,0,0,0
193.801582450,1,0,0
193.808586930,0,0,0
193.808866390,0,0,1
193.808870690,0,1,1
193.808881620,0,1,0
193.808885940,0,0,0
193.827696640,1,0,0
193.834702820,0,0,0
193.834984190,0,1,0
193.834985810,0,1,1
193.834999460,0,0,1
193.835001020,0,0,0
193.851350420,1,0,0
193.858356270,0,0,0
193.858638350,0,0,1
193.858638960,0,1,1
193.858653620,0,1,0
193.858654250,0,0,0
193.875704960,1,0,0
193.882713830,0,0,0
193.882992150,0,1,0
193.882992770,0,1,1
193.883007350,0,0,1
193.883008020,0,0,0
193.900824180,1,0,0
193.907830160,0,0,0
193.908110600,0,1,0
193.908110870,0,1,1
193.908125790,0,0,1
193.908126120,0,0,0
193.926438680,1,0,0
193.933444950,0,0,0
193.933723440,0,0,1
193.933728850,0,1,1
193.933738600,0,1,0
193.933744050,0,0,0
193.951785850,1,0,0
193.958791570,0,0,0
193.959073040,0,0,1
193.959088210,0,0,0
193.959135950,0,1,0
193.959151110,0,0,0
193.975777300,1,0,0
193.982783130,0,0,0
193.983065760,0,1,0
193.983066230,0,1,1
193.983080950,0,0,1
193.983081480,0,0,0
194.001118090,1,0,0
194.008124120,0,0,0
194.008403790,0,0,1
194.008404030,0,1,1
194.008418920,0,1,0
194.008419260,0,0,0
194.025381720,1,0,0
194.032387620,0,0,0
194.032667380,0,0,1
194.032667640,0,1,1
194.032682500,0,1,0
194.032682860,0,0,0
194.050899510,1,0,0
194.057905550,0,0,0
194.058150860,0,0,1
194.058166020,0,0,0
194.058185880,0,1,0
194.058201050,0,0,0
194.076677120,1,0,0
194.083683370,0,0,0
194.083964130,0,1,0
194.083964820,0,1,1
194.083979290,0,0,1
194.083980060,0,0,0
194.100591260,1,0,0
194.107597440,0,0,0
194.107876670,0,1,0
194.107878300,0,1,1
194.107891920,0,0,1
194.107893400,0,0,0
194.124389040,1,0,0
194.131394970,0,0,0
194.131669610,0,1,0
194.131676170,0,1,1
194.131684760,0,0,1
194.131691340,0,0,0
194.150214980,1,0,0
194.157173800,0,0,0
194.157504190,0,1,0
194.157504340,0,1,1
194.157519440,0,0,1
194.157519570,0,0,0
194.173839630,1,0,0
194.180845690,0,0,0
194.181127730,0,1,0
194.181128670,0,1,1
194.181142940,0,0,1
194.181143900,0,0,0
194.199684050,1,0,0
194.206689960,0,0,0
194.206968560,0,1,0
194.206969690,0,1,1
194.206983790,0,0,1
194.206984860,0,0,0
194.225459220,1,0,0
194.232464960,0,0,0
194.232744330,0,1,0
194.232745530,0,1,1
194.232759500,0,0,1
194.232760760,0,0,0
194.249227180,1,0,0
194.256235780,0,0,0
194.256512730,0,1,0
194.256513950,0,1,1
194.256528000,0,0,1
194.256529110,0,0,0
194.275105870,1,0,0
194.282110740,0,0,0
194.282391330,0,1,0
194.282406490,0,0,0
194.282458200,0,0,1
194.282473420,0,0,0
194.300376250,1,0,0
194.307382050,0,0,0
194.307662100,0,1,0
194.307665740,0,1,1
194.307677220,0,0,1
194.307680900,0,0,0
194.324097980,1,0,0
194.331106380,0,0,0
194.331381700,0,0,1
194.331386950,0,1,1
194.331396860,0,1,0
194.331402070,0,0,0
194.349853130,1,0,0
194.356857650,0,0,0
194.357138740,0,1,0
194.357153840,0,0,0
194.357206640,0,0,1
194.357221700,0,0,0
194.373704470,1,0,0
194.380710490,0,0,0
194.380989550,0,1,0
194.380990070,0,1,1
194.381004780,0,0,1
194.381005280,0,0,0
194.398851800,1,0,0
194.405856260,0,0,0
194.406137950,0,1,0
194.406138160,0,1,1
194.406153180,0,0,1
194.406153430,0,0,0
194.422582000,1,0,0
194.429649700,0,0,0
194.429871490,0,1,0
194.429871830,0,1,1
194.429886740,0,0,1
194.429887070,0,0,0
194.448295540,1,0,0
194.455301580,0,0,0
194.455581100,0,0,1
194.455584880,0,1,1
194.455596340,0,1,0
194.455600110,0,0,0
194.472077510,1,0,0
194.479083670,0,0,0
194.479363240,0,1,0
194.479364510,0,1,1
194.479378510,0,0,1
194.479379680,0,0,0
194.496969030,1,0,0
194.503974590,0,0,0
194.504242530,0,1,0
194.504257690,0,0,0
194.504257890,0,0,1
194.504273140,0,0,0
194.522607860,1,0,0
194.529614060,0,0,0
194.529894900,0,1,0
194.529895600,0,1,1
194.529910000,0,0,1
194.529910660,0,0,0
194.546863370,1,0,0
194.553866660,0,0,0
194.554149910,0,0,1
194.554152460,0,1,1
194.554165010,0,1,0
194.554167690,0,0,0
194.570377210,1,0,0
194.577383060,0,0,0
194.577663230,0,0,1
194.577666840,0,1,1
194.577678330,0,1,0
194.577681940,0,0,0
194.596123150,1,0,0
194.603127630,0,0,0
194.603408590,0,1,0
194.603410390,0,1,1
194.603423810,0,0,1
194.603425600,0,0,0
194.621521940,1,0,0
194.628528000,0,0,0
194.628808480,0,1,0
194.628808710,0,1,1
194.628823710,0,0,1
194.628823930,0,0,0
194.646765920,1,0,0
194.653769020,0,0,0
194.654050750,0,1,0
194.654051120,0,1,1
194.654065990,0,0,1
194.654066370,0,0,0
194.671388890,1,0,0
194.678394780,0,0,0
194.678674230,0,1,0
194.678676000,0,1,1
194.678689390,0,0,1
194.678691180,0,0,0
194.696966660,1,0,0
194.703972640,0,0,0
194.704251200,0,1,0
194.704254620,0,1,1
194.704266410,0,0,1
194.704269810,0,0,0
194.722430180,1,0,0
194.729436340,0,0,0
194.729716910,0,1,0
194.729717580,0,1,1
194.729732110,0,0,1
194.729732810,0,0,0
194.748105830,1,0,0
194.755112010,0,0,0
194.755392230,0,0,1
194.755407370,0,0,0
194.755435470,0,1,0
194.755450650,0,0,0
194.772106840,1,0,0
194.779111290,0,0,0
194.779392800,0,1,0
194.779394190,0,1,1
194.779407920,0,0,1
194.779409500,0,0,0
194.797777960,1,0,0
194.804783540,0,0,0
194.805063080,0,0,1
194.805067010,0,1,1
194.805078310,0,1,0
194.805082210,0,0,0
194.823596010,1,0,0
194.830602130,0,0,0
194.830882540,0,0,1
194.830884460,0,1,1
194.830897730,0,1,0
194.830899730,0,0,0
194.849392170,1,0,0
194.856397610,0,0,0
194.856678830,0,1,0
194.856680810,0,1,1
194.856694080,0,0,1
194.856696040,0,0,0
194.875121780,1,0,0
194.882124750,0,0,0
194.882407100,0,1,0
194.882409250,0,1,1
194.882422310,0,0,1
194.882424520,0,0,0
194.899725250,1,0,0
194.906731390,0,0,0
194.907009180,0,1,0
194.907011900,0,1,1
194.907024450,0,0,1
194.907027080,0,0,0
194.925651750,1,0,0
194.932657460,0,0,0
194.932936200,0,1,0
194.932941150,0,1,1
194.932951410,0,0,1
194.932956250,0,0,0
194.950672420,1,0,0
194.957678830,0,0,0
194.957957190,0,0,1
194.957957240,0,1,1
194.957972440,0,1,0
194.957972530,0,0,0
194.974836950,1,0,0
194.981843130,0,0,0
194.982124840,0,1,0
194.982139970,0,0,0
194.982182440,0,0,1
194.982197670,0,0,0
194.998520270,1,0,0
195.005523310,0,0,0
195.005804030,0,0,1
195.005808970,0,1,1
195.005819170,0,1,0
195.005824130,0,0,0
195.023345390,1,0,0
195.030351570,0,0,0
195.030629800,0,1,0
195.030633550,0,1,1
195.030645090,0,0,1
195.030648710,0,0,0
195.047743360,1,0,0
195.054801090,0,0,0
195.055030740,0,1,0
195.055033420,0,1,1
195.055045930,0,0,1
195.055048500,0,0,0
195.073500640,1,0,0
195.080506760,0,0,0
195.080784110,0,0,1
195.080788970,0,1,1
195.080799380,0,1,0
195.080804300,0,0,0
195.099550720,1,0,0
195.106557110,0,0,0
195.106837650,0,1,0
195.106839050,0,1,1
195.106852960,0,0,1
195.106854300,0,0,0
195.123422630,1,0,0
195.130428520,0,0,0
195.130708590,0,0,1
195.130710860,0,1,1
195.130723710,0,1,0
195.130726060,0,0,0
195.148763440,1,0,0
195.155769370,0,0,0
195.156048270,0,1,0
195.156050420,0,1,1
195.156063420,0,0,1
195.156065630,0,0,0
195.173918750,1,0,0
195.180923330,0,0,0
195.181204030,0,0,1
195.181207710,0,1,1
195.181219280,0,1,0
195.181222810,0,0,0
195.199794900,1,0,0
195.206800930,0,0,0
195.207081060,0,1,0
195.207082650,0,1,1
195.207096310,0,0,1
195.207097900,0,0,0
195.224021620,1,0,0
195.231027550,0,0,0
195.231306200,0,0,1
195.231308410,0,1,1
195.231321490,0,1,0
195.231323510,0,0,0
195.249090610,1,0,0
195.256096440,0,0,0
195.256377850,0,1,0
195.256380800,0,1,1
195.256393060,0,0,1
195.256396050,0,0,0
195.274767950,1,0,0
195.281773880,0,0,0
195.282053780,0,0,1
195.282056140,0,1,1
195.282068880,0,1,0
195.282071390,0,0,0
195.300198900,1,0,0
195.307205000,0,0,0
195.307484470,0,1,0
195.307487430,0,1,1
195.307499570,0,0,1
195.307502650,0,0,0
195.326094680,1,0,0
195.333100820,0,0,0
195.333379990,0,0,1
195.333382840,0,1,1
195.333395180,0,1,0
195.333398030,0,0,0
195.351792070,1,0,0
195.358798210,0,0,0
195.359077870,0,0,1
195.359080250,0,1,1
195.359093110,0,1,0
195.359095420,0,0,0
195.377451010,1,0,0
195.384455300,0,0,0
195.384737780,0,0,1
195.384738580,0,1,1
195.384752930,0,1,0
195.384753870,0,0,0
195.402163320,1,0,0
195.409167790,0,0,0
195.409453000,0,1,0
195.409468100,0,0,0
195.409516410,0,0,1
195.409531680,0,0,0
195.425840200,1,0,0
195.432846490,0,0,0
195.433125640,0,1,0
195.433129660,0,1,1
195.433140910,0,0,1
195.433144720,0,0,0
195.451574740,1,0,0
195.458581070,0,0,0
195.458862040,0,1,0
195.458862970,0,1,1
195.458877330,0,0,1
195.458878280,0,0,0
195.477042660,1,0,0
195.484048970,0,0,0
195.484312600,0,0,1
195.484325580,0,1,1
195.484327820,0,1,0
195.484340720,0,0,0
195.501254590,1,0,0
195.508262980,0,0,0
195.508540600,0,1,0
195.508543390,0,1,1
195.508555700,0,0,1
195.508558640,0,0,0
195.526910380,1,0,0
195.533916610,0,0,0
195.534198180,0,0,1
195.534199870,0,1,1
195.534213430,0,1,0
195.534215170,0,0,0
195.550589330,1,0,0
195.557595240,0,0,0
195.557876700,0,0,1
195.557877370,0,1,1
195.557892010,0,1,0
195.557892510,0,0,0
195.576261370,1,0,0
195.583265720,0,0,0
195.583545740,0,1,0
195.583549930,0,1,1
195.583565120,0,1,0
195.583626340,0,0,0
195.602209000,1,0,0
195.609215040,0,0,0
195.609494980,0,1,0
195.609498390,0,1,1
195.609510320,0,0,1
195.609513620,0,0,0
195.626402200,1,0,0
195.633408320,0,0,0
195.633688280,0,1,0
195.633691060,0,1,1
195.633703460,0,0,1
195.633706280,0,0,0
195.650217020,1,0,0
195.657219980,0,0,0
195.657505430,0,0,1
195.657505840,0,1,1
195.657520680,0,1,0
195.657521040,0,0,0
195.674084910,1,0,0
195.681090690,0,0,0
195.681372980,0,0,1
195.681375210,0,1,1
195.681388290,0,1,0
195.681390400,0,0,0
195.699755550,1,0,0
195.706765970,0,0,0
195.707042100,0,0,1
195.707043500,0,1,1
195.707057270,0,1,0
195.707058770,0,0,0
195.725191530,1,0,0
195.732197260,0,0,0
195.732476670,0,1,0
195.732477960,0,1,1
195.732491830,0,0,1
195.732493080,0,0,0
195.748939580,1,0,0
195.755945850,0,0,0
195.756228870,0,0,1
195.756230480,0,1,1
195.756244060,0,1,0
195.756245620,0,0,0
195.774803170,1,0,0
195.781809640,0,0,0
195.782092370,0,0,1
195.782092520,0,1,1
195.782107660,0,1,0
195.782107720,0,0,0
195.800301580,1,0,0
195.807307200,0,0,0
195.807586240,0,1,0
195.807589540,0,1,1
195.807601530,0,0,1
195.807604810,0,0,0
195.824085700,1,0,0
195.831091880,0,0,0
195.831372740,0,1,0
195.831387970,0,0,0
195.831437920,0,0,1
195.831453140,0,0,0
195.847929190,1,0,0
195.854935270,0,0,0
195.855216690,0,0,1
195.855218770,0,1,1
195.855231750,0,1,0
195.855234010,0,0,0
195.871928930,1,0,0
195.878935360,0,0,0
195.879213480,0,0,1
195.879217290,0,1,1
195.879228680,0,1,0
195.879232470,0,0,0
195.895614250,1,0,0
195.902620240,0,0,0
195.902899620,0,1,0
195.902904520,0,1,1
195.902914830,0,0,1
195.902919710,0,0,0
195.921399460,1,0,0
195.928405560,0,0,0
195.928686560,0,0,1
195.928687970,0,1,1
195.928701830,0,1,0
195.928703140,0,0,0
195.946432450,1,0,0
195.953438390,0,0,0
195.953721210,0,0,1
195.953722160,0,1,1
195.953736460,0,1,0
195.953737280,0,0,0
195.970946530,1,0,0
195.977952800,0,0,0
195.978234750,0,0,1
195.978235590,0,1,1
195.978250040,0,1,0
195.978250860,0,0,0
195.996708010,1,0,0
196.003714050,0,0,0
196.003993840,0,1,0
196.003995540,0,1,1
196.004009020,0,0,1
196.004010750,0,0,0
196.020641770,1,0,0
196.027647390,0,0,0
196.027927260,0,1,0
196.027930380,0,1,1
196.027942460,0,0,1
196.027945560,0,0,0
196.046369290,1,0,0
196.053375020,0,0,0
196.053654920,0,1,1
196.053669980,0,0,1
196.053670120,0,0,0
196.072194690,1,0,0
196.079200910,0,0,0
196.079481480,0,1,0
196.079481960,0,1,1
196.079496770,0,0,1
196.079497250,0,0,0
196.097249080,1,0,0
196.104253660,0,0,0
196.104536840,0,0,1
196.104537640,0,1,1
196.104552150,0,1,0
196.104552890,0,0,0
196.121516340,1,0,0
196.128524630,0,0,0
196.128792290,0,1,0
196.128802590,0,1,1
196.128807410,0,0,1
196.128817850,0,0,0
196.145349810,1,0,0
196.152355890,0,0,0
196.152638440,0,0,1
196.152639250,0,1,1
196.152653770,0,1,0
196.152654540,0,0,0
196.171113350,1,0,0
196.178119410,0,0,0
196.178401020,0,0,1
196.178402560,0,1,1
196.178416290,0,1,0
196.178417840,0,0,0
196.196813600,1,0,0
196.203795620,0,0,0
196.204099720,0,1,0
196.204100420,0,1,1
196.204114920,0,0,1
196.204115670,0,0,0
196.222679080,1,0,0
196.229684890,0,0,0
196.229966300,0,0,1
196.229969340,0,1,1
196.229981440,0,1,0
196.229984630,0,0,0
196.248400560,1,0,0
196.255406160,0,0,0
196.255686300,0,0,1
196.255686750,0,1,1
196.255701540,0,1,0
196.255702000,0,0,0
196.272440490,1,0,0
196.279446590,0,0,0
196.279723800,0,1,0
196.279730550,0,1,1
196.279738860,0,0,1
196.279745730,0,0,0
196.298195970,1,0,0
196.305202130,0,0,0
196.305481920,0,1,0
196.305482710,0,1,1
196.305497080,0,0,1
196.305497940,0,0,0
196.321860150,1,0,0
196.328866180,0,0,0
196.329147590,0,0,1
196.329147860,0,1,1
196.329162730,0,1,0
196.329163060,0,0,0
196.346492350,1,0,0
196.353512590,0,0,0
196.353778340,0,0,1
196.353780310,0,1,1
196.353793500,0,1,0
196.353795410,0,0,0
196.372260700,1,0,0
196.379266490,0,0,0
196.379546800,0,0,1
196.379549560,0,1,1
196.379562020,0,1,0
196.379564700,0,0,0
196.397984970,1,0,0
196.404991050,0,0,0
196.405272650,0,0,1
196.405272890,0,1,1
196.405287820,0,1,0
196.405288070,0,0,0
196.421742150,1,0,0
196.428748440,0,0,0
196.429031170,0,0,1
196.429031410,0,1,1
196.429046320,0,1,0
196.429046600,0,0,0
196.447455630,1,0,0
196.454460400,0,0,0
196.454741970,0,1,0
196.454743720,0,1,1
196.454757220,0,0,1
196.454758940,0,0,0
196.473106170,1,0,0
196.480111980,0,0,0
196.480390670,0,1,0
196.480391920,0,1,1
196.480405780,0,0,1
196.480407130,0,0,0
196.498690210,1,0,0
196.505696100,0,0,0
196.505976400,0,1,0
196.505976570,0,1,1
196.505991540,0,0,1
196.505991730,0,0,0
196.522309180,1,0,0
196.529315110,0,0,0
196.529594820,0,1,0
196.529598800,0,1,1
196.529609940,0,0,1
196.529614110,0,0,0
196.547372510,1,0,0
196.554378770,0,0,0
196.554658050,0,1,0
196.554658380,0,1,1
196.554673250,0,0,1
196.554673550,0,0,0
196.573080970,1,0,0
196.580089380,0,0,0
196.580365590,0,0,1
196.580366540,0,1,1
196.580380880,0,1,0
196.580381750,0,0,0
196.597356540,1,0,0
196.604362450,0,0,0
196.604644080,0,1,0
196.604644920,0,1,1
196.604659410,0,0,1
196.604660070,0,0,0
196.623100870,1,0,0
196.630107100,0,0,0
196.630387080,0,1,0
196.630388610,0,1,1
196.630402270,0,0,1
196.630403780,0,0,0
196.648808390,1,0,0
196.655814470,0,0,0
196.656096110,0,0,1
196.656096720,0,1,1
196.656111300,0,1,0
196.656111910,0,0,0
196.674399680,1,0,0
196.681402640,0,0,0
196.681684890,0,1,0
196.681685200,0,1,1
196.681700130,0,0,1
196.681700490,0,0,0
196.700113480,1,0,0
196.707119580,0,0,0
196.707402490,0,1,0
196.707417610,0,0,0
196.707436380,0,0,1
196.707451590,0,0,0
196.725651100,1,0,0
196.732657490,0,0,0
196.732936240,0,0,1
196.732936780,0,1,1
196.732951400,0,1,0
196.732951980,0,0,0
196.750131530,1,0,0
196.757136000,0,0,0
196.757420210,0,1,0
196.757420740,0,1,1
196.757435400,0,0,1
196.757435880,0,0,0
196.775481110,1,0,0
196.782487150,0,0,0
196.782768110,0,0,1
196.782768610,0,1,1
196.782783280,0,1,0
196.782783830,0,0,0
196.800824210,1,0,0
196.807830460,0,0,0
196.808110870,0,1,0
196.808111490,0,1,1
196.808126080,0,0,1
196.808126670,0,0,0
196.826201250,1,0,0
196.833207250,0,0,0
196.833489330,0,1,0
196.833489930,0,1,1
196.833504620,0,0,1
196.833505200,0,0,0
196.852281900,1,0,0
196.859287730,0,0,0
196.859567660,0,1,0
196.859569200,0,1,1
196.859582950,0,0,1
196.859584380,0,0,0
196.875681840,1,0,0
196.882687820,0,0,0
196.882967890,0,0,1
196.882972030,0,1,1
196.882983170,0,1,0
196.882987180,0,0,0
196.901476680,1,0,0
196.908480920,0,0,0
196.908764820,0,0,1
196.908780030,0,0,0
196.908830930,0,1,0
196.908846070,0,0,0
196.927277160,1,0,0
196.934283300,0,0,0
196.934563760,0,1,0
196.934564510,0,1,1
196.934578920,0,0,1
196.934579700,0,0,0
196.953124840,1,0,0
196.960130880,0,0,0
196.960412170,0,1,0
196.960413070,0,1,1
196.960427420,0,0,1
196.960428280,0,0,0
196.976800580,1,0,0
196.983805080,0,0,0
196.984083780,0,0,1
196.984089520,0,1,1
196.984098990,0,1,0
196.984104730,0,0,0
197.002722750,1,0,0
197.009728730,0,0,0
197.010008690,0,1,0
197.010009680,0,1,1
197.010023980,0,0,1
197.010024780,0,0,0
197.026570140,1,0,0
197.033585050,0,0,0
197.033865820,0,0,1
197.033866350,0,1,1
197.033880970,0,1,0
197.033881580,0,0,0
197.050344310,1,0,0
197.057350560,0,0,0
197.057628100,0,1,0
197.057631600,0,1,1
197.057643290,0,0,1
197.057646760,0,0,0
197.073838530,1,0,0
197.080844610,0,0,0
197.081124160,0,0,1
197.081129020,0,1,1
197.081139300,0,1,0
197.081144270,0,0,0
197.097712520,1,0,0
197.104718850,0,0,0
197.104998490,0,0,1
197.105002460,0,1,1
197.105013610,0,1,0
197.105017710,0,0,0
197.121519450,1,0,0
197.128525550,0,0,0
197.128805690,0,1,0
197.128806700,0,1,1
197.128820890,0,0,1
197.128821910,0,0,0
197.146672900,1,0,0
197.153679110,0,0,0
197.153959050,0,0,1
197.153959080,0,1,1
197.153974160,0,1,0
197.153974330,0,0,0
197.172397940,1,0,0
197.179402230,0,0,0
197.179679970,0,1,0
197.179683620,0,1,1
197.179695240,0,0,1
197.179698760,0,0,0
197.198319460,1,0,0
197.205325630,0,0,0
197.205604370,0,0,1
197.205606010,0,1,1
197.205619530,0,1,0
197.205621200,0,0,0
197.222422480,1,0,0
197.229431010,0,0,0
197.229706640,0,1,0
197.229709640,0,1,1
197.229721880,0,0,1
197.229724780,0,0,0
197.246177260,1,0,0
197.253183460,0,0,0
197.253460180,0,1,0
197.253463870,0,1,1
197.253475340,0,0,1
197.253479070,0,0,0
197.270517540,1,0,0
197.277522350,0,0,0
197.277805950,0,1,0
197.277807350,0,1,1
197.277821110,0,0,1
197.277822450,0,0,0
197.296207150,1,0,0
197.303213060,0,0,0
197.303494400,0,1,0
197.303495830,0,1,1
197.303509630,0,0,1
197.303510950,0,0,0
197.320572370,1,0,0
197.327578070,0,0,0
197.327857760,0,1,0
197.327859200,0,1,1
197.327872980,0,0,1
197.327874220,0,0,0
197.346241570,1,0,0
197.353247570,0,0,0
197.353525230,0,1,0
197.353526640,0,1,1
197.353540440,0,0,1
197.353541910,0,0,0
197.370468250,1,0,0
197.377474710,0,0,0
197.377753480,0,1,0
197.377756030,0,1,1
197.377768730,0,0,1
197.377771180,0,0,0
197.396221750,1,0,0
197.403226230,0,0,0
197.403507030,0,0,1
197.403508040,0,1,1
197.403522320,0,1,0
197.403523100,0,0,0
197.421603730,1,0,0
197.428609890,0,0,0
197.428890200,0,1,0
197.428892870,0,1,1
197.428905370,0,0,1
197.428908070,0,0,0
197.446436730,1,0,0
197.453445760,0,0,0
197.453723780,0,0,1
197.453738840,0,0,0
197.453786310,0,1,0
197.453801470,0,0,0
197.470606050,1,0,0
197.477610650,0,0,0
197.477892990,0,1,0
197.477893760,0,1,1
197.477908140,0,0,1
197.477908870,0,0,0
197.494760080,1,0,0
197.501765730,0,0,0
197.502045600,0,1,0
197.502048100,0,1,1
197.502060820,0,0,1
197.502063370,0,0,0
197.520714380,1,0,0
197.527720710,0,0,0
197.528001370,0,0,1
197.528004590,0,1,1
197.528016530,0,1,0
197.528019800,0,0,0
197.546405380,1,0,0
197.553411500,0,0,0
197.553691860,0,1,0
197.553694890,0,1,1
197.553707040,0,0,1
197.553710050,0,0,0
197.572132210,1,0,0
197.579138000,0,0,0
197.579417120,0,0,1
197.579421480,0,1,1
197.579432200,0,1,0
197.579436650,0,0,0
197.596648180,1,0,0
197.603653990,0,0,0
197.603933900,0,1,0
197.603936680,0,1,1
197.603949140,0,0,1
197.603951780,0,0,0
197.622441580,1,0,0
197.629447760,0,0,0
197.629727230,0,1,0
197.629729180,0,1,1
197.629742480,0,0,1
197.629744430,0,0,0
197.646824570,1,0,0
197.653830510,0,0,0
197.654111750,0,1,0
197.654113470,0,1,1
197.654126950,0,0,1
197.654128700,0,0,0
197.672536130,1,0,0
197.679542130,0,0,0
197.679821990,0,0,1
197.679823970,0,1,1
197.679837180,0,1,0
197.679839120,0,0,0
197.696824250,1,0,0
197.703830210,0,0,0
197.704110390,0,0,1
197.704113370,0,1,1
197.704125700,0,1,0
197.704128660,0,0,0
197.722618420,1,0,0
197.729621500,0,0,0
197.729906740,0,1,0
197.729908910,0,1,1
197.729921960,0,0,1
197.729924070,0,0,0
197.748284190,1,0,0
197.755292410,0,0,0
197.755569070,0,1,0
197.755572430,0,1,1
197.755584360,0,0,1
197.755587570,0,0,0
197.772092490,1,0,0
197.779098320,0,0,0
197.779378380,0,1,0
197.779380700,0,1,1
197.779393480,0,0,1
197.779395870,0,0,0
197.795906060,1,0,0
197.802912270,0,0,0
197.803189320,0,1,0
197.803192910,0,1,1
197.803204590,0,0,1
197.803208180,0,0,0
197.819758490,1,0,0
197.826764780,0,0,0
197.827044240,0,1,0
197.827047580,0,1,1
197.827059570,0,0,1
197.827062850,0,0,0
197.843537960,1,0,0
197.850543790,0,0,0
197.850823490,0,1,0
197.850824580,0,1,1
197.850838770,0,0,1
197.850839780,0,0,0
197.869317670,1,0,0
197.876363310,0,0,0
197.876604510,0,0,1
197.876606060,0,1,1
197.876619700,0,1,0
197.876621270,0,0,0
197.893094180,1,0,0
197.900100300,0,0,0
197.900379290,0,1,0
197.900381850,0,1,1
197.900394460,0,0,1
197.900397140,0,0,0
197.916976420,1,0,0
197.923982160,0,0,0
197.924263730,0,1,0
197.924266220,0,1,1
197.924278980,0,0,1
197.924281370,0,0,0
197.940811090,1,0,0
197.947817050,0,0,0
197.948097080,0,1,0
197.948098220,0,1,1
197.948112330,0,0,1
197.948113390,0,0,0
197.965346690,1,0,0
197.972350600,0,0,0
197.972633060,0,0,1
197.972634560,0,1,1
197.972648350,0,1,0
197.972649730,0,0,0
197.990516540,1,0,0
197.997525140,0,0,0
197.997802930,0,1,0
197.997805580,0,1,1
197.997818270,0,0,1
197.997820760,0,0,0
198.013950530,1,0,0
198.020959400,0,0,0
198.021237140,0,1,0
198.021239890,0,1,1
198.021252350,0,0,1
198.021254970,0,0,0
198.037861330,1,0,0
198.044867430,0,0,0
198.045148290,0,0,1
198.045150390,0,1,1
198.045163530,0,1,0
198.045165540,0,0,0
198.063679140,1,0,0
198.070685330,0,0,0
198.070963810,0,1,0
198.070965430,0,1,1
198.070979080,0,0,1
198.070980660,0,0,0
198.087293460,1,0,0
198.094301650,0,0,0
198.094580080,0,0,1
198.094581410,0,1,1
198.094595370,0,1,0
198.094596740,0,0,0
198.113584950,1,0,0
198.120591030,0,0,0
198.120870760,0,1,0
198.120872240,0,1,1
198.120886010,0,0,1
198.120887430,0,0,0
198.138867730,1,0,0
198.145872380,0,0,0
198.146154030,0,1,0
198.146155740,0,1,1
198.146169230,0,0,1
198.146170950,0,0,0
198.163110930,1,0,0
198.170116930,0,0,0
198.170395010,0,1,0
198.170400410,0,1,1
198.170410110,0,0,1
198.170415550,0,0,0
198.188142200,1,0,0
198.195148550,0,0,0
198.195427470,0,0,1
198.195428190,0,1,1
198.195442720,0,1,0
198.195443400,0,0,0
198.213515700,1,0,0
198.220519530,0,0,0
198.220802180,0,0,1
198.220804190,0,1,1
198.220817390,0,1,0
198.220819420,0,0,0
198.239336550,1,0,0
198.246342360,0,0,0
198.246622540,0,1,0
198.246624470,0,1,1
198.246637790,0,0,1
198.246639680,0,0,0
198.265214050,1,0,0
198.272219990,0,0,0
198.272500760,0,1,0
198.272516050,0,0,0
198.272534140,0,0,1
198.272549470,0,0,0
198.289086750,1,0,0
198.296092770,0,0,0
198.296371370,0,0,1
198.296371810,0,1,1
198.296386570,0,1,0
198.296387100,0,0,0
198.314115210,1,0,0
198.321121330,0,0,0
198.321400850,0,0,1
198.321402740,0,1,1
198.321416160,0,1,0
198.321417950,0,0,0
198.338124570,1,0,0
198.345128960,0,0,0
198.345409740,0,1,0
198.345413240,0,1,1
198.345424910,0,0,1
198.345428410,0,0,0
198.362084890,1,0,0
198.369090910,0,0,0
198.369371810,0,0,1
198.369374320,0,1,1
198.369386950,0,1,0
198.369389490,0,0,0
198.387975230,1,0,0
198.394981480,0,0,0
198.395262960,0,1,0
198.395278150,0,0,0
198.395326120,0,0,1
198.395341280,0,0,0
198.412037640,1,0,0
198.419043990,0,0,0
198.419324600,0,0,1
198.419326130,0,1,1
198.419339820,0,1,0
198.419341340,0,0,0
198.437643070,1,0,0
198.444645990,0,0,0
198.444929460,0,1,0
198.444933010,0,1,1
198.444944630,0,0,1
198.444948100,0,0,0
198.463170660,1,0,0
198.470176530,0,0,0
198.470453930,0,0,1
198.470456960,0,1,1
198.470469070,0,1,0
198.470472210,0,0,0
198.487895550,1,0,0
198.494899940,0,0,0
198.495181330,0,1,0
198.495182100,0,1,1
198.495196560,0,0,1
198.495197300,0,0,0
198.513276060,1,0,0
198.520282210,0,0,0
198.520563260,0,0,1
198.520563620,0,1,1
198.520578600,0,1,0
198.520578830,0,0,0
198.538377160,1,0,0
198.545381600,0,0,0
198.545662260,0,1,0
198.545665580,0,1,1
198.545677370,0,0,1
198.545680700,0,0,0
198.564100020,1,0,0
198.571167680,0,0,0
198.571385510,0,1,0
198.571389950,0,1,1
198.571400670,0,0,1
198.571405140,0,0,0
198.587901550,1,0,0
198.594907710,0,0,0
198.595186030,0,0,1
198.595189860,0,1,1
198.595201220,0,1,0
198.595205070,0,0,0
198.613706970,1,0,0
198.620712780,0,0,0
198.620990410,0,0,1
198.620992220,0,1,1
198.621005620,0,1,0
198.621007400,0,0,0
198.637608960,1,0,0
198.644614870,0,0,0
198.644893940,0,1,0
198.644895220,0,1,1
198.644909070,0,0,1
198.644910490,0,0,0
198.663402390,1,0,0
198.670406810,0,0,0
198.670686060,0,0,1
198.670689940,0,1,1
198.670701220,0,1,0
198.670705210,0,0,0
198.687437490,1,0,0
198.694443610,0,0,0
198.694723290,0,1,0
198.694726060,0,1,1
198.694738540,0,0,1
198.694741160,0,0,0
198.712337210,1,0,0
198.719343080,0,0,0
198.719624600,0,0,1
198.719625330,0,1,1
198.719639780,0,1,0
198.719640430,0,0,0
198.736084060,1,0,0
198.743088370,0,0,0
198.743369920,0,1,0
198.743373990,0,1,1
198.743385160,0,0,1
198.743389180,0,0,0
198.760989200,1,0,0
198.767992210,0,0,0
198.768276600,0,0,1
198.768291840,0,0,0
198.768296830,0,1,0
198.768312160,0,0,0
198.785616130,1,0,0
198.792620710,0,0,0
198.792901870,0,1,0
198.792904850,0,1,1
198.792917120,0,0,1
198.792919990,0,0,0
198.811408110,1,0,0
198.818411040,0,0,0
198.818692890,0,0,1
198.818695050,0,1,1
198.818708160,0,1,0
198.818710180,0,0,0
198.835169330,1,0,0
198.842173930,0,0,0
198.842457720,0,0,1
198.842458510,0,1,1
198.842472930,0,1,0
198.842473640,0,0,0
198.858820210,1,0,0
198.865826000,0,0,0
198.866104780,0,0,1
198.866106010,0,1,1
198.866120050,0,1,0
198.866121240,0,0,0
198.882693490,1,0,0
198.889699320,0,0,0
198.889979280,0,0,1
198.889979390,0,1,1
198.889994410,0,1,0
198.889994680,0,0,0
198.906408710,1,0,0
198.913415020,0,0,0
198.913696930,0,0,1
198.913697660,0,1,1
198.913712220,0,1,0
198.913712860,0,0,0
198.932263440,1,0,0
198.939269600,0,0,0
198.939551220,0,0,1
198.939552110,0,1,1
198.939566550,0,1,0
198.939567230,0,0,0
198.957989250,1,0,0
198.964995500,0,0,0
198.965273600,0,0,1
198.965275440,0,1,1
198.965288880,0,1,0
198.965290630,0,0,0
198.983060350,1,0,0
198.990063450,0,0,0
198.990346340,0,1,0
198.990347100,0,1,1
198.990361520,0,0,1
198.990362280,0,0,0
199.008779430,1,0,0
199.015785470,0,0,0
199.016066310,0,1,0
199.016066530,0,1,1
199.016081560,0,0,1
199.016081630,0,0,0
199.032775550,1,0,0
199.039781650,0,0,0
199.040064210,0,1,0
199.040064950,0,1,1
199.040079370,0,0,1
199.040080030,0,0,0
199.056119720,1,0,0
199.063126050,0,0,0
199.063407010,0,0,1
199.063408810,0,1,1
199.063422200,0,1,0
199.063423950,0,0,0
199.080750050,1,0,0
199.087755690,0,0,0
199.088035870,0,1,0
199.088036840,0,1,1
199.088051040,0,0,1
199.088052090,0,0,0
199.104378230,1,0,0
199.111383950,0,0,0
199.111665180,0,0,1
199.111665500,0,1,1
199.111680260,0,1,0
199.111680660,0,0,0
199.129942250,1,0,0
199.136946870,0,0,0
199.137228680,0,0,1
199.137228990,0,1,1
199.137243950,0,1,0
199.137244260,0,0,0
199.154185170,1,0,0
199.161189590,0,0,0
199.161471140,0,1,0
199.161472050,0,1,1
199.161486320,0,0,1
199.161487220,0,0,0
199.178805250,1,0,0
199.185864160,0,0,0
199.186094870,0,1,0
199.186095680,0,1,1
199.186110110,0,0,1
199.186110880,0,0,0
199.204455960,1,0,0
199.211462060,0,0,0
199.211741450,0,0,1
199.211756680,0,0,0
199.211809570,0,1,0
199.211824800,0,0,0
199.230104170,1,0,0
199.237109930,0,0,0
199.237392220,0,0,1
199.237392300,0,1,1
199.237407470,0,1,0
199.237407610,0,0,0
199.255793190,1,0,0
199.262797640,0,0,0
199.263079900,0,1,0
199.263080660,0,1,1
199.263095080,0,0,1
199.263095820,0,0,0
199.281401270,1,0,0
199.288407490,0,0,0
199.288688190,0,1,0
199.288689180,0,1,1
199.288703480,0,0,1
199.288704380,0,0,0
199.307193140,1,0,0
199.314192530,0,0,0
199.314479820,0,0,1
199.314480100,0,1,1
199.314495200,0,1,0
199.314495350,0,0,0
199.332374060,1,0,0
199.339380140,0,0,0
199.339661050,0,0,1
199.339661160,0,1,1
199.339676170,0,1,0
199.339676490,0,0,0
199.358071580,1,0,0
199.365076720,0,0,0
199.365358510,0,0,1
199.365359340,0,1,1
199.365373820,0,1,0
199.365374570,0,0,0
199.383767030,1,0,0
199.390771320,0,0,0
199.391051320,0,1,0
199.391052840,0,1,1
199.391066610,0,0,1
199.391068050,0,0,0
199.409216800,1,0,0
199.416222820,0,0,0
199.416506150,0,1,0
199.416506180,0,1,1
199.416521280,0,1,0
199.416521400,0,0,0
199.434879180,1,0,0
199.441885230,0,0,0
199.442168580,0,1,0
199.442183770,0,0,0
199.442235010,0,0,1
199.442250280,0,0,0
199.458468850,1,0,0
199.465477310,0,0,0
199.465756800,0,0,1
199.465757870,0,1,1
199.465772030,0,1,0
199.465773100,0,0,0
199.484103830,1,0,0
199.491109820,0,0,0
199.491391310,0,1,0
199.491391490,0,1,1
199.491406530,0,0,1
199.491406690,0,0,0
199.509666890,1,0,0
199.516673030,0,0,0
199.516954550,0,1,0
199.516969840,0,0,0
199.517020510,0,0,1
199.517035670,0,0,0
199.538791720,1,0,0
199.545799970,0,0,0
199.546077170,0,1,0
199.546077360,0,1,1
199.546092310,0,0,1
199.546092550,0,0,0
199.564427180,1,0,0
199.571432820,0,0,0
199.571713580,0,1,0
199.571715820,0,1,1
199.571728750,0,0,1
199.571730960,0,0,0
199.588215020,1,0,0
199.595217950,0,0,0
199.595502190,0,1,0
199.595505070,0,1,1
199.595517430,0,0,1
199.595520360,0,0,0
199.613110600,1,0,0
199.620116720,0,0,0
199.620395600,0,1,0
199.620398280,0,1,1
199.620410760,0,0,1
199.620413510,0,0,0
199.638290640,1,0,0
199.645296670,0,0,0
199.645576490,0,1,0
199.645576900,0,1,1
199.645591660,0,0,1
199.645592030,0,0,0
199.663215050,1,0,0
199.670218480,0,0,0
199.670504820,0,1,0
199.670505360,0,1,1
199.670520090,0,0,1
199.670520590,0,0,0
199.688537420,1,0,0
199.695543330,0,0,0
199.695821260,0,0,1
199.695823320,0,1,1
199.695836380,0,1,0
199.695838550,0,0,0
199.714003520,1,0,0
199.721009640,0,0,0
199.721288960,0,1,0
199.721292090,0,1,1
199.721304150,0,0,1
199.721307250,0,0,0
199.739054930,1,0,0
199.746059680,0,0,0
199.746339900,0,0,1
199.746345130,0,1,1
199.746355090,0,1,0
199.746360310,0,0,0
199.764407350,1,0,0
199.771413280,0,0,0
199.771693270,0,1,0
199.771694090,0,1,1
199.771708440,0,0,1
199.771709380,0,0,0
199.788311460,1,0,0
199.795317410,0,0,0
199.795595830,0,1,0
199.795597530,0,1,1
199.795611170,0,0,1
199.795612770,0,0,0
199.814069750,1,0,0
199.821075770,0,0,0
199.821352430,0,1,0
199.821356050,0,1,1
199.821367560,0,0,1
199.821436860,0,0,0
199.838728850,1,0,0
199.845734530,0,0,0
199.846014380,0,0,1
199.846018450,0,1,1
199.846029540,0,1,0
199.846033580,0,0,0
199.862272670,1,0,0
199.869277170,0,0,0
199.869559190,0,0,1
199.869560930,0,1,1
199.869574440,0,1,0
199.869576220,0,0,0
199.886412790,1,0,0
199.893415970,0,0,0
199.893698910,0,1,0
199.893700280,0,1,1
199.893714050,0,0,1
199.893715480,0,0,0
199.911999890,1,0,0
199.919005840,0,0,0
199.919287030,0,0,1
199.919288450,0,1,1
199.919302270,0,1,0
199.919303650,0,0,0
199.937440180,1,0,0
199.944445960,0,0,0
199.944726690,0,1,0
199.944727070,0,1,1
199.944741920,0,0,1
199.944742130,0,0,0
199.963212260,1,0,0
199.970218400,0,0,0
199.970500610,0,0,1
199.970515860,0,0,0
199.970564570,0,1,0
199.970579810,0,0,0
199.988584720,1,0,0
199.995589790,0,0,0
199.995872750,0,1,0
199.995874710,0,1,1
199.995888000,0,0,1
199.995889920,0,0,0
200.014272480,1,0,0
200.021278590,0,0,0
200.021558230,0,0,1
200.021561120,0,1,1
200.021573500,0,1,0
200.021576330,0,0,0
200.039210860,1,0,0
200.046184890,0,0,0
200.046495860,0,0,1
200.046499490,0,1,1
200.046511110,0,1,0
200.046514740,0,0,0
200.064924040,1,0,0
200.071929470,0,0,0
200.072204160,0,1,0
200.072210070,0,1,1
200.072219380,0,0,1
200.072225330,0,0,0
200.089866870,1,0,0
200.096872720,0,0,0
200.097153670,0,0,1
200.097157150,0,1,1
200.097168850,0,1,0
200.097172340,0,0,0
200.115399200,1,0,0
200.122405300,0,0,0
200.122685530,0,1,0
200.122686590,0,1,1
200.122700630,0,0,1
200.122701810,0,0,0
200.139232110,1,0,0
200.146238060,0,0,0
200.146516340,0,1,0
200.146519250,0,1,1
200.146531480,0,0,1
200.146534400,0,0,0
200.163328220,1,0,0
200.170334360,0,0,0
200.170617300,0,1,0
200.170617960,0,1,1
200.170632460,0,0,1
200.170633150,0,0,0
200.188400990,1,0,0
200.195407000,0,0,0
200.195687150,0,0,1
200.195689770,0,1,1
200.195702330,0,1,0
200.195705000,0,0,0
200.214218470,1,0,0
200.221224380,0,0,0
200.221504060,0,1,0
200.221505650,0,1,1
200.221519220,0,0,1
200.221520870,0,0,0
200.239835090,1,0,0
200.246839610,0,0,0
200.247121430,0,1,0
200.247123980,0,1,1
200.247136570,0,0,1
200.247139290,0,0,0
200.265665740,1,0,0
200.272671790,0,0,0
200.272950570,0,1,0
200.272952290,0,1,1
200.272965820,0,0,1
200.272967500,0,0,0
200.290734770,1,0,0
200.297740870,0,0,0
200.298019830,0,0,1
200.298021610,0,1,1
200.298035080,0,1,0
200.298036760,0,0,0
200.314872260,1,0,0
200.321878160,0,0,0
200.322159020,0,0,1
200.322162340,0,1,1
200.322174270,0,1,0
200.322177420,0,0,0
200.340704810,1,0,0
200.347710740,0,0,0
200.347990020,0,1,0
200.347992630,0,1,1
200.348005190,0,0,1
200.348007830,0,0,0
200.366452510,1,0,0
200.373458220,0,0,0
200.373738250,0,1,0
200.373740940,0,1,1
200.373753480,0,0,1
200.373756190,0,0,0
200.391933740,1,0,0
200.398952170,0,0,0
200.399218520,0,0,1
200.399222520,0,1,1
200.399233810,0,1,0
200.399237680,0,0,0
200.417632180,1,0,0
200.424638150,0,0,0
200.424900050,0,1,0
200.424915180,0,0,0
200.424917120,0,0,1
200.424932270,0,0,0
200.443393760,1,0,0
200.450401920,0,0,0
200.450679340,0,1,0
200.450680350,0,1,1
200.450694550,0,0,1
200.450695480,0,0,0
200.468833720,1,0,0
200.475842400,0,0,0
200.476119870,0,0,1
200.476120030,0,1,1
200.476135040,0,1,0
200.476135230,0,0,0
200.494661400,1,0,0
200.501667280,0,0,0
200.501948290,0,0,1
200.501950940,0,1,1
200.501963410,0,1,0
200.501966290,0,0,0
200.518244350,1,0,0
200.525253100,0,0,0
200.525529040,0,0,1
200.525534420,0,1,1
200.525544220,0,1,0
200.525549710,0,0,0
200.542204050,1,0,0
200.549206650,0,0,0
200.549490060,0,0,1
200.549491940,0,1,1
200.549505250,0,1,0
200.549507080,0,0,0
200.566780750,1,0,0
200.573786750,0,0,0
200.574067500,0,0,1
200.574071170,0,1,1
200.574082640,0,1,0
200.574086350,0,0,0
200.592495440,1,0,0
200.599501220,0,0,0
200.599780790,0,0,1
200.599784600,0,1,1
200.599795970,0,1,0
200.599799810,0,0,0
200.616676820,1,0,0
200.623682970,0,0,0
200.623962950,0,1,0
200.623965270,0,1,1
200.623978140,0,0,1
200.623980410,0,0,0
200.642407550,1,0,0
200.649412260,0,0,0
200.649692790,0,0,1
200.649696360,0,1,1
200.649707930,0,1,0
200.649711530,0,0,0
200.668191530,1,0,0
200.675197400,0,0,0
200.675479510,0,1,0
200.675482060,0,1,1
200.675494780,0,0,1
200.675497160,0,0,0
200.691809330,1,0,0
200.698815310,0,0,0
200.699094310,0,0,1
200.699098150,0,1,1
200.699109510,0,1,0
200.699113490,0,0,0
200.715746470,1,0,0
200.722752400,0,0,0
200.723033080,0,0,1
200.723036400,0,1,1
200.723048260,0,1,0
200.723051590,0,0,0
200.741442550,1,0,0
200.748445710,0,0,0
200.748729770,0,1,0
200.748731330,0,1,1
200.748745000,0,0,1
200.748746600,0,0,0
200.766793030,1,0,0
200.773799440,0,0,0
200.774080700,0,0,1
200.774082250,0,1,1
200.774095970,0,1,0
200.774097580,0,0,0
200.791926380,1,0,0
200.798932480,0,0,0
200.799214100,0,0,1
200.799216660,0,1,1
200.799229320,0,1,0
200.799231890,0,0,0
200.817673650,1,0,0
200.824679850,0,0,0
200.824957410,0,1,0
200.824962560,0,1,1
200.824972700,0,0,1
200.824977700,0,0,0
200.841744390,1,0,0
200.848750490,0,0,0
200.849028260,0,0,1
200.849033220,0,1,1
200.849043450,0,1,0
200.849048550,0,0,0
200.867443430,1,0,0
200.874511070,0,0,0
200.874729240,0,0,1
200.874731720,0,1,1
200.874744430,0,1,0
200.874746960,0,0,0
200.893199950,1,0,0
200.900206090,0,0,0
200.900475940,0,1,0
200.900477780,0,1,1
200.900491090,0,0,1
200.900492910,0,0,0
200.916822750,1,0,0
200.923828600,0,0,0
200.924108280,0,1,0
200.924111180,0,1,1
200.924123380,0,0,1
200.924126340,0,0,0
200.941779020,1,0,0
200.948785570,0,0,0
200.949066670,0,1,0
200.949069700,0,1,1
200.949081880,0,0,1
200.949084950,0,0,0
200.966810470,1,0,0
200.973813530,0,0,0
200.974098090,0,0,1
200.974100250,0,1,1
200.974113380,0,1,0
200.974115480,0,0,0
200.992573530,1,0,0
200.999581940,0,0,0
200.999858950,0,0,1
200.999860890,0,1,1
200.999874150,0,1,0
200.999876160,0,0,0
201.018410200,1,0,0
201.025416320,0,0,0
201.025695970,0,1,0
201.025699910,0,1,1
201.025711240,0,0,1
201.025715050,0,0,0
201.043760360,1,0,0
201.050827730,0,0,0
201.051046950,0,0,1
201.051049050,0,1,1
201.051062090,0,1,0
201.051064340,0,0,0
201.068193230,1,0,0
201.075199120,0,0,0
201.075477740,0,1,0
201.075479300,0,1,1
201.075492900,0,0,1
201.075494420,0,0,0
201.093578350,1,0,0
201.100584160,0,0,0
201.100863840,0,0,1
201.100866980,0,1,1
201.100878980,0,1,0
201.100882210,0,0,0
201.119195810,1,0,0
201.126201720,0,0,0
201.126483530,0,0,1
201.126485360,0,1,1
201.126498780,0,1,0
201.126500560,0,0,0
201.144557240,1,0,0
201.151561620,0,0,0
201.151843500,0,1,0
201.151846090,0,1,1
201.151858770,0,0,1
201.151861270,0,0,0
201.168629860,1,0,0
201.175638130,0,0,0
201.175915530,0,0,1
201.175916330,0,1,1
201.175930690,0,1,0
201.175931560,0,0,0
201.193351440,1,0,0
201.200418620,0,0,0
201.200637590,0,0,1
201.200639790,0,1,1
201.200652840,0,1,0
201.200654820,0,0,0
201.219081040,1,0,0
201.226083700,0,0,0
201.226347630,0,0,1
201.226356950,0,1,1
201.226362860,0,1,0
201.226372170,0,0,0
201.243650660,1,0,0
201.250657130,0,0,0
201.250935800,0,0,1
201.250937170,0,1,1
201.250951020,0,1,0
201.250952360,0,0,0
201.269547010,1,0,0
201.276552740,0,0,0
201.276831690,0,0,1
201.276835630,0,1,1
201.276846960,0,1,0
201.276850770,0,0,0
201.295345050,1,0,0
201.302350880,0,0,0
201.302632480,0,0,1
201.302634020,0,1,1
201.302647650,0,1,0
201.302649250,0,0,0
201.321113700,1,0,0
201.328119720,0,0,0
201.328400980,0,0,1
201.328401410,0,1,1
201.328416130,0,1,0
201.328416680,0,0,0
201.346845820,1,0,0
201.353849300,0,0,0
201.354133540,0,0,1
201.354135870,0,1,1
201.354148730,0,1,0
201.354151010,0,0,0
201.372427140,1,0,0
201.379433150,0,0,0
201.379710460,0,0,1
201.379713130,0,1,1
201.379725670,0,1,0
201.379728260,0,0,0
201.397355510,1,0,0
201.404359920,0,0,0
201.404641080,0,0,1
201.404642510,0,1,1
201.404656230,0,1,0
201.404657690,0,0,0
201.423051840,1,0,0
201.430058100,0,0,0
201.430339600,0,0,1
201.430340000,0,1,1
201.430354850,0,1,0
201.430355170,0,0,0
201.447233450,1,0,0
201.454239070,0,0,0
201.454519330,0,1,0
201.454523040,0,1,1
201.454534540,0,0,1
201.454538390,0,0,0
201.472471240,1,0,0
201.479477260,0,0,0
201.479757710,0,1,0
201.479758920,0,1,1
201.479772910,0,0,1
201.479774140,0,0,0
201.498584140,1,0,0
201.505590130,0,0,0
201.505869940,0,0,1
201.505871060,0,1,1
201.505885080,0,1,0
201.505886120,0,0,0
201.522454040,1,0,0
201.529458690,0,0,0
201.529736850,0,1,0
201.529742480,0,1,1
201.529752140,0,0,1
201.529757620,0,0,0
201.548118540,1,0,0
201.555123080,0,0,0
201.555406750,0,0,1
201.555406950,0,1,1
201.555421970,0,1,0
201.555422200,0,0,0
201.573881920,1,0,0
201.580887930,0,0,0
201.581170290,0,0,1
201.581171070,0,1,1
201.581185540,0,1,0
201.581186190,0,0,0
201.599690170,1,0,0
201.606696180,0,0,0
201.606976120,0,0,1
201.606978770,0,1,1
201.606991290,0,1,0
201.606994000,0,0,0
201.625365130,1,0,0
201.632373330,0,0,0
201.632650810,0,0,1
201.632652620,0,1,1
201.632666100,0,1,0
201.632667850,0,0,0
201.650166600,1,0,0
201.657172590,0,0,0
201.657455230,0,1,0
201.657455390,0,1,1
201.657470330,0,0,1
201.657470620,0,0,0
201.676028040,1,0,0
201.683034410,0,0,0
201.683313870,0,0,1
201.683314410,0,1,1
201.683329120,0,1,0
201.683329680,0,0,0
201.700191820,1,0,0
201.707200480,0,0,0
201.707474540,0,0,1
201.707477030,0,1,1
201.707489740,0,1,0
201.707492260,0,0,0
201.725916150,1,0,0
201.732922290,0,0,0
201.733204790,0,0,1
201.733205150,0,1,1
201.733220030,0,1,0
201.733220360,0,0,0
201.750043850,1,0,0
201.757049830,0,0,0
201.757329800,0,1,0
201.757333990,0,1,1
201.757345000,0,0,1
201.757349260,0,0,0
201.774653340,1,0,0
201.781659420,0,0,0
201.781895700,0,0,1
201.781910950,0,0,0
201.781940710,0,1,0
201.782021230,0,0,0
201.798498810,1,0,0
201.805505000,0,0,0
201.805784910,0,0,1
201.805786500,0,1,1
201.805800140,0,1,0
201.805801730,0,0,0
201.822560720,1,0,0
201.829569050,0,0,0
201.829848860,0,1,0
201.829864020,0,0,0
201.829911350,0,0,1
201.829926510,0,0,0
201.848307360,1,0,0
201.855313360,0,0,0
201.855590710,0,1,0
201.855592720,0,1,1
201.855605950,0,0,1
201.855607840,0,0,0
201.873986130,1,0,0
201.880992320,0,0,0
201.881275680,0,1,0
201.881276200,0,1,1
201.881290870,0,0,1
201.881291410,0,0,0
201.899589530,1,0,0
201.906595460,0,0,0
201.906873680,0,0,1
201.906873950,0,1,1
201.906888780,0,1,0
201.906889180,0,0,0
201.925228880,1,0,0
201.932233060,0,0,0
201.932517420,0,1,0
201.932517930,0,1,1
201.932532670,0,0,1
201.932533220,0,0,0
201.950831110,1,0,0
201.957835830,0,0,0
201.958116710,0,1,0
201.958131810,0,0,0
201.958143530,0,0,1
201.958158740,0,0,0
201.976561380,1,0,0
201.983564190,0,0,0
201.983849920,0,1,0
201.983850070,0,1,1
201.983865190,0,0,1
201.983865240,0,0,0
202.002378900,1,0,0
202.009385210,0,0,0
202.009668400,0,0,1
202.009668430,0,1,1
202.009683570,0,1,0
202.009683640,0,0,0
202.026261310,1,0,0
202.033267370,0,0,0
202.033546010,0,0,1
202.033546750,0,1,1
202.033561260,0,1,0
202.033561990,0,0,0
202.050838110,1,0,0
202.057844090,0,0,0
202.058125010,0,1,0
202.058125170,0,1,1
202.058140160,0,0,1
202.058140400,0,0,0
202.076690340,1,0,0
202.083696360,0,0,0
202.083978590,0,1,0
202.083978670,0,1,1
202.083993760,0,0,1
202.083993900,0,0,0
202.102327050,1,0,0
202.109332960,0,0,0
202.109611960,0,1,0
202.109616960,0,1,1
202.109627230,0,0,1
202.109632250,0,0,0
202.128049840,1,0,0
202.135054290,0,0,0
202.135333860,0,1,0
202.135335440,0,1,1
202.135349000,0,0,1
202.135350710,0,0,0
202.154962640,1,0,0
202.161968900,0,0,0
202.162246270,0,1,0
202.162247590,0,1,1
202.162261390,0,0,1
202.162262710,0,0,0
202.180585390,1,0,0
202.187591490,0,0,0
202.187852940,0,0,1
202.187868190,0,0,0
202.187871910,0,1,0
202.187887140,0,0,0
202.205755280,1,0,0
202.212761320,0,0,0
202.213044590,0,1,0
202.213045800,0,1,1
202.213059800,0,0,1
202.213060940,0,0,0
202.230713630,1,0,0
202.237719810,0,0,0
202.237996400,0,0,1
202.238002760,0,1,1
202.238011630,0,1,0
202.238017920,0,0,0
202.255582140,1,0,0
202.262588140,0,0,0
202.262871110,0,1,0
202.262872520,0,1,1
202.262886230,0,0,1
202.262887730,0,0,0
202.280697810,1,0,0
202.287703450,0,0,0
202.287984630,0,1,0
202.287985960,0,1,1
202.287999920,0,0,1
202.288001150,0,0,0
202.305762140,1,0,0
202.312768650,0,0,0
202.313048400,0,0,1
202.313048850,0,1,1
202.313063540,0,1,0
202.313063910,0,0,0
202.330690260,1,0,0
202.337692940,0,0,0
202.337976660,0,1,0
202.337977630,0,1,1
202.337991850,0,0,1
202.337992790,0,0,0
202.355787690,1,0,0
202.362793520,0,0,0
202.363073220,0,1,0
202.363076230,0,1,1
202.363088410,0,0,1
202.363091500,0,0,0
202.381436960,1,0,0
202.388442980,0,0,0
202.388724030,0,1,0
202.388724670,0,1,1
202.388739150,0,0,1
202.388739870,0,0,0
202.407075440,1,0,0
202.414081310,0,0,0
202.414361460,0,1,0
202.414363020,0,1,1
202.414376630,0,0,1
202.414378250,0,0,0
202.432784210,1,0,0
202.439790120,0,0,0
202.440069270,0,1,0
202.440071310,0,1,1
202.440084420,0,0,1
202.440086450,0,0,0
202.458053080,1,0,0
202.465057990,0,0,0
202.465339040,0,0,1
202.465339190,0,1,1
202.465354270,0,1,0
202.465354410,0,0,0
202.483363290,1,0,0
202.490369280,0,0,0
202.490650710,0,0,1
202.490652450,0,1,1
202.490665830,0,1,0
202.490667660,0,0,0
202.508995050,1,0,0
202.516001180,0,0,0
202.516280830,0,1,0
202.516281750,0,1,1
202.516296070,0,0,1
202.516296970,0,0,0
202.534761600,1,0,0
202.541780200,0,0,0
202.542049150,0,1,0
202.542050140,0,1,1
202.542064300,0,0,1
202.542065350,0,0,0
202.560218990,1,0,0
202.567222280,0,0,0
202.567507290,0,0,1
202.567507530,0,1,1
202.567522510,0,1,0
202.567522750,0,0,0
202.584202650,1,0,0
202.591207140,0,0,0
202.591490860,0,1,0
202.591491850,0,1,1
202.591506040,0,0,1
202.591506970,0,0,0
202.609861750,1,0,0
202.616867560,0,0,0
202.617148580,0,1,0
202.617150350,0,1,1
202.617163770,0,0,1
202.617165600,0,0,0
202.635182410,1,0,0
202.642188350,0,0,0
202.642467510,0,0,1
202.642482720,0,0,0
202.642490560,0,1,0
202.642505830,0,0,0
202.661246690,1,0,0
202.668252490,0,0,0
202.668533430,0,1,0
202.668548720,0,0,0
202.668597950,0,0,1
202.668613010,0,0,0
202.686537450,1,0,0
202.693543370,0,0,0
202.693824470,0,1,0
202.693825580,0,1,1
202.693839650,0,0,1
202.693840760,0,0,0
202.712302640,1,0,0
202.719308590,0,0,0
202.719586490,0,0,1
202.719587690,0,1,1
202.719601740,0,1,0
202.719602880,0,0,0
202.738074640,1,0,0
202.745080780,0,0,0
202.745360250,0,1,0
202.745362590,0,1,1
202.745375370,0,0,1
202.745377880,0,0,0
202.763370800,1,0,0
202.770376700,0,0,0
202.770660090,0,0,1
202.770675320,0,0,0
202.770724830,0,1,0
202.770740060,0,0,0
202.787179560,1,0,0
202.794183710,0,0,0
202.794466830,0,1,0
202.794468300,0,1,1
202.794482010,0,0,1
202.794483570,0,0,0
202.812892600,1,0,0
202.819898620,0,0,0
202.820180370,0,1,0
202.820182700,0,1,1
202.820195630,0,0,1
202.820197920,0,0,0
202.838259770,1,0,0
202.845262760,0,0,0
202.845546050,0,0,1
202.845561300,0,0,0
202.845601800,0,1,0
202.845617070,0,0,0
202.863955640,1,0,0
202.870960100,0,0,0
202.871243090,0,1,0
202.871244470,0,1,1
202.871258400,0,0,1
202.871259610,0,0,0
202.889614890,1,0,0
202.896617780,0,0,0
202.896901460,0,1,0
202.896903050,0,1,1
202.896916620,0,0,1
202.896918320,0,0,0
202.915285430,1,0,0
202.922291530,0,0,0
202.922571190,0,0,1
202.922574960,0,1,1
202.922586380,0,1,0
202.922590180,0,0,0
202.940662810,1,0,0
202.947668970,0,0,0
202.947947220,0,1,0
202.947949690,0,1,1
202.947962430,0,0,1
202.947964820,0,0,0
202.966297550,1,0,0
202.973302150,0,0,0
202.973580800,0,0,1
202.973586530,0,1,1
202.973596040,0,1,0
202.973601800,0,0,0
202.992182740,1,0,0
202.999189050,0,0,0
202.999469800,0,1,0
202.999471500,0,1,1
202.999484960,0,0,1
202.999486670,0,0,0
203.017810720,1,0,0
203.024813760,0,0,0
203.025098270,0,1,0
203.025099860,0,1,1
203.025113400,0,0,1
203.025115060,0,0,0
203.043523050,1,0,0
203.050529280,0,0,0
203.050808340,0,0,1
203.050811600,0,1,1
203.050823460,0,1,0
203.050826770,0,0,0
203.069219950,1,0,0
203.076227530,0,0,0
203.076504930,0,1,0
203.076506920,0,1,1
203.076520220,0,0,1
203.076522150,0,0,0
203.093348520,1,0,0
203.100353410,0,0,0
203.100633200,0,1,0
203.100635130,0,1,1
203.100648470,0,0,1
203.100650310,0,0,0
203.118491540,1,0,0
203.125497680,0,0,0
203.125774200,0,1,0
203.125778750,0,1,1
203.125789280,0,0,1
203.125793890,0,0,0
203.144231580,1,0,0
203.151237280,0,0,0
203.151517760,0,1,0
203.151522040,0,1,1
203.151532960,0,0,1
203.151537290,0,0,0
203.169722060,1,0,0
203.176727890,0,0,0
203.177009120,0,0,1
203.177024350,0,0,0
203.177066130,0,1,0
203.177081310,0,0,0
203.195769370,1,0,0
203.202775350,0,0,0
203.203056850,0,1,0
203.203057710,0,1,1
203.203071970,0,0,1
203.203072930,0,0,0
203.220583220,1,0,0
203.227591720,0,0,0
203.227870200,0,1,0
203.227872160,0,1,1
203.227885390,0,0,1
203.227887430,0,0,0
203.246207840,1,0,0
203.253212510,0,0,0
203.253493580,0,1,0
203.253495680,0,1,1
203.253508650,0,0,1
203.253510890,0,0,0
203.271872930,1,0,0
203.278878960,0,0,0
203.279157890,0,0,1
203.279161970,0,1,1
203.279172990,0,1,0
203.279177130,0,0,0
203.297597380,1,0,0
203.304605840,0,0,0
203.304882540,0,0,1
203.304885190,0,1,1
203.304897640,0,1,0
203.304900380,0,0,0
203.323337900,1,0,0
203.330340980,0,0,0
203.330623850,0,1,0
203.330624580,0,1,1
203.330639100,0,0,1
203.330639830,0,0,0
203.348930380,1,0,0
203.355936670,0,0,0
203.356216140,0,1,0
203.356219390,0,1,1
203.356231350,0,0,1
203.356234550,0,0,0
203.374564860,1,0,0
203.381570880,0,0,0
203.381847930,0,1,0
203.381852760,0,1,1
203.381863120,0,0,1
203.381867930,0,0,0
203.400185090,1,0,0
203.407190020,0,0,0
203.407471220,0,0,1
203.407473760,0,1,1
203.407486410,0,1,0
203.407488920,0,0,0
203.425763800,1,0,0
203.432769690,0,0,0
203.433049450,0,0,1
203.433052170,0,1,1
203.433064640,0,1,0
203.433067400,0,0,0
203.451236480,1,0,0
203.458242460,0,0,0
203.458522260,0,0,1
203.458524770,0,1,1
203.458537510,0,1,0
203.458540020,0,0,0
203.477280670,1,0,0
203.484286770,0,0,0
203.484566510,0,0,1
203.484568810,0,1,1
203.484581720,0,1,0
203.484584060,0,0,0
203.502721670,1,0,0
203.509727560,0,0,0
203.510006390,0,1,0
203.510009970,0,1,1
203.510021570,0,0,1
203.510025130,0,0,0
203.528424020,1,0,0
203.535430230,0,0,0
203.535710590,0,1,0
203.535713280,0,1,1
203.535725840,0,0,1
203.535728400,0,0,0
203.554189790,1,0,0
203.561195850,0,0,0
203.561476650,0,0,1
203.561479130,0,1,1
203.561491840,0,1,0
203.561494250,0,0,0
203.579849270,1,0,0
203.586855310,0,0,0
203.587135360,0,0,1
203.587136420,0,1,1
203.587150650,0,1,0
203.587151600,0,0,0
203.605583210,1,0,0
203.612589160,0,0,0
203.612868340,0,0,1
203.612871000,0,1,1
203.612883480,0,1,0
203.612886120,0,0,0
203.631296520,1,0,0
203.638301350,0,0,0
203.638583240,0,1,0
203.638586900,0,1,1
203.638598450,0,0,1
203.638602070,0,0,0
203.657062020,1,0,0
203.664060200,0,0,0
203.664346280,0,1,0
203.664349030,0,1,1
203.664361420,0,0,1
203.664364210,0,0,0
203.682437310,1,0,0
203.689443550,0,0,0
203.689723650,0,0,1
203.689725030,0,1,1
203.689738840,0,1,0
203.689740110,0,0,0
203.708734040,1,0,0
203.715742330,0,0,0
203.716019290,0,1,0
203.716020860,0,1,1
203.716034540,0,0,1
203.716036060,0,0,0
203.734125720,1,0,0
203.741131740,0,0,0
203.741410330,0,1,0
203.741414840,0,1,1
203.741425490,0,0,1
203.741430040,0,0,0
203.758862780,1,0,0
203.765868550,0,0,0
203.766148170,0,0,1
203.766149790,0,1,1
203.766163370,0,1,0
203.766165050,0,0,0
203.784612990,1,0,0
203.791616630,0,0,0
203.791886360,0,1,0
203.791901510,0,0,0
203.791901580,0,0,1
203.791916870,0,0,0
203.808515920,1,0,0
203.815520430,0,0,0
203.815801590,0,1,0
203.815805770,0,1,1
203.815816820,0,0,1
203.815820980,0,0,0
203.833447180,1,0,0
203.840453300,0,0,0
203.840733350,0,0,1
203.840736070,0,1,1
203.840748500,0,1,0
203.840751210,0,0,0
203.858438110,1,0,0
203.865442440,0,0,0
203.865723480,0,1,0
203.865727520,0,1,1
203.865738750,0,0,1
203.865742750,0,0,0
203.884229300,1,0,0
203.891235380,0,0,0
203.891516080,0,0,1
203.891517960,0,1,1
203.891531270,0,1,0
203.891533040,0,0,0
203.908479040,1,0,0
203.915485140,0,0,0
203.915763600,0,0,1
203.915766210,0,1,1
203.915778680,0,1,0
203.915781350,0,0,0
203.934191750,1,0,0
203.941197520,0,0,0
203.941477890,0,0,1
203.941487680,0,1,1
203.941493100,0,1,0
203.941502970,0,0,0
203.959879420,1,0,0
203.966884040,0,0,0
203.967164970,0,0,1
203.967167050,0,1,1
203.967180260,0,1,0
203.967182340,0,0,0
203.983458820,1,0,0
203.990464960,0,0,0
203.990743910,0,0,1
203.990746570,0,1,1
203.990759100,0,1,0
203.990761820,0,0,0
204.008555070,1,0,0
204.015561250,0,0,0
204.015843220,0,0,1
204.015844990,0,1,1
204.015858390,0,1,0
204.015860130,0,0,0
204.034317130,1,0,0
204.041323000,0,0,0
204.041601730,0,1,0
204.041606410,0,1,1
204.041617000,0,0,1
204.041621660,0,0,0
204.060103210,1,0,0
204.067108940,0,0,0
204.067387600,0,0,1
204.067391410,0,1,1
204.067402800,0,1,0
204.067406640,0,0,0
204.085907560,1,0,0
204.092913640,0,0,0
204.093193450,0,0,1
204.093194780,0,1,1
204.093208550,0,1,0
204.093210050,0,0,0
204.111611560,1,0,0
204.118616120,0,0,0
204.118897430,0,1,0
204.118901890,0,1,1
204.118912530,0,0,1
204.118917130,0,0,0
204.137074920,1,0,0
204.144080970,0,0,0
204.144359380,0,0,1
204.144361800,0,1,1
204.144374550,0,1,0
204.144376900,0,0,0
204.161579970,1,0,0
204.168584530,0,0,0
204.168865090,0,1,0
204.168868510,0,1,1
204.168880170,0,0,1
204.168883650,0,0,0
204.187188370,1,0,0
204.194193150,0,0,0
204.194475810,0,1,0
204.194477050,0,1,1
204.194491120,0,0,1
204.194492300,0,0,0
204.213044840,1,0,0
204.220050240,0,0,0
204.220330650,0,0,1
204.220331910,0,1,1
204.220345800,0,1,0
204.220347100,0,0,0
204.238774820,1,0,0
204.245779740,0,0,0
204.246063760,0,0,1
204.246064220,0,1,1
204.246078880,0,1,0
204.246144410,0,0,0
204.262963040,1,0,0
204.269967980,0,0,0
204.270247630,0,1,0
204.270247900,0,1,1
204.270262820,0,0,1
204.270263090,0,0,0
204.288690330,1,0,0
204.295696620,0,0,0
204.295976860,0,1,0
204.295980840,0,1,1
204.295992090,0,0,1
204.295996020,0,0,0
204.314041960,1,0,0
204.321050560,0,0,0
204.321326790,0,0,1
204.321328980,0,1,1
204.321341960,0,1,0
204.321344250,0,0,0
204.339386100,1,0,0
204.346392030,0,0,0
204.346672750,0,0,1
204.346673580,0,1,1
204.346687940,0,1,0
204.346688750,0,0,0
204.364656720,1,0,0
204.371660970,0,0,0
204.371942020,0,1,0
204.371944830,0,1,1
204.371957160,0,0,1
204.371960140,0,0,0
204.390430010,1,0,0
204.397434990,0,0,0
204.397717600,0,1,0
204.397719380,0,1,1
204.397732820,0,0,1
204.397734660,0,0,0
204.416185050,1,0,0
204.423189680,0,0,0
204.423472020,0,0,1
204.423473740,0,1,1
204.423487270,0,1,0
204.423488840,0,0,0
204.441817620,1,0,0
204.448823800,0,0,0
204.449106390,0,0,1
204.449106860,0,1,1
204.449121620,0,1,0
204.449122100,0,0,0
204.466752360,1,0,0
204.473755540,0,0,0
204.474039350,0,0,1
204.474040350,0,1,1
204.474054500,0,1,0
204.474055560,0,0,0
204.492666110,1,0,0
204.499672290,0,0,0
204.499952750,0,1,0
204.499953160,0,1,1
204.499967910,0,0,1
204.499968330,0,0,0
204.518303210,1,0,0
204.525309190,0,0,0
204.525591160,0,1,0
204.525591500,0,1,1
204.525606320,0,0,1
204.525606810,0,0,0
204.544237650,1,0,0
204.551241880,0,0,0
204.551524420,0,1,0
204.551524910,0,1,1
204.551539630,0,0,1
204.551540140,0,0,0
204.567812260,1,0,0
204.574818110,0,0,0
204.575097920,0,1,0
204.575098470,0,1,1
204.575113090,0,0,1
204.575113530,0,0,0
204.593667180,1,0,0
204.600672950,0,0,0
204.600949770,0,1,0
204.600955850,0,1,1
204.600965080,0,0,1
204.600971010,0,0,0
204.618060630,1,0,0
204.625066650,0,0,0
204.625349410,0,0,1
204.625350630,0,1,1
204.625364590,0,1,0
204.625365830,0,0,0
204.643438300,1,0,0
204.650441420,0,0,0
204.650721500,0,1,0
204.650727720,0,1,1
204.650736700,0,0,1
204.650742950,0,0,0
204.669209500,1,0,0
204.676215350,0,0,0
204.676497220,0,0,1
204.676497510,0,1,1
204.676512430,0,1,0
204.676512660,0,0,0
204.695003440,1,0,0
204.702008190,0,0,0
204.702290510,0,0,1
204.702290680,0,1,1
204.702305670,0,1,0
204.702305860,0,0,0
204.719213540,1,0,0
204.726219260,0,0,0
204.726498030,0,0,1
204.726498050,0,1,1
204.726513210,0,0,1
204.726513280,0,0,0
204.743184420,1,0,0
204.750190250,0,0,0
204.750471510,0,1,0
204.750472130,0,1,1
204.750486750,0,0,1
204.750487360,0,0,0
204.768749170,1,0,0
204.775754940,0,0,0
204.776034480,0,1,0
204.776035630,0,1,1
204.776049730,0,0,1
204.776050820,0,0,0
204.796443330,1,0,0
204.803446260,0,0,0
204.803728120,0,1,0
204.803728190,0,1,1
204.803743320,0,0,1
204.803743480,0,0,0
204.822228910,1,0,0
204.829234950,0,0,0
204.829516870,0,1,0
204.829517380,0,1,1
204.829532030,0,0,1
204.829532590,0,0,0
204.848058910,1,0,0
204.855064780,0,0,0
204.855345860,0,1,0
204.855345920,0,1,1
204.855361070,0,0,1
204.855361150,0,0,0
204.873820990,1,0,0
204.880825760,0,0,0
204.881106920,0,0,1
204.881109270,0,1,1
204.881122080,0,1,0
204.881124460,0,0,0
204.899589240,1,0,0
204.906595360,0,0,0
204.906876330,0,1,0
204.906876810,0,1,1
204.906891740,0,0,1
204.906892020,0,0,0
204.925376120,1,0,0
204.932382180,0,0,0
204.932665290,0,0,1
204.932665870,0,1,1
204.932680460,0,1,0
204.932681180,0,0,0
204.951292760,1,0,0
204.958297130,0,0,0
204.958578490,0,1,0
204.958579400,0,1,1
204.958593670,0,0,1
204.958594540,0,0,0
204.975165500,1,0,0
204.982171600,0,0,0
204.982452840,0,1,0
204.982452940,0,1,1
204.982467960,0,0,1
204.982468140,0,0,0
205.000284390,1,0,0
205.007290350,0,0,0
205.007571150,0,1,0
205.007571460,0,1,1
205.007586290,0,0,1
205.007586580,0,0,0
205.025182990,1,0,0
205.032185930,0,0,0
205.032468790,0,1,0
205.032469100,0,1,1
205.032483960,0,0,1
205.032484240,0,0,0
205.050183820,1,0,0
205.057189880,0,0,0
205.057472890,0,1,0
205.057473370,0,1,1
205.057488180,0,0,1
205.057488560,0,0,0
205.075241550,1,0,0
205.082246830,0,0,0
205.082524990,0,1,0
205.082526770,0,1,1
205.082540180,0,0,1
205.082541930,0,0,0
205.100936920,1,0,0
205.107942830,0,0,0
205.108223950,0,0,1
205.108224700,0,1,1
205.108239080,0,1,0
205.108239840,0,0,0
205.126754820,1,0,0
205.133760770,0,0,0
205.134042150,0,1,0
205.134043530,0,1,1
205.134057360,0,0,1
205.134058660,0,0,0
205.152553110,1,0,0
205.159559080,0,0,0
205.159840190,0,1,0
205.159841910,0,1,1
205.159855420,0,0,1
205.159857180,0,0,0
205.178218110,1,0,0
205.185224210,0,0,0
205.185503940,0,1,0
205.185505340,0,1,1
205.185519250,0,0,1
205.185520470,0,0,0
205.202699740,1,0,0
205.209705360,0,0,0
205.209987180,0,1,0
205.209987970,0,1,1
205.210002240,0,0,1
205.210003260,0,0,0
205.228431450,1,0,0
205.235435760,0,0,0
205.235717240,0,0,1
205.235721570,0,1,1
205.235732420,0,1,0
205.235736760,0,0,0
205.254188830,1,0,0
205.261193160,0,0,0
205.261474030,0,1,0
205.261474610,0,1,1
205.261489280,0,0,1
205.261489800,0,0,0
205.279818600,1,0,0
205.286824450,0,0,0
205.287108190,0,1,0
205.287109110,0,1,1
205.287123400,0,0,1
205.287124340,0,0,0
205.304784260,1,0,0
205.311790520,0,0,0
205.312071590,0,0,1
205.312071670,0,1,1
205.312086770,0,1,0
205.312086810,0,0,0
205.328814480,1,0,0
205.335818890,0,0,0
205.336097250,0,1,0
205.336100840,0,1,1
205.336112430,0,0,1
205.336116070,0,0,0
205.354228220,1,0,0
205.361234050,0,0,0
205.361512820,0,0,1
205.361517390,0,1,1
205.361528040,0,1,0
205.361532580,0,0,0
205.379664620,1,0,0
205.386670530,0,0,0
205.386951870,0,1,0
205.386952730,0,1,1
205.386967010,0,0,1
205.386967920,0,0,0
205.404787530,1,0,0
205.411791800,0,0,0
205.412074280,0,1,0
205.412075060,0,1,1
205.412089550,0,0,1
205.412090310,0,0,0
205.428793440,1,0,0
205.435799910,0,0,0
205.436079540,0,0,1
205.436083590,0,1,1
205.436094710,0,1,0
205.436098840,0,0,0
205.454541440,1,0,0
205.461547310,0,0,0
205.461824440,0,1,0
205.461826960,0,1,1
205.461839630,0,0,1
205.461842140,0,0,0
205.479965750,1,0,0
205.486971430,0,0,0
205.487251190,0,0,1
205.487253890,0,1,1
205.487266430,0,1,0
205.487269080,0,0,0
205.505815580,1,0,0
205.512882970,0,0,0
205.513104580,0,0,1
205.513111680,0,1,1
205.513119680,0,1,0
205.513127010,0,0,0
205.530336340,1,0,0
205.537340610,0,0,0
205.537621070,0,1,0
205.537623290,0,1,1
205.537636300,0,0,1
205.537638520,0,0,0
205.555421400,1,0,0
205.562427350,0,0,0
205.562705580,0,0,1
205.562710470,0,1,1
205.562720830,0,1,0
205.562725570,0,0,0
205.580250600,1,0,0
205.587256830,0,0,0
205.587538630,0,1,0
205.587539850,0,1,1
205.587553820,0,0,1
205.587555080,0,0,0
205.606229810,1,0,0
205.613235990,0,0,0
205.613514690,0,1,0
205.613518430,0,1,1
205.613529890,0,0,1
205.613533620,0,0,0
205.630892550,1,0,0
205.637898740,0,0,0
205.638180440,0,1,0
205.638181780,0,1,1
205.638195660,0,0,1
205.638196970,0,0,0
205.655230340,1,0,0
205.662236400,0,0,0
205.662518710,0,1,0
205.662520100,0,1,1
205.662535360,0,1,0
205.662598850,0,0,0
205.680767420,1,0,0
205.687771460,0,0,0
205.688051050,0,0,1
205.688057350,0,1,1
205.688066240,0,1,0
205.688072610,0,0,0
205.704777180,1,0,0
205.711782880,0,0,0
205.712065570,0,1,0
205.712066240,0,1,1
205.712080860,0,0,1
205.712081320,0,0,0
205.728873540,1,0,0
205.735879580,0,0,0
205.736159630,0,0,1
205.736164050,0,1,1
205.736174820,0,1,0
205.736179280,0,0,0
205.754351270,1,0,0
205.761357140,0,0,0
205.761636490,0,1,0
205.761638050,0,1,1
205.761651670,0,0,1
205.761653340,0,0,0
205.780105100,1,0,0
205.787108330,0,0,0
205.787390810,0,1,0
205.787392240,0,1,1
205.787406000,0,0,1
205.787407480,0,0,0
205.805421600,1,0,0
205.812426300,0,0,0
205.812709940,0,0,1
205.812725110,0,0,0
205.829761590,1,0,0
205.836767520,0,0,0
205.837046710,0,0,1
205.837062090,0,0,0
205.854083810,1,0,0
205.861090020,0,0,0
205.861368930,0,1,0
205.861372630,0,1,1
205.861384140,0,0,1
205.861387900,0,0,0
205.879708520,1,0,0
205.886712850,0,0,0
205.886995900,0,0,1
205.886996390,0,1,1
205.887011080,0,1,0
205.887011570,0,0,0
205.904825390,1,0,0
205.911831260,0,0,0
205.912109920,0,1,0
205.912113460,0,1,1
205.912125050,0,0,1
205.912128670,0,0,0
205.930398390,1,0,0
205.937404470,0,0,0
205.937638710,0,0,1
205.937653770,0,0,0
205.937684040,0,1,0
205.937699330,0,0,0
205.954884130,1,0,0
205.961859810,0,0,0
205.962171440,0,0,1
205.962172640,0,1,1
205.962186680,0,1,0
205.962187850,0,0,0
205.980518190,1,0,0
205.987524600,0,0,0
205.987802210,0,0,1
205.987805790,0,1,1
205.987817430,0,1,0
205.987820850,0,0,0
206.004960370,1,0,0
206.011966430,0,0,0
206.012248140,0,0,1
206.012249290,0,1,1
206.012264580,0,0,1
206.012328020,0,0,0
206.029803450,1,0,0
206.036808420,0,0,0
206.037090410,0,0,1
206.037091640,0,1,1
206.037105680,0,1,0
206.037106900,0,0,0
206.053840770,1,0,0
206.060846620,0,0,0
206.061128450,0,1,0
206.061129950,0,1,1
206.061143630,0,0,1
206.061145120,0,0,0
206.079667450,1,0,0
206.086673530,0,0,0
206.086953420,0,1,0
206.086953450,0,1,1
206.086968700,0,1,0
206.086968730,0,0,0
206.105464250,1,0,0
206.112470680,0,0,0
206.112751700,0,0,1
206.112752830,0,1,1
206.112766840,0,1,0
206.112768080,0,0,0
206.129792050,1,0,0
206.136797900,0,0,0
206.137079410,0,0,1
206.137080160,0,1,1
206.137094630,0,1,0
206.137095290,0,0,0
206.155550820,1,0,0
206.162556790,0,0,0
206.162837700,0,0,1
206.162839470,0,1,1
206.162852860,0,1,0
206.162854700,0,0,0
206.181442130,1,0,0
206.188444980,0,0,0
206.188726860,0,1,0
206.188731900,0,1,1
206.188742210,0,0,1
206.188747110,0,0,0
206.207317650,1,0,0
206.214323230,0,0,0
206.214604650,0,0,1
206.214606190,0,1,1
206.214619880,0,1,0
206.214621420,0,0,0
206.232533940,1,0,0
206.239538160,0,0,0
206.239823940,0,0,1
206.239839070,0,0,0
206.239885020,0,1,0
206.239900150,0,0,0
206.258320880,1,0,0
206.265325060,0,0,0
206.265606320,0,0,1
206.265608020,0,1,1
206.265621590,0,1,0
206.265623180,0,0,0
206.283075140,1,0,0
206.290081260,0,0,0
206.290358870,0,1,0
206.290359320,0,1,1
206.290374010,0,0,1
206.290374500,0,0,0
206.308756850,1,0,0
206.315763090,0,0,0
206.316042050,0,1,0
206.316043230,0,1,1
206.316057320,0,0,1
206.316058380,0,0,0
206.334566910,1,0,0
206.341572740,0,0,0
206.341852420,0,0,1
206.341853210,0,1,1
206.341867620,0,1,0
206.341868460,0,0,0
206.360064320,1,0,0
206.367070280,0,0,0
206.367348480,0,0,1
206.367349000,0,1,1
206.367363640,0,1,0
206.367364250,0,0,0
206.384716020,1,0,0
206.391722190,0,0,0
206.391998370,0,1,0
206.392004310,0,1,1
206.392013560,0,0,1
206.392019480,0,0,0
206.410366460,1,0,0
206.417372500,0,0,0
206.417652730,0,0,1
206.417653200,0,1,1
206.417667890,0,1,0
206.417668410,0,0,0
206.436097040,1,0,0
206.443103100,0,0,0
206.443385610,0,1,0
206.443386100,0,1,1
206.443400880,0,0,1
206.443401310,0,0,0
206.461861040,1,0,0
206.468866870,0,0,0
206.469148600,0,0,1
206.469149920,0,1,1
206.469163760,0,1,0
206.469165070,0,0,0
206.485930220,1,0,0
206.492934820,0,0,0
206.493218160,0,0,1
206.493218320,0,1,1
206.493233330,0,1,0
206.493233480,0,0,0
206.509526290,1,0,0
206.516531030,0,0,0
206.516810770,0,1,0
206.516816310,0,1,1
206.516825880,0,0,1
206.516831450,0,0,0
206.535238160,1,0,0
206.542244340,0,0,0
206.542523910,0,0,1
206.542525080,0,1,1
206.542539140,0,1,0
206.542540290,0,0,0
206.560627890,1,0,0
206.567633700,0,0,0
206.567910970,0,1,0
206.567925950,0,1,1
206.567926240,0,0,1
206.567941110,0,0,0
206.586297530,1,0,0
206.593300590,0,0,0
206.593584090,0,0,1
206.593585990,0,1,1
206.593599280,0,1,0
206.593601090,0,0,0
206.611898760,1,0,0
206.618905050,0,0,0
206.619184070,0,0,1
206.619185280,0,1,1
206.619199400,0,1,0
206.619200480,0,0,0
206.637301570,1,0,0
206.644307670,0,0,0
206.644588430,0,0,1
206.644588610,0,1,1
206.644603610,0,1,0
206.644603790,0,0,0
206.662417560,1,0,0
206.669423330,0,0,0
206.669704340,0,0,1
206.669706980,0,1,1
206.669719530,0,1,0
206.669722160,0,0,0
206.688284000,1,0,0
206.695288540,0,0,0
206.695569460,0,0,1
206.695570240,0,1,1
206.695584730,0,1,0
206.695585430,0,0,0
206.713224080,1,0,0
206.720228490,0,0,0
206.720512820,0,1,0
206.720513690,0,1,1
206.720527970,0,0,1
206.720529020,0,0,0
206.737402570,1,0,0
206.744405850,0,0,0
206.744689470,0,1,0
206.744692270,0,1,1
206.744704630,0,0,1
206.744707270,0,0,0
206.763198090,1,0,0
206.770203900,0,0,0
206.770485510,0,1,0
206.770485540,0,1,1
206.770500670,0,0,1
206.770500710,0,0,0
206.788554290,1,0,0
206.795585140,0,0,0
206.795844040,0,0,1
206.795844290,0,1,1
206.795859230,0,1,0
206.795859560,0,0,0
206.813148740,1,0,0
206.820152990,0,0,0
206.820437150,0,0,1
206.820439620,0,1,1
206.820452230,0,1,0
206.820454720,0,0,0
206.838269590,1,0,0
206.845275880,0,0,0
206.845555560,0,1,0
206.845570720,0,0,0
206.845616810,0,0,1
206.845631830,0,0,0
206.863479320,1,0,0
206.870484600,0,0,0
206.870767640,0,1,0
206.870768350,0,1,1
206.870782840,0,0,1
206.870783520,0,0,0
206.888170770,1,0,0
206.895176970,0,0,0
206.895455970,0,1,0
206.895457480,0,1,1
206.895471030,0,0,1
206.895472620,0,0,0
206.913765720,1,0,0
206.920772050,0,0,0
206.921050910,0,0,1
206.921053230,0,1,1
206.921066160,0,1,0
206.921068400,0,0,0
206.938231840,1,0,0
206.945231310,0,0,0
206.945519350,0,0,1
206.945523920,0,1,1
206.945534450,0,1,0
206.945539080,0,0,0
206.963947210,1,0,0
206.970953310,0,0,0
206.971230960,0,1,0
206.971231510,0,1,1
206.971246060,0,0,1
206.971246740,0,0,0
206.988112930,1,0,0
206.995118620,0,0,0
206.995400890,0,1,0
206.995401100,0,1,1
206.995416120,0,0,1
206.995416340,0,0,0
207.013071340,1,0,0
207.020052280,0,0,0
207.020358510,0,0,1
207.020362490,0,1,1
207.020373720,0,1,0
207.020377720,0,0,0
207.038069670,1,0,0
207.045072600,0,0,0
207.045354910,0,1,0
207.045355450,0,1,1
207.045370110,0,0,1
207.045370740,0,0,0
207.062037050,1,0,0
207.069042930,0,0,0
207.069324780,0,1,0
207.069326360,0,1,1
207.069340010,0,0,1
207.069341550,0,0,0
207.087919890,1,0,0
207.094902720,0,0,0
207.095200960,0,1,0
207.095208970,0,1,1
207.095216170,0,0,1
207.095224190,0,0,0
207.112185520,1,0,0
207.119190160,0,0,0
207.119470820,0,0,1
207.119471670,0,1,1
207.119485960,0,1,0
207.119486830,0,0,0
207.138050880,1,0,0
207.145055270,0,0,0
207.145336730,0,0,1
207.145340930,0,1,1
207.145351900,0,1,0
207.145356140,0,0,0
207.163158770,1,0,0
207.170164740,0,0,0
207.170444220,0,1,0
207.170444940,0,1,1
207.170459530,0,0,1
207.170460150,0,0,0
207.188200660,1,0,0
207.195206420,0,0,0
207.195486700,0,1,0
207.195487230,0,1,1
207.195501860,0,0,1
207.195502380,0,0,0
207.213985610,1,0,0
207.220991530,0,0,0
207.221270770,0,0,1
207.221273440,0,1,1
207.221286060,0,1,0
207.221288710,0,0,0
207.238209190,1,0,0
207.245215560,0,0,0
207.245495520,0,0,1
207.245499420,0,1,1
207.245510710,0,1,0
207.245514630,0,0,0
207.263873730,1,0,0
207.270881930,0,0,0
207.271157480,0,0,1
207.271162810,0,1,1
207.271172830,0,1,0
207.271178040,0,0,0
207.289635500,1,0,0
207.296641550,0,0,0
207.296921240,0,1,0
207.296922160,0,1,1
207.296936430,0,0,1
207.296937310,0,0,0
207.315366950,1,0,0
207.322373030,0,0,0
207.322654430,0,0,1
207.322654450,0,1,1
207.322669650,0,0,1
207.322669660,0,0,0
207.339425270,1,0,0
207.346431150,0,0,0
207.346712930,0,1,0
207.346713950,0,1,1
207.346728190,0,0,1
207.346729200,0,0,0
207.363834560,1,0,0
207.370840570,0,0,0
207.371120400,0,1,0
207.371122390,0,1,1
207.371135520,0,0,1
207.371137510,0,0,0
207.388872550,1,0,0
207.395878400,0,0,0
207.396159880,0,1,0
207.396159930,0,1,1
207.396175020,0,0,1
207.396175180,0,0,0
207.413084230,1,0,0
207.420090180,0,0,0
207.420366850,0,0,1
207.420373000,0,1,1
207.420382070,0,1,0
207.420388150,0,0,0
207.438097080,1,0,0
207.445103010,0,0,0
207.445382700,0,0,1
207.445385410,0,1,1
207.445397950,0,1,0
207.445400600,0,0,0
207.463196680,1,0,0
207.470201320,0,0,0
207.470484700,0,1,0
207.470499950,0,0,0
207.470551630,0,0,1
207.470566780,0,0,0
207.488769940,1,0,0
207.495731150,0,0,0
207.496032240,0,1,0
207.496047490,0,0,0
207.496058530,0,0,1
207.496073690,0,0,0
207.514583170,1,0,0
207.521589060,0,0,0
207.521870570,0,1,0
207.521872900,0,1,1
207.521885770,0,0,1
207.521888050,0,0,0
207.540351690,1,0,0
207.547358020,0,0,0
207.547638880,0,0,1
207.547639790,0,1,1
207.547654090,0,1,0
207.547655040,0,0,0
207.565409730,1,0,0
207.572412620,0,0,0
207.572694840,0,0,1
207.572698370,0,1,1
207.572710040,0,1,0
207.572713620,0,0,0
207.591073390,1,0,0
207.598079640,0,0,0
207.598359310,0,1,0
207.598362110,0,1,1
207.598374490,0,0,1
207.598377400,0,0,0
207.616805330,1,0,0
207.623809930,0,0,0
207.624089170,0,0,1
207.624094070,0,1,1
207.624104420,0,1,0
207.624109320,0,0,0
207.641817570,1,0,0
207.648823630,0,0,0
207.649103340,0,1,0
207.649104850,0,1,1
207.649118590,0,0,1
207.649119980,0,0,0
207.666922940,1,0,0
207.673931480,0,0,0
207.674210960,0,1,0
207.674213500,0,1,1
207.674226210,0,0,1
207.674228660,0,0,0
207.691887670,1,0,0
207.698893700,0,0,0
207.699123980,0,1,0
207.699139230,0,0,0
207.699175890,0,0,1
207.699191120,0,0,0
207.716273430,1,0,0
207.723279340,0,0,0
207.723558620,0,1,0
207.723559370,0,1,1
207.723573850,0,0,1
207.723574470,0,0,0
207.741825860,1,0,0
207.748834130,0,0,0
207.749111140,0,1,0
207.749113790,0,1,1
207.749126360,0,0,1
207.749129010,0,0,0
207.767835920,1,0,0
207.774840320,0,0,0
207.775120790,0,0,1
207.775122630,0,1,1
207.775136050,0,1,0
207.775137880,0,0,0
207.793600510,1,0,0
207.800606420,0,0,0
207.800887780,0,0,1
207.800888650,0,1,1
207.800903030,0,1,0
207.800903880,0,0,0
207.818179580,1,0,0
207.825185620,0,0,0
207.825467120,0,1,0
207.825469010,0,1,1
207.825482330,0,0,1
207.825484220,0,0,0
207.843911620,1,0,0
207.850917740,0,0,0
207.851197280,0,0,1
207.851200330,0,1,1
207.851212450,0,1,0
207.851215600,0,0,0
207.869738720,1,0,0
207.876744680,0,0,0
207.877024860,0,0,1
207.877027890,0,1,1
207.877040110,0,1,0
207.877043030,0,0,0
207.894955800,1,0,0
207.901962070,0,0,0
207.902244300,0,0,1
207.902255090,0,1,1
207.902259480,0,1,0
207.902270340,0,0,0
207.919964490,1,0,0
207.926970230,0,0,0
207.927248110,0,1,0
207.927252570,0,1,1
207.927263310,0,0,1
207.927267840,0,0,0
207.945749400,1,0,0
207.952752270,0,0,0
207.953035230,0,0,1
207.953038910,0,1,1
207.953050460,0,1,0
207.953054080,0,0,0
207.971509570,1,0,0
207.978515810,0,0,0
207.978794660,0,1,0
207.978799300,0,1,1
207.978809780,0,0,1
207.978814480,0,0,0
207.996450080,1,0,0
208.003456040,0,0,0
208.003738040,0,0,1
208.003753170,0,0,0
208.003800160,0,1,0
208.003815440,0,0,0
208.021233450,1,0,0
208.028239280,0,0,0
208.028519070,0,1,0
208.028521190,0,1,1
208.028534320,0,0,1
208.028536330,0,0,0
208.046796840,1,0,0
208.053803240,0,0,0
208.054084650,0,0,1
208.054087340,0,1,1
208.054099790,0,1,0
208.054102580,0,0,0
208.072297530,1,0,0
208.079303400,0,0,0
208.079583060,0,0,1
208.079585790,0,1,1
208.079598200,0,1,0
208.079600890,0,0,0
208.097396650,1,0,0
208.104402690,0,0,0
208.104684100,0,1,0
208.104685730,0,1,1
208.104699350,0,0,1
208.104700930,0,0,0
208.122392790,1,0,0
208.129399040,0,0,0
208.129676120,0,1,0
208.129680020,0,1,1
208.129691360,0,0,1
208.129695310,0,0,0
208.146839200,1,0,0
208.153845150,0,0,0
208.154125910,0,1,0
208.154141220,0,0,0
208.154193600,0,0,1
208.154208990,0,0,0
208.172538320,1,0,0
208.179605380,0,0,0
208.179823340,0,1,0
208.179826600,0,1,1
208.179838590,0,0,1
208.179841820,0,0,0
208.197692340,1,0,0
208.204698480,0,0,0
208.204977670,0,1,0
208.204979010,0,1,1
208.204992910,0,0,1
208.204994220,0,0,0
208.222533500,1,0,0
208.229539260,0,0,0
208.229818640,0,0,1
208.229821020,0,1,1
208.229833880,0,1,0
208.229836270,0,0,0
208.248201370,1,0,0
208.255207410,0,0,0
208.255486970,0,0,1
208.255489370,0,1,1
208.255502110,0,1,0
208.255504570,0,0,0
208.272338800,1,0,0
208.279341830,0,0,0
208.279625430,0,0,1
208.279627640,0,1,1
208.279640570,0,1,0
208.279642840,0,0,0
208.298057250,1,0,0
208.305063750,0,0,0
208.305342840,0,0,1
208.305346130,0,1,1
208.305358110,0,1,0
208.305361360,0,0,0
208.323799790,1,0,0
208.330805850,0,0,0
208.331086380,0,0,1
208.331089400,0,1,1
208.331101570,0,1,0
208.331104500,0,0,0
208.348727000,1,0,0
208.355731600,0,0,0
208.356010190,0,1,0
208.356014770,0,1,1
208.356025310,0,0,1
208.356030020,0,0,0
208.374488010,1,0,0
208.381493890,0,0,0
208.381774040,0,0,1
208.381776200,0,1,1
208.381789270,0,1,0
208.381791370,0,0,0
208.400221830,1,0,0
208.407226530,0,0,0
208.407507440,0,0,1
208.407509360,0,1,1
208.407522670,0,1,0
208.407524570,0,0,0
208.426022240,1,0,0
208.433028050,0,0,0
208.433307920,0,1,0
208.433308500,0,1,1
208.433323150,0,0,1
208.433323810,0,0,0
208.451488930,1,0,0
208.458493480,0,0,0
208.458775420,0,1,0
208.458779390,0,1,1
208.458790620,0,0,1
208.458794580,0,0,0
208.476836030,1,0,0
208.483841920,0,0,0
208.484122830,0,0,1
208.484124770,0,1,1
208.484138040,0,1,0
208.484139950,0,0,0
208.502688920,1,0,0
208.509695150,0,0,0
208.509973600,0,0,1
208.509977180,0,1,1
208.509988740,0,1,0
208.509992380,0,0,0
208.528424250,1,0,0
208.535430580,0,0,0
208.535709880,0,1,0
208.535713410,0,1,1
208.535725110,0,0,1
208.535728640,0,0,0
208.553876350,1,0,0
208.560882330,0,0,0
208.561162400,0,1,0
208.561162890,0,1,1
208.561177690,0,0,1
208.561178090,0,0,0
208.579566830,1,0,0
208.586573010,0,0,0
208.586802680,0,0,1
208.586817910,0,0,0
208.586853100,0,1,0
208.586868270,0,0,0
208.604817640,1,0,0
208.611822550,0,0,0
208.612104080,0,1,0
208.612104780,0,1,1
208.612119260,0,0,1
208.612119990,0,0,0
208.629808550,1,0,0
208.636813190,0,0,0
208.637094820,0,1,0
208.637097030,0,1,1
208.637110090,0,0,1
208.637112240,0,0,0
208.654916480,1,0,0
208.661922750,0,0,0
208.662201800,0,0,1
208.662203300,0,1,1
208.662217050,0,1,0
208.662218440,0,0,0
208.679734330,1,0,0
208.686740470,0,0,0
208.687020110,0,0,1
208.687021670,0,1,1
208.687035340,0,1,0
208.687036920,0,0,0
208.705181430,1,0,0
208.712187320,0,0,0
208.712468460,0,0,1
208.712468900,0,1,1
208.712483690,0,1,0
208.712484060,0,0,0
208.729086670,1,0,0
208.736095460,0,0,0
208.736348820,0,0,1
208.736364020,0,0,0
208.736372330,0,1,0
208.736387660,0,0,0
208.753732430,1,0,0
208.760740680,0,0,0
208.761020290,0,0,1
208.761021890,0,1,1
208.761035560,0,1,0
208.761037050,0,0,0
208.777635260,1,0,0
208.784641270,0,0,0
208.784920200,0,1,0
208.784923790,0,1,1
208.784935450,0,0,1
208.784938960,0,0,0
208.803409860,1,0,0
208.810415710,0,0,0
208.810697080,0,0,1
208.810698590,0,1,1
208.810712180,0,1,0
208.810713740,0,0,0
208.827299450,1,0,0
208.834303720,0,0,0
208.834584710,0,0,1
208.834585650,0,1,1
208.834599950,0,1,0
208.834600710,0,0,0
208.853268780,1,0,0
208.860274610,0,0,0
208.860554080,0,0,1
208.860555310,0,1,1
208.860569330,0,1,0
208.860570520,0,0,0
208.878798930,1,0,0
208.885807650,0,0,0
208.886084620,0,0,1
208.886088680,0,1,1
208.886099850,0,1,0
208.886103790,0,0,0
208.904689240,1,0,0
208.911729070,0,0,0
208.911970580,0,1,0
208.911974760,0,1,1
208.911985860,0,0,1
208.911989970,0,0,0
208.930187840,1,0,0
208.937194250,0,0,0
208.937474280,0,0,1
208.937475180,0,1,1
208.937489410,0,1,0
208.937490510,0,0,0
208.955915980,1,0,0
208.962919420,0,0,0
208.963202620,0,0,1
208.963202900,0,1,1
208.963217840,0,1,0
208.963218060,0,0,0
208.980690940,1,0,0
208.987696740,0,0,0
208.987973740,0,0,1
208.987977230,0,1,1
208.987989010,0,1,0
208.987992460,0,0,0
209.004891430,1,0,0
209.011897750,0,0,0
209.012177010,0,0,1
209.012180460,0,1,1
209.012192260,0,1,0
209.012195640,0,0,0
209.029783040,1,0,0
209.036789100,0,0,0
209.037068850,0,1,0
209.037072740,0,1,1
209.037084080,0,0,1
209.037087940,0,0,0
209.055449310,1,0,0
209.062455410,0,0,0
209.062735320,0,0,1
209.062737280,0,1,1
209.062750570,0,1,0
209.062752550,0,0,0
209.080452810,1,0,0
209.087459180,0,0,0
209.087739670,0,0,1
209.087740700,0,1,1
209.087754880,0,1,0
209.087756070,0,0,0
209.104886820,1,0,0
209.111893130,0,0,0
209.112172170,0,0,1
209.112174110,0,1,1
209.112187380,0,1,0
209.112189340,0,0,0
209.130592130,1,0,0
209.137598160,0,0,0
209.137879190,0,0,1
209.137882250,0,1,1
209.137894480,0,1,0
209.137897430,0,0,0
209.155738660,1,0,0
209.162744850,0,0,0
209.163023270,0,1,0
209.163024190,0,1,1
209.163038680,0,0,1
209.163039350,0,0,0
209.179713210,1,0,0
209.186719130,0,0,0
209.186998060,0,1,0
209.186998420,0,1,1
209.187013280,0,0,1
209.187013640,0,0,0
209.204891580,1,0,0
209.211896540,0,0,0
209.212174100,0,0,1
209.212175010,0,1,1
209.212189390,0,1,0
209.212190360,0,0,0
209.230604750,1,0,0
209.237672410,0,0,0
209.237890200,0,0,1
209.237890760,0,1,1
209.237905450,0,1,0
209.237906030,0,0,0
209.256359830,1,0,0
209.263366300,0,0,0
209.263647260,0,0,1
209.263649210,0,1,1
209.263662450,0,1,0
209.263664370,0,0,0
209.282477640,1,0,0
209.289483950,0,0,0
209.289766240,0,1,0
209.289766910,0,1,1
209.289781390,0,0,1
209.289782200,0,0,0
209.306504690,1,0,0
209.313510440,0,0,0
209.313789140,0,0,1
209.313790850,0,1,1
209.313804320,0,1,0
209.313805910,0,0,0
209.330640290,1,0,0
209.337644760,0,0,0
209.337928390,0,1,0
209.337929010,0,1,1
209.337943720,0,0,1
209.337944300,0,0,0
209.354802400,1,0,0
209.361807870,0,0,0
209.362086430,0,1,0
209.362092340,0,1,1
209.362101550,0,0,1
209.362107530,0,0,0
209.379540120,1,0,0
209.386544600,0,0,0
209.386823490,0,1,0
209.386824860,0,1,1
209.386838610,0,0,1
209.386840010,0,0,0
209.404856180,1,0,0
209.411862070,0,0,0
209.412144300,0,0,1
209.412144420,0,1,1
209.412159520,0,1,0
209.412159650,0,0,0
209.429725380,1,0,0
209.436731460,0,0,0
209.437012550,0,0,1
209.437012960,0,1,1
209.437027770,0,1,0
209.437028180,0,0,0
209.454694650,1,0,0
209.461700640,0,0,0
209.461980040,0,0,1
209.461980160,0,1,1
209.461995270,0,1,0
209.461995410,0,0,0
209.479712970,1,0,0
209.486721490,0,0,0
209.486998720,0,1,0
209.486999540,0,1,1
209.487013910,0,0,1
209.487014670,0,0,0
209.505525010,1,0,0
209.512531050,0,0,0
209.512811500,0,0,1
209.512813010,0,1,1
209.512826620,0,1,0
209.512828190,0,0,0
209.529732460,1,0,0
209.536738580,0,0,0
209.537018670,0,1,0
209.537021100,0,1,1
209.537033840,0,0,1
209.537036430,0,0,0
209.554056080,1,0,0
209.561060720,0,0,0
209.561344620,0,0,1
209.561344730,0,1,1
209.561359810,0,1,0
209.561360020,0,0,0
209.579842680,1,0,0
209.586848610,0,0,0
209.587127210,0,1,0
209.587127930,0,1,1
209.587142310,0,0,1
209.587143100,0,0,0
209.604744590,1,0,0
209.611789790,0,0,0
209.612031350,0,1,0
209.612046550,0,0,0
209.612096060,0,0,1
209.612111220,0,0,0
209.628410720,1,0,0
209.635416720,0,0,0
209.635698560,0,0,1
209.635698810,0,1,1
209.635713660,0,1,0
209.635713950,0,0,0
209.654224080,1,0,0
209.661229900,0,0,0
209.661512390,0,0,1
209.661513260,0,1,1
209.661527530,0,1,0
209.661528490,0,0,0
209.679799550,1,0,0
209.686805650,0,0,0
209.687086440,0,1,0
209.687086740,0,1,1
209.687101690,0,0,1
209.687101860,0,0,0
209.703826830,1,0,0
209.710831350,0,0,0
209.711114900,0,0,1
209.711115080,0,1,1
209.711130070,0,1,0
209.711130190,0,0,0
209.728761660,1,0,0
209.735767860,0,0,0
209.736048270,0,1,0
209.736048700,0,1,1
209.736063480,0,0,1
209.736063840,0,0,0
209.754774180,1,0,0
209.761778590,0,0,0
209.762060530,0,1,0
209.762061960,0,1,1
209.762075740,0,0,1
209.762077130,0,0,0
209.779945280,1,0,0
209.786951170,0,0,0
209.787235050,0,1,0
209.787235130,0,1,1
209.787250240,0,0,1
209.787250420,0,0,0
209.806207220,1,0,0
209.813213150,0,0,0
209.813489380,0,0,1
209.813492250,0,1,1
209.813504520,0,1,0
209.813507480,0,0,0
209.830537920,1,0,0
209.837543680,0,0,0
209.837826130,0,0,1
209.837826670,0,1,1
209.837841330,0,1,0
209.837841870,0,0,0
209.854932600,1,0,0
209.861940760,0,0,0
209.862220190,0,1,0
209.862220710,0,1,1
209.862235290,0,0,1
209.862235980,0,0,0
209.879107110,1,0,0
209.886112210,0,0,0
209.886391620,0,0,1
209.886392370,0,1,1
209.886406750,0,1,0
209.886407450,0,0,0
209.904738580,1,0,0
209.911744220,0,0,0
209.912027310,0,0,1
209.912042430,0,0,0
209.912092260,0,1,0
209.912107530,0,0,0
209.930186140,1,0,0
209.937191990,0,0,0
209.937475050,0,1,0
209.937475910,0,1,1
209.937490260,0,0,1
209.937491220,0,0,0
209.954664010,1,0,0
209.961672860,0,0,0
209.961952630,0,1,0
209.961954330,0,1,1
209.961967710,0,0,1
209.961969570,0,0,0
209.980488820,1,0,0
209.987494730,0,0,0
209.987776780,0,0,1
209.987777000,0,1,1
209.987791970,0,1,0
209.987792140,0,0,0
210.005710770,1,0,0
210.012715230,0,0,0
210.012993430,0,0,1
210.013000160,0,1,1
210.013008700,0,1,0
210.013015430,0,0,0
210.029889410,1,0,0
210.036895220,0,0,0
210.037173740,0,0,1
210.037178680,0,1,1
210.037188970,0,1,0
210.037193800,0,0,0
210.053723060,1,0,0
210.060699160,0,0,0
210.061009720,0,1,0
210.061012780,0,1,1
210.061024820,0,0,1
210.061028010,0,0,0
210.078812060,1,0,0
210.085816680,0,0,0
210.086100260,0,1,0
210.086101400,0,1,1
210.086115490,0,0,1
210.086116630,0,0,0
210.103804860,1,0,0
210.110810650,0,0,0
210.111087380,0,1,0
210.111094780,0,1,1
210.111102670,0,0,1
210.111109920,0,0,0
210.129346650,1,0,0
210.136352940,0,0,0
210.136626330,0,1,0
210.136632380,0,1,1
210.136641600,0,0,1
210.136647650,0,0,0
210.154717320,1,0,0
210.161720120,0,0,0
210.162005790,0,1,0
210.162020930,0,0,0
210.162071920,0,0,1
210.162087080,0,0,0
210.179719230,1,0,0
210.186725300,0,0,0
210.187004330,0,0,1
210.187007640,0,1,1
210.187019520,0,1,0
210.187022780,0,0,0
210.204934260,1,0,0
210.211940490,0,0,0
210.212222190,0,1,0
210.212223190,0,1,1
210.212237480,0,0,1
210.212238370,0,0,0
210.229739940,1,0,0
210.236745920,0,0,0
210.237024350,0,0,1
210.237025460,0,1,1
210.237039520,0,1,0
210.237040710,0,0,0
210.254767140,1,0,0
210.261772930,0,0,0
210.262054120,0,1,0
210.262055250,0,1,1
210.262069230,0,0,1
210.262070410,0,0,0
210.279881410,1,0,0
210.286885700,0,0,0
210.287164970,0,1,0
210.287168700,0,1,1
210.287180120,0,0,1
210.287183930,0,0,0
210.304819990,1,0,0
210.311839400,0,0,0
210.312105700,0,1,0
210.312106120,0,1,1
210.312120910,0,0,1
210.312121320,0,0,0
210.328724740,1,0,0
210.335733110,0,0,0
210.336010450,0,0,1
210.336014160,0,1,1
210.336025630,0,1,0
210.336029300,0,0,0
210.354642490,1,0,0
210.361650800,0,0,0
210.361927400,0,1,0
210.361928910,0,1,1
210.361942670,0,0,1
210.361944050,0,0,0
210.379676800,1,0,0
210.386681290,0,0,0
210.386961240,0,0,1
210.386965940,0,1,1
210.386976490,0,1,0
210.386981000,0,0,0
210.404056710,1,0,0
210.411062600,0,0,0
210.411344230,0,1,0
210.411345740,0,1,1
210.411359500,0,0,1
210.411361000,0,0,0
210.429794240,1,0,0
210.436800490,0,0,0
210.437081680,0,1,0
210.437084230,0,1,1
210.437096910,0,0,1
210.437099540,0,0,0
210.454719110,1,0,0
210.461725190,0,0,0
210.462005910,0,1,0
210.462007570,0,1,1
210.462021130,0,0,1
210.462022730,0,0,0
210.479424080,1,0,0
210.486430200,0,0,0
210.486709470,0,1,0
210.486711020,0,1,1
210.486724650,0,0,1
210.486726150,0,0,0
210.504740410,1,0,0
210.511746700,0,0,0
210.512027520,0,1,0
210.512028440,0,1,1
210.512042850,0,0,1
210.512043660,0,0,0
210.529161400,1,0,0
210.536192920,0,0,0
210.536446170,0,1,0
210.536447730,0,1,1
210.536461390,0,0,1
210.536462950,0,0,0
210.554764650,1,0,0
210.561771000,0,0,0
210.562051120,0,0,1
210.562053290,0,1,1
210.562066330,0,1,0
210.562068450,0,0,0
210.580456610,1,0,0
210.587462680,0,0,0
210.587742820,0,1,0
210.587743720,0,1,1
210.587757920,0,0,1
210.587758970,0,0,0
210.606306830,1,0,0
210.613313060,0,0,0
210.613593120,0,0,1
210.613593800,0,1,1
210.613608320,0,1,0
210.613609020,0,0,0
210.630094530,1,0,0
210.637100440,0,0,0
210.637382270,0,1,0
210.637395140,0,1,1
210.637397460,0,0,1
210.637410340,0,0,0
210.654784650,1,0,0
210.661787600,0,0,0
210.662071520,0,1,0
210.662074930,0,1,1
210.662086770,0,0,1
210.662090130,0,0,0
210.680179980,1,0,0
210.687186280,0,0,0
210.687463830,0,1,0
210.687468200,0,1,1
210.687479060,0,0,1
210.687483490,0,0,0
210.704760840,1,0,0
210.711767250,0,0,0
210.712049780,0,1,0
210.712065010,0,0,0
210.712111760,0,0,1
210.712126940,0,0,0
210.728953140,1,0,0
210.735957530,0,0,0
210.736238820,0,0,1
210.736242280,0,1,1
210.736253940,0,1,0
210.736257470,0,0,0
210.754756180,1,0,0
210.761761910,0,0,0
210.762043730,0,0,1
210.762059000,0,0,0
210.762080800,0,1,0
210.762096050,0,0,0
210.779874590,1,0,0
210.786880440,0,0,0
210.787159770,0,1,0
210.787162090,0,1,1
210.787174980,0,0,1
210.787177250,0,0,0
210.805250510,1,0,0
210.812256520,0,0,0
210.812538200,0,1,0
210.812540270,0,1,1
210.812553310,0,0,1
210.812555540,0,0,0
210.830502710,1,0,0
210.837508560,0,0,0
210.837788850,0,0,1
210.837790740,0,1,1
210.837804060,0,1,0
210.837805990,0,0,0
210.855693910,1,0,0
210.862699830,0,0,0
210.862979820,0,1,0
210.862981020,0,1,1
210.862995030,0,0,1
210.862996100,0,0,0
210.879743130,1,0,0
210.886749250,0,0,0
210.887030700,0,0,1
210.887033220,0,1,1
210.887045950,0,1,0
210.887048460,0,0,0
210.904749420,1,0,0
210.911755450,0,0,0
210.912036670,0,1,0
210.912038910,0,1,1
210.912051920,0,0,1
210.912054070,0,0,0
210.929905470,1,0,0
210.936972820,0,0,0
210.937192280,0,0,1
210.937195060,0,1,1
210.937207530,0,1,0
210.937210200,0,0,0
210.955701720,1,0,0
210.962707630,0,0,0
210.962987390,0,1,0
210.962989910,0,1,1
210.963002640,0,0,1
210.963069340,0,0,0
210.981742890,1,0,0
210.988748920,0,0,0
210.989026990,0,0,1
210.989030930,0,1,1
210.989042170,0,1,0
210.989046110,0,0,0
211.005712810,1,0,0
211.012717680,0,0,0
211.013000190,0,1,0
211.013001670,0,1,1
211.013015420,0,0,1
211.013016880,0,0,0
211.029914660,1,0,0
211.036922860,0,0,0
211.037200880,0,0,1
211.037202670,0,1,1
211.037216050,0,1,0
211.037217920,0,0,0
211.054872380,1,0,0
211.061878190,0,0,0
211.062158650,0,0,1
211.062161130,0,1,1
211.062173920,0,1,0
211.062176330,0,0,0
211.079487600,1,0,0
211.086493930,0,0,0
211.086775100,0,1,0
211.086777130,0,1,1
211.086790370,0,0,1
211.086792290,0,0,0
211.104770140,1,0,0
211.111776360,0,0,0
211.112056380,0,0,1
211.112058740,0,1,1
211.112071600,0,1,0
211.112073910,0,0,0
211.129820690,1,0,0
211.136826440,0,0,0
211.137106970,0,1,0
211.137109980,0,1,1
211.137122110,0,0,1
211.137125200,0,0,0
211.155654230,1,0,0
211.162660250,0,0,0
211.162943370,0,0,1
211.162958470,0,0,0
211.163006000,0,1,0
211.163021250,0,0,0
211.179709550,1,0,0
211.186715510,0,0,0
211.186996620,0,0,1
211.186998650,0,1,1
211.187011780,0,1,0
211.187013830,0,0,0
211.204349800,1,0,0
211.211352960,0,0,0
211.211634180,0,0,1
211.211637140,0,1,1
211.211649280,0,1,0
211.211652370,0,0,0
211.229736380,1,0,0
211.236742450,0,0,0
211.237023390,0,0,1
211.237024640,0,1,1
211.237038590,0,1,0
211.237039930,0,0,0
211.253818320,1,0,0
211.260826570,0,0,0
211.261103870,0,1,0
211.261105590,0,1,1
211.261119160,0,0,1
211.261120840,0,0,0
211.277545790,1,0,0
211.284548780,0,0,0
211.284829800,0,1,0
211.284835200,0,1,1
211.284845160,0,0,1
211.284850400,0,0,0
211.302908660,1,0,0
211.309914680,0,0,0
211.310194320,0,1,0
211.310209630,0,0,0
211.310261260,0,0,1
211.310276400,0,0,0
211.326456190,1,0,0
211.333462040,0,0,0
211.333740940,0,0,1
211.333744030,0,1,1
211.333756040,0,1,0
211.333759170,0,0,0
211.352250750,1,0,0
211.359250720,0,0,0
211.359536040,0,1,0
211.359539420,0,1,1
211.359551310,0,0,1
211.359554710,0,0,0
211.378082410,1,0,0
211.385088390,0,0,0
211.385369020,0,0,1
211.385370760,0,1,1
211.385384350,0,1,0
211.385385990,0,0,0
211.403710200,1,0,0
211.410715130,0,0,0
211.410997440,0,0,1
211.410999180,0,1,1
211.411012660,0,1,0
211.411014300,0,0,0
211.429002720,1,0,0
211.436005690,0,0,0
211.436290750,0,0,1
211.436292480,0,1,1
211.436305970,0,1,0
211.436307610,0,0,0
211.454817110,1,0,0
211.461823460,0,0,0
211.462104160,0,0,1
211.462105920,0,1,1
211.462119290,0,1,0
211.462121140,0,0,0
211.478843600,1,0,0
211.485849720,0,0,0
211.486128270,0,1,0
211.486131370,0,1,1
211.486143370,0,0,1
211.486146620,0,0,0
211.504584910,1,0,0
211.511593320,0,0,0
211.511871050,0,0,1
211.511871700,0,1,1
211.511886360,0,1,0
211.511886840,0,0,0
211.530213300,1,0,0
211.537219550,0,0,0
211.537499530,0,0,1
211.537500880,0,1,1
211.537514630,0,1,0
211.537516110,0,0,0
211.555964590,1,0,0
211.562970690,0,0,0
211.563252760,0,0,1
211.563253080,0,1,1
211.563267900,0,1,0
211.563268250,0,0,0
211.581687610,1,0,0
211.588691940,0,0,0
211.588972640,0,1,0
211.588973690,0,1,1
211.588987790,0,0,1
211.588988940,0,0,0
211.605813620,1,0,0
211.612818140,0,0,0
211.613098590,0,0,1
211.613100040,0,1,1
211.613113840,0,1,0
211.613115200,0,0,0
211.630778490,1,0,0
211.637784880,0,0,0
211.638062010,0,1,0
211.638068070,0,1,1
211.638077150,0,0,1
211.638083310,0,0,0
211.656563780,1,0,0
211.663631130,0,0,0
211.663850520,0,0,1
211.663852760,0,1,1
211.663865600,0,1,0
211.663867900,0,0,0
211.682300320,1,0,0
211.689306500,0,0,0
211.689573420,0,0,1
211.689585040,0,1,1
211.689588560,0,1,0
211.689600190,0,0,0
211.708150420,1,0,0
211.715154750,0,0,0
211.715436970,0,1,0
211.715438190,0,1,1
211.715452160,0,0,1
211.715453390,0,0,0
211.733961610,1,0,0
211.740967730,0,0,0
211.741247860,0,1,0
211.741251790,0,1,1
211.741263200,0,0,1
211.741266950,0,0,0
211.759681500,1,0,0
211.766687480,0,0,0
211.766970060,0,0,1
211.766985180,0,0,0
211.767036840,0,1,0
211.767052020,0,0,0
211.785475960,1,0,0
211.792482040,0,0,0
211.792763640,0,0,1
211.792764600,0,1,1
211.792778890,0,1,0
211.792779790,0,0,0
211.811285370,1,0,0
211.818291640,0,0,0
211.818571990,0,0,1
211.818572990,0,1,1
211.818587090,0,1,0
211.818588240,0,0,0
211.835220340,1,0,0
211.842223360,0,0,0
211.842506680,0,1,0
211.842510410,0,1,1
211.842521860,0,0,1
211.842525630,0,0,0
211.858886060,1,0,0
211.865890360,0,0,0
211.866172350,0,1,0
211.866173050,0,1,1
211.866187550,0,0,1
211.866188210,0,0,0
211.882338230,1,0,0
211.889344350,0,0,0
211.889626280,0,0,1
211.889628320,0,1,1
211.889641440,0,1,0
211.889643630,0,0,0
211.907631740,1,0,0
211.914636410,0,0,0
211.914920690,0,0,1
211.914921510,0,1,1
211.914935880,0,1,0
211.914936630,0,0,0
211.931763150,1,0,0
211.938769400,0,0,0
211.939047960,0,0,1
211.939049020,0,1,1
211.939063150,0,1,0
211.939064270,0,0,0
211.957545310,1,0,0
211.964549500,0,0,0
211.964832480,0,0,1
211.964836520,0,1,1
211.964847580,0,1,0
211.964851660,0,0,0
211.983034230,1,0,0
211.990040220,0,0,0
211.990319180,0,1,0
211.990320210,0,1,1
211.990334410,0,0,1
211.990335350,0,0,0
212.007877100,1,0,0
212.014883260,0,0,0
212.015165010,0,1,0
212.015180190,0,0,0
212.015229330,0,0,1
212.015244620,0,0,0
212.033542360,1,0,0
212.040548320,0,0,0
212.040826370,0,0,1
212.040827510,0,1,1
212.040841550,0,1,0
212.040842690,0,0,0
212.059442880,1,0,0
212.066449320,0,0,0
212.066729370,0,1,0
212.066731300,0,1,1
212.066744600,0,0,1
212.066746410,0,0,0
212.083820940,1,0,0
212.090825240,0,0,0
212.091109530,0,0,1
212.091110020,0,1,1
212.091124680,0,1,0
212.091125180,0,0,0
212.107851590,1,0,0
212.114855960,0,0,0
212.115137220,0,1,0
212.115138130,0,1,1
212.115152450,0,0,1
212.115153380,0,0,0
212.132229020,1,0,0
212.139225060,0,0,0
212.139515530,0,0,1
212.139516870,0,1,1
212.139530690,0,1,0
212.139532070,0,0,0
212.155902860,1,0,0
212.162911520,0,0,0
212.163188780,0,0,1
212.163189390,0,1,1
212.163203900,0,1,0
212.163204610,0,0,0
212.181583710,1,0,0
212.188589850,0,0,0
212.188873230,0,0,1
212.188873570,0,1,1
212.188888380,0,1,0
212.188888750,0,0,0
212.206027080,1,0,0
212.213033600,0,0,0
212.213315770,0,0,1
212.213317060,0,1,1
212.213330980,0,1,0
212.213332230,0,0,0
212.232164140,1,0,0
212.239170120,0,0,0
212.239450370,0,1,0
212.239465600,0,0,0
212.239514000,0,0,1
212.239529330,0,0,0
212.257458350,1,0,0
212.264464200,0,0,0
212.264742520,0,0,1
212.264742910,0,1,1
212.264757770,0,1,0
212.264758050,0,0,0
212.283026010,1,0,0
212.290029360,0,0,0
212.290311260,0,1,0
212.290311770,0,1,1
212.290326440,0,0,1
212.290327010,0,0,0
212.307832650,1,0,0
212.314837670,0,0,0
212.315119350,0,0,1
212.315120500,0,1,1
212.315134490,0,1,0
212.315135790,0,0,0
212.333585790,1,0,0
212.340594460,0,0,0
212.340873910,0,1,0
212.340889120,0,0,0
212.340938470,0,0,1
212.340953700,0,0,0
212.357910160,1,0,0
212.364916220,0,0,0
212.365197010,0,0,1
212.365197200,0,1,1
212.365212240,0,1,0
212.365212410,0,0,0
212.383290090,1,0,0
212.390296250,0,0,0
212.390574610,0,0,1
212.390575740,0,1,1
212.390589650,0,1,0
212.390590970,0,0,0
212.408019330,1,0,0
212.415025410,0,0,0
212.415306440,0,1,0
212.415307980,0,1,1
212.415321630,0,0,1
212.415323130,0,0,0
212.432537930,1,0,0
212.439544240,0,0,0
212.439827210,0,0,1
212.439827420,0,1,1
212.439842440,0,1,0
212.439842560,0,0,0
212.457700760,1,0,0
212.464707190,0,0,0
212.464985640,0,1,0
212.464990610,0,1,1
212.465000750,0,0,1
212.465005810,0,0,0
212.483478490,1,0,0
212.490483000,0,0,0
212.490763950,0,1,0
212.490764040,0,1,1
212.490779220,0,0,1
212.490779250,0,0,0
212.507957660,1,0,0
212.514963680,0,0,0
212.515246810,0,0,1
212.515247510,0,1,1
212.515261970,0,1,0
212.515262720,0,0,0
212.533730660,1,0,0
212.540736680,0,0,0
212.541015000,0,0,1
212.541015920,0,1,1
212.541030240,0,1,0
212.541031070,0,0,0
212.559424080,1,0,0
212.566428700,0,0,0
212.566713270,0,1,0
212.566714390,0,1,1
212.566728460,0,0,1
212.566729640,0,0,0
212.583913130,1,0,0
212.590919360,0,0,0
212.591201210,0,1,0
212.591202850,0,1,1
212.591216350,0,0,1
212.591218110,0,0,0
212.609636940,1,0,0
212.616642600,0,0,0
212.616926220,0,0,1
212.616941450,0,0,0
212.616991180,0,1,0
212.617006470,0,0,0
212.635248150,1,0,0
212.642254140,0,0,0
212.642533360,0,1,0
212.642534570,0,1,1
212.642548590,0,0,1
212.642549800,0,0,0
212.659251780,1,0,0
212.666256380,0,0,0
212.666537570,0,1,0
212.666538110,0,1,1
212.666552880,0,0,1
212.666553290,0,0,0
212.684912200,1,0,0
212.691920510,0,0,0
212.692200830,0,1,0
212.692201520,0,1,1
212.692215950,0,0,1
212.692216690,0,0,0
212.710507760,1,0,0
212.717513690,0,0,0
212.717794240,0,1,0
212.717794920,0,1,1
212.717809470,0,0,1
212.717810060,0,0,0
212.736212070,1,0,0
212.743219940,0,0,0
212.743497020,0,0,1
212.743497800,0,1,1
212.743512230,0,1,0
212.743513010,0,0,0
212.761776360,1,0,0
212.768782080,0,0,0
212.769065960,0,1,0
212.769066620,0,1,1
212.769081190,0,0,1
212.769081870,0,0,0
212.787513270,1,0,0
212.794519020,0,0,0
212.794799580,0,1,0
212.794814790,0,0,0
212.794864950,0,0,1
212.794880140,0,0,0
212.813245600,1,0,0
212.820248810,0,0,0
212.820530930,0,0,1
212.820532660,0,1,1
212.820546120,0,1,0
212.820547850,0,0,0
212.838942540,1,0,0
212.845948580,0,0,0
212.846231260,0,1,0
212.846231890,0,1,1
212.846246420,0,0,1
212.846247090,0,0,0
212.864293930,1,0,0
212.871299900,0,0,0
212.871579570,0,1,0
212.871580280,0,1,1
212.871594810,0,0,1
212.871595510,0,0,0
212.889251490,1,0,0
212.896257210,0,0,0
212.896537960,0,1,0
212.896538840,0,1,1
212.896553210,0,0,1
212.896553980,0,0,0
212.915012880,1,0,0
212.922019150,0,0,0
212.922299590,0,0,1
212.922301310,0,1,1
212.922314770,0,1,0
212.922316450,0,0,0
212.940893170,1,0,0
212.947897520,0,0,0
212.948178450,0,1,0
212.948180590,0,1,1
212.948193630,0,0,1
212.948195850,0,0,0
212.966310060,1,0,0
212.973315830,0,0,0
212.973597210,0,1,0
212.973597560,0,1,1
212.973612440,0,0,1
212.973612710,0,0,0
212.992164960,1,0,0
212.999167850,0,0,0
212.999450120,0,1,0
212.999451310,0,1,1
212.999465310,0,0,1
212.999466620,0,0,0
213.016519840,1,0,0
213.023525940,0,0,0
213.023805850,0,0,1
213.023809830,0,1,1
213.023821120,0,1,0
213.023825100,0,0,0
213.041295290,1,0,0
213.048301270,0,0,0
213.048580660,0,1,0
213.048584220,0,1,1
213.048595990,0,0,1
213.048599410,0,0,0
213.066864440,1,0,0
213.073870700,0,0,0
213.074151490,0,1,0
213.074151800,0,1,1
213.074166730,0,0,1
213.074167050,0,0,0
213.087245440,0,0,0
