Time [s],Tx,Rx1,Rx2
0.000000000,0,0,0
0.403219060,1,0,0
0.411341620,0,0,0
0.411625180,0,1,0
0.411625800,0,1,1
0.411644580,0,0,1
0.411645170,0,0,0
0.945347830,1,0,0
0.953476560,0,0,0
0.953759820,0,0,1
0.953761430,0,1,1
0.953779150,0,1,0
0.953780930,0,0,0
1.487424600,1,0,0
1.495545180,0,0,0
1.495828100,0,1,0
1.495828270,0,1,1
1.495847470,0,0,1
1.495847620,0,0,0
2.029437260,1,0,0
2.037557990,0,0,0
2.037839350,0,1,0
2.037839720,0,1,1
2.037858680,0,0,1
2.037859100,0,0,0
2.571577800,1,0,0
2.579713940,0,0,0
3.113677930,1,0,0
3.121798110,0,0,0
3.122076590,0,1,0
3.122079820,0,1,1
3.122096000,0,0,1
3.122099280,0,0,0
3.655703880,1,0,0
3.663825490,0,0,0
3.664108380,0,1,0
3.664109380,0,1,1
3.664127800,0,0,1
3.664128790,0,0,0
4.197798850,1,0,0
4.205918890,0,0,0
4.206203170,0,0,1
4.206204750,0,1,1
4.206222500,0,1,0
4.206224170,0,0,0
4.739848810,1,0,0
4.747971420,0,0,0
4.748246990,0,0,1
4.748251070,0,1,1
4.748266460,0,1,0
4.748270530,0,0,0
5.281884180,1,0,0
5.290007750,0,0,0
5.290287210,0,1,0
5.290291120,0,1,1
5.290306600,0,0,1
5.290310490,0,0,0
5.823952500,1,0,0
5.832082670,0,0,0
5.832363910,0,1,0
5.832365020,0,1,1
5.832383280,0,0,1
5.832384350,0,0,0
6.366006830,1,0,0
6.374127500,0,0,0
6.374408830,0,0,1
6.374409810,0,1,1
6.374428120,0,1,0
6.374429230,0,0,0
6.908004430,1,0,0
6.916126110,0,0,0
6.916406390,0,1,0
6.916408210,0,1,1
6.916425800,0,0,1
6.916427580,0,0,0
7.450103050,1,0,0
7.458239780,0,0,0
7.458522660,0,1,0
7.458525790,0,1,1
7.458542080,0,0,1
7.458545200,0,0,0
7.992144980,1,0,0
8.000267570,0,0,0
8.000548860,0,1,0
8.000550280,0,1,1
8.000568280,0,0,1
8.000569700,0,0,0
8.534191870,1,0,0
8.542313160,0,0,0
8.542594270,0,0,1
8.542594930,0,1,1
8.542613680,0,1,0
8.542614310,0,0,0
9.076267970,1,0,0
9.084366340,0,0,0
9.084646580,0,1,0
9.084648350,0,1,1
9.084666040,0,0,1
9.084667740,0,0,0
9.618300070,1,0,0
9.626422500,0,0,0
9.626701860,0,0,1
9.626702840,0,1,1
9.626721300,0,1,0
9.626722220,0,0,0
10.160298030,1,0,0
10.168419530,0,0,0
10.168689210,0,1,0
10.168700700,0,1,1
10.168708580,0,0,1
10.168720070,0,0,0
10.702402180,1,0,0
10.710524470,0,0,0
10.710804790,0,0,1
10.710805530,0,1,1
10.710824180,0,1,0
10.710824950,0,0,0
11.244449020,1,0,0
11.252570710,0,0,0
11.252851880,0,1,0
11.252852990,0,1,1
11.252871260,0,0,1
11.252872360,0,0,0
11.786494280,1,0,0
11.794615090,0,0,0
11.794897100,0,0,1
11.794897680,0,1,1
11.794916500,0,1,0
11.794916970,0,0,0
12.328557720,1,0,0
12.336688240,0,0,0
12.336969080,0,1,0
12.336970940,0,1,1
12.336988510,0,0,1
12.336990230,0,0,0
12.870597150,1,0,0
12.878718860,0,0,0
12.878999600,0,0,1
12.879000120,0,1,1
12.879018940,0,1,0
12.879019600,0,0,0
13.412574290,1,0,0
13.420696390,0,0,0
13.420976510,0,1,0
13.420978450,0,1,1
13.420995870,0,0,1
13.420997850,0,0,0
13.954682090,1,0,0
13.962808040,0,0,0
13.963087570,0,0,1
13.963087730,0,1,1
13.963106940,0,1,0
13.963107070,0,0,0
14.496754300,1,0,0
14.504877820,0,0,0
14.505156340,0,0,1
14.505159310,0,1,1
14.505175720,0,1,0
14.505178600,0,0,0
15.038858670,1,0,0
15.046981770,0,0,0
15.047264990,0,0,1
15.047265380,0,1,1
15.047284360,0,1,0
15.047284790,0,0,0
15.580985060,1,0,0
15.589115520,0,0,0
15.589396450,0,1,0
15.589415850,0,0,0
15.589465050,0,0,1
15.589484510,0,0,0
16.123022670,1,0,0
16.131144020,0,0,0
16.131427690,0,0,1
16.131447100,0,0,0
16.131485970,0,1,0
16.131505390,0,0,0
16.665028800,1,0,0
16.673150490,0,0,0
16.673431030,0,0,1
16.673434030,0,1,1
16.673450450,0,1,0
16.673453480,0,0,0
17.207148080,1,0,0
17.215265740,0,0,0
17.215550260,0,1,0
17.215550330,0,1,1
17.215569640,0,0,1
17.215636200,0,0,0
17.749160030,1,0,0
17.757283510,0,0,0
17.757564110,0,0,1
17.757566460,0,1,1
17.757583520,0,1,0
17.757585840,0,0,0
18.291261500,1,0,0
18.299385230,0,0,0
18.299667570,0,1,0
18.299667750,0,1,1
18.299686990,0,0,1
18.299687210,0,0,0
18.833418310,1,0,0
18.841547390,0,0,0
18.841828990,0,1,0
18.841848320,0,0,0
19.375552500,1,0,0
19.383675890,0,0,0
19.383954830,0,0,1
19.383954980,0,1,1
19.383974200,0,1,0
19.383974480,0,0,0
19.917622760,1,0,0
19.925746230,0,0,0
19.926026290,0,1,0
19.926028920,0,1,1
19.926045710,0,0,1
19.926048330,0,0,0
20.459743440,1,0,0
20.467864790,0,0,0
20.468147430,0,1,0
20.468147680,0,1,1
20.468166760,0,0,1
20.468167130,0,0,0
21.001786050,1,0,0
21.009908730,0,0,0
21.543843390,1,0,0
21.551965410,0,0,0
21.552244380,0,1,0
21.552244810,0,1,1
21.552263830,0,0,1
21.552264220,0,0,0
22.085938740,1,0,0
22.094066930,0,0,0
22.094348580,0,0,1
22.094350970,0,1,1
22.094368030,0,1,0
22.094370380,0,0,0
22.628030500,1,0,0
22.636152230,0,0,0
22.636431810,0,1,0
22.636432570,0,1,1
22.636451250,0,0,1
22.636451990,0,0,0
23.170077950,1,0,0
23.178198300,0,0,0
23.178478300,0,1,0
23.178481380,0,1,1
23.178497670,0,0,1
23.178500710,0,0,0
23.712218720,1,0,0
23.720347320,0,0,0
23.720628920,0,1,0
23.720629830,0,1,1
23.720648330,0,0,1
23.720649160,0,0,0
24.254292260,1,0,0
24.262415160,0,0,0
24.262695410,0,1,0
24.262698820,0,1,1
24.262714890,0,0,1
24.262718190,0,0,0
24.796353490,1,0,0
24.804472090,0,0,0
24.804752470,0,0,1
24.804756510,0,1,1
24.804771950,0,1,0
24.804775990,0,0,0
25.338475780,1,0,0
25.346606420,0,0,0
25.346887750,0,1,0
25.346891010,0,1,1
25.346907130,0,0,1
25.346910430,0,0,0
25.880505610,1,0,0
25.888626060,0,0,0
25.888904680,0,0,1
25.888909120,0,1,1
25.888924010,0,1,0
25.888928580,0,0,0
26.422533990,1,0,0
26.430656030,0,0,0
26.430938770,0,0,1
26.430940110,0,1,1
26.430958160,0,1,0
26.430959520,0,0,0
26.964647670,1,0,0
26.972775850,0,0,0
26.973062370,0,0,1
26.973081780,0,0,0
26.973119460,0,1,0
26.973138870,0,0,0
27.506706780,1,0,0
27.514829750,0,0,0
27.515111050,0,0,1
27.515112440,0,1,1
27.515130460,0,1,0
27.515131780,0,0,0
28.048771570,1,0,0
28.056891990,0,0,0
28.057173600,0,1,0
28.057174850,0,1,1
28.057192930,0,0,1
28.057194230,0,0,0
28.590910580,1,0,0
28.599029610,0,0,0
28.599309700,0,1,0
28.599313620,0,1,1
28.599329120,0,0,1
28.599332930,0,0,0
29.132909990,1,0,0
29.141032950,0,0,0
29.141312340,0,0,1
29.141315950,0,1,1
29.141331690,0,1,0
29.141335370,0,0,0
29.674917300,1,0,0
29.683037010,0,0,0
29.683316980,0,1,0
29.683321050,0,1,1
29.683336350,0,0,1
29.683340430,0,0,0
30.216977710,1,0,0
30.225099000,0,0,0
30.225379750,0,0,1
30.225383070,0,1,1
30.225399210,0,1,0
30.225402490,0,0,0
30.758984620,1,0,0
30.767105700,0,0,0
30.767388480,0,0,1
30.767389280,0,1,1
30.767407860,0,1,0
30.767408690,0,0,0
31.300981990,1,0,0
31.309102380,0,0,0
31.309385270,0,1,0
31.309387220,0,1,1
31.309404690,0,0,1
31.309406590,0,0,0
31.843059830,1,0,0
31.851206890,0,0,0
31.851485790,0,0,1
31.851505120,0,0,0
31.851544450,0,1,0
31.851563870,0,0,0
32.385075500,1,0,0
32.393195500,0,0,0
32.393477660,0,1,0
32.393479620,0,1,1
32.393496970,0,0,1
32.393498990,0,0,0
32.927144490,1,0,0
32.935271920,0,0,0
32.935553890,0,1,0
32.935558330,0,1,1
32.935573270,0,0,1
32.935577710,0,0,0
33.469259320,1,0,0
33.477324500,0,0,0
33.477607150,0,0,1
33.477609700,0,1,1
33.477626600,0,1,0
33.477629120,0,0,0
34.011223530,1,0,0
34.019346270,0,0,0
34.019625560,0,0,1
34.019626130,0,1,1
34.019645000,0,1,0
34.019645510,0,0,0
34.553260820,1,0,0
34.561384100,0,0,0
34.561663980,0,0,1
34.561667330,0,1,1
34.561683370,0,1,0
34.561686660,0,0,0
35.095461370,1,0,0
35.103580290,0,0,0
35.103862990,0,0,1
35.103863180,0,1,1
35.103882320,0,1,0
35.103882640,0,0,0
35.637572720,1,0,0
35.645694400,0,0,0
35.645974320,0,1,0
35.645977070,0,1,1
35.645993770,0,0,1
35.645996530,0,0,0
36.179659310,1,0,0
36.187781180,0,0,0
36.188060000,0,0,1
36.188060380,0,1,1
36.188079380,0,1,0
36.188079710,0,0,0
36.721842160,1,0,0
36.729980260,0,0,0
36.730259100,0,0,1
36.730261650,0,1,1
36.730278510,0,1,0
36.730281020,0,0,0
37.263911750,1,0,0
37.272031220,0,0,0
37.272312770,0,1,1
37.272332190,0,1,0
37.272332230,0,0,0
37.805977490,1,0,0
37.814100090,0,0,0
37.814379240,0,1,0
37.814381510,0,1,1
37.814398690,0,0,1
37.814400840,0,0,0
38.348059490,1,0,0
38.356182050,0,0,0
38.356464960,0,1,0
38.356465230,0,1,1
38.356484380,0,0,1
38.356484560,0,0,0
38.890125910,1,0,0
38.898249350,0,0,0
38.898529020,0,0,1
38.898530620,0,1,1
38.898548400,0,1,0
38.898550040,0,0,0
39.432219540,1,0,0
39.440350180,0,0,0
39.440632230,0,1,0
39.440632380,0,1,1
39.440651650,0,0,1
39.440651790,0,0,0
39.974318420,1,0,0
39.982454960,0,0,0
39.982736340,0,0,1
39.982738130,0,1,1
39.982755710,0,1,0
39.982757550,0,0,0
40.516369690,1,0,0
40.524490920,0,0,0
40.524774310,0,1,0
40.524775110,0,1,1
40.524793650,0,0,1
40.524794440,0,0,0
41.058404300,1,0,0
41.066526920,0,0,0
41.066808540,0,0,1
41.066810050,0,1,1
41.066828020,0,1,0
41.066829430,0,0,0
41.600513630,1,0,0
41.608637040,0,0,0
41.608916740,0,1,0
41.608917270,0,1,1
41.608936190,0,0,1
41.608936730,0,0,0
42.142613290,1,0,0
42.150735040,0,0,0
42.151015940,0,0,1
42.151017750,0,1,1
42.151035270,0,1,0
42.151037130,0,0,0
42.684607470,1,0,0
42.692729530,0,0,0
42.693009540,0,0,1
42.693013830,0,1,1
42.693028990,0,1,0
42.693033170,0,0,0
43.226705930,1,0,0
43.234827770,0,0,0
43.235108260,0,0,1
43.235109880,0,1,1
43.235127690,0,1,0
43.235129250,0,0,0
43.768758860,1,0,0
43.776879870,0,0,0
43.777161270,0,1,0
43.777162190,0,1,1
43.777180600,0,0,1
43.777181600,0,0,0
44.310781560,1,0,0
44.318904550,0,0,0
44.319185820,0,0,1
44.319187240,0,1,1
44.319205190,0,1,0
44.319206580,0,0,0
44.852890090,1,0,0
44.861021340,0,0,0
44.861303360,0,1,0
44.861304270,0,1,1
44.861322820,0,0,1
44.861323640,0,0,0
45.394919120,1,0,0
45.403041200,0,0,0
45.403323060,0,0,1
45.403324580,0,1,1
45.403342500,0,1,0
45.403344000,0,0,0
45.936933210,1,0,0
45.945055020,0,0,0
45.945334980,0,1,0
45.945336750,0,1,1
45.945354430,0,0,1
45.945356130,0,0,0
46.479070490,1,0,0
46.487200690,0,0,0
46.487480460,0,0,1
46.487481930,0,1,1
46.487499880,0,1,0
46.487501260,0,0,0
47.021148540,1,0,0
47.029271030,0,0,0
47.029552890,0,1,0
47.029554290,0,1,1
47.029572270,0,0,1
47.029573670,0,0,0
47.563207960,1,0,0
47.571327580,0,0,0
47.571612580,0,0,1
47.571613990,0,1,1
47.571631970,0,1,0
47.571633320,0,0,0
48.105330790,1,0,0
48.113397140,0,0,0
48.113680100,0,1,0
48.113681660,0,1,1
48.113699520,0,0,1
48.113701030,0,0,0
48.647353500,1,0,0
48.655474970,0,0,0
48.655755270,0,0,1
48.655756100,0,1,1
48.655774690,0,1,0
48.655775430,0,0,0
49.189407120,1,0,0
49.197530180,0,0,0
49.197808860,0,0,1
49.197812190,0,1,1
49.197828280,0,1,0
49.197831610,0,0,0
49.731549500,1,0,0
49.739685570,0,0,0
49.739968540,0,1,0
49.739972450,0,1,1
49.739988020,0,0,1
49.739991870,0,0,0
50.273573950,1,0,0
50.281693760,0,0,0
50.281976130,0,0,1
50.281995630,0,0,0
50.815562990,1,0,0
50.823684790,0,0,0
50.823966890,0,1,0
50.823986320,0,0,0
51.357680230,1,0,0
51.365801770,0,0,0
51.366083030,0,0,1
51.366083240,0,1,1
51.366102360,0,1,0
51.366102590,0,0,0
51.899737640,1,0,0
51.907857050,0,0,0
51.908139430,0,1,0
51.908141720,0,1,1
51.908158800,0,0,1
51.908161140,0,0,0
52.441754670,1,0,0
52.449876600,0,0,0
52.450160550,0,1,0
52.450160570,0,1,1
52.450180000,0,0,1
52.450180010,0,0,0
52.983840580,1,0,0
52.991970890,0,0,0
52.992251200,0,1,0
52.992254240,0,1,1
52.992270610,0,0,1
52.992273610,0,0,0
53.525865280,1,0,0
53.533988270,0,0,0
53.534267140,0,1,0
53.534268050,0,1,1
53.534286520,0,0,1
53.534287420,0,0,0
54.067885780,1,0,0
54.076006670,0,0,0
54.076288630,0,1,0
54.076291300,0,1,1
54.076308000,0,0,1
54.076310670,0,0,0
54.610015290,1,0,0
54.618144520,0,0,0
54.618405080,0,0,1
54.618424410,0,0,0
54.618424850,0,1,0
54.618444230,0,0,0
55.152108570,1,0,0
55.160229150,0,0,0
55.160510880,0,1,0
55.160513640,0,1,1
55.160530300,0,0,1
55.160533050,0,0,0
55.694117510,1,0,0
55.702239700,0,0,0
55.702522150,0,1,1
55.702541440,0,1,0
55.702541530,0,0,0
56.236250910,1,0,0
56.244370390,0,0,0
56.244627040,0,0,1
56.244646370,0,0,0
56.244653150,0,1,0
56.244672530,0,0,0
56.778331730,1,0,0
56.786453580,0,0,0
56.786734290,0,1,0
56.786734780,0,1,1
56.786753680,0,0,1
56.786754190,0,0,0
57.320393200,1,0,0
57.328514930,0,0,0
57.328761380,0,1,0
57.328780800,0,0,0
57.328798310,0,0,1
57.328817680,0,0,0
57.862495680,1,0,0
57.870594990,0,0,0
57.870876060,0,1,0
57.870895410,0,0,0
57.870943340,0,0,1
57.870962690,0,0,0
58.404591620,1,0,0
58.412721420,0,0,0
58.413002540,0,1,0
58.413005620,0,1,1
58.413022000,0,0,1
58.413025030,0,0,0
58.946659670,1,0,0
58.954781000,0,0,0
58.955063330,0,1,0
58.955064640,0,1,1
58.955082750,0,0,1
58.955084060,0,0,0
59.488788630,1,0,0
59.496887560,0,0,0
59.497169350,0,1,0
59.497188770,0,0,0
59.497234110,0,0,1
59.497253480,0,0,0
60.030773720,1,0,0
60.038895990,0,0,0
60.039175660,0,1,0
60.039176470,0,1,1
60.039195120,0,0,1
60.039195800,0,0,0
60.572887110,1,0,0
60.581012830,0,0,0
60.581294590,0,0,1
60.581296910,0,1,1
60.581314050,0,1,0
60.581316370,0,0,0
61.115071120,1,0,0
61.123201950,0,0,0
61.123482560,0,1,0
61.123483520,0,1,1
61.123501950,0,0,1
61.123502950,0,0,0
61.657166300,1,0,0
61.665288750,0,0,0
61.665568530,0,1,0
61.665572270,0,1,1
61.665588010,0,0,1
61.665591600,0,0,0
62.199209000,1,0,0
62.207346490,0,0,0
62.207625860,0,0,1
62.207629780,0,1,1
62.207645190,0,1,0
62.207649160,0,0,0
62.741337170,1,0,0
62.749466370,0,0,0
62.749749540,0,0,1
62.749751190,0,1,1
62.749768880,0,1,0
62.749770600,0,0,0
63.283431700,1,0,0
63.291553230,0,0,0
63.291832940,0,0,1
63.291836960,0,1,1
63.291852270,0,1,0
63.291856330,0,0,0
63.825504780,1,0,0
63.833626780,0,0,0
63.833906800,0,0,1
63.833908190,0,1,1
63.833926170,0,1,0
63.833927710,0,0,0
64.367642290,1,0,0
64.375767300,0,0,0
64.376049220,0,1,0
64.376050630,0,1,1
64.376068600,0,0,1
64.376070040,0,0,0
64.909729390,1,0,0
64.917848290,0,0,0
64.918129150,0,0,1
64.918130350,0,1,1
64.918148560,0,1,0
64.918149720,0,0,0
65.451740500,1,0,0
65.459861580,0,0,0
65.460141550,0,1,0
65.460142160,0,1,1
65.460160970,0,0,1
65.460161490,0,0,0
65.993856480,1,0,0
66.001978930,0,0,0
66.002261430,0,0,1
66.002262680,0,1,1
66.002280800,0,1,0
66.002282140,0,0,0
66.535874850,1,0,0
66.543996510,0,0,0
66.544278160,0,1,0
66.544279550,0,1,1
66.544297500,0,0,1
66.544298940,0,0,0
67.077941390,1,0,0
67.086064880,0,0,0
67.086343460,0,0,1
67.086344500,0,1,1
67.086362940,0,1,0
67.086363840,0,0,0
67.620098510,1,0,0
67.628234820,0,0,0
67.628516870,0,0,1
67.628536240,0,0,0
67.628562620,0,1,0
67.628581950,0,0,0
68.162161770,1,0,0
68.170285170,0,0,0
68.170565650,0,0,1
68.170566790,0,1,1
68.170585150,0,1,0
68.170586210,0,0,0
68.704166910,1,0,0
68.712290390,0,0,0
68.712569450,0,0,1
68.712572780,0,1,1
68.712588910,0,1,0
68.712592150,0,0,0
69.246325320,1,0,0
69.254446960,0,0,0
69.254728000,0,0,1
69.254728670,0,1,1
69.254747330,0,1,0
69.254748130,0,0,0
69.788438670,1,0,0
69.796559270,0,0,0
69.796839610,0,1,0
69.796841660,0,1,1
69.796859030,0,0,1
69.796861050,0,0,0
70.330590200,1,0,0
70.338720840,0,0,0
70.339000940,0,1,0
70.339005160,0,1,1
70.339020310,0,0,1
70.339024490,0,0,0
70.872766360,1,0,0
70.880865480,0,0,0
70.881146810,0,1,0
70.881149020,0,1,1
70.881166230,0,0,1
70.881168440,0,0,0
71.414832510,1,0,0
71.422953880,0,0,0
71.423237240,0,0,1
71.423237680,0,1,1
71.423256650,0,1,0
71.423257050,0,0,0
71.956885210,1,0,0
71.965006730,0,0,0
71.965289010,0,1,0
71.965291100,0,1,1
71.965308380,0,0,1
71.965310570,0,0,0
72.499006610,1,0,0
72.507132750,0,0,0
72.507414680,0,0,1
72.507415060,0,1,1
72.507434160,0,1,0
72.507434440,0,0,0
73.041059290,1,0,0
73.049187490,0,0,0
73.049468060,0,0,1
73.049471150,0,1,1
73.049487410,0,1,0
73.049490610,0,0,0
73.583074250,1,0,0
73.591198040,0,0,0
73.591476410,0,0,1
73.591477120,0,1,1
73.591495840,0,1,0
73.591496450,0,0,0
74.125141260,1,0,0
74.133266350,0,0,0
74.133550260,0,0,1
74.133569720,0,0,0
74.133614930,0,1,0
74.133634220,0,0,0
74.667169550,1,0,0
74.675292650,0,0,0
74.675569160,0,1,0
74.675573860,0,1,1
74.675588530,0,0,1
74.675593360,0,0,0
75.209214180,1,0,0
75.217343970,0,0,0
75.217622540,0,0,1
75.217625750,0,1,1
75.217641870,0,1,0
75.217645170,0,0,0
75.751273970,1,0,0
75.759405530,0,0,0
75.759686120,0,0,1
75.759686440,0,1,1
75.759705570,0,1,0
75.759705850,0,0,0
76.293289390,1,0,0
76.301410260,0,0,0
76.301692510,0,1,0
76.301694980,0,1,1
76.301711890,0,0,1
76.301714400,0,0,0
76.835232770,1,0,0
76.843354510,0,0,0
76.843638460,0,1,0
76.843638520,0,1,1
76.843657880,0,0,1
76.843657930,0,0,0
77.377299520,1,0,0
77.385421260,0,0,0
77.385704520,0,1,0
77.385723850,0,0,0
77.385759690,0,0,1
77.385779020,0,0,0
77.919336470,1,0,0
77.927466900,0,0,0
77.927750280,0,0,1
77.927750540,0,1,1
77.927769650,0,1,0
77.927769870,0,0,0
78.461365300,1,0,0
78.469499510,0,0,0
78.469779330,0,0,1
78.469781480,0,1,1
78.469798740,0,1,0
78.469800850,0,0,0
79.003438670,1,0,0
79.011539230,0,0,0
79.011817450,0,1,0
79.011817730,0,1,1
79.011836860,0,0,1
79.011837180,0,0,0
79.545401080,1,0,0
79.553524120,0,0,0
79.553803910,0,1,0
79.553806230,0,1,1
79.553823360,0,0,1
79.553825600,0,0,0
80.087382390,1,0,0
80.095505050,0,0,0
80.095784410,0,1,0
80.095785110,0,1,1
80.095803800,0,0,1
80.095804480,0,0,0
80.629462080,1,0,0
80.637592880,0,0,0
80.637872450,0,0,1
80.637876010,0,1,1
80.637891900,0,1,0
80.637895390,0,0,0
81.171455430,1,0,0
81.179577340,0,0,0
81.179857050,0,1,0
81.179857080,0,1,1
81.179876430,0,0,1
81.179876530,0,0,0
81.713487190,1,0,0
81.721606810,0,0,0
81.721885750,0,0,1
81.721887890,0,1,1
81.721905180,0,1,0
81.721907310,0,0,0
82.255511270,1,0,0
82.263642280,0,0,0
82.263924000,0,1,0
82.263924310,0,1,1
82.263943420,0,0,1
82.263943710,0,0,0
82.797510300,1,0,0
82.805631780,0,0,0
82.805882060,0,1,0
82.805901430,0,0,0
82.805913020,0,0,1
82.805932440,0,0,0
83.339505080,1,0,0
83.347626520,0,0,0
83.347905710,0,1,0
83.347906380,0,1,1
83.347925110,0,0,1
83.347925770,0,0,0
83.881575570,1,0,0
83.889697500,0,0,0
83.889980020,0,0,1
83.889981930,0,1,1
83.889999500,0,1,0
83.890001370,0,0,0
84.423601750,1,0,0
84.431723240,0,0,0
84.432002820,0,1,0
84.432003650,0,1,1
84.432022190,0,0,1
84.432023020,0,0,0
84.965578280,1,0,0
84.973701460,0,0,0
84.973982420,0,0,1
84.973984010,0,1,1
84.974001890,0,1,0
84.974003360,0,0,0
85.507717850,1,0,0
85.515844590,0,0,0
85.516125160,0,1,0
85.516125720,0,1,1
85.516144570,0,0,1
85.516145100,0,0,0
86.049797810,1,0,0
86.057920140,0,0,0
86.058201260,0,1,0
86.058204610,0,1,1
86.058220720,0,0,1
86.058223940,0,0,0
86.591800960,1,0,0
86.599922310,0,0,0
86.600203040,0,0,1
86.600207180,0,1,1
86.600222370,0,1,0
86.600226630,0,0,0
87.133921550,1,0,0
87.142053020,0,0,0
87.142331590,0,0,1
87.142332900,0,1,1
87.142351010,0,1,0
87.142352280,0,0,0
87.675995530,1,0,0
87.684118300,0,0,0
87.684400130,0,0,1
87.684408330,0,1,1
87.684419460,0,1,0
87.684427680,0,0,0
88.218057640,1,0,0
88.226176850,0,0,0
88.226460340,0,1,0
88.226463890,0,1,1
88.226479800,0,0,1
88.226483260,0,0,0
88.760185100,1,0,0
88.768313030,0,0,0
88.768596340,0,1,0
88.768597230,0,1,1
88.768615710,0,0,1
88.768616660,0,0,0
89.302235560,1,0,0
89.310355430,0,0,0
89.310637220,0,1,0
89.310640530,0,1,1
89.310656680,0,0,1
89.310659940,0,0,0
89.844274920,1,0,0
89.852396450,0,0,0
89.852678020,0,1,0
89.852679110,0,1,1
89.852697420,0,0,1
89.852698550,0,0,0
90.386311440,1,0,0
90.394441680,0,0,0
90.394722950,0,0,1
90.394724360,0,1,1
90.394742240,0,1,0
90.394743780,0,0,0
90.928340980,1,0,0
90.936462390,0,0,0
90.936745060,0,1,0
90.936746520,0,1,1
90.936764500,0,0,1
90.936765930,0,0,0
91.470386220,1,0,0
91.478522590,0,0,0
91.478801460,0,1,0
91.478805360,0,1,1
91.478820830,0,0,1
91.478824770,0,0,0
92.012525930,1,0,0
92.020648190,0,0,0
92.020928760,0,0,1
92.020932210,0,1,1
92.020948130,0,1,0
92.020951620,0,0,0
92.554588610,1,0,0
92.562710250,0,0,0
92.562992170,0,0,1
92.562993210,0,1,1
92.563011550,0,1,0
92.563012540,0,0,0
93.096683960,1,0,0
93.104803640,0,0,0
93.105089660,0,1,0
93.105090820,0,1,1
93.105109120,0,0,1
93.105110190,0,0,0
93.638803990,1,0,0
93.646933720,0,0,0
93.647223390,0,0,1
93.647242800,0,0,0
93.647281950,0,1,0
93.647301370,0,0,0
94.180861220,1,0,0
94.188983690,0,0,0
94.189266180,0,1,0
94.189268010,0,1,1
94.189285550,0,0,1
94.189287380,0,0,0
94.722944980,1,0,0
94.731066310,0,0,0
94.731346680,0,0,1
94.731347220,0,1,1
94.731366010,0,1,0
94.731366650,0,0,0
95.265046340,1,0,0
95.273177170,0,0,0
95.273458190,0,1,0
95.273460200,0,1,1
95.273477600,0,0,1
95.273479610,0,0,0
95.807105040,1,0,0
95.815227010,0,0,0
95.815508700,0,0,1
95.815509340,0,1,1
95.815528090,0,1,0
95.815528820,0,0,0
96.349118070,1,0,0
96.357239920,0,0,0
96.357520250,0,1,0
96.357522110,0,1,1
96.357539560,0,0,1
96.357541460,0,0,0
96.891251770,1,0,0
96.899350890,0,0,0
96.899630840,0,0,1
96.899630860,0,1,1
96.899650240,0,0,1
96.899650320,0,0,0
97.433236960,1,0,0
97.441360160,0,0,0
97.441638870,0,0,1
97.441642200,0,1,1
97.441658210,0,1,0
97.441661580,0,0,0
97.975283150,1,0,0
97.983406000,0,0,0
97.983687720,0,1,0
97.983687870,0,1,1
97.983707130,0,0,1
97.983707300,0,0,0
98.517352670,1,0,0
98.525471540,0,0,0
98.525753380,0,0,1
98.525754120,0,1,1
98.525772750,0,1,0
98.525773540,0,0,0
99.059396160,1,0,0
99.067514530,0,0,0
99.067794660,0,0,1
99.067795310,0,1,1
99.067813990,0,1,0
99.067814690,0,0,0
99.601418810,1,0,0
99.609539630,0,0,0
99.609821070,0,1,0
99.609823340,0,1,1
99.609840400,0,0,1
99.609842750,0,0,0
100.143517100,1,0,0
100.151635950,0,0,0
100.151916880,0,1,0
100.151936280,0,0,0
100.151975180,0,0,1
100.151994560,0,0,0
100.685562310,1,0,0
100.693680760,0,0,0
100.693960590,0,0,1
100.693963160,0,1,1
100.693980040,0,1,0
100.693982530,0,0,0
101.227654680,1,0,0
101.235775130,0,0,0
101.236058910,0,1,0
101.236059070,0,1,1
101.236078330,0,0,1
101.236078410,0,0,0
101.769794200,1,0,0
101.777914170,0,0,0
101.778197850,0,0,1
101.778200190,0,1,1
101.778217270,0,1,0
101.778219600,0,0,0
102.311846760,1,0,0
102.319968500,0,0,0
102.320251210,0,1,0
102.320251380,0,1,1
102.320270710,0,0,1
102.320270790,0,0,0
102.853869570,1,0,0
102.861990230,0,0,0
102.862269880,0,0,1
102.862271940,0,1,1
102.862289270,0,1,0
102.862291360,0,0,0
103.396002860,1,0,0
103.404131360,0,0,0
103.404413090,0,1,0
103.404418940,0,1,1
103.404432610,0,0,1
103.404438360,0,0,0
103.938072570,1,0,0
103.946193330,0,0,0
103.946473800,0,1,0
103.946476900,0,1,1
103.946493240,0,0,1
103.946496320,0,0,0
104.480103040,1,0,0
104.488224640,0,0,0
105.022255730,1,0,0
105.030386260,0,0,0
105.030670520,0,1,0
105.030689900,0,0,0
105.030706880,0,0,1
105.030726340,0,0,0
105.564341870,1,0,0
105.572464690,0,0,0
105.572746780,0,1,0
105.572747300,0,1,1
105.572766150,0,0,1
105.572766710,0,0,0
106.106394470,1,0,0
106.114515190,0,0,0
106.114795820,0,0,1
106.114797800,0,1,1
106.114815190,0,1,0
106.114817200,0,0,0
106.648502710,1,0,0
106.656638220,0,0,0
106.656918530,0,1,0
106.656937870,0,0,0
106.656977690,0,0,1
106.656997090,0,0,0
107.190547330,1,0,0
107.198668220,0,0,0
107.198949430,0,1,0
107.198953170,0,1,1
107.198968800,0,0,1
107.198972630,0,0,0
107.732561160,1,0,0
107.740683270,0,0,0
107.740965620,0,1,0
107.740966690,0,1,1
107.740984950,0,0,1
107.740986140,0,0,0
108.274653570,1,0,0
108.282785460,0,0,0
108.283066740,0,1,0
108.283086150,0,0,0
108.283123210,0,0,1
108.283142540,0,0,0
108.816730200,1,0,0
108.824850010,0,0,0
108.825132560,0,1,0
108.825133850,0,1,1
108.825152010,0,0,1
108.825153260,0,0,0
109.358779470,1,0,0
109.366901330,0,0,0
109.367182410,0,0,1
109.367183510,0,1,1
109.367201820,0,1,0
109.367202850,0,0,0
109.900931750,1,0,0
109.909061570,0,0,0
110.442990510,1,0,0
110.451113230,0,0,0
110.451393620,0,0,1
110.451394970,0,1,1
110.451413080,0,1,0
110.451414380,0,0,0
110.985086180,1,0,0
110.993206700,0,0,0
110.993491360,0,1,0
110.993492510,0,1,1
110.993510780,0,0,1
110.993511880,0,0,0
111.527225190,1,0,0
111.535346790,0,0,0
111.535627420,0,1,0
111.535646840,0,0,0
111.535685290,0,0,1
111.535704660,0,0,0
112.069315450,1,0,0
112.077452710,0,0,0
112.077733210,0,1,0
112.077734780,0,1,1
112.077752670,0,0,1
112.077754240,0,0,0
112.611439430,1,0,0
112.619578800,0,0,0
112.619858020,0,0,1
112.619859190,0,1,1
112.619877430,0,1,0
112.619878520,0,0,0
113.153604020,1,0,0
113.161735160,0,0,0
113.162014150,0,1,0
113.162016610,0,1,1
113.162033530,0,0,1
113.162036020,0,0,0
113.695696840,1,0,0
113.703818680,0,0,0
113.704100080,0,0,1
113.704119410,0,0,0
114.237698150,1,0,0
114.245819770,0,0,0
114.246102070,0,1,0
114.246104040,0,1,1
114.246121400,0,0,1
114.246123330,0,0,0
114.779825280,1,0,0
114.787945110,0,0,0
114.788227560,0,0,1
114.788228260,0,1,1
114.788246940,0,1,0
114.788247590,0,0,0
115.321869640,1,0,0
115.329989800,0,0,0
115.330269250,0,1,0
115.330270760,0,1,1
115.330288660,0,0,1
115.330290170,0,0,0
115.863941720,1,0,0
115.872063780,0,0,0
115.872344110,0,0,1
115.872345370,0,1,1
115.872363440,0,1,0
115.872364790,0,0,0
116.405993060,1,0,0
116.414120950,0,0,0
116.414402920,0,0,1
116.414405610,0,1,1
116.414422330,0,1,0
116.414425070,0,0,0
116.948033580,1,0,0
116.956155870,0,0,0
116.956436240,0,0,1
116.956436970,0,1,1
116.956455570,0,1,0
116.956456350,0,0,0
117.490126390,1,0,0
117.498248220,0,0,0
117.498530300,0,0,1
117.498532860,0,1,1
117.498549650,0,1,0
117.498552200,0,0,0
118.032244370,1,0,0
118.040375900,0,0,0
118.040658570,0,0,1
118.040658710,0,1,1
118.040677980,0,1,0
118.040678040,0,0,0
118.574331720,1,0,0
118.582453360,0,0,0
118.582734500,0,1,0
118.582736960,0,1,1
118.582753870,0,0,1
118.582756330,0,0,0
119.116384260,1,0,0
119.124507190,0,0,0
119.124785850,0,1,0
119.124790570,0,1,1
119.124805290,0,0,1
119.124809950,0,0,0
119.658478380,1,0,0
119.666610290,0,0,0
119.666889070,0,0,1
119.666891700,0,1,1
119.666908480,0,1,0
119.666911030,0,0,0
120.200533420,1,0,0
120.208656580,0,0,0
120.208937580,0,0,1
120.208937710,0,1,1
120.208956950,0,1,0
120.208957040,0,0,0
120.742579980,1,0,0
120.750702720,0,0,0
120.750980930,0,0,1
120.750983740,0,1,1
120.751000300,0,1,0
120.751003050,0,0,0
121.284710680,1,0,0
121.292832110,0,0,0
121.293114750,0,1,0
121.293114840,0,1,1
121.293134140,0,0,1
121.293134250,0,0,0
121.826729240,1,0,0
121.834851880,0,0,0
121.835130790,0,1,0
121.835132890,0,1,1
121.835150170,0,0,1
121.835152180,0,0,0
122.368759730,1,0,0
122.376880260,0,0,0
122.377161480,0,0,1
122.377162000,0,1,1
122.377180860,0,1,0
122.377181420,0,0,0
122.910831330,1,0,0
122.918953610,0,0,0
122.919235180,0,0,1
122.919237440,0,1,1
122.919254560,0,1,0
122.919256960,0,0,0
123.452873380,1,0,0
123.460994830,0,0,0
123.461278420,0,1,0
123.461278440,0,1,1
123.461297790,0,0,1
123.461297860,0,0,0
123.994934080,1,0,0
124.003057220,0,0,0
124.003337250,0,0,1
124.003339570,0,1,1
124.003356580,0,1,0
124.003358950,0,0,0
124.537027980,1,0,0
124.545126600,0,0,0
124.545386880,0,0,1
124.545406250,0,0,0
124.545410480,0,1,0
124.545429980,0,0,0
125.079055800,1,0,0
125.087175630,0,0,0
125.087456460,0,1,0
125.087459470,0,1,1
125.087475790,0,0,1
125.087478840,0,0,0
125.621111370,1,0,0
125.629234260,0,0,0
125.629517440,0,1,0
125.629517700,0,1,1
125.629536860,0,0,1
125.629537080,0,0,0
126.163264130,1,0,0
126.171361060,0,0,0
126.171643300,0,1,0
126.171646130,0,1,1
126.171662690,0,0,1
126.171665540,0,0,0
126.705345590,1,0,0
126.713468560,0,0,0
127.247435760,1,0,0
127.255558710,0,0,0
127.255837360,0,0,1
127.255839450,0,1,1
127.255856690,0,1,0
127.255858870,0,0,0
127.789535890,1,0,0
127.797674090,0,0,0
127.797955770,0,1,0
127.797956610,0,1,1
127.797975190,0,0,1
127.797976030,0,0,0
128.331563220,1,0,0
128.339685630,0,0,0
128.339965010,0,0,1
128.339966900,0,1,1
128.339984440,0,1,0
128.339986310,0,0,0
128.873496910,1,0,0
128.881619530,0,0,0
128.881898490,0,0,1
128.881902700,0,1,1
128.881917900,0,1,0
128.881922070,0,0,0
129.415505600,1,0,0
129.423624670,0,0,0
129.423906570,0,0,1
129.423908900,0,1,1
129.423925980,0,1,0
129.423928270,0,0,0
129.957515470,1,0,0
129.965635630,0,0,0
129.965914830,0,1,0
129.965915530,0,1,1
129.965934320,0,0,1
129.965934860,0,0,0
130.499463620,1,0,0
130.507585220,0,0,0
130.507865560,0,1,0
130.507869400,0,1,1
130.507885020,0,0,1
130.507888770,0,0,0
131.041518700,1,0,0
131.049641050,0,0,0
131.049886630,0,1,0
131.049906050,0,0,0
131.049922400,0,0,1
131.049941730,0,0,0
131.583540780,1,0,0
131.591662900,0,0,0
131.591941480,0,1,0
131.591945980,0,1,1
131.591960850,0,0,1
131.591965370,0,0,0
132.125553320,1,0,0
132.133681590,0,0,0
132.133963530,0,1,0
132.133964580,0,1,1
132.133982900,0,0,1
132.133983910,0,0,0
132.667648840,1,0,0
132.675779080,0,0,0
132.676059560,0,1,0
132.676063030,0,1,1
132.676078890,0,0,1
132.676082400,0,0,0
133.209685940,1,0,0
133.217808850,0,0,0
133.218090170,0,1,0
133.218091320,0,1,1
133.218109500,0,0,1
133.218110770,0,0,0
133.751744620,1,0,0
133.759865910,0,0,0
133.760146550,0,1,0
133.760150040,0,1,1
133.760165970,0,0,1
133.760169370,0,0,0
134.293859010,1,0,0
134.301981190,0,0,0
134.302262410,0,1,0
134.302263640,0,1,1
134.302281830,0,0,1
134.302283030,0,0,0
134.835893340,1,0,0
134.844014450,0,0,0
134.844296890,0,0,1
134.844298290,0,1,1
134.844316300,0,1,0
134.844317660,0,0,0
135.377913580,1,0,0
135.386033400,0,0,0
135.386315400,0,0,1
135.386317920,0,1,1
135.386334860,0,1,0
135.386337250,0,0,0
135.920040500,1,0,0
135.928161750,0,0,0
135.928444000,0,0,1
135.928463440,0,0,0
135.928478960,0,1,0
135.928498420,0,0,0
136.462124570,1,0,0
136.470247380,0,0,0
136.470526320,0,1,0
136.470527620,0,1,1
136.470545690,0,0,1
136.470546950,0,0,0
137.004148620,1,0,0
137.012270010,0,0,0
137.012551070,0,0,1
137.012551800,0,1,1
137.012570400,0,1,0
137.012571210,0,0,0
137.546217840,1,0,0
137.554347710,0,0,0
137.554627980,0,1,0
137.554629230,0,1,1
137.554647310,0,0,1
137.554648650,0,0,0
138.088266410,1,0,0
138.096384840,0,0,0
138.096667990,0,0,1
138.096668820,0,1,1
138.096687410,0,1,0
138.096688280,0,0,0
138.630350930,1,0,0
138.638473110,0,0,0
138.638754640,0,1,0
138.638756320,0,1,1
138.638773930,0,0,1
138.638775740,0,0,0
139.172468880,1,0,0
139.180589910,0,0,0
139.180870540,0,1,0
139.180874980,0,1,1
139.180889990,0,0,1
139.180894460,0,0,0
139.714548320,1,0,0
139.722667730,0,0,0
139.722948290,0,0,1
139.722951590,0,1,1
139.722967700,0,1,0
139.722970960,0,0,0
140.256588990,1,0,0
140.264711040,0,0,0
140.264992090,0,0,1
140.264992280,0,1,1
140.265011510,0,1,0
140.265011780,0,0,0
140.798718460,1,0,0
140.806849370,0,0,0
140.807128570,0,1,0
140.807130000,0,1,1
140.807147940,0,0,1
140.807149370,0,0,0
141.340766610,1,0,0
141.348884480,0,0,0
141.349164460,0,1,0
141.349168930,0,1,1
141.349183800,0,0,1
141.349188340,0,0,0
141.882816340,1,0,0
141.890937770,0,0,0
141.891220610,0,1,0
141.891222370,0,1,1
141.891239990,0,0,1
141.891241750,0,0,0
142.424947880,1,0,0
142.433068850,0,0,0
142.433350780,0,0,1
142.433351610,0,1,1
142.433370150,0,1,0
142.433371030,0,0,0
142.967011690,1,0,0
142.975132370,0,0,0
142.975414540,0,0,1
142.975417250,0,1,1
142.975433910,0,1,0
142.975436670,0,0,0
143.509061850,1,0,0
143.517184200,0,0,0
143.517463450,0,1,0
143.517467940,0,1,1
143.517482820,0,0,1
143.517487270,0,0,0
144.051167720,1,0,0
144.059298650,0,0,0
144.059579140,0,1,0
144.059581470,0,1,1
144.059598580,0,0,1
144.059600800,0,0,0
144.593202950,1,0,0
144.601321480,0,0,0
144.601604520,0,0,1
144.601604980,0,1,1
144.601623890,0,1,0
144.601624350,0,0,0
145.135287190,1,0,0
145.143408330,0,0,0
145.143688380,0,0,1
145.143691200,0,1,1
145.143707710,0,1,0
145.143710530,0,0,0
145.677422600,1,0,0
145.685545300,0,0,0
145.685827000,0,0,1
145.685827170,0,1,1
145.685846420,0,1,0
145.685846580,0,0,0
146.219482320,1,0,0
146.227603290,0,0,0
146.227885320,0,0,1
146.227887680,0,1,1
146.227904730,0,1,0
146.227907010,0,0,0
146.761573540,1,0,0
146.769695760,0,0,0
146.769931470,0,1,0
146.769950930,0,0,0
146.769978590,0,0,1
146.769998010,0,0,0
147.303698780,1,0,0
147.311826440,0,0,0
147.312109860,0,1,0
147.312112050,0,1,1
147.312129320,0,0,1
147.312131510,0,0,0
147.845759310,1,0,0
147.853880040,0,0,0
147.854160670,0,0,1
147.854160890,0,1,1
147.854180170,0,1,0
147.854180320,0,0,0
148.387823160,1,0,0
148.395945750,0,0,0
148.396226530,0,1,0
148.396229250,0,1,1
148.396245910,0,0,1
148.396248590,0,0,0
148.929955670,1,0,0
148.938073660,0,0,0
148.938357270,0,0,1
148.938357550,0,1,1
148.938376690,0,1,0
148.938376990,0,0,0
149.472023380,1,0,0
149.480147060,0,0,0
149.480426270,0,0,1
149.480428340,0,1,1
149.480445720,0,1,0
149.480447750,0,0,0
150.014104950,1,0,0
150.022224180,0,0,0
150.022504430,0,0,1
150.022504480,0,1,1
150.022523770,0,0,1
150.022523820,0,0,0
150.556198270,1,0,0
150.564320970,0,0,0
150.564600130,0,1,0
150.564602710,0,1,1
150.564619460,0,0,1
150.564622130,0,0,0
151.098263000,1,0,0
151.106385290,0,0,0
151.106666290,0,1,0
151.106666770,0,1,1
151.106685660,0,0,1
151.106686200,0,0,0
151.640312650,1,0,0
151.648433640,0,0,0
151.648715030,0,0,1
151.648715420,0,1,1
151.648734400,0,1,0
151.648734880,0,0,0
152.182421420,1,0,0
152.190550960,0,0,0
152.190832760,0,1,0
152.190833540,0,1,1
152.190852160,0,0,1
152.190852940,0,0,0
152.724534990,1,0,0
152.732657940,0,0,0
152.732936670,0,0,1
152.732956110,0,0,0
152.732997400,0,1,0
152.733016770,0,0,0
153.266632860,1,0,0
153.274751980,0,0,0
153.275034950,0,1,0
153.275035450,0,1,1
153.275054280,0,0,1
153.275054910,0,0,0
153.808833840,1,0,0
153.816952890,0,0,0
153.817235830,0,1,0
153.817255200,0,0,0
153.817287500,0,0,1
153.817306920,0,0,0
154.350957500,1,0,0
154.359080260,0,0,0
154.359361980,0,1,0
154.359362260,0,1,1
154.359381360,0,0,1
154.359381690,0,0,0
154.893069240,1,0,0
154.901192920,0,0,0
154.901470930,0,0,1
154.901472660,0,1,1
154.901490340,0,1,0
154.901492070,0,0,0
155.435244440,1,0,0
155.443377940,0,0,0
155.443637720,0,0,1
155.443657120,0,0,0
155.443658480,0,1,0
155.443677810,0,0,0
155.977390520,1,0,0
155.985515180,0,0,0
155.985794210,0,1,0
155.985797560,0,1,1
155.985813620,0,0,1
155.985816970,0,0,0
156.519435010,1,0,0
156.527554070,0,0,0
156.527835380,0,1,0
156.527836020,0,1,1
156.527854790,0,0,1
156.527855390,0,0,0
157.061577750,1,0,0
157.069699210,0,0,0
157.069979700,0,0,1
157.069981150,0,1,1
157.069999120,0,1,0
157.070000560,0,0,0
157.603721750,1,0,0
157.611843550,0,0,0
157.612127250,0,1,0
157.612128290,0,1,1
157.612146580,0,0,1
157.612147700,0,0,0
158.145836150,1,0,0
158.153955640,0,0,0
158.154236680,0,0,1
158.154238190,0,1,1
158.154256050,0,1,0
158.154257560,0,0,0
158.688003430,1,0,0
158.696124570,0,0,0
158.696405050,0,0,1
158.696408660,0,1,1
158.696424420,0,1,0
158.696428030,0,0,0
159.230132510,1,0,0
159.238253660,0,0,0
159.238538090,0,0,1
159.238539650,0,1,1
159.238557460,0,1,0
159.238558980,0,0,0
159.772204240,1,0,0
159.780326760,0,0,0
159.780549750,0,1,0
159.780569230,0,0,0
159.780606720,0,0,1
159.780626100,0,0,0
160.314314980,1,0,0
160.322434050,0,0,0
160.322716750,0,1,0
160.322720190,0,1,1
160.322736120,0,0,1
160.322739600,0,0,0
160.856406070,1,0,0
160.864527960,0,0,0
160.864807470,0,1,0
160.864808720,0,1,1
160.864826890,0,0,1
160.864828090,0,0,0
161.398495300,1,0,0
161.406618190,0,0,0
161.406897110,0,0,1
161.406898200,0,1,1
161.406916500,0,1,0
161.406917530,0,0,0
161.940653660,1,0,0
161.948783260,0,0,0
161.949064320,0,1,0
161.949065950,0,1,1
161.949083730,0,0,1
161.949085430,0,0,0
162.482809790,1,0,0
162.490937580,0,0,0
162.491219170,0,0,1
162.491220100,0,1,1
162.491238590,0,1,0
162.491239480,0,0,0
163.024877550,1,0,0
163.033000170,0,0,0
163.033281120,0,1,0
163.033282390,0,1,1
163.033300570,0,0,1
163.033301870,0,0,0
163.567067090,1,0,0
163.575188020,0,0,0
163.575471130,0,0,1
163.575472090,0,1,1
163.575490500,0,1,0
163.575491490,0,0,0
164.109144780,1,0,0
164.117267000,0,0,0
164.117545060,0,1,0
164.117549180,0,1,1
164.117564560,0,0,1
164.117568600,0,0,0
164.651257430,1,0,0
164.659377860,0,0,0
164.659663010,0,0,1
164.659663260,0,1,1
164.659682400,0,1,0
164.659682680,0,0,0
165.193407030,1,0,0
165.201537030,0,0,0
165.201819150,0,1,0
165.201821180,0,1,1
165.201838520,0,0,1
165.201840560,0,0,0
165.735481040,1,0,0
165.743605030,0,0,0
165.743884720,0,0,1
165.743885520,0,1,1
165.743904050,0,1,0
165.743904970,0,0,0
166.277500580,1,0,0
166.285622610,0,0,0
166.285903390,0,0,1
166.285906490,0,1,1
166.285922890,0,1,0
166.285925910,0,0,0
166.819607680,1,0,0
166.827742630,0,0,0
166.828026980,0,0,1
166.828027330,0,1,1
166.828046390,0,1,0
166.828046700,0,0,0
167.361692740,1,0,0
167.369824250,0,0,0
167.370104840,0,0,1
167.370108020,0,1,1
167.370124270,0,1,0
167.370127350,0,0,0
167.903730900,1,0,0
167.911847980,0,0,0
167.912128700,0,0,1
167.912128710,0,1,1
167.912148070,0,1,0
167.912148100,0,0,0
168.445889900,1,0,0
168.454011100,0,0,0
168.454289940,0,1,0
168.454292160,0,1,1
168.454309320,0,0,1
168.454311570,0,0,0
168.987990440,1,0,0
168.996111260,0,0,0
168.996395700,0,0,1
168.996395900,0,1,1
168.996415120,0,1,0
168.996415240,0,0,0
169.530014450,1,0,0
169.538133860,0,0,0
169.538416790,0,1,0
169.538418850,0,1,1
169.538436180,0,0,1
169.538438220,0,0,0
170.072193630,1,0,0
170.080322880,0,0,0
170.080602330,0,0,1
170.080602620,0,1,1
170.080621710,0,1,0
170.080622080,0,0,0
170.614199460,1,0,0
170.622322850,0,0,0
170.622603530,0,1,0
170.622605610,0,1,1
170.622622900,0,0,1
170.622625020,0,0,0
171.156185620,1,0,0
171.164308180,0,0,0
171.164589220,0,1,0
171.164589360,0,1,1
171.164608680,0,0,1
171.164608770,0,0,0
171.698300950,1,0,0
171.706422560,0,0,0
171.706702300,0,0,1
171.706704540,0,1,1
171.706721670,0,1,0
171.706723950,0,0,0
172.240396960,1,0,0
172.248523680,0,0,0
172.248805850,0,1,0
172.248806240,0,1,1
172.248825290,0,0,1
172.248825570,0,0,0
172.782441720,1,0,0
172.790571550,0,0,0
172.790851980,0,1,0
172.790854450,0,1,1
172.790871400,0,0,1
172.790873860,0,0,0
173.324556150,1,0,0
173.332677560,0,0,0
173.332958050,0,1,0
173.332958070,0,1,1
173.332977450,0,1,0
173.332977500,0,0,0
173.866644720,1,0,0
173.874773840,0,0,0
173.875053650,0,1,0
173.875056280,0,1,1
173.875073020,0,0,1
173.875075570,0,0,0
174.408662150,1,0,0
174.416781620,0,0,0
174.417064420,0,1,0
174.417064890,0,1,1
174.417083790,0,0,1
174.417084370,0,0,0
174.950776600,1,0,0
174.958899340,0,0,0
174.959178260,0,0,1
174.959180460,0,1,1
174.959197740,0,1,0
174.959199920,0,0,0
175.492802980,1,0,0
175.500925910,0,0,0
175.501206430,0,1,0
175.501206910,0,1,1
175.501225760,0,0,1
175.501226320,0,0,0
176.034827280,1,0,0
176.042948300,0,0,0
176.043230220,0,0,1
176.043232170,0,1,1
176.043249610,0,1,0
176.043251540,0,0,0
176.576901850,1,0,0
176.585020320,0,0,0
176.585303470,0,0,1
176.585322880,0,0,0
176.585369600,0,1,0
176.585388970,0,0,0
177.118968230,1,0,0
177.127099890,0,0,0
177.127382110,0,0,1
177.127384050,0,1,1
177.127401530,0,1,0
177.127403460,0,0,0
177.660980510,1,0,0
177.669101460,0,0,0
177.669384830,0,1,0
177.669385400,0,1,1
177.669404160,0,0,1
177.669404810,0,0,0
178.203065210,1,0,0
178.211187430,0,0,0
178.211468650,0,0,1
178.211469460,0,1,1
178.211487980,0,1,0
178.211488900,0,0,0
178.745114440,1,0,0
178.753233930,0,0,0
178.753516560,0,1,0
178.753517460,0,1,1
178.753536020,0,0,1
178.753536830,0,0,0
179.287115380,1,0,0
179.295231600,0,0,0
179.295515680,0,0,1
179.295517220,0,1,1
179.295535060,0,1,0
179.295536580,0,0,0
179.829222030,1,0,0
179.837343300,0,0,0
179.837623280,0,1,0
179.837624330,0,1,1
179.837642650,0,0,1
179.837643700,0,0,0
180.371234680,1,0,0
180.379358380,0,0,0
180.379637720,0,0,1
180.379638860,0,1,1
180.379657130,0,1,0
180.379658310,0,0,0
180.913298690,1,0,0
180.921420060,0,0,0
180.921698990,0,1,0
180.921701170,0,1,1
180.921718370,0,0,1
180.921720540,0,0,0
181.455366960,1,0,0
181.463484580,0,0,0
181.463764370,0,0,1
181.463783760,0,0,0
181.463832560,0,1,0
181.463851850,0,0,0
181.997431150,1,0,0
182.005554940,0,0,0
182.005832910,0,0,1
182.005836250,0,1,1
182.005852320,0,1,0
182.005855580,0,0,0
182.539468860,1,0,0
182.547589710,0,0,0
182.547871190,0,0,1
182.547872760,0,1,1
182.547890560,0,1,0
182.547892140,0,0,0
183.081613860,1,0,0
183.089733440,0,0,0
183.090018480,0,1,0
183.090019850,0,1,1
183.090037810,0,0,1
183.090039270,0,0,0
183.623673260,1,0,0
183.631795040,0,0,0
183.632078390,0,0,1
183.632079090,0,1,1
183.632097760,0,1,0
183.632098460,0,0,0
184.165691390,1,0,0
184.173813630,0,0,0
184.174094760,0,1,0
184.174096510,0,1,1
184.174114130,0,0,1
184.174115840,0,0,0
184.707810910,1,0,0
184.715941520,0,0,0
184.716220090,0,0,1
184.716221060,0,1,1
184.716239500,0,1,0
184.716240460,0,0,0
185.249933450,1,0,0
185.258054080,0,0,0
185.258337330,0,1,0
185.258338480,0,1,1
185.258356790,0,0,1
185.258357830,0,0,0
185.791940300,1,0,0
185.800061830,0,0,0
185.800341820,0,0,1
185.800342970,0,1,1
185.800361240,0,1,0
185.800362390,0,0,0
186.334028710,1,0,0
186.342149450,0,0,0
186.342430250,0,0,1
186.342433650,0,1,1
186.342449590,0,1,0
186.342453020,0,0,0
186.876094430,1,0,0
186.884217050,0,0,0
186.884498850,0,0,1
186.884499230,0,1,1
186.884518270,0,1,0
186.884518600,0,0,0
187.418174010,1,0,0
187.426295590,0,0,0
187.426577140,0,0,1
187.426580400,0,1,1
187.426596470,0,1,0
187.426599820,0,0,0
187.960305840,1,0,0
187.968428750,0,0,0
187.968710650,0,0,1
187.968711140,0,1,1
187.968730000,0,1,0
187.968730560,0,0,0
188.502369750,1,0,0
188.510493410,0,0,0
188.510771900,0,1,0
188.510774040,0,1,1
188.510791250,0,0,1
188.510793410,0,0,0
189.044377590,1,0,0
189.052495060,0,0,0
189.052777690,0,0,1
189.052778000,0,1,1
189.052797150,0,1,0
189.052797330,0,0,0
189.586468140,1,0,0
189.594586450,0,0,0
189.594866000,0,0,1
189.594868590,0,1,1
189.594885410,0,1,0
189.594888050,0,0,0
190.128570760,1,0,0
190.136695120,0,0,0
190.136974530,0,0,1
190.136974790,0,1,1
190.136993980,0,1,0
190.136994210,0,0,0
190.670614100,1,0,0
190.678734660,0,0,0
190.679015450,0,1,0
190.679034930,0,0,0
190.679084270,0,0,1
190.679103720,0,0,0
191.212755690,1,0,0
191.220877140,0,0,0
191.221161110,0,0,1
191.221161640,0,1,1
191.221180480,0,1,0
191.221181020,0,0,0
191.754826660,1,0,0
191.762955710,0,0,0
191.763234720,0,0,1
191.763237300,0,1,1
191.763254180,0,1,0
191.763256650,0,0,0
192.296875270,1,0,0
192.304998300,0,0,0
192.305336250,0,0,1
192.305344680,0,1,1
192.305355600,0,1,0
192.305364100,0,0,0
192.839025690,1,0,0
192.847148850,0,0,0
192.847429100,0,1,0
192.847431500,0,1,1
192.847448430,0,0,1
192.847450920,0,0,0
193.381158610,1,0,0
193.389281790,0,0,0
193.389565010,0,0,1
193.389565030,0,1,1
193.389584400,0,0,1
193.389584420,0,0,0
193.923266070,1,0,0
193.931383670,0,0,0
193.931665730,0,1,0
193.931668280,0,1,1
193.931685140,0,0,1
193.931687740,0,0,0
194.465415990,1,0,0
194.473536690,0,0,0
194.473816200,0,1,0
194.473816630,0,1,1
194.473835610,0,0,1
194.473836050,0,0,0
195.007565070,1,0,0
195.015687060,0,0,0
195.015970090,0,0,1
195.015972250,0,1,1
195.015989550,0,1,0
195.015991630,0,0,0
195.549636430,1,0,0
195.557756000,0,0,0
195.558038240,0,1,0
195.558038450,0,1,1
195.558057620,0,0,1
195.558057880,0,0,0
196.091728570,1,0,0
196.099849590,0,0,0
196.100132030,0,0,1
196.100134190,0,1,1
196.100151440,0,1,0
196.100153520,0,0,0
196.633840160,1,0,0
196.641962940,0,0,0
196.642244880,0,1,0
196.642245380,0,1,1
196.642264220,0,0,1
196.642264800,0,0,0
197.175927800,1,0,0
197.184044810,0,0,0
197.184329050,0,0,1
197.184330770,0,1,1
197.184348420,0,1,0
197.184350140,0,0,0
197.718089130,1,0,0
197.726212080,0,0,0
197.726491610,0,1,0
197.726492250,0,1,1
197.726511020,0,0,1
197.726511650,0,0,0
198.260202650,1,0,0
198.268327080,0,0,0
198.268605580,0,0,1
198.268607470,0,1,1
198.268625040,0,1,0
198.268626850,0,0,0
198.802243060,1,0,0
198.810364580,0,0,0
198.810648180,0,1,0
198.810648510,0,1,1
198.810667550,0,0,1
198.810667930,0,0,0
199.344379100,1,0,0
199.352501260,0,0,0
199.352782490,0,0,1
199.352783700,0,1,1
199.352801880,0,1,0
199.352803110,0,0,0
199.886433700,1,0,0
199.894562280,0,0,0
199.894844940,0,1,0
199.894845830,0,1,1
199.894864400,0,0,1
199.894865200,0,0,0
200.428473570,1,0,0
200.436594650,0,0,0
200.436875680,0,1,0
200.436879240,0,1,1
200.436894970,0,0,1
200.436898610,0,0,0
200.970609920,1,0,0
200.978731220,0,0,0
200.979011700,0,1,0
200.979012900,0,1,1
200.979031070,0,0,1
200.979032290,0,0,0
201.512669810,1,0,0
201.520792960,0,0,0
201.521076080,0,0,1
201.521077140,0,1,1
201.521095410,0,1,0
201.521096590,0,0,0
202.054701760,1,0,0
202.062824410,0,0,0
202.063098140,0,1,0
202.063104320,0,1,1
202.063117550,0,0,1
202.063123730,0,0,0
202.596871210,1,0,0
202.604992360,0,0,0
202.605272850,0,0,1
202.605273970,0,1,1
202.605292220,0,1,0
202.605293430,0,0,0
203.138888970,1,0,0
203.147011540,0,0,0
203.147294950,0,1,0
203.147296310,0,1,1
203.147314360,0,0,1
203.147315730,0,0,0
203.680908520,1,0,0
203.689031300,0,0,0
203.689310310,0,1,0
203.689314650,0,1,1
203.689329730,0,0,1
203.689334110,0,0,0
204.223064300,1,0,0
204.231186850,0,0,0
204.231466430,0,1,0
204.231467850,0,1,1
204.231485840,0,0,1
204.231487220,0,0,0
204.765169860,1,0,0
204.773291040,0,0,0
204.773571560,0,0,1
204.773572320,0,1,1
204.773590930,0,1,0
204.773591730,0,0,0
205.307274350,1,0,0
205.315396770,0,0,0
205.315674440,0,0,1
205.315678100,0,1,1
205.315693810,0,1,0
205.315697520,0,0,0
205.849450370,1,0,0
205.857569720,0,0,0
205.857853420,0,0,1
205.857854120,0,1,1
205.857872800,0,1,0
205.857873500,0,0,0
206.391520140,1,0,0
206.399642940,0,0,0
206.399924620,0,1,0
206.399926720,0,1,1
206.399944040,0,0,1
206.399946090,0,0,0
206.933574290,1,0,0
206.941692530,0,0,0
206.941975240,0,0,1
206.941975650,0,1,1
206.941994660,0,1,0
206.941995000,0,0,0
207.475701310,1,0,0
207.483819650,0,0,0
207.484101470,0,1,0
207.484103410,0,1,1
207.484120890,0,0,1
207.484122820,0,0,0
208.017815180,1,0,0
208.025941110,0,0,0
208.026221680,0,0,1
208.026222400,0,1,1
208.026241090,0,1,0
208.026241860,0,0,0
208.559846970,1,0,0
208.567968190,0,0,0
208.568247940,0,1,0
208.568250150,0,1,1
208.568267310,0,0,1
208.568269570,0,0,0
209.101922800,1,0,0
209.110043860,0,0,0
209.110278620,0,1,0
209.110297950,0,0,0
209.110328550,0,0,1
209.110347920,0,0,0
209.643962010,1,0,0
209.652082120,0,0,0
209.652362310,0,0,1
209.652364660,0,1,1
209.652381730,0,1,0
209.652384090,0,0,0
210.186009330,1,0,0
210.194127910,0,0,0
210.194410600,0,0,1
210.194410650,0,1,1
210.194429910,0,1,0
210.194430060,0,0,0
210.728068370,1,0,0
210.736185240,0,0,0
210.736466310,0,1,0
210.736468550,0,1,1
210.736485770,0,0,1
210.736487920,0,0,0
211.270139570,1,0,0
211.278261320,0,0,0
211.278540820,0,1,0
211.278542440,0,1,1
211.278560200,0,0,1
211.278561730,0,0,0
211.812207690,1,0,0
211.820329940,0,0,0
211.820610490,0,0,1
211.820613110,0,1,1
211.820629950,0,1,0
211.820632480,0,0,0
212.354331870,1,0,0
212.362452930,0,0,0
212.362733820,0,1,0
212.362734130,0,1,1
212.362753110,0,0,1
212.362753500,0,0,0
212.896456300,1,0,0
212.904574150,0,0,0
212.904857360,0,0,1
212.904859700,0,1,1
212.904876820,0,1,0
212.904879120,0,0,0
213.438506000,1,0,0
213.446627010,0,0,0
213.446909130,0,1,0
213.446910800,0,1,1
213.446928520,0,0,1
213.446930200,0,0,0
213.980637510,1,0,0
213.988758350,0,0,0
213.989039010,0,0,1
213.989041580,0,1,1
213.989058470,0,1,0
213.989060910,0,0,0
214.522696160,1,0,0
214.530818990,0,0,0
214.531102070,0,1,0
214.531102490,0,1,1
214.531121480,0,0,1
214.531121990,0,0,0
215.064741490,1,0,0
215.072862750,0,0,0
215.073142990,0,1,0
215.073145980,0,1,1
215.073162450,0,0,1
215.073165390,0,0,0
215.606878120,1,0,0
215.614999380,0,0,0
215.615283760,0,1,0
215.615284400,0,1,1
215.615303170,0,0,1
215.615303810,0,0,0
216.148938920,1,0,0
216.157058980,0,0,0
216.690975160,1,0,0
216.699098110,0,0,0
216.699379600,0,1,0
216.699380520,0,1,1
216.699398930,0,0,1
216.699399940,0,0,0
217.233078020,1,0,0
217.241196180,0,0,0
217.241479400,0,0,1
217.241480790,0,1,1
217.241498850,0,1,0
217.241500200,0,0,0
217.775198210,1,0,0
217.783327100,0,0,0
217.783607800,0,0,1
217.783611400,0,1,1
217.783627210,0,1,0
217.783630820,0,0,0
218.317297740,1,0,0
218.325419020,0,0,0
218.325700880,0,0,1
218.325702300,0,1,1
218.325720250,0,1,0
218.325721730,0,0,0
218.859421570,1,0,0
218.867544300,0,0,0
218.867822980,0,1,0
218.867824360,0,1,1
218.867842350,0,0,1
218.867843770,0,0,0
219.401613720,1,0,0
219.409735740,0,0,0
219.410013840,0,1,0
219.410033210,0,0,0
219.410075420,0,0,1
219.410094840,0,0,0
219.943648640,1,0,0
219.951769050,0,0,0
219.952049890,0,1,0
219.952051230,0,1,1
219.952069300,0,0,1
219.952070750,0,0,0
220.485739460,1,0,0
220.493861620,0,0,0
220.494140900,0,1,0
220.494144360,0,1,1
220.494160280,0,0,1
220.494163730,0,0,0
221.027852810,1,0,0
221.035970850,0,0,0
221.036251410,0,1,0
221.036252500,0,1,1
221.036270810,0,0,1
221.036271880,0,0,0
221.569854210,1,0,0
221.577976050,0,0,0
221.578256270,0,0,1
221.578257080,0,1,1
221.578275730,0,1,0
221.578276450,0,0,0
222.111904560,1,0,0
222.120025530,0,0,0
222.120308060,0,1,0
222.120309930,0,1,1
222.120327390,0,0,1
222.120329370,0,0,0
222.653952830,1,0,0
222.662075700,0,0,0
222.662330450,0,0,1
222.662349830,0,0,0
222.662358620,0,1,0
222.662377990,0,0,0
223.195985390,1,0,0
223.204108470,0,0,0
223.204389470,0,1,0
223.204391330,0,1,1
223.204408890,0,0,1
223.204410700,0,0,0
223.738206740,1,0,0
223.746331570,0,0,0
223.746614720,0,0,1
223.746615450,0,1,1
223.746634130,0,1,0
223.746634780,0,0,0
224.280289900,1,0,0
224.288417480,0,0,0
224.288698040,0,0,1
224.288701210,0,1,1
224.288717370,0,1,0
224.288720630,0,0,0
224.822387130,1,0,0
224.830509930,0,0,0
224.830791350,0,0,1
224.830791700,0,1,1
224.830810760,0,1,0
224.830811120,0,0,0
225.364552060,1,0,0
225.372672440,0,0,0
225.372954740,0,0,1
225.372957440,0,1,1
225.372974070,0,1,0
225.372976830,0,0,0
225.906651380,1,0,0
225.914772140,0,0,0
225.915057940,0,0,1
225.915077350,0,0,0
225.915116330,0,1,0
225.915135720,0,0,0
226.448743710,1,0,0
226.456866260,0,0,0
226.457146820,0,0,1
226.457149360,0,1,1
226.457166190,0,1,0
226.457168730,0,0,0
226.990899070,1,0,0
226.999017440,0,0,0
226.999299940,0,1,0
226.999300190,0,1,1
226.999319300,0,0,1
226.999319560,0,0,0
227.532957940,1,0,0
227.541087580,0,0,0
227.541368180,0,0,1
227.541370460,0,1,1
227.541387650,0,1,0
227.541389880,0,0,0
228.074998010,1,0,0
228.083117420,0,0,0
228.083401410,0,1,0
228.083401810,0,1,1
228.083420860,0,0,1
228.083421180,0,0,0
228.617128690,1,0,0
228.625248030,0,0,0
228.625529670,0,0,1
228.625532020,0,1,1
228.625549190,0,1,0
228.625551350,0,0,0
229.159213800,1,0,0
229.167336860,0,0,0
229.167616890,0,1,0
229.167618310,0,1,1
229.167636260,0,0,1
229.167637740,0,0,0
229.701239910,1,0,0
229.709360030,0,0,0
229.709641880,0,0,1
229.709643510,0,1,1
229.709661250,0,1,0
229.709662880,0,0,0
230.243339650,1,0,0
230.251462040,0,0,0
230.251744630,0,1,0
230.251745150,0,1,1
230.251763960,0,0,1
230.251764530,0,0,0
230.785427930,1,0,0
230.793558270,0,0,0
230.793838430,0,0,1
230.793840610,0,1,1
230.793857800,0,1,0
230.793860030,0,0,0
231.327501010,1,0,0
231.335623820,0,0,0
231.335906300,0,1,0
231.335906770,0,1,1
231.335925630,0,0,1
231.335926140,0,0,0
231.869640150,1,0,0
231.877762470,0,0,0
231.878045300,0,0,1
231.878064710,0,0,0
231.878099820,0,1,0
231.878119240,0,0,0
232.411715380,1,0,0
232.419836370,0,0,0
232.420117580,0,1,0
232.420118490,0,1,1
232.420136930,0,0,1
232.420137860,0,0,0
232.953765400,1,0,0
232.961883870,0,0,0
232.962167180,0,0,1
232.962168320,0,1,1
232.962186510,0,1,0
232.962187760,0,0,0
233.495896710,1,0,0
233.504017580,0,0,0
233.504299050,0,1,0
233.504299950,0,1,1
233.504318430,0,0,1
233.504319280,0,0,0
234.037970690,1,0,0
234.046100250,0,0,0
234.046378660,0,0,1
234.046380130,0,1,1
234.046398040,0,1,0
234.046399500,0,0,0
234.579986480,1,0,0
234.588108910,0,0,0
234.588390640,0,1,0
234.588391920,0,1,1
234.588410060,0,0,1
234.588411290,0,0,0
235.122140460,1,0,0
235.130260240,0,0,0
235.130540420,0,0,1
235.130541270,0,1,1
235.130559750,0,1,0
235.130560610,0,0,0
235.664240940,1,0,0
235.672365760,0,0,0
235.672647010,0,1,0
235.672648920,0,1,1
235.672666360,0,0,1
235.672668290,0,0,0
236.206327260,1,0,0
236.214448900,0,0,0
236.214732120,0,0,1
236.214732920,0,1,1
236.214751540,0,1,0
236.214752300,0,0,0
236.748500640,1,0,0
236.756618650,0,0,0
236.756898750,0,1,0
236.756900480,0,1,1
236.756918160,0,0,1
236.756919890,0,0,0
237.290661690,1,0,0
237.298783350,0,0,0
237.299064570,0,1,0
237.299068410,0,1,1
237.299083980,0,0,1
237.299087870,0,0,0
237.832759420,1,0,0
237.840877470,0,0,0
237.841160190,0,1,0
237.841162150,0,1,1
237.841179570,0,0,1
237.841181550,0,0,0
238.374886370,1,0,0
238.383007440,0,0,0
238.383290420,0,0,1
238.383290830,0,1,1
238.383309850,0,1,0
238.383310210,0,0,0
238.917003760,1,0,0
238.925126890,0,0,0
238.925386330,0,1,0
238.925405750,0,0,0
238.925408990,0,0,1
238.925428450,0,0,0
239.459057860,1,0,0
239.467175780,0,0,0
239.467457630,0,1,0
239.467461920,0,1,1
239.467477010,0,0,1
239.467481340,0,0,0
240.001218060,1,0,0
240.009338490,0,0,0
240.009618060,0,1,0
240.009620620,0,1,1
240.009637410,0,0,1
240.009639950,0,0,0
240.543343400,1,0,0
240.551467460,0,0,0
240.551748780,0,1,0
240.551748960,0,1,1
240.551768220,0,0,1
240.551768420,0,0,0
241.085371230,1,0,0
241.093487430,0,0,0
241.093769550,0,1,0
241.093771930,0,1,1
241.093788880,0,0,1
241.093791430,0,0,0
241.627540490,1,0,0
241.635661500,0,0,0
241.635940500,0,1,0
241.635940610,0,1,1
241.635959910,0,0,1
241.635960020,0,0,0
242.169636000,1,0,0
242.177760180,0,0,0
242.178043860,0,0,1
242.178063320,0,0,0
242.711739660,1,0,0
242.719870110,0,0,0
242.720151530,0,1,0
242.720152310,0,1,1
242.720170950,0,0,1
242.720171720,0,0,0
243.253895690,1,0,0
243.262013370,0,0,0
243.262295750,0,0,1
243.262297870,0,1,1
243.262315210,0,1,0
243.262317290,0,0,0
243.796004100,1,0,0
243.804126400,0,0,0
243.804408220,0,1,0
243.804408650,0,1,1
243.804427630,0,0,1
243.804427940,0,0,0
244.338037540,1,0,0
244.346155410,0,0,0
244.346437090,0,0,1
244.346439390,0,1,1
244.346456460,0,1,0
244.346458810,0,0,0
244.880157430,1,0,0
244.888278610,0,0,0
244.888560300,0,1,0
244.888560390,0,1,1
244.888579740,0,0,1
244.888579800,0,0,0
245.422200600,1,0,0
245.430324370,0,0,0
245.430603890,0,0,1
245.430605520,0,1,1
245.430623260,0,1,0
245.430624930,0,0,0
245.964228200,1,0,0
245.972349040,0,0,0
245.972632370,0,0,1
245.972651700,0,0,0
245.972659820,0,1,0
245.972679190,0,0,0
246.506316410,1,0,0
246.514436340,0,0,0
246.514720520,0,0,1
246.514722220,0,1,1
246.514739970,0,1,0
246.514741590,0,0,0
247.048384230,1,0,0
247.056507640,0,0,0
247.590430780,1,0,0
247.598551100,0,0,0
247.598831810,0,0,1
247.598833230,0,1,1
247.598851250,0,1,0
247.598852690,0,0,0
248.132564830,1,0,0
248.140685630,0,0,0
248.140965500,0,0,1
248.140969320,0,1,1
248.140984910,0,1,0
248.140988740,0,0,0
248.674699400,1,0,0
248.682822620,0,0,0
248.683103810,0,0,1
248.683105360,0,1,1
248.683123190,0,1,0
248.683124770,0,0,0
249.216812800,1,0,0
249.224933870,0,0,0
249.225216090,0,1,0
249.225217060,0,1,1
249.225235420,0,0,1
249.225236520,0,0,0
249.758987890,1,0,0
249.767109020,0,0,0
249.767374610,0,0,1
249.767391610,0,1,1
249.767393980,0,1,0
249.767411020,0,0,0
250.301135390,1,0,0
250.309261570,0,0,0
250.309542470,0,1,0
250.309543880,0,1,1
250.309561840,0,0,1
250.309563340,0,0,0
250.843181620,1,0,0
250.851301550,0,0,0
250.851583080,0,1,0
250.851587070,0,1,1
250.851602450,0,0,1
250.851606590,0,0,0
251.385314850,1,0,0
251.393437200,0,0,0
251.393718980,0,1,0
251.393720160,0,1,1
251.393738350,0,0,1
251.393739530,0,0,0
251.927358600,1,0,0
251.935482410,0,0,0
251.935763740,0,0,1
251.935783160,0,0,0
251.935831430,0,1,0
251.935850760,0,0,0
252.469466270,1,0,0
252.477585740,0,0,0
252.477866930,0,0,1
252.477869480,0,1,1
252.477886340,0,1,0
252.477888900,0,0,0
253.011570340,1,0,0
253.019691830,0,0,0
253.019975540,0,0,1
253.019975870,0,1,1
253.019994950,0,1,0
253.019995260,0,0,0
253.553710280,1,0,0
253.561840310,0,0,0
253.562121730,0,1,0
253.562123740,0,1,1
253.562141140,0,0,1
253.562143070,0,0,0
254.095808550,1,0,0
254.103931410,0,0,0
254.104212060,0,0,1
254.104212720,0,1,1
254.104231470,0,1,0
254.104232090,0,0,0
254.638007260,1,0,0
254.646138100,0,0,0
254.646418560,0,1,0
254.646420220,0,1,1
254.646437940,0,0,1
254.646439640,0,0,0
255.180083030,1,0,0
255.188203270,0,0,0
255.188483620,0,0,1
255.188484090,0,1,1
255.188502950,0,1,0
255.188503460,0,0,0
255.722089360,1,0,0
255.730209330,0,0,0
255.730490100,0,1,0
255.730492140,0,1,1
255.730509430,0,0,1
255.730511590,0,0,0
256.264223840,1,0,0
256.272346970,0,0,0
256.272625860,0,1,0
256.272630390,0,1,1
256.272645230,0,0,1
256.272649780,0,0,0
256.806332460,1,0,0
256.814461800,0,0,0
256.814743880,0,0,1
256.814746530,0,1,1
256.814763320,0,1,0
256.814765910,0,0,0
257.348356980,1,0,0
257.356477700,0,0,0
257.356762130,0,0,1
257.356762390,0,1,1
257.356781460,0,1,0
257.356781740,0,0,0
257.890484830,1,0,0
257.898605630,0,0,0
257.898885430,0,0,1
257.898887900,0,1,1
257.898904850,0,1,0
257.898972880,0,0,0
258.432601360,1,0,0
258.440729060,0,0,0
258.441013650,0,0,1
258.441013850,0,1,1
258.441032990,0,1,0
258.441033270,0,0,0
258.974626480,1,0,0
258.982746230,0,0,0
258.983026960,0,0,1
258.983029480,0,1,1
258.983046370,0,1,0
258.983048890,0,0,0
259.516775160,1,0,0
259.524898380,0,0,0
259.525180490,0,1,0
259.525180510,0,1,1
259.525199900,0,0,1
259.525199930,0,0,0
260.058903330,1,0,0
260.067025940,0,0,0
260.067305700,0,1,0
260.067308750,0,1,1
260.067324990,0,0,1
260.067328210,0,0,0
260.600922740,1,0,0
260.609043910,0,0,0
260.609326150,0,1,0
260.609326880,0,1,1
260.609345560,0,0,1
260.609346300,0,0,0
261.143073870,1,0,0
261.151203320,0,0,0
261.151485460,0,0,1
261.151487700,0,1,1
261.151504790,0,1,0
261.151507130,0,0,0
261.685143600,1,0,0
261.693267170,0,0,0
261.693548190,0,1,0
261.693548750,0,1,1
261.693567580,0,0,1
261.693568040,0,0,0
262.227235670,1,0,0
262.235355930,0,0,0
262.235639290,0,1,0
262.235658670,0,0,0
262.235700320,0,0,1
262.235719700,0,0,0
262.769441560,1,0,0
262.777563090,0,0,0
262.777845040,0,1,0
262.777845060,0,1,1
262.777864410,0,0,1
262.777864430,0,0,0
263.311521110,1,0,0
263.319640980,0,0,0
263.319920500,0,1,0
263.319923630,0,1,1
263.319939830,0,0,1
263.319943080,0,0,0
263.853567560,1,0,0
263.861688840,0,0,0
263.861971500,0,1,0
263.861990920,0,0,0
263.862006670,0,0,1
263.862026050,0,0,0
264.395680650,1,0,0
264.403797100,0,0,0
264.404076980,0,1,0
264.404080220,0,1,1
264.404096310,0,0,1
264.404099720,0,0,0
264.937707310,1,0,0
264.945828670,0,0,0
264.946113030,0,1,0
264.946113530,0,1,1
264.946132460,0,0,1
264.946132910,0,0,0
265.479695540,1,0,0
265.487814830,0,0,0
265.488059280,0,0,1
265.488078660,0,0,0
265.488098670,0,1,0
265.488118050,0,0,0
266.021793240,1,0,0
266.029919020,0,0,0
266.030199340,0,1,0
266.030200280,0,1,1
266.030218750,0,0,1
266.030219700,0,0,0
266.563848390,1,0,0
266.571971710,0,0,0
266.572253550,0,0,1
266.572255060,0,1,1
266.572272930,0,1,0
266.572274470,0,0,0
267.105821060,1,0,0
267.113940280,0,0,0
267.114167780,0,0,1
267.114187150,0,0,0
267.114220730,0,1,0
267.114240100,0,0,0
267.647895020,1,0,0
267.656014490,0,0,0
267.656294960,0,0,1
267.656296370,0,1,1
267.656314400,0,1,0
267.656315710,0,0,0
268.189937650,1,0,0
268.198060140,0,0,0
268.198339670,0,1,0
268.198343460,0,1,1
268.198359040,0,0,1
268.198362910,0,0,0
268.731929530,1,0,0
268.740048640,0,0,0
268.740331680,0,0,1
268.740333170,0,1,1
268.740351100,0,1,0
268.740352580,0,0,0
269.274018780,1,0,0
269.282139690,0,0,0
269.282419680,0,0,1
269.282423720,0,1,1
269.282439010,0,1,0
269.282443050,0,0,0
269.816057660,1,0,0
269.824182150,0,0,0
269.824463340,0,0,1
269.824464520,0,1,1
269.824482710,0,1,0
269.824483890,0,0,0
270.358091520,1,0,0
270.366208670,0,0,0
270.366491440,0,0,1
270.366495300,0,1,1
270.366510810,0,1,0
270.366514760,0,0,0
270.900172640,1,0,0
270.908291000,0,0,0
270.908570910,0,1,0
270.908575180,0,1,1
270.908590250,0,0,1
270.908594510,0,0,0
271.442287100,1,0,0
271.450409980,0,0,0
271.450692050,0,1,0
271.450693370,0,1,1
271.450711380,0,0,1
271.450712780,0,0,0
271.984357510,1,0,0
271.992478980,0,0,0
271.992761860,0,0,1
271.992762580,0,1,1
271.992781320,0,1,0
271.992782020,0,0,0
272.526543420,1,0,0
272.534665480,0,0,0
272.534944960,0,0,1
272.534948710,0,1,1
272.534964330,0,1,0
272.534968080,0,0,0
273.068608900,1,0,0
273.076729100,0,0,0
273.077012930,0,0,1
273.077013980,0,1,1
273.077032370,0,1,0
273.077033430,0,0,0
273.610660310,1,0,0
273.618782470,0,0,0
273.619061740,0,0,1
273.619064730,0,1,1
273.619081110,0,1,0
273.619084080,0,0,0
274.152820370,1,0,0
274.160941630,0,0,0
274.161224810,0,0,1
274.161225390,0,1,1
274.161244250,0,1,0
274.161244870,0,0,0
274.694871990,1,0,0
274.702994060,0,0,0
274.703276160,0,1,0
274.703278380,0,1,1
274.703295530,0,0,1
274.703297800,0,0,0
275.236959170,1,0,0
275.245080700,0,0,0
275.245361480,0,0,1
275.245362130,0,1,1
275.245380890,0,1,0
275.245381500,0,0,0
275.779089910,1,0,0
275.787212400,0,0,0
275.787492420,0,1,0
275.787494800,0,1,1
275.787511800,0,0,1
275.787514170,0,0,0
276.321185530,1,0,0
276.329325330,0,0,0
276.329603410,0,1,0
276.329608210,0,1,1
276.329622830,0,0,1
276.329627600,0,0,0
276.863240460,1,0,0
276.871362280,0,0,0
276.871644120,0,1,0
276.871646220,0,1,1
276.871663530,0,0,1
276.871665550,0,0,0
277.405336410,1,0,0
277.413458560,0,0,0
277.413739790,0,1,0
277.413740000,0,1,1
277.413759120,0,0,1
277.413759370,0,0,0
277.947385000,1,0,0
277.955513340,0,0,0
277.955795550,0,1,0
277.955797950,0,1,1
277.955814880,0,0,1
277.955817320,0,0,0
278.489350680,1,0,0
278.497472730,0,0,0
278.497755990,0,1,0
278.497756440,0,1,1
278.497775360,0,0,1
278.497775810,0,0,0
279.031430500,1,0,0
279.039559240,0,0,0
279.039841980,0,1,0
279.039844610,0,1,1
279.039861310,0,0,1
279.039864030,0,0,0
279.573522970,1,0,0
279.581653810,0,0,0
279.581937850,0,0,1
279.581937880,0,1,1
279.581957200,0,1,0
279.581957260,0,0,0
280.115575370,1,0,0
280.123698050,0,0,0
280.123978260,0,1,0
280.123981100,0,1,1
280.123997560,0,0,1
280.124000390,0,0,0
280.657668840,1,0,0
280.665791520,0,0,0
280.666069000,0,0,1
280.666074020,0,1,1
280.666088330,0,1,0
280.666093390,0,0,0
281.199777050,1,0,0
281.207900560,0,0,0
281.208179800,0,1,0
281.208182670,0,1,1
281.208199210,0,0,1
281.208202100,0,0,0
281.741850270,1,0,0
281.749968210,0,0,0
281.750250650,0,0,1
281.750250840,0,1,1
281.750270020,0,1,0
281.750270210,0,0,0
282.284007750,1,0,0
282.292128950,0,0,0
282.292409390,0,0,1
282.292411700,0,1,1
282.292428800,0,1,0
282.292431070,0,0,0
282.826111480,1,0,0
282.834232180,0,0,0
282.834517110,0,1,0
282.834517610,0,1,1
282.834536570,0,0,1
282.834536940,0,0,0
283.368120550,1,0,0
283.376241770,0,0,0
283.376522840,0,1,0
283.376525600,0,1,1
283.376542170,0,0,1
283.376545040,0,0,0
283.910248470,1,0,0
283.918366540,0,0,0
283.918648620,0,1,0
283.918649130,0,1,1
283.918668040,0,0,1
283.918668510,0,0,0
284.452291930,1,0,0
284.460414920,0,0,0
284.460688890,0,1,0
284.460697460,0,1,1
284.460708220,0,0,1
284.460716790,0,0,0
284.994323340,1,0,0
285.002441560,0,0,0
285.002724780,0,1,0
285.002725860,0,1,1
285.002744190,0,0,1
285.002745300,0,0,0
285.536443910,1,0,0
285.544564790,0,0,0
285.544845620,0,1,0
285.544849140,0,1,1
285.544865040,0,0,1
285.544868510,0,0,0
286.078547300,1,0,0
286.086672170,0,0,0
286.086952560,0,0,1
286.086956840,0,1,1
286.086971930,0,1,0
286.086976260,0,0,0
286.620562340,1,0,0
286.628683290,0,0,0
286.628962060,0,1,0
286.628965360,0,1,1
286.628981560,0,0,1
286.628984650,0,0,0
287.162656570,1,0,0
287.170795120,0,0,0
287.171073880,0,0,1
287.171077570,0,1,1
287.171093300,0,1,0
287.171097030,0,0,0
287.704674460,1,0,0
287.712798620,0,0,0
287.713077150,0,0,1
287.713078520,0,1,1
287.713096530,0,1,0
287.713097890,0,0,0
288.246665570,1,0,0
288.254785120,0,0,0
288.255069520,0,1,0
288.255070400,0,1,1
288.255088900,0,0,1
288.255089770,0,0,0
288.788728060,1,0,0
288.796850680,0,0,0
288.797130260,0,1,0
288.797133540,0,1,1
288.797149760,0,0,1
288.797152960,0,0,0
289.330801230,1,0,0
289.338921300,0,0,0
289.339200700,0,1,0
289.339220070,0,0,0
289.872828760,1,0,0
289.880957920,0,0,0
289.881239620,0,0,1
289.881241730,0,1,1
289.881259000,0,1,0
289.881261140,0,0,0
290.414907530,1,0,0
290.423027190,0,0,0
290.423308490,0,0,1
290.423312560,0,1,1
290.423327930,0,1,0
290.423331940,0,0,0
290.957033820,1,0,0
290.965154350,0,0,0
290.965436760,0,0,1
290.965437820,0,1,1
290.965456180,0,1,0
290.965457150,0,0,0
291.499008800,1,0,0
291.507128220,0,0,0
291.507408530,0,1,0
291.507409550,0,1,1
291.507427860,0,0,1
291.507428920,0,0,0
292.041089900,1,0,0
292.049209910,0,0,0
292.049493030,0,0,1
292.049494350,0,1,1
292.049512400,0,1,0
292.049513800,0,0,0
292.583123430,1,0,0
292.591310190,0,0,0
292.591589830,0,1,0
292.591590250,0,1,1
292.591609170,0,0,1
292.591609670,0,0,0
293.125227840,1,0,0
293.133348640,0,0,0
293.133629600,0,0,1
293.133630580,0,1,1
293.133649000,0,1,0
293.133650000,0,0,0
293.667303610,1,0,0
293.675424100,0,0,0
293.675706480,0,1,0
293.675708290,0,1,1
293.675725830,0,0,1
293.675727660,0,0,0
294.209448930,1,0,0
294.217567190,0,0,0
294.217851220,0,0,1
294.217851550,0,1,1
294.217870570,0,1,0
294.217870960,0,0,0
294.751437340,1,0,0
294.759558440,0,0,0
294.759837650,0,1,0
294.759839440,0,1,1
294.759857070,0,0,1
294.759858770,0,0,0
295.293523160,1,0,0
295.301645590,0,0,0
295.301927680,0,0,1
295.301928620,0,1,1
295.301947100,0,1,0
295.301947950,0,0,0
295.835567910,1,0,0
295.843753540,0,0,0
295.844034680,0,1,0
295.844035660,0,1,1
295.844054060,0,0,1
295.844055070,0,0,0
296.377646810,1,0,0
296.385769470,0,0,0
296.386049250,0,0,1
296.386050160,0,1,1
296.386068670,0,1,0
296.386069640,0,0,0
296.919798280,1,0,0
296.927927230,0,0,0
296.928207580,0,0,1
296.928210930,0,1,1
296.928226950,0,1,0
296.928230350,0,0,0
297.461914850,1,0,0
297.470037550,0,0,0
297.470316800,0,1,0
297.470320550,0,1,1
297.470336220,0,0,1
297.470339960,0,0,0
298.003968650,1,0,0
298.012095540,0,0,0
298.012321300,0,1,0
298.012340670,0,0,0
298.012379310,0,0,1
298.012398770,0,0,0
298.546007830,1,0,0
298.554133820,0,0,0
298.554417150,0,0,1
298.554417460,0,1,1
298.554436530,0,1,0
298.554436830,0,0,0
299.088092150,1,0,0
299.096208550,0,0,0
299.096488790,0,1,0
299.096490680,0,1,1
299.096508160,0,0,1
299.096510060,0,0,0
299.630054320,1,0,0
299.638175440,0,0,0
299.638458720,0,1,0
299.638458800,0,1,1
299.638478090,0,0,1
299.638478170,0,0,0
300.172177560,1,0,0
300.180298690,0,0,0
300.180580120,0,1,0
300.180582350,0,1,1
300.180599510,0,0,1
300.180601770,0,0,0
300.714330110,1,0,0
300.722452470,0,0,0
300.722735200,0,0,1
300.722735710,0,1,1
300.722754570,0,1,0
300.722755130,0,0,0
301.256343610,1,0,0
301.264466430,0,0,0
301.264746320,0,1,0
301.264765700,0,0,0
301.264806540,0,0,1
301.264825970,0,0,0
301.798396140,1,0,0
301.806518040,0,0,0
301.806801650,0,0,1
301.806802200,0,1,1
301.806820980,0,1,0
301.806821540,0,0,0
302.340536480,1,0,0
302.348664050,0,0,0
302.348947870,0,1,0
302.348950340,0,1,1
302.348967330,0,0,1
302.348969720,0,0,0
302.882581270,1,0,0
302.890711320,0,0,0
302.891030360,0,1,0
302.891032080,0,1,1
302.891049780,0,0,1
302.891051510,0,0,0
303.424667610,1,0,0
303.432787230,0,0,0
303.433068930,0,1,0
303.433071560,0,1,1
303.433088350,0,0,1
303.433090890,0,0,0
303.966784010,1,0,0
303.974914810,0,0,0
303.975199810,0,1,0
303.975199980,0,1,1
303.975219140,0,0,1
303.975219360,0,0,0
304.508825200,1,0,0
304.516963130,0,0,0
304.517245590,0,1,0
304.517260030,0,1,1
304.517264970,0,0,1
304.517279490,0,0,0
305.050969350,1,0,0
305.059090630,0,0,0
305.059370950,0,0,1
305.059371060,0,1,1
305.059390360,0,1,0
305.059390390,0,0,0
305.593034640,1,0,0
305.601156630,0,0,0
305.601436710,0,1,0
305.601439620,0,1,1
305.601456080,0,0,1
305.601458990,0,0,0
306.135052620,1,0,0
306.143173790,0,0,0
306.143457430,0,1,0
306.143476760,0,0,0
306.143516290,0,0,1
306.143535830,0,0,0
306.677170850,1,0,0
306.685300860,0,0,0
306.685581120,0,0,1
306.685583130,0,1,1
306.685600580,0,1,0
306.685602510,0,0,0
307.219262660,1,0,0
307.227385480,0,0,0
307.227668600,0,1,0
307.227669560,0,1,1
307.227688060,0,0,1
307.227689030,0,0,0
307.761310300,1,0,0
307.769431880,0,0,0
307.769709060,0,1,0
307.769712740,0,1,1
307.769728390,0,0,1
307.769732120,0,0,0
308.303441050,1,0,0
308.311562560,0,0,0
308.311845000,0,1,0
308.311846030,0,1,1
308.311864400,0,0,1
308.311865550,0,0,0
308.845585380,1,0,0
308.853719580,0,0,0
308.853999280,0,0,1
308.854001190,0,1,1
308.854018650,0,1,0
308.854020520,0,0,0
309.387647980,1,0,0
309.395769140,0,0,0
309.396051760,0,1,0
309.396052360,0,1,1
309.396071210,0,0,1
309.396071810,0,0,0
309.929809890,1,0,0
309.937928030,0,0,0
309.938209250,0,0,1
309.938212450,0,1,1
309.938228620,0,1,0
309.938231840,0,0,0
310.471947280,1,0,0
310.480071520,0,0,0
310.480352980,0,1,0
310.480353870,0,1,1
310.480372310,0,0,1
310.480373200,0,0,0
311.014040150,1,0,0
311.022159930,0,0,0
311.022441970,0,0,1
311.022443720,0,1,1
311.022461340,0,1,0
311.022463140,0,0,0
311.556207310,1,0,0
311.564329780,0,0,0
311.564609430,0,1,0
311.564610320,0,1,1
311.564628810,0,0,1
311.564629690,0,0,0
312.098263010,1,0,0
312.106386400,0,0,0
312.106668410,0,0,1
312.106670140,0,1,1
312.106687830,0,1,0
312.106689520,0,0,0
312.640366150,1,0,0
312.648488850,0,0,0
312.648770650,0,1,0
312.648772120,0,1,1
312.648789980,0,0,1
312.648791570,0,0,0
313.182565560,1,0,0
313.190680420,0,0,0
313.190961500,0,1,0
313.190965150,0,1,1
313.190980870,0,0,1
313.190984520,0,0,0
313.724628010,1,0,0
313.732750540,0,0,0
313.733017600,0,1,0
313.733033140,0,1,1
313.733037010,0,0,1
313.733052510,0,0,0
314.266704640,1,0,0
314.274824860,0,0,0
314.275106570,0,0,1
314.275107640,0,1,1
314.275125960,0,1,0
314.275127010,0,0,0
314.808870310,1,0,0
314.816990280,0,0,0
314.817273470,0,1,0
314.817274910,0,1,1
314.817292780,0,0,1
314.817294330,0,0,0
315.350905510,1,0,0
315.359026750,0,0,0
315.359309260,0,1,0
315.359312960,0,1,1
315.359328640,0,0,1
315.359332380,0,0,0
315.892904410,1,0,0
315.901027210,0,0,0
315.901306390,0,0,1
315.901309830,0,1,1
315.901325840,0,1,0
315.901329170,0,0,0
316.435068860,1,0,0
316.443188560,0,0,0
316.443469190,0,0,1
316.443470690,0,1,1
316.443488560,0,1,0
316.443490140,0,0,0
316.977169780,1,0,0
316.985292310,0,0,0
316.985575200,0,1,0
316.985594610,0,0,0
316.985639280,0,0,1
316.985658650,0,0,0
317.519242530,1,0,0
317.527363770,0,0,0
317.527645820,0,0,1
317.527646840,0,1,1
317.527665240,0,1,0
317.527666210,0,0,0
318.061361120,1,0,0
318.069483510,0,0,0
318.069762270,0,1,0
318.069763980,0,1,1
318.069781650,0,0,1
318.069783310,0,0,0
318.603432130,1,0,0
318.611555220,0,0,0
318.611837190,0,1,0
318.611856630,0,0,0
318.611887690,0,0,1
318.611907060,0,0,0
319.145468420,1,0,0
319.153589810,0,0,0
319.153870480,0,0,1
319.153874150,0,1,1
319.153889850,0,1,0
319.153893570,0,0,0
319.687595570,1,0,0
319.695716290,0,0,0
319.695998690,0,0,1
319.695999050,0,1,1
319.696018060,0,1,0
319.696018420,0,0,0
320.229690470,1,0,0
320.237818810,0,0,0
320.238099720,0,1,0
320.238102000,0,1,1
320.238119090,0,0,1
320.238121460,0,0,0
320.771761930,1,0,0
320.779883350,0,0,0
320.780165040,0,0,1
320.780165600,0,1,1
320.780184460,0,1,0
320.780184890,0,0,0
321.313943680,1,0,0
321.322072460,0,0,0
321.322353690,0,0,1
321.322356490,0,1,1
321.322373140,0,1,0
321.322375910,0,0,0
321.856065610,1,0,0
321.864189600,0,0,0
321.864471580,0,0,1
321.864472280,0,1,1
321.864491030,0,1,0
321.864491690,0,0,0
322.398187800,1,0,0
322.406310040,0,0,0
322.406589890,0,0,1
322.406592830,0,1,1
322.406609260,0,1,0
322.406612160,0,0,0
322.940398280,1,0,0
322.948519290,0,0,0
322.948802840,0,0,1
322.948803360,0,1,1
322.948822270,0,1,0
322.948822690,0,0,0
323.482573170,1,0,0
323.490702180,0,0,0
323.490981240,0,0,1
323.490983990,0,1,1
323.491000530,0,1,0
323.491003470,0,0,0
324.024708200,1,0,0
324.032831240,0,0,0
324.033109380,0,0,1
324.033109570,0,1,1
324.033128790,0,1,0
324.033128950,0,0,0
324.566856450,1,0,0
324.574977270,0,0,0
324.575257950,0,0,1
324.575260220,0,1,1
324.575277360,0,1,0
324.575279510,0,0,0
325.108968400,1,0,0
325.117090310,0,0,0
325.117370860,0,1,1
325.117390160,0,0,1
325.117390190,0,0,0
325.651014460,1,0,0
325.659137130,0,0,0
325.659416190,0,1,0
325.659419240,0,1,1
325.659435600,0,0,1
325.659438610,0,0,0
326.193170910,1,0,0
326.201289770,0,0,0
326.201572170,0,1,0
326.201572480,0,1,1
326.201591460,0,0,1
326.201591890,0,0,0
326.735274690,1,0,0
326.743394660,0,0,0
326.743672860,0,1,0
326.743675800,0,1,1
326.743692230,0,0,1
326.743695180,0,0,0
327.277350580,1,0,0
327.285479590,0,0,0
327.285763480,0,1,0
327.285763790,0,1,1
327.285782870,0,0,1
327.285783200,0,0,0
327.819480820,1,0,0
327.827602060,0,0,0
327.827882240,0,0,1
327.827883870,0,1,1
327.827901610,0,1,0
327.827903260,0,0,0
328.361572060,1,0,0
328.369695630,0,0,0
328.369979850,0,1,0
328.369980470,0,1,1
328.369999220,0,0,1
328.369999950,0,0,0
328.903590620,1,0,0
328.911711460,0,0,0
328.911994000,0,0,1
328.911995450,0,1,1
328.912013520,0,1,0
328.912014860,0,0,0
329.445704080,1,0,0
329.453826930,0,0,0
329.454106000,0,1,0
329.454107030,0,1,1
329.454125460,0,0,1
329.454126440,0,0,0
329.987780550,1,0,0
329.995908460,0,0,0
329.996190090,0,0,1
329.996191830,0,1,1
329.996209470,0,1,0
329.996211200,0,0,0
330.529833670,1,0,0
330.537963160,0,0,0
330.538242830,0,0,1
330.538247220,0,1,1
330.538262120,0,1,0
330.538266630,0,0,0
331.071925180,1,0,0
331.080046230,0,0,0
331.080326750,0,0,1
331.080327960,0,1,1
331.080346160,0,1,0
331.080347420,0,0,0
331.613957440,1,0,0
331.622085050,0,0,0
331.622368620,0,1,0
331.622369880,0,1,1
331.622388060,0,0,1
331.622389330,0,0,0
332.155986590,1,0,0
332.164106020,0,0,0
332.164383970,0,1,0
332.164387440,0,1,1
332.164403310,0,0,1
332.164406810,0,0,0
332.698133790,1,0,0
332.706271320,0,0,0
332.706551190,0,0,1
332.706554930,0,1,1
332.706570480,0,1,0
332.706574300,0,0,0
333.240190000,1,0,0
333.248312550,0,0,0
333.248594300,0,0,1
333.248595520,0,1,1
333.248613720,0,1,0
333.248614810,0,0,0
333.782238530,1,0,0
333.790375650,0,0,0
333.790656010,0,1,0
333.790657550,0,1,1
333.790675430,0,0,1
333.790676890,0,0,0
334.324362080,1,0,0
334.332481150,0,0,0
334.332761970,0,1,0
334.332765830,0,1,1
334.332781320,0,0,1
334.332785240,0,0,0
334.866428210,1,0,0
334.874552030,0,0,0
334.874832500,0,1,0
334.874833910,0,1,1
334.874851920,0,0,1
334.874853330,0,0,0
335.408453470,1,0,0
335.416574620,0,0,0
335.416857190,0,0,1
335.416858080,0,1,1
335.416876670,0,1,0
335.416877450,0,0,0
335.950539430,1,0,0
335.958662230,0,0,0
335.958943930,0,1,0
335.958945130,0,1,1
335.958963260,0,0,1
335.958964500,0,0,0
336.492643960,1,0,0
336.500765630,0,0,0
336.501048390,0,0,1
336.501049420,0,1,1
336.501067760,0,1,0
336.501068790,0,0,0
337.034691590,1,0,0
337.042812410,0,0,0
337.043091770,0,0,1
337.043094990,0,1,1
337.043111230,0,1,0
337.043114360,0,0,0
337.576834130,1,0,0
337.584953680,0,0,0
337.585234880,0,0,1
337.585254280,0,0,0
338.118959890,1,0,0
338.127084360,0,0,0
338.127362870,0,0,1
338.127368010,0,1,1
338.127382240,0,1,0
338.127387380,0,0,0
338.661003470,1,0,0
338.669123320,0,0,0
338.669403700,0,1,0
338.669406320,0,1,1
338.669423030,0,0,1
338.669425690,0,0,0
339.203133870,1,0,0
339.211255700,0,0,0
339.211539200,0,1,0
339.211539990,0,1,1
339.211558660,0,0,1
339.211559390,0,0,0
339.745199830,1,0,0
339.753323910,0,0,0
339.753602940,0,0,1
339.753604650,0,1,1
339.753622270,0,1,0
339.753623980,0,0,0
340.287270000,1,0,0
340.295391390,0,0,0
340.295671390,0,0,1
340.295674910,0,1,1
340.295690760,0,1,0
340.295694370,0,0,0
340.829375710,1,0,0
340.837495260,0,0,0
340.837775860,0,1,0
340.837779340,0,1,1
340.837795200,0,0,1
340.837798750,0,0,0
341.371472240,1,0,0
341.379594390,0,0,0
341.379876810,0,1,0
341.379877490,0,1,1
341.379896290,0,0,1
341.379896920,0,0,0
341.913495050,1,0,0
341.921623210,0,0,0
341.921905510,0,0,1
341.921907300,0,1,1
341.921924890,0,1,0
341.921926720,0,0,0
342.455601260,1,0,0
342.463722710,0,0,0
342.464003040,0,1,0
342.464003870,0,1,1
342.464022460,0,0,1
342.464023200,0,0,0
342.997647800,1,0,0
343.005769730,0,0,0
343.006052020,0,0,1
343.006053370,0,1,1
343.006071360,0,1,0
343.006072810,0,0,0
343.539711340,1,0,0
343.547834310,0,0,0
343.548114150,0,1,0
343.548115180,0,1,1
343.548133560,0,0,1
343.548134550,0,0,0
344.081823440,1,0,0
344.089946040,0,0,0
344.090224880,0,1,0
344.090228470,0,1,1
344.090244250,0,0,1
344.090247910,0,0,0
344.623877610,1,0,0
344.632001160,0,0,0
344.632278990,0,1,0
344.632281890,0,1,1
344.632298400,0,0,1
344.632301290,0,0,0
345.165867060,1,0,0
345.173989640,0,0,0
345.174269850,0,0,1
345.174271160,0,1,1
345.174289270,0,1,0
345.174290540,0,0,0
345.707972680,1,0,0
345.716093860,0,0,0
345.716373250,0,0,1
345.716377150,0,1,1
345.716392660,0,1,0
345.716396560,0,0,0
346.250095290,1,0,0
346.258219210,0,0,0
346.258501520,0,0,1
346.258502450,0,1,1
346.258520850,0,1,0
346.258521780,0,0,0
346.792159510,1,0,0
346.800276830,0,0,0
346.800557990,0,1,0
346.800559230,0,1,1
346.800577370,0,0,1
346.800578600,0,0,0
347.334280090,1,0,0
347.342418470,0,0,0
347.342698080,0,0,1
347.342698730,0,1,1
347.342717450,0,1,0
347.342718100,0,0,0
347.876377580,1,0,0
347.884499200,0,0,0
347.884779110,0,1,0
347.884780910,0,1,1
347.884798500,0,0,1
347.884800320,0,0,0
348.418468620,1,0,0
348.426591070,0,0,0
348.426869760,0,1,0
348.426874390,0,1,1
348.426889140,0,0,1
348.426893760,0,0,0
348.960602240,1,0,0
348.968722960,0,0,0
348.969005280,0,1,0
348.969007320,0,1,1
348.969024660,0,0,1
348.969026730,0,0,0
349.502712480,1,0,0
349.510831990,0,0,0
349.511115750,0,0,1
349.511116360,0,1,1
349.511135160,0,1,0
349.511135800,0,0,0
350.044763830,1,0,0
350.052881880,0,0,0
350.053161830,0,1,0
350.053163870,0,1,1
350.053181210,0,0,1
350.053183200,0,0,0
350.586903070,1,0,0
350.595024810,0,0,0
350.595307360,0,0,1
350.595326730,0,0,0
350.595338850,0,1,0
350.595358240,0,0,0
351.129021380,1,0,0
351.137144550,0,0,0
351.137422920,0,1,0
351.137425270,0,1,1
351.137442250,0,0,1
351.137444640,0,0,0
351.671083660,1,0,0
351.679204730,0,0,0
351.679488260,0,0,1
351.679488640,0,1,1
351.679507630,0,1,0
351.679507970,0,0,0
352.213214360,1,0,0
352.221335480,0,0,0
352.221616770,0,0,1
352.221619410,0,1,1
352.221636100,0,1,0
352.221638870,0,0,0
352.755359940,1,0,0
352.763481860,0,0,0
352.763764890,0,1,0
352.763764900,0,1,1
352.763784230,0,1,0
352.763784350,0,0,0
353.297402200,1,0,0
353.305524190,0,0,0
353.305803060,0,0,1
353.305805320,0,1,1
353.305822390,0,1,0
353.305824780,0,0,0
353.839511940,1,0,0
353.847632970,0,0,0
353.847916070,0,1,0
353.847916440,0,1,1
353.847935450,0,0,1
353.847935770,0,0,0
354.381651820,1,0,0
354.389771040,0,0,0
354.390054470,0,0,1
354.390056620,0,1,1
354.390073840,0,1,0
354.390076030,0,0,0
354.923657520,1,0,0
354.931778610,0,0,0
354.932062290,0,1,0
354.932062700,0,1,1
354.932081710,0,0,1
354.932082030,0,0,0
355.465810190,1,0,0
355.473928490,0,0,0
355.474189410,0,1,0
355.474208780,0,0,0
355.474210700,0,0,1
355.474230070,0,0,0
356.007979700,1,0,0
356.016101170,0,0,0
356.016383580,0,1,0
356.016384160,0,1,1
356.016402950,0,0,1
356.016403570,0,0,0
356.549967730,1,0,0
356.558090720,0,0,0
356.558333990,0,0,1
356.558353370,0,0,0
356.558368810,0,1,0
356.558388190,0,0,0
357.092098280,1,0,0
357.100216750,0,0,0
357.100499740,0,1,0
357.100500370,0,1,1
357.100519150,0,0,1
357.100519700,0,0,0
357.634093600,1,0,0
357.642277310,0,0,0
357.642557420,0,1,0
357.642558680,0,1,1
357.642576880,0,0,1
357.642578070,0,0,0
358.176301980,1,0,0
358.184430280,0,0,0
358.184707530,0,0,1
358.184711070,0,1,1
358.184726900,0,1,0
358.184730470,0,0,0
358.718443100,1,0,0
358.726566050,0,0,0
358.726844670,0,0,1
358.726846140,0,1,1
358.726864130,0,1,0
358.726865510,0,0,0
359.260623150,1,0,0
359.268744890,0,0,0
359.269026800,0,1,0
359.269028170,0,1,1
359.269046220,0,0,1
359.269047500,0,0,0
359.802646210,1,0,0
359.810767990,0,0,0
359.811047710,0,1,0
359.811051390,0,1,1
359.811067140,0,0,1
359.811070760,0,0,0
360.344719400,1,0,0
360.352841700,0,0,0
360.353123380,0,1,0
360.353124510,0,1,1
360.353142760,0,0,1
360.353143880,0,0,0
360.886879860,1,0,0
360.895000810,0,0,0
360.895282650,0,0,1
360.895283780,0,1,1
360.895302080,0,1,0
360.895303190,0,0,0
361.428890800,1,0,0
361.437011440,0,0,0
361.437295890,0,0,1
361.437315220,0,0,0
361.970974410,1,0,0
361.979092400,0,0,0
361.979374000,0,0,1
361.979374530,0,1,1
361.979393380,0,1,0
361.979393980,0,0,0
362.513126160,1,0,0
362.521246110,0,0,0
362.521525510,0,1,0
362.521527060,0,1,1
362.521544990,0,0,1
362.521546350,0,0,0
363.055200780,1,0,0
363.063322190,0,0,0
363.063605420,0,0,1
363.063606140,0,1,1
363.063624800,0,1,0
363.063625510,0,0,0
363.597314540,1,0,0
363.605434190,0,0,0
363.605712330,0,0,1
363.605716890,0,1,1
363.605731750,0,1,0
363.605736330,0,0,0
364.139392810,1,0,0
364.147514900,0,0,0
364.147796640,0,0,1
364.147797340,0,1,1
364.147816010,0,1,0
364.147816730,0,0,0
364.681448770,1,0,0
364.689569420,0,0,0
364.689849940,0,0,1
364.689851490,0,1,1
364.689869270,0,1,0
364.689870990,0,0,0
365.223599520,1,0,0
365.231718710,0,0,0
365.232002700,0,0,1
365.232003770,0,1,1
365.232022030,0,1,0
365.232023140,0,0,0
365.765670010,1,0,0
365.773793770,0,0,0
365.774074170,0,1,0
365.774076340,0,1,1
365.774093510,0,0,1
365.774095750,0,0,0
366.307715820,1,0,0
366.315833900,0,0,0
366.316114280,0,0,1
366.316133700,0,0,0
366.316172870,0,1,0
366.316192290,0,0,0
366.849859300,1,0,0
366.857980180,0,0,0
366.858262500,0,0,1
366.858265730,0,1,1
366.858281920,0,1,0
366.858285150,0,0,0
367.391919610,1,0,0
367.400043830,0,0,0
367.400325430,0,0,1
367.400326210,0,1,1
367.400344840,0,1,0
367.400345500,0,0,0
367.933903780,1,0,0
367.942026560,0,0,0
367.942306490,0,1,0
367.942308980,0,1,1
367.942325820,0,0,1
367.942328390,0,0,0
368.475931150,1,0,0
368.484049990,0,0,0
368.484332080,0,1,0
368.484332300,0,1,1
368.484351490,0,0,1
368.484351670,0,0,0
369.018023850,1,0,0
369.026145530,0,0,0
369.026425080,0,0,1
369.026427790,0,1,1
369.026444450,0,1,0
369.026447080,0,0,0
369.560007140,1,0,0
369.568129480,0,0,0
369.568408140,0,1,0
369.568408650,0,1,1
369.568427520,0,0,1
369.568427980,0,0,0
370.102133380,1,0,0
370.110254810,0,0,0
370.110536380,0,0,1
370.110539150,0,1,1
370.110555750,0,1,0
370.110558570,0,0,0
370.644220810,1,0,0
370.652338970,0,0,0
370.652619400,0,1,0
370.652619970,0,1,1
370.652638910,0,0,1
370.652639420,0,0,0
371.186241890,1,0,0
371.194376770,0,0,0
371.194653490,0,1,0
371.194661390,0,1,1
371.194672910,0,0,1
371.194680720,0,0,0
371.728333450,1,0,0
371.736453390,0,0,0
371.736735490,0,1,0
371.736736290,0,1,1
371.736754900,0,0,1
371.736755660,0,0,0
372.270456040,1,0,0
372.278575140,0,0,0
372.278856600,0,1,0
372.278859230,0,1,1
372.278876020,0,0,1
372.278878600,0,0,0
372.812512740,1,0,0
372.820634780,0,0,0
372.820917050,0,1,0
372.820917350,0,1,1
372.820936490,0,0,1
372.820936690,0,0,0
373.354638280,1,0,0
373.362759910,0,0,0
373.896758380,1,0,0
373.904882280,0,0,0
373.905162890,0,1,0
373.905163440,0,1,1
373.905182260,0,0,1
373.905182880,0,0,0
374.438855080,1,0,0
374.446983050,0,0,0
374.447266650,0,0,1
374.447268690,0,1,1
374.447285990,0,1,0
374.447288060,0,0,0
374.980969300,1,0,0
374.989090080,0,0,0
374.989374410,0,1,0
374.989375200,0,1,1
374.989393800,0,0,1
374.989394530,0,0,0
375.523090210,1,0,0
375.531211070,0,0,0
375.531493200,0,0,1
375.531495000,0,1,1
375.531512530,0,1,0
375.531514330,0,0,0
376.065172550,1,0,0
376.073294880,0,0,0
376.073570340,0,1,0
376.073576390,0,1,1
376.073589800,0,0,1
376.073595780,0,0,0
376.607281940,1,0,0
376.615399070,0,0,0
376.615679660,0,0,1
376.615681310,0,1,1
376.615698990,0,1,0
376.615700720,0,0,0
377.149322760,1,0,0
377.157445650,0,0,0
377.157726850,0,0,1
377.157737010,0,1,1
377.157746140,0,1,0
377.157756460,0,0,0
377.691318500,1,0,0
377.699440430,0,0,0
377.699721350,0,0,1
377.699722380,0,1,1
377.699740680,0,1,0
377.699741820,0,0,0
378.233416970,1,0,0
378.241539330,0,0,0
378.241818100,0,0,1
378.241823010,0,1,1
378.241837520,0,1,0
378.241842340,0,0,0
378.775508540,1,0,0
378.783635380,0,0,0
378.783917270,0,0,1
378.783918540,0,1,1
378.783936640,0,1,0
378.783937960,0,0,0
379.317512610,1,0,0
379.325633870,0,0,0
379.325913630,0,1,0
379.325915500,0,1,1
379.325933000,0,0,1
379.325934930,0,0,0
379.859653390,1,0,0
379.867776170,0,0,0
379.868058080,0,0,1
379.868059610,0,1,1
379.868077410,0,1,0
379.868078990,0,0,0
380.401714690,1,0,0
380.409835370,0,0,0
380.410120510,0,1,0
380.410121640,0,1,1
380.410139950,0,0,1
380.410141140,0,0,0
380.943690800,1,0,0
380.951812600,0,0,0
380.952095010,0,0,1
380.952095640,0,1,1
380.952114380,0,1,0
380.952115050,0,0,0
381.485784830,1,0,0
381.493905670,0,0,0
381.494186350,0,1,0
381.494188000,0,1,1
381.494205720,0,0,1
381.494207330,0,0,0
382.027867840,1,0,0
382.035991700,0,0,0
382.036271190,0,0,1
382.036271870,0,1,1
382.036290670,0,1,0
382.036291330,0,0,0
382.569832030,1,0,0
382.577952500,0,0,0
382.578232680,0,1,0
382.578234240,0,1,1
382.578252100,0,0,1
382.578253610,0,0,0
383.111948390,1,0,0
383.120069610,0,0,0
383.120352390,0,0,1
383.120353400,0,1,1
383.120371720,0,1,0
383.120372860,0,0,0
383.654042600,1,0,0
383.662160920,0,0,0
383.662443850,0,1,0
383.662445520,0,1,1
383.662463310,0,0,1
383.662464890,0,0,0
384.196068350,1,0,0
384.204197200,0,0,0
384.204478520,0,0,1
384.204479410,0,1,1
384.204497890,0,1,0
384.204498780,0,0,0
384.738174710,1,0,0
384.746293610,0,0,0
384.746577000,0,0,1
384.746579960,0,1,1
384.746596380,0,1,0
384.746599330,0,0,0
385.280308670,1,0,0
385.288429080,0,0,0
385.288710320,0,1,0
385.288710400,0,1,1
385.288729680,0,0,1
385.288729730,0,0,0
385.822316400,1,0,0
385.830439390,0,0,0
385.830718320,0,0,1
385.830720730,0,1,1
385.830737760,0,1,0
385.830740190,0,0,0
386.364397390,1,0,0
386.372518410,0,0,0
386.372801450,0,0,1
386.372801720,0,1,1
386.372820910,0,1,0
386.372821100,0,0,0
386.906417850,1,0,0
386.914546710,0,0,0
386.914827400,0,1,0
386.914846780,0,0,0
386.914887230,0,0,1
386.914906660,0,0,0
387.448411780,1,0,0
387.456533710,0,0,0
387.456817620,0,1,0
387.456817710,0,1,1
387.456837000,0,0,1
387.456837140,0,0,0
387.990519790,1,0,0
387.998639400,0,0,0
387.998920480,0,0,1
387.998923390,0,1,1
387.998939940,0,1,0
387.998942760,0,0,0
388.532561660,1,0,0
388.540685510,0,0,0
388.540964160,0,1,0
388.540983540,0,0,0
388.541022030,0,0,1
388.541041480,0,0,0
389.074539370,1,0,0
389.082661440,0,0,0
389.082941990,0,0,1
389.082944410,0,1,1
389.082961400,0,1,0
389.082963860,0,0,0
389.616660770,1,0,0
389.624799410,0,0,0
389.625079710,0,1,0
389.625080110,0,1,1
389.625099080,0,0,1
389.625099440,0,0,0
390.158703310,1,0,0
390.166827780,0,0,0
390.167108170,0,0,1
390.167110740,0,1,1
390.167127500,0,1,0
390.167130150,0,0,0
390.700739310,1,0,0
390.708861680,0,0,0
390.709141030,0,1,0
390.709141580,0,1,1
390.709160400,0,0,1
390.709160950,0,0,0
391.242892170,1,0,0
391.251013150,0,0,0
391.251294530,0,0,1
391.251296450,0,1,1
391.251313910,0,1,0
391.251315880,0,0,0
391.784965770,1,0,0
391.793088010,0,0,0
391.793367050,0,1,0
391.793367490,0,1,1
391.793386380,0,0,1
391.793386900,0,0,0
392.327033730,1,0,0
392.335155340,0,0,0
392.335435740,0,0,1
392.335437970,0,1,1
392.335455110,0,1,0
392.335457340,0,0,0
392.869155850,1,0,0
392.877278730,0,0,0
392.877558280,0,1,0
392.877558920,0,1,1
392.877577700,0,0,1
392.877578290,0,0,0
393.411239640,1,0,0
393.419361050,0,0,0
393.419642430,0,0,1
393.419643850,0,1,1
393.419661850,0,1,0
393.419663260,0,0,0
393.953306120,1,0,0
393.961428400,0,0,0
393.961709370,0,1,0
393.961710220,0,1,1
393.961728790,0,0,1
393.961729590,0,0,0
394.495392950,1,0,0
394.503514270,0,0,0
394.503795060,0,1,0
394.503797510,0,1,1
394.503814430,0,0,1
394.503816840,0,0,0
395.037567490,1,0,0
395.045687020,0,0,0
395.045965780,0,1,0
395.045966840,0,1,1
395.045985150,0,0,1
395.045986170,0,0,0
395.579635210,1,0,0
395.587755850,0,0,0
395.588040020,0,0,1
395.588041220,0,1,1
395.588059470,0,1,0
395.588060550,0,0,0
396.121744420,1,0,0
396.129865510,0,0,0
396.130146790,0,1,0
396.130148390,0,1,1
396.130166120,0,0,1
396.130167740,0,0,0
396.663875120,1,0,0
396.671997490,0,0,0
396.672277210,0,1,0
396.672280940,0,1,1
396.672296600,0,0,1
396.672300400,0,0,0
397.205916560,1,0,0
397.214033500,0,0,0
397.214318010,0,1,0
397.214319000,0,1,1
397.214337380,0,0,1
397.214338390,0,0,0
397.748082320,1,0,0
397.756205000,0,0,0
397.756483350,0,1,0
397.756487200,0,1,1
397.756502720,0,0,1
397.756506610,0,0,0
398.290165460,1,0,0
398.298288390,0,0,0
398.298569030,0,1,0
398.298570380,0,1,1
398.298588440,0,0,1
398.298589730,0,0,0
398.832198560,1,0,0
398.840316970,0,0,0
398.840598640,0,0,1
398.840599390,0,1,1
398.840618080,0,1,0
398.840618780,0,0,0
399.374292600,1,0,0
399.382411690,0,0,0
399.382690170,0,1,0
399.382692010,0,1,1
399.382709570,0,0,1
399.382711380,0,0,0
399.916344620,1,0,0
399.924461630,0,0,0
399.924740750,0,1,0
399.924745340,0,1,1
399.924760110,0,0,1
399.924764730,0,0,0
400.458357340,1,0,0
400.466478500,0,0,0
400.466760870,0,1,0
400.466762870,0,1,1
400.466780310,0,0,1
400.466782280,0,0,0
401.000479090,1,0,0
401.008600070,0,0,0
401.008860260,0,1,0
401.008879550,0,0,0
401.008881300,0,0,1
401.008900670,0,0,0
401.542486080,1,0,0
401.550608340,0,0,0
401.550889210,0,0,1
401.550892420,0,1,1
401.550908630,0,1,0
401.550911880,0,0,0
402.084476450,1,0,0
402.092597270,0,0,0
402.092876080,0,0,1
402.092877960,0,1,1
402.092895410,0,1,0
402.092897250,0,0,0
402.626572920,1,0,0
402.634695660,0,0,0
402.634975490,0,0,1
402.634978510,0,1,1
402.634994930,0,1,0
402.634997890,0,0,0
403.168585870,1,0,0
403.176706860,0,0,0
403.176989130,0,1,0
403.176994110,0,1,1
403.177008580,0,0,1
403.177013460,0,0,0
403.710617890,1,0,0
403.718739120,0,0,0
403.719019540,0,1,0
403.719022000,0,1,1
403.719038960,0,0,1
403.719041480,0,0,0
404.252683440,1,0,0
404.260804620,0,0,0
404.261085030,0,0,1
404.261085480,0,1,1
404.261104320,0,1,0
404.261104810,0,0,0
404.794765850,1,0,0
404.802896150,0,0,0
404.803180530,0,1,0
404.803200010,0,0,0
404.803244860,0,0,1
404.803264190,0,0,0
405.336807900,1,0,0
405.344933890,0,0,0
405.345216410,0,0,1
405.345216710,0,1,1
405.345235850,0,1,0
405.345236120,0,0,0
405.878892750,1,0,0
405.887015070,0,0,0
405.887294360,0,0,1
405.887296430,0,1,1
405.887313770,0,1,0
405.887315830,0,0,0
406.420952110,1,0,0
406.429083140,0,0,0
406.429367160,0,1,0
406.429367830,0,1,1
406.429386580,0,0,1
406.429387200,0,0,0
406.962940770,1,0,0
406.971058280,0,0,0
406.971340470,0,0,1
406.971343070,0,1,1
406.971359920,0,1,0
406.971362410,0,0,0
407.505023400,1,0,0
407.513142810,0,0,0
407.513420930,0,1,0
407.513423810,0,1,1
407.513440300,0,0,1
407.513443190,0,0,0
408.047122790,1,0,0
408.055243550,0,0,0
408.055526910,0,0,1
408.055529220,0,1,1
408.055546320,0,1,0
408.055548590,0,0,0
408.589154960,1,0,0
408.597276470,0,0,0
408.597559600,0,1,0
408.597560290,0,1,1
408.597579080,0,0,1
408.597579620,0,0,0
409.131334010,1,0,0
409.139456620,0,0,0
409.139738030,0,0,1
409.139740270,0,1,1
409.139757470,0,1,0
409.139759640,0,0,0
409.673466020,1,0,0
409.681586760,0,0,0
409.681871100,0,1,1
409.681890480,0,1,0
409.681890520,0,0,0
410.215512030,1,0,0
410.223634140,0,0,0
410.223914860,0,0,1
410.223916520,0,1,1
410.223934300,0,1,0
410.223935890,0,0,0
410.757654120,1,0,0
410.765776630,0,0,0
410.766024900,0,1,0
410.766044230,0,0,0
410.766057790,0,0,1
410.766077160,0,0,0
411.299696730,1,0,0
411.307819870,0,0,0
411.308101070,0,0,1
411.308102630,0,1,1
411.308120470,0,1,0
411.308121960,0,0,0
411.841679260,1,0,0
411.849801520,0,0,0
411.850083040,0,1,0
411.850084150,0,1,1
411.850102500,0,0,1
411.850103520,0,0,0
412.383787270,1,0,0
412.391909500,0,0,0
412.392188490,0,1,0
412.392192090,0,1,1
412.392207820,0,0,1
412.392211470,0,0,0
412.925872370,1,0,0
412.934000760,0,0,0
412.934280150,0,0,1
412.934283910,0,1,1
412.934299480,0,1,0
412.934303240,0,0,0
413.467901990,1,0,0
413.476023390,0,0,0
413.476303390,0,0,1
413.476304470,0,1,1
413.476322840,0,1,0
413.476323800,0,0,0
414.010032800,1,0,0
414.018150750,0,0,0
414.018430510,0,1,0
414.018431600,0,1,1
414.018449910,0,0,1
414.018450940,0,0,0
414.552187060,1,0,0
414.560310210,0,0,0
414.560589860,0,0,1
414.560590400,0,1,1
414.560609280,0,1,0
414.560609840,0,0,0
415.094241140,1,0,0
415.102368800,0,0,0
415.102647600,0,0,1
415.102651270,0,1,1
415.102666890,0,1,0
415.102670650,0,0,0
415.636379000,1,0,0
415.644500550,0,0,0
415.644780820,0,0,1
415.644781850,0,1,1
415.644800280,0,1,0
415.644801230,0,0,0
416.178458540,1,0,0
416.186581150,0,0,0
416.186862520,0,1,0
416.186863910,0,1,1
416.186881940,0,0,1
416.186883240,0,0,0
416.720521750,1,0,0
416.728640640,0,0,0
416.728922270,0,0,1
416.728922840,0,1,1
416.728941690,0,1,0
416.728942130,0,0,0
417.262603050,1,0,0
417.270724530,0,0,0
417.271005320,0,0,1
417.271008240,0,1,1
417.271024760,0,1,0
417.271027610,0,0,0
417.804698880,1,0,0
417.812821830,0,0,0
417.813104120,0,1,0
417.813123490,0,0,0
417.813137500,0,0,1
417.813156870,0,0,0
418.346705820,1,0,0
418.354827790,0,0,0
418.355106340,0,0,1
418.355109570,0,1,1
418.355125730,0,1,0
418.355128900,0,0,0
418.888790840,1,0,0
418.896912290,0,0,0
418.897194590,0,0,1
418.897195390,0,1,1
418.897213960,0,1,0
418.897214740,0,0,0
419.430819360,1,0,0
419.438939290,0,0,0
419.439215210,0,1,0
419.439234650,0,0,0
419.439280640,0,0,1
419.439300050,0,0,0
419.972765030,1,0,0
419.980885970,0,0,0
419.981165930,0,0,1
419.981166180,0,1,1
419.981185350,0,1,0
419.981185550,0,0,0
420.514862920,1,0,0
420.522999800,0,0,0
420.523279120,0,0,1
420.523281730,0,1,1
420.523298500,0,1,0
420.523301020,0,0,0
421.056925670,1,0,0
421.065050190,0,0,0
421.065321210,0,0,1
421.065332270,0,1,1
421.065340600,0,1,0
421.065351650,0,0,0
421.598958310,1,0,0
421.607080050,0,0,0
421.607360320,0,0,1
421.607362850,0,1,1
421.607379730,0,1,0
421.607382260,0,0,0
422.141100450,1,0,0
422.149216580,0,0,0
422.149498270,0,1,0
422.149498520,0,1,1
422.149517670,0,0,1
422.149517900,0,0,0
422.683118440,1,0,0
422.691239240,0,0,0
422.691510730,0,0,1
422.691523400,0,1,1
422.691530150,0,1,0
422.691542690,0,0,0
423.225163440,1,0,0
423.233294550,0,0,0
423.233573110,0,1,0
423.233574610,0,1,1
423.233592570,0,0,1
423.233593960,0,0,0
423.767330660,1,0,0
423.775449210,0,0,0
423.775729700,0,1,0
423.775732940,0,1,1
423.775749030,0,0,1
423.775752330,0,0,0
424.309413280,1,0,0
424.317537490,0,0,0
424.317815960,0,0,1
424.317820230,0,1,1
424.317835310,0,1,0
424.317839640,0,0,0
424.851408540,1,0,0
424.859528130,0,0,0
424.859810470,0,1,0
424.859814020,0,1,1
424.859829880,0,0,1
424.859833350,0,0,0
425.393516010,1,0,0
425.401638310,0,0,0
425.401917290,0,0,1
425.401921370,0,1,1
425.401936660,0,1,0
425.401940740,0,0,0
425.935582630,1,0,0
425.943705170,0,0,0
425.943985290,0,0,1
425.943986910,0,1,1
425.944004660,0,1,0
425.944006270,0,0,0
426.477666490,1,0,0
426.485786100,0,0,0
426.486067520,0,1,0
426.486068140,0,1,1
426.486086900,0,0,1
426.486087490,0,0,0
427.019782730,1,0,0
427.027903440,0,0,0
427.028186340,0,0,1
427.028187820,0,1,1
427.028205710,0,1,0
427.028207150,0,0,0
427.561913490,1,0,0
427.570036480,0,0,0
427.570318630,0,1,0
427.570319840,0,1,1
427.570338050,0,0,1
427.570339250,0,0,0
428.103954670,1,0,0
428.112075700,0,0,0
428.112357690,0,0,1
428.112359030,0,1,1
428.112377080,0,1,0
428.112378450,0,0,0
428.646095590,1,0,0
428.654217460,0,0,0
428.654499450,0,1,0
428.654500790,0,1,1
428.654518740,0,0,1
428.654520210,0,0,0
429.188200210,1,0,0
429.196321130,0,0,0
429.196600110,0,1,0
429.196604290,0,1,1
429.196619440,0,0,1
429.196623750,0,0,0
429.730216820,1,0,0
429.738337580,0,0,0
429.738620810,0,1,0
429.738622210,0,1,1
429.738640190,0,0,1
429.738641620,0,0,0
430.272309080,1,0,0
430.280429460,0,0,0
430.280710960,0,1,0
430.280715250,0,1,1
430.280730330,0,0,1
430.280734620,0,0,0
430.814374840,1,0,0
430.822498360,0,0,0
430.822778310,0,0,1
430.822781460,0,1,1
430.822797780,0,1,0
430.822800960,0,0,0
431.356390510,1,0,0
431.364510230,0,0,0
431.364791520,0,0,1
431.364791980,0,1,1
431.364810970,0,1,0
431.364811350,0,0,0
431.898497080,1,0,0
431.906618030,0,0,0
431.906897760,0,1,0
431.906899620,0,1,1
431.906917200,0,0,1
431.906918990,0,0,0
432.440525250,1,0,0
432.448652990,0,0,0
432.448904570,0,1,0
432.448923910,0,0,0
432.448932890,0,0,1
432.448952310,0,0,0
432.982480470,1,0,0
432.990601180,0,0,0
432.990883420,0,1,0
432.990885750,0,1,1
432.990902830,0,0,1
432.990905080,0,0,0
433.524583780,1,0,0
433.532705870,0,0,0
433.532989170,0,0,1
433.532989270,0,1,1
433.533008540,0,1,0
433.533008640,0,0,0
434.066604970,1,0,0
434.074721790,0,0,0
434.075004900,0,1,0
434.075007460,0,1,1
434.075024230,0,0,1
434.075026870,0,0,0
434.608641680,1,0,0
434.616772050,0,0,0
434.617033130,0,1,0
434.617052560,0,0,0
434.617055190,0,0,1
434.617074580,0,0,0
435.150788730,1,0,0
435.158907160,0,0,0
435.159188210,0,0,1
435.159191020,0,1,1
435.159207540,0,1,0
435.159210480,0,0,0
435.692823250,1,0,0
435.700962800,0,0,0
435.701241630,0,0,1
435.701241650,0,1,1
435.701260960,0,1,0
435.701261100,0,0,0
436.234826260,1,0,0
436.242947760,0,0,0
436.243229610,0,0,1
436.243231930,0,1,1
436.243248980,0,1,0
436.243251430,0,0,0
436.776858670,1,0,0
436.784978890,0,0,0
436.785262470,0,1,0
436.785262860,0,1,1
436.785281850,0,0,1
436.785282190,0,0,0
437.318887930,1,0,0
437.327018870,0,0,0
437.327301090,0,0,1
437.327302760,0,1,1
437.327320550,0,1,0
437.327322190,0,0,0
437.860826030,1,0,0
437.868947060,0,0,0
437.869228380,0,1,0
437.869229100,0,1,1
437.869247840,0,0,1
437.869248470,0,0,0
438.402902230,1,0,0
438.411023760,0,0,0
438.411304260,0,1,0
438.411306960,0,1,1
438.411323680,0,0,1
438.411326290,0,0,0
438.944901000,1,0,0
438.953023180,0,0,0
438.953265040,0,0,1
438.953284370,0,0,0
438.953304800,0,1,0
438.953324130,0,0,0
439.486881150,1,0,0
439.495003190,0,0,0
439.495283400,0,0,1
439.495284880,0,1,1
439.495302810,0,1,0
439.495304170,0,0,0
440.028913120,1,0,0
440.037033520,0,0,0
440.037315300,0,1,0
440.037316650,0,1,1
440.037334740,0,0,1
440.037336030,0,0,0
440.570941590,1,0,0
440.579061140,0,0,0
440.579341010,0,1,0
440.579360430,0,0,0
440.579394340,0,0,1
440.579413720,0,0,0
441.113024070,1,0,0
441.121145820,0,0,0
441.121426750,0,1,0
441.121427780,0,1,1
441.121446210,0,0,1
441.121447180,0,0,0
441.655179640,1,0,0
441.663302230,0,0,0
441.663581020,0,0,1
441.663582140,0,1,1
441.663600450,0,1,0
441.663601480,0,0,0
442.197263930,1,0,0
442.205386960,0,0,0
442.205669140,0,0,1
442.205688430,0,0,0
442.205730810,0,1,0
442.205750230,0,0,0
442.739323440,1,0,0
442.747452560,0,0,0
442.747732890,0,1,0
442.747737080,0,1,1
442.747752300,0,0,1
442.747756500,0,0,0
443.281464100,1,0,0
443.289602070,0,0,0
443.289883360,0,1,0
443.289885210,0,1,1
443.289902730,0,0,1
443.289904540,0,0,0
443.823551550,1,0,0
443.831671850,0,0,0
443.831953500,0,0,1
443.831954250,0,1,1
443.831972910,0,1,0
443.831973710,0,0,0
444.365540290,1,0,0
444.373659380,0,0,0
444.373940000,0,1,0
444.373941600,0,1,1
444.373959390,0,0,1
444.373960980,0,0,0
444.907654680,1,0,0
444.915776770,0,0,0
444.916059790,0,0,1
444.916060210,0,1,1
444.916079230,0,1,0
444.916079650,0,0,0
445.449705340,1,0,0
445.457828990,0,0,0
445.458110770,0,1,0
445.458112940,0,1,1
445.458130140,0,0,1
445.458132270,0,0,0
445.991760500,1,0,0
445.999881860,0,0,0
446.000165670,0,0,1
446.000166210,0,1,1
446.000185120,0,1,0
446.000185620,0,0,0
446.533906410,1,0,0
446.542027810,0,0,0
446.542308980,0,0,1
446.542311940,0,1,1
446.542328350,0,1,0
446.542331270,0,0,0
447.076014940,1,0,0
447.084138900,0,0,0
447.084422210,0,0,1
447.084422230,0,1,1
447.084441540,0,1,0
447.084441650,0,0,0
447.618068450,1,0,0
447.626204210,0,0,0
447.626487640,0,1,0
447.626490210,0,1,1
447.626507020,0,0,1
447.626509690,0,0,0
448.160182940,1,0,0
448.168305570,0,0,0
448.168588810,0,0,1
448.168608270,0,0,0
448.168646240,0,1,0
448.168665580,0,0,0
448.702215320,1,0,0
448.710338620,0,0,0
448.710618650,0,1,0
448.710621790,0,1,1
448.710638090,0,0,1
448.710641230,0,0,0
449.244286690,1,0,0
449.252409630,0,0,0
449.252688190,0,0,1
449.252689130,0,1,1
449.252707670,0,1,0
449.252708520,0,0,0
449.786407460,1,0,0
449.794527890,0,0,0
449.794810020,0,1,0
449.794812810,0,1,1
449.794829390,0,0,1
449.794832200,0,0,0
450.328466200,1,0,0
450.336589190,0,0,0
450.336870470,0,1,0
450.336871280,0,1,1
450.336889840,0,0,1
450.336890700,0,0,0
450.870514560,1,0,0
450.878635570,0,0,0
450.878916170,0,1,0
450.878919140,0,1,1
450.878935580,0,0,1
450.878938470,0,0,0
451.412632430,1,0,0
451.420751600,0,0,0
451.421036370,0,1,0
451.421037220,0,1,1
451.421055820,0,0,1
451.421056550,0,0,0
451.954711020,1,0,0
451.962834400,0,0,0
451.963115300,0,0,1
451.963117040,0,1,1
451.963134670,0,1,0
451.963136540,0,0,0
452.496777170,1,0,0
452.504900180,0,0,0
452.505178390,0,0,1
452.505182450,0,1,1
452.505197810,0,1,0
452.505201860,0,0,0
453.038950150,1,0,0
453.047072810,0,0,0
453.047352900,0,1,0
453.047356490,0,1,1
453.047372280,0,0,1
453.047375860,0,0,0
453.581052390,1,0,0
453.589176500,0,0,0
453.589458330,0,1,0
453.589459570,0,1,1
453.589477670,0,0,1
453.589478980,0,0,0
454.123070150,1,0,0
454.131192400,0,0,0
454.131471700,0,0,1
454.131473810,0,1,1
454.131491080,0,1,0
454.131493140,0,0,0
454.665211130,1,0,0
454.673341180,0,0,0
454.673620990,0,0,1
454.673624650,0,1,1
454.673640320,0,1,0
454.673644020,0,0,0
455.207263300,1,0,0
455.215395430,0,0,0
455.215674140,0,0,1
455.215675050,0,1,1
455.215693550,0,1,0
455.215694420,0,0,0
455.749264560,1,0,0
455.757386790,0,0,0
455.757665510,0,1,0
455.757667100,0,1,1
455.757684890,0,0,1
455.757686540,0,0,0
456.291385580,1,0,0
456.299503720,0,0,0
456.299785420,0,0,1
456.299786000,0,1,1
456.299804790,0,1,0
456.299805440,0,0,0
456.833433480,1,0,0
456.841552090,0,0,0
456.841833340,0,0,1
456.841836470,0,1,1
456.841852760,0,1,0
456.841855880,0,0,0
457.375467240,1,0,0
457.383588760,0,0,0
457.383871270,0,0,1
457.383872080,0,1,1
457.383890600,0,1,0
457.383891450,0,0,0
457.917604320,1,0,0
457.925741060,0,0,0
457.926019690,0,0,1
457.926022370,0,1,1
457.926039020,0,1,0
457.926041710,0,0,0
458.459686200,1,0,0
458.467809120,0,0,0
458.468092390,0,0,1
458.468093050,0,1,1
458.468111720,0,1,0
458.468112420,0,0,0
459.001756790,1,0,0
459.009877670,0,0,0
459.010158450,0,1,0
459.010160850,0,1,1
459.010177840,0,0,1
459.010180230,0,0,0
459.543870270,1,0,0
459.551991320,0,0,0
459.552273480,0,1,0
459.552273690,0,1,1
459.552292850,0,0,1
459.552293070,0,0,0
460.085940850,1,0,0
460.094063860,0,0,0
460.094344580,0,1,0
460.094346970,0,1,1
460.094363950,0,0,1
460.094366340,0,0,0
460.627937480,1,0,0
460.636059820,0,0,0
460.636340040,0,0,1
460.636340270,0,1,1
460.636359470,0,1,0
460.636359720,0,0,0
461.169964610,1,0,0
461.178085740,0,0,0
461.178365600,0,1,0
461.178368420,0,1,1
461.178385010,0,0,1
461.178387810,0,0,0
461.711996090,1,0,0
461.720115660,0,0,0
461.720401160,0,1,0
461.720401230,0,1,1
461.720420530,0,0,1
461.720420600,0,0,0
462.253962430,1,0,0
462.262083370,0,0,0
462.262364440,0,0,1
462.262366370,0,1,1
462.262383820,0,1,0
462.262385750,0,0,0
462.796042780,1,0,0
462.804164870,0,0,0
462.804446880,0,1,0
462.804447760,0,1,1
462.804466210,0,0,1
462.804467220,0,0,0
463.338080370,1,0,0
463.346203620,0,0,0
463.346485600,0,0,1
463.346487340,0,1,1
463.346504890,0,1,0
463.346506820,0,0,0
463.880051320,1,0,0
463.888172350,0,0,0
463.888452720,0,1,0
463.888453960,0,1,1
463.888472050,0,0,1
463.888473330,0,0,0
464.422175030,1,0,0
464.430294850,0,0,0
464.430573900,0,1,0
464.430576900,0,1,1
464.430593360,0,0,1
464.430596330,0,0,0
464.964223070,1,0,0
464.972348300,0,0,0
464.972629180,0,1,0
464.972629720,0,1,1
464.972648550,0,0,1
464.972649170,0,0,0
465.506284310,1,0,0
465.514406280,0,0,0
465.514687260,0,0,1
465.514689390,0,1,1
465.514706630,0,1,0
465.514708850,0,0,0
466.048422960,1,0,0
466.056550940,0,0,0
466.056835110,0,1,0
466.056835760,0,1,1
466.056854530,0,0,1
466.056855220,0,0,0
466.590404970,1,0,0
466.598525860,0,0,0
466.598809330,0,0,1
466.598810640,0,1,1
466.598828700,0,1,0
466.598830010,0,0,0
467.132422890,1,0,0
467.140545250,0,0,0
467.140825790,0,1,0
467.140827530,0,1,1
467.140845240,0,0,1
467.140846970,0,0,0
467.674541840,1,0,0
467.682664850,0,0,0
467.682945550,0,0,1
467.682964960,0,0,0
468.216597860,1,0,0
468.224718390,0,0,0
468.224996320,0,1,0
468.224998630,0,1,1
468.225015820,0,0,1
468.225018070,0,0,0
468.758627520,1,0,0
468.766747450,0,0,0
468.767032010,0,0,1
468.767032450,0,1,1
468.767051380,0,1,0
468.767051870,0,0,0
469.300739450,1,0,0
469.308860300,0,0,0
469.309142910,0,1,0
469.309144980,0,1,1
469.309162240,0,0,1
469.309164360,0,0,0
469.842761160,1,0,0
469.850883520,0,0,0
469.851162920,0,0,1
469.851163380,0,1,1
469.851182300,0,1,0
469.851182820,0,0,0
470.384810160,1,0,0
470.392931520,0,0,0
470.393210880,0,0,1
470.393214100,0,1,1
470.393230290,0,1,0
470.393233410,0,0,0
470.926884110,1,0,0
470.935005760,0,0,0
470.935289280,0,0,1
470.935289690,0,1,1
470.935308730,0,1,0
470.935309110,0,0,0
471.468925290,1,0,0
471.477047950,0,0,0
471.477329980,0,1,0
471.477332020,0,1,1
471.477349310,0,0,1
471.477351450,0,0,0
472.010978250,1,0,0
472.019094020,0,0,0
472.019380160,0,0,1
472.019380530,0,1,1
472.019399620,0,1,0
472.019399900,0,0,0
472.553077300,1,0,0
472.561200120,0,0,0
472.561481110,0,1,0
472.561483530,0,1,1
472.561500530,0,0,1
472.561502990,0,0,0
473.095147710,1,0,0
473.103274910,0,0,0
473.103556600,0,1,0
473.103556820,0,1,1
473.103575970,0,0,1
473.103576220,0,0,0
473.637171330,1,0,0
473.645292680,0,0,0
473.645574650,0,0,1
473.645593980,0,0,0
473.645615200,0,1,0
473.645634560,0,0,0
474.179313990,1,0,0
474.187435130,0,0,0
474.187717520,0,1,0
474.187717790,0,1,1
474.187736940,0,0,1
474.187737210,0,0,0
474.721399420,1,0,0
474.729522730,0,0,0
474.729803160,0,1,0
474.729805480,0,1,1
474.729822610,0,0,1
474.729824890,0,0,0
475.263407460,1,0,0
475.271529930,0,0,0
475.271808460,0,1,0
475.271808660,0,1,1
475.271827830,0,0,1
475.271828070,0,0,0
475.805486390,1,0,0
475.813608570,0,0,0
475.813889170,0,1,0
475.813891940,0,1,1
475.813908550,0,0,1
475.813911310,0,0,0
476.347592050,1,0,0
476.355713850,0,0,0
476.355994650,0,1,0
476.355995250,0,1,1
476.356014070,0,0,1
476.356014580,0,0,0
476.889635360,1,0,0
476.897757450,0,0,0
476.898038320,0,0,1
476.898040130,0,1,1
476.898057710,0,1,0
476.898059510,0,0,0
477.431795080,1,0,0
477.439924110,0,0,0
477.440205280,0,1,0
477.440206060,0,1,1
477.440224650,0,0,1
477.440225490,0,0,0
477.973876650,1,0,0
477.981998780,0,0,0
477.982279220,0,0,1
477.982281150,0,1,1
477.982298590,0,1,0
477.982300520,0,0,0
478.515883080,1,0,0
478.524005840,0,0,0
478.524286800,0,1,0
478.524287520,0,1,1
478.524306230,0,0,1
478.524306930,0,0,0
479.058038090,1,0,0
479.066155620,0,0,0
479.066435590,0,0,1
479.066436870,0,1,1
479.066454960,0,1,0
479.066456270,0,0,0
479.600117210,1,0,0
479.608235170,0,0,0
479.608517450,0,1,0
479.608518450,0,1,1
479.608536900,0,0,1
479.608537970,0,0,0
480.142119050,1,0,0
480.150240060,0,0,0
480.150521650,0,0,1
480.150523070,0,1,1
480.150541020,0,1,0
480.150542400,0,0,0
480.684249470,1,0,0
480.692370500,0,0,0
480.692653050,0,1,0
480.692654990,0,1,1
480.692672460,0,0,1
480.692674400,0,0,0
481.226348150,1,0,0
481.234475990,0,0,0
481.234758200,0,0,1
481.234758740,0,1,1
481.234777600,0,1,0
481.234778110,0,0,0
481.768456640,1,0,0
481.776578710,0,0,0
481.776859260,0,1,0
481.776861390,0,1,1
481.776878640,0,0,1
481.776880790,0,0,0
482.310623200,1,0,0
482.318752860,0,0,0
482.319034060,0,0,1
482.319034870,0,1,1
482.319053480,0,1,0
482.319054180,0,0,0
482.852829940,1,0,0
482.860951820,0,0,0
482.861232230,0,0,1
482.861235060,0,1,1
482.861251670,0,1,0
482.861254500,0,0,0
483.394844720,1,0,0
483.402966200,0,0,0
483.403250490,0,0,1
483.403250750,0,1,1
483.403269960,0,1,0
483.403270170,0,0,0
483.936937310,1,0,0
483.945056900,0,0,0
483.945341420,0,1,0
483.945343390,0,1,1
483.945360840,0,0,1
483.945362720,0,0,0
484.478965730,1,0,0
484.487087890,0,0,0
484.487371530,0,0,1
484.487372000,0,1,1
484.487390950,0,1,0
484.487457570,0,0,0
485.021030340,1,0,0
485.029151400,0,0,0
485.029432440,0,1,0
485.029434500,0,1,1
485.029451870,0,0,1
485.029453930,0,0,0
485.563160870,1,0,0
485.571280260,0,0,0
485.571562460,0,1,0
485.571562560,0,1,1
485.571581860,0,0,1
485.571582020,0,0,0
486.105188840,1,0,0
486.113309090,0,0,0
486.113593190,0,1,0
486.113595840,0,1,1
486.113612680,0,0,1
486.113615250,0,0,0
486.647251940,1,0,0
486.655372330,0,0,0
486.655653550,0,1,0
486.655653860,0,1,1
486.655672880,0,0,1
486.655673230,0,0,0
487.189402970,1,0,0
487.197524040,0,0,0
487.197804270,0,1,0
487.197806780,0,1,1
487.197823600,0,0,1
487.197826130,0,0,0
487.731494260,1,0,0
487.739615420,0,0,0
487.739899530,0,1,0
487.739900050,0,1,1
487.739918860,0,0,1
487.739919470,0,0,0
488.273568410,1,0,0
488.281688380,0,0,0
488.281967950,0,0,1
488.281970060,0,1,1
488.281987370,0,1,0
488.281989430,0,0,0
488.815676460,1,0,0
488.823799570,0,0,0
488.824080510,0,1,0
488.824081020,0,1,1
488.824099880,0,0,1
488.824100470,0,0,0
489.357732330,1,0,0
489.365861090,0,0,0
489.366141250,0,1,0
489.366144140,0,1,1
489.366160580,0,0,1
489.366163540,0,0,0
489.899750830,1,0,0
489.907871880,0,0,0
489.908151360,0,1,0
489.908152390,0,1,1
489.908170690,0,0,1
489.908171830,0,0,0
490.441859810,1,0,0
490.449981340,0,0,0
490.450331670,0,0,1
490.450351040,0,0,0
490.983969770,1,0,0
490.992090950,0,0,0
490.992371850,0,1,0
490.992373480,0,1,1
490.992391180,0,0,1
490.992392850,0,0,0
491.526016500,1,0,0
491.534137820,0,0,0
491.534421270,0,0,1
491.534422940,0,1,1
491.534440650,0,1,0
491.534442310,0,0,0
492.068127810,1,0,0
492.076250070,0,0,0
492.076529820,0,0,1
492.076533330,0,1,1
492.076549150,0,1,0
492.076552740,0,0,0
492.610236900,1,0,0
492.618358210,0,0,0
492.618638570,0,1,0
492.618642880,0,1,1
492.618657950,0,0,1
492.618662250,0,0,0
493.152296690,1,0,0
493.160417530,0,0,0
493.160699090,0,1,0
493.160700710,0,1,1
493.160718490,0,0,1
493.160720120,0,0,0
493.694400810,1,0,0
493.702523090,0,0,0
493.702804040,0,0,1
493.702804750,0,1,1
493.702823450,0,1,0
493.702824080,0,0,0
494.236520240,1,0,0
494.244640640,0,0,0
494.244922080,0,0,1
494.244925040,0,1,1
494.244941410,0,1,0
494.244944450,0,0,0
494.778519570,1,0,0
494.786642310,0,0,0
494.786925220,0,0,1
494.786925690,0,1,1
494.786944680,0,1,0
494.786945100,0,0,0
495.320582440,1,0,0
495.328702410,0,0,0
495.328982910,0,0,1
495.328986030,0,1,1
495.329002320,0,1,0
495.329005440,0,0,0
495.862699730,1,0,0
495.870821220,0,0,0
495.871101170,0,0,1
495.871101310,0,1,1
495.871120510,0,1,0
495.871120720,0,0,0
496.404805020,1,0,0
496.412924050,0,0,0
496.413204150,0,0,1
496.413206850,0,1,1
496.413223480,0,1,0
496.413226230,0,0,0
496.946954020,1,0,0
496.955075710,0,0,0
496.955357060,0,0,1
496.955357170,0,1,1
496.955376460,0,1,0
496.955376590,0,0,0
497.489162090,1,0,0
497.497278600,0,0,0
497.497560290,0,0,1
497.497562710,0,1,1
497.497579760,0,1,0
497.497582120,0,0,0
498.031252050,1,0,0
498.039371240,0,0,0
498.039653460,0,1,0
498.039653530,0,1,1
498.039672880,0,1,0
498.039672980,0,0,0
498.573402500,1,0,0
498.581523610,0,0,0
498.581803640,0,1,0
498.581806550,0,1,1
498.581823060,0,0,1
498.581825960,0,0,0
499.115574410,1,0,0
499.123702610,0,0,0
499.123984140,0,1,0
499.123984440,0,1,1
499.124003470,0,0,1
499.124003810,0,0,0
499.657609110,1,0,0
499.665730250,0,0,0
499.666012850,0,0,1
499.666014790,0,1,1
499.666032260,0,1,0
499.666034160,0,0,0
500.199735860,1,0,0
500.207855180,0,0,0
500.208140140,0,1,0
500.208140650,0,1,1
500.208159510,0,0,1
500.208160110,0,0,0
500.741887100,1,0,0
500.750010230,0,0,0
500.750288750,0,0,1
500.750290410,0,1,1
500.750308120,0,1,0
500.750309790,0,0,0
501.283968470,1,0,0
501.292089430,0,0,0
501.826131110,1,0,0
501.834254110,0,0,0
501.834534500,0,0,1
501.834535990,0,1,1
501.834553870,0,1,0
501.834555410,0,0,0
502.368207240,1,0,0
502.376328420,0,0,0
502.376611990,0,1,0
502.376613460,0,1,1
502.376631370,0,0,1
502.376632800,0,0,0
502.910244630,1,0,0
502.918363990,0,0,0
502.918645990,0,0,1
502.918647150,0,1,1
502.918665410,0,1,0
502.918666480,0,0,0
503.452351620,1,0,0
503.460472420,0,0,0
503.460754290,0,0,1
503.460757900,0,1,1
503.460773750,0,1,0
503.460777380,0,0,0
503.994460530,1,0,0
504.002580520,0,0,0
504.002862050,0,0,1
504.002863330,0,1,1
504.002881380,0,1,0
504.002882760,0,0,0
504.536520670,1,0,0
504.544641670,0,0,0
504.544923600,0,1,0
504.544925200,0,1,1
504.544942950,0,0,1
504.544944660,0,0,0
505.078657910,1,0,0
505.086787600,0,0,0
505.087066630,0,0,1
505.087069310,0,1,1
505.087086000,0,1,0
505.087088680,0,0,0
505.620714850,1,0,0
505.628842030,0,0,0
505.629124080,0,1,0
505.629126240,0,1,1
505.629143480,0,0,1
505.629145610,0,0,0
506.162722450,1,0,0
506.170843560,0,0,0
506.171085550,0,1,0
506.171104930,0,0,0
506.171124540,0,0,1
506.171143870,0,0,0
506.704709870,1,0,0
506.712830570,0,0,0
506.713112650,0,0,1
506.713115470,0,1,1
506.713132060,0,1,0
506.713134840,0,0,0
507.246679820,1,0,0
507.254804870,0,0,0
507.255085450,0,0,1
507.255086130,0,1,1
507.255104860,0,1,0
507.255105530,0,0,0
507.788658290,1,0,0
507.796777360,0,0,0
507.797057080,0,0,1
507.797061460,0,1,1
507.797076410,0,1,0
507.797080790,0,0,0
508.330722070,1,0,0
508.338852700,0,0,0
508.339130480,0,0,1
508.339132110,0,1,1
508.339149770,0,1,0
508.339151440,0,0,0
508.872837560,1,0,0
508.880958510,0,0,0
508.881240050,0,0,1
508.881242540,0,1,1
508.881259440,0,1,0
508.881262040,0,0,0
509.414830480,1,0,0
509.422951580,0,0,0
509.423231760,0,0,1
509.423232940,0,1,1
509.423251170,0,1,0
509.423252400,0,0,0
509.956943470,1,0,0
509.965073670,0,0,0
509.965352990,0,1,0
509.965356060,0,1,1
509.965372450,0,0,1
509.965375390,0,0,0
510.498978960,1,0,0
510.507098680,0,0,0
510.507383630,0,1,0
510.507383750,0,1,1
510.507403040,0,0,1
510.507403120,0,0,0
511.041064170,1,0,0
511.049185370,0,0,0
511.049467020,0,0,1
511.049469560,0,1,1
511.049486400,0,1,0
511.049488970,0,0,0
511.583232200,1,0,0
511.591355350,0,0,0
511.591634530,0,1,0
511.591635150,0,1,1
511.591653990,0,0,1
511.591654440,0,0,0
512.125286920,1,0,0
512.133408760,0,0,0
512.133689460,0,1,0
512.133693270,0,1,1
512.133708860,0,0,1
512.133712730,0,0,0
512.667340550,1,0,0
512.675477410,0,0,0
512.675760680,0,1,0
512.675761400,0,1,1
512.675779970,0,0,1
512.675780810,0,0,0
513.209499310,1,0,0
513.217621540,0,0,0
513.217901180,0,1,0
513.217904410,0,1,1
513.217920630,0,0,1
513.217923790,0,0,0
513.751536060,1,0,0
513.759659090,0,0,0
513.759940150,0,1,0
513.759942470,0,1,1
513.759959480,0,0,1
513.759961760,0,0,0
514.293526470,1,0,0
514.301648930,0,0,0
514.301931650,0,1,0
514.301951080,0,0,0
514.301995620,0,0,1
514.302014990,0,0,0
514.835605850,1,0,0
514.843733630,0,0,0
514.844013430,0,0,1
514.844017030,0,1,1
514.844032760,0,1,0
514.844036410,0,0,0
515.377706500,1,0,0
515.385830700,0,0,0
515.386111560,0,0,1
515.386113130,0,1,1
515.386130890,0,1,0
515.386132570,0,0,0
515.919770340,1,0,0
515.927890660,0,0,0
515.928174350,0,0,1
515.928193720,0,0,0
515.928240070,0,1,0
515.928259360,0,0,0
516.461897510,1,0,0
516.470019560,0,0,0
516.470299010,0,1,0
516.470302700,0,1,1
516.470318420,0,0,1
516.470322070,0,0,0
517.003954790,1,0,0
517.012073250,0,0,0
517.012355880,0,0,1
517.012359220,0,1,1
517.012375290,0,1,0
517.012378590,0,0,0
517.546011610,1,0,0
517.554130990,0,0,0
517.554413500,0,0,1
517.554414810,0,1,1
517.554432870,0,1,0
517.554434270,0,0,0
518.088199130,1,0,0
518.096321600,0,0,0
518.096600180,0,1,0
518.096601950,0,1,1
518.096619560,0,0,1
518.096621320,0,0,0
518.630300260,1,0,0
518.638423850,0,0,0
518.638704700,0,0,1
518.638705780,0,1,1
518.638724170,0,1,0
518.638725120,0,0,0
519.172390910,1,0,0
519.180513350,0,0,0
519.180793090,0,0,1
519.180796320,0,1,1
519.180812460,0,1,0
519.180815740,0,0,0
519.714546560,1,0,0
519.722667710,0,0,0
519.722951060,0,0,1
519.722951450,0,1,1
519.722970450,0,1,0
519.722970780,0,0,0
520.256579650,1,0,0
520.264702610,0,0,0
520.264982280,0,1,0
520.264984070,0,1,1
520.265001700,0,0,1
520.265003480,0,0,0
520.798671710,1,0,0
520.806792360,0,0,0
520.807072080,0,0,1
520.807091410,0,0,0
521.340834840,1,0,0
521.348956160,0,0,0
521.349237340,0,1,0
521.349239930,0,1,1
521.349256750,0,0,1
521.349259260,0,0,0
521.882894630,1,0,0
521.891016080,0,0,0
521.891298210,0,0,1
521.891317610,0,0,0
521.891334390,0,1,0
521.891353770,0,0,0
522.424906700,1,0,0
522.433028060,0,0,0
522.433308970,0,1,0
522.433311390,0,1,1
522.433328350,0,0,1
522.433330850,0,0,0
522.967050990,1,0,0
522.975172020,0,0,0
522.975454050,0,1,0
522.975454170,0,1,1
522.975473390,0,0,1
522.975473550,0,0,0
523.509099890,1,0,0
523.517223480,0,0,0
523.517502540,0,0,1
523.517504780,0,1,1
523.517521950,0,1,0
523.517524280,0,0,0
524.051151240,1,0,0
524.059282270,0,0,0
524.059560670,0,0,1
524.059565170,0,1,1
524.059580130,0,1,0
524.059584630,0,0,0
524.593224890,1,0,0
524.601342560,0,0,0
524.601625570,0,1,0
524.601628560,0,1,1
524.601644980,0,0,1
524.601647970,0,0,0
525.135291500,1,0,0
525.143412900,0,0,0
525.143695890,0,1,0
525.143715270,0,0,0
525.143763340,0,0,1
525.143782710,0,0,0
525.677297270,1,0,0
525.685420070,0,0,0
525.685699350,0,0,1
525.685701300,0,1,1
525.685718720,0,1,0
525.685720760,0,0,0
526.219442160,1,0,0
526.227563150,0,0,0
526.227846840,0,1,0
526.227847820,0,1,1
526.227866180,0,0,1
526.227867150,0,0,0
526.761448410,1,0,0
526.769568150,0,0,0
526.769850910,0,0,1
526.769852610,0,1,1
526.769870320,0,1,0
526.769872020,0,0,0
527.303481100,1,0,0
527.311601650,0,0,0
527.311882800,0,1,0
527.311883910,0,1,1
527.311902260,0,0,1
527.311903330,0,0,0
527.845583790,1,0,0
527.853706380,0,0,0
527.853986730,0,0,1
527.853988250,0,1,1
527.854006190,0,1,0
527.854007690,0,0,0
528.387625810,1,0,0
528.395746460,0,0,0
528.396028810,0,1,0
528.396029940,0,1,1
528.396048190,0,0,1
528.396049320,0,0,0
528.929649080,1,0,0
528.937770440,0,0,0
528.938052950,0,0,1
528.938054460,0,1,1
528.938072380,0,1,0
528.938073830,0,0,0
529.471789810,1,0,0
529.479908730,0,0,0
529.480189660,0,1,0
529.480190830,0,1,1
529.480209110,0,0,1
529.480210200,0,0,0
530.013863160,1,0,0
530.021989750,0,0,0
530.022274060,0,0,1
530.022275140,0,1,1
530.022293460,0,1,0
530.022294430,0,0,0
530.555956080,1,0,0
530.564078750,0,0,0
530.564360760,0,1,0
530.564362090,0,1,1
530.564380170,0,0,1
530.564381440,0,0,0
531.098085810,1,0,0
531.106206250,0,0,0
531.106489760,0,0,1
531.106490940,0,1,1
531.106509160,0,1,0
531.106510310,0,0,0
531.640175300,1,0,0
531.648295790,0,0,0
531.648578160,0,0,1
531.648581410,0,1,1
531.648597510,0,1,0
531.648600870,0,0,0
532.182197320,1,0,0
532.190318480,0,0,0
532.190601470,0,0,1
532.190601800,0,1,1
532.190620890,0,1,0
532.190621210,0,0,0
532.724297760,1,0,0
532.732417970,0,0,0
532.732699480,0,0,1
532.732718790,0,0,0
532.732758770,0,1,0
532.732778150,0,0,0
533.266412270,1,0,0
533.274533490,0,0,0
533.274817480,0,0,1
533.274817930,0,1,1
533.274836890,0,1,0
533.274837350,0,0,0
533.808469810,1,0,0
533.816588340,0,0,0
533.816870340,0,0,1
533.816873470,0,1,1
533.816889750,0,1,0
533.816892840,0,0,0
534.350595100,1,0,0
534.358716710,0,0,0
534.358998420,0,0,1
534.358998730,0,1,1
534.359017790,0,1,0
534.359018150,0,0,0
534.892731090,1,0,0
534.900853660,0,0,0
534.901134100,0,1,0
534.901136170,0,1,1
534.901153470,0,0,1
534.901155650,0,0,0
535.434715500,1,0,0
535.442838320,0,0,0
535.443119360,0,0,1
535.443119760,0,1,1
535.443138730,0,1,0
535.443139180,0,0,0
535.976843240,1,0,0
535.984959840,0,0,0
535.985242590,0,0,1
535.985245280,0,1,1
535.985261960,0,1,0
535.985264610,0,0,0
536.518968840,1,0,0
536.527087430,0,0,0
536.527370260,0,1,0
536.527370670,0,1,1
536.527389660,0,0,1
536.527390050,0,0,0
537.060992080,1,0,0
537.069111460,0,0,0
537.069393760,0,0,1
537.069395570,0,1,1
537.069413130,0,1,0
537.069414980,0,0,0
537.603089030,1,0,0
537.611206560,0,0,0
537.611491190,0,0,1
537.611491470,0,1,1
537.611510610,0,1,0
537.611510760,0,0,0
538.145248670,1,0,0
538.153369360,0,0,0
538.153651870,0,1,0
538.153654860,0,1,1
538.153671200,0,0,1
538.153674230,0,0,0
538.687289510,1,0,0
538.695405730,0,0,0
538.695687460,0,1,0
538.695687940,0,1,1
538.695706790,0,0,1
538.695707350,0,0,0
539.229405480,1,0,0
539.237527210,0,0,0
539.237807710,0,1,0
539.237827090,0,0,0
539.771528660,1,0,0
539.779715540,0,0,0
539.779995540,0,0,1
539.779998160,0,1,1
539.780014910,0,1,0
539.780017530,0,0,0
540.313634710,1,0,0
540.321756800,0,0,0
540.322038410,0,0,1
540.322038620,0,1,1
540.322057860,0,1,0
540.322058030,0,0,0
540.855783590,1,0,0
540.863904990,0,0,0
540.864181320,0,0,1
540.864189140,0,1,1
540.864200690,0,1,0
540.864208530,0,0,0
541.397870600,1,0,0
541.405989340,0,0,0
541.406269770,0,0,1
541.406274570,0,1,1
541.406289100,0,1,0
541.406294030,0,0,0
541.939972980,1,0,0
541.948091680,0,0,0
541.948372750,0,0,1
541.948374720,0,1,1
541.948392160,0,1,0
541.948394100,0,0,0
542.482163390,1,0,0
542.490292460,0,0,0
542.490575300,0,0,1
542.490575590,0,1,1
542.490594590,0,1,0
542.490594970,0,0,0
543.024211390,1,0,0
543.032395570,0,0,0
543.032675540,0,1,0
543.032678250,0,1,1
543.032694950,0,0,1
543.032697630,0,0,0
543.566310960,1,0,0
543.574430680,0,0,0
543.574711750,0,0,1
543.574713990,0,1,1
543.574731160,0,1,0
543.574733370,0,0,0
544.108431990,1,0,0
544.116553350,0,0,0
544.116834660,0,0,1
544.116836320,0,1,1
544.116854070,0,1,0
544.116855650,0,0,0
544.650493580,1,0,0
544.658680520,0,0,0
544.658961700,0,1,0
544.658962840,0,1,1
544.658981070,0,0,1
544.658982210,0,0,0
545.192632950,1,0,0
545.200751980,0,0,0
545.201030970,0,0,1
545.201032580,0,1,1
545.201050300,0,1,0
545.201051990,0,0,0
545.734635960,1,0,0
545.742755860,0,0,0
545.743037740,0,1,0
545.743038520,0,1,1
545.743057120,0,0,1
545.743057960,0,0,0
546.276668520,1,0,0
546.284870740,0,0,0
546.285151590,0,0,1
546.285153080,0,1,1
546.285170970,0,1,0
546.285172500,0,0,0
546.818749100,1,0,0
546.826866010,0,0,0
546.827148430,0,1,0
546.827149890,0,1,1
546.827167810,0,0,1
546.827169290,0,0,0
547.360763580,1,0,0
547.368886030,0,0,0
547.369167630,0,0,1
547.369169240,0,1,1
547.369186960,0,1,0
547.369188570,0,0,0
547.902817100,1,0,0
547.910999730,0,0,0
547.911280860,0,0,1
547.911284530,0,1,1
547.911300320,0,1,0
547.911303910,0,0,0
548.444924600,1,0,0
548.453041810,0,0,0
548.453323880,0,0,1
548.453325000,0,1,1
548.453343260,0,1,0
548.453344370,0,0,0
548.987011820,1,0,0
548.995131140,0,0,0
548.995415320,0,1,0
548.995416910,0,1,1
548.995434740,0,0,1
548.995436360,0,0,0
549.529061800,1,0,0
549.537247200,0,0,0
549.537529840,0,0,1
549.537530610,0,1,1
549.537549130,0,1,0
549.537549940,0,0,0
550.071178150,1,0,0
550.079300160,0,0,0
550.079581160,0,1,0
550.079583110,0,1,1
550.079600590,0,0,1
550.079602530,0,0,0
550.613196830,1,0,0
550.621318090,0,0,0
550.621600880,0,0,1
550.621620280,0,0,0
550.621668790,0,1,0
550.621688180,0,0,0
551.155253810,1,0,0
551.163436690,0,0,0
551.163718860,0,0,1
551.163722150,0,1,1
551.163738270,0,1,0
551.163741520,0,0,0
551.697332700,1,0,0
551.705452080,0,0,0
551.705736980,0,0,1
551.705737350,0,1,1
551.705756360,0,1,0
551.705756760,0,0,0
552.239316400,1,0,0
552.247434450,0,0,0
552.247717940,0,1,0
552.247720190,0,1,1
552.247737250,0,0,1
552.247739650,0,0,0
552.781395000,1,0,0
552.789510550,0,0,0
552.789793160,0,1,0
552.789812620,0,0,0
552.789859560,0,0,1
552.789879020,0,0,0
553.323454330,1,0,0
553.331576480,0,0,0
553.331856230,0,0,1
553.331858600,0,1,1
553.331875600,0,1,0
553.331878050,0,0,0
553.865507950,1,0,0
553.873630370,0,0,0
554.407564190,1,0,0
554.415681360,0,0,0
554.415914210,0,0,1
554.415933580,0,0,0
554.415963900,0,1,0
554.415983320,0,0,0
554.949726310,1,0,0
554.957847400,0,0,0
554.958129670,0,0,1
554.958129750,0,1,1
554.958149080,0,1,0
554.958149120,0,0,0
555.491752760,1,0,0
555.499889620,0,0,0
555.500155110,0,1,0
555.500157810,0,1,1
555.500174420,0,0,1
555.500177270,0,0,0
556.033828480,1,0,0
556.041924400,0,0,0
556.042205410,0,1,0
556.042205920,0,1,1
556.042224740,0,0,1
556.042225440,0,0,0
556.575938700,1,0,0
556.584064750,0,0,0
556.584343860,0,0,1
556.584363230,0,0,0
556.584404770,0,1,0
556.584424180,0,0,0
557.118011880,1,0,0
557.126195490,0,0,0
557.126416270,0,1,0
557.126417090,0,1,1
557.126435730,0,0,1
557.126436470,0,0,0
557.660166270,1,0,0
557.668284960,0,0,0
557.668565310,0,0,1
557.668566740,0,1,1
557.668584680,0,1,0
557.668586200,0,0,0
558.202307630,1,0,0
558.210427680,0,0,0
558.210707090,0,1,0
558.210707890,0,1,1
558.210726460,0,0,1
558.210727310,0,0,0
558.744349270,1,0,0
558.752534200,0,0,0
558.752751440,0,0,1
558.752752350,0,1,1
558.752770810,0,1,0
558.752771770,0,0,0
559.286493720,1,0,0
559.294610500,0,0,0
559.294892820,0,1,0
559.294894150,0,1,1
559.294912320,0,0,1
559.294913480,0,0,0
559.828574550,1,0,0
559.836693680,0,0,0
559.836977070,0,0,1
559.836978720,0,1,1
559.836996440,0,1,0
559.836998130,0,0,0
560.370627060,1,0,0
560.378762270,0,0,0
560.379023680,0,1,0
560.379025200,0,1,1
560.379042970,0,0,1
560.379044530,0,0,0
560.912699380,1,0,0
560.920796490,0,0,0
560.921078410,0,0,1
560.921079040,0,1,1
560.921097780,0,1,0
560.921098460,0,0,0
561.454670140,1,0,0
561.462790880,0,0,0
561.463071200,0,0,1
561.463074570,0,1,1
561.463090570,0,1,0
561.463093900,0,0,0
561.996740500,1,0,0
562.004862900,0,0,0
562.005144240,0,0,1
562.005144950,0,1,1
562.005163660,0,1,0
562.005164340,0,0,0
562.538847430,1,0,0
562.546944680,0,0,0
562.547227410,0,0,1
562.547246830,0,0,0
562.547283410,0,1,0
562.547302740,0,0,0
563.080838140,1,0,0
563.088959420,0,0,0
563.089240390,0,0,1
563.089240510,0,1,1
563.089259810,0,1,0
563.089259930,0,0,0
563.622858460,1,0,0
563.630978010,0,0,0
563.631261290,0,1,0
563.631280810,0,0,0
563.631324880,0,0,1
563.631344290,0,0,0
564.164986150,1,0,0
564.173108260,0,0,0
564.173391290,0,1,0
564.173391330,0,1,1
564.173410620,0,0,0
564.707037200,1,0,0
564.715158500,0,0,0
564.715436570,0,1,0
564.715439150,0,1,1
564.715456030,0,0,1
564.715458480,0,0,0
565.249069960,1,0,0
565.257186800,0,0,0
565.257472580,0,1,0
565.257492030,0,0,0
565.257530620,0,0,1
565.257550000,0,0,0
565.791218570,1,0,0
565.799337890,0,0,0
565.799620410,0,0,1
565.799622700,0,1,1
565.799639740,0,1,0
565.799642080,0,0,0
566.333291550,1,0,0
566.341413870,0,0,0
566.341692730,0,1,0
566.341693390,0,1,1
566.341712060,0,0,1
566.341712840,0,0,0
566.875255620,1,0,0
566.883376480,0,0,0
566.883658830,0,1,0
566.883678290,0,0,0
566.883685240,0,0,1
566.883704650,0,0,0
567.417396390,1,0,0
567.425522960,0,0,0
567.425803770,0,1,0
567.425804480,0,1,1
567.425823180,0,0,1
567.425823900,0,0,0
567.959509910,1,0,0
567.967639030,0,0,0
567.967919300,0,1,0
567.967922540,0,1,1
567.967938760,0,0,1
567.967941910,0,0,0
568.501500580,1,0,0
568.509620860,0,0,0
568.509887820,0,0,1
568.509904610,0,1,1
568.509907240,0,1,0
568.509924030,0,0,0
569.043641190,1,0,0
569.051762510,0,0,0
569.052043730,0,0,1
569.052045070,0,1,1
569.052063150,0,1,0
569.052064450,0,0,0
569.585612010,1,0,0
569.593732970,0,0,0
569.594015530,0,1,0
569.594016580,0,1,1
569.594034900,0,0,1
569.594035990,0,0,0
570.127617130,1,0,0
570.135752870,0,0,0
570.135985910,0,0,1
570.136005280,0,0,0
570.136036070,0,1,0
570.136055450,0,0,0
570.669710930,1,0,0
570.677830160,0,0,0
570.678111010,0,1,0
570.678112790,0,1,1
570.678130450,0,0,1
570.678132120,0,0,0
571.211723530,1,0,0
571.219843060,0,0,0
571.220125580,0,0,1
571.220126820,0,1,1
571.220144930,0,1,0
571.220146280,0,0,0
571.753705580,1,0,0
571.761823770,0,0,0
571.762107280,0,1,0
571.762126660,0,0,0
571.762174880,0,0,1
571.762194300,0,0,0
572.295817080,1,0,0
572.303939840,0,0,0
572.304221710,0,0,1
572.304222380,0,1,1
572.304241080,0,1,0
572.304241670,0,0,0
572.837891160,1,0,0
572.846010260,0,0,0
572.846292840,0,1,0
572.846294360,0,1,1
572.846312220,0,0,1
572.846313800,0,0,0
573.379931980,1,0,0
573.388053170,0,0,0
573.388329920,0,0,1
573.388333180,0,1,1
573.388349250,0,1,0
573.388352510,0,0,0
573.922071210,1,0,0
573.930193820,0,0,0
573.930473770,0,1,0
573.930475740,0,1,1
573.930493140,0,0,1
573.930495150,0,0,0
574.464121570,1,0,0
574.472244490,0,0,0
574.472523460,0,0,1
574.472524170,0,1,1
574.472542750,0,1,0
574.472543580,0,0,0
575.006107880,1,0,0
575.014229370,0,0,0
575.014509350,0,1,0
575.014511780,0,1,1
575.014528810,0,0,1
575.014531200,0,0,0
575.548165360,1,0,0
575.556286310,0,0,0
575.556569500,0,0,1
575.556569910,0,1,1
575.556588960,0,1,0
575.556589330,0,0,0
576.090278470,1,0,0
576.098400990,0,0,0
576.098680120,0,1,0
576.098682740,0,1,1
576.098699460,0,0,1
576.098702200,0,0,0
576.632315010,1,0,0
576.640435890,0,0,0
576.640720640,0,1,0
576.640720750,0,1,1
576.640740080,0,1,0
576.640740100,0,0,0
577.174386660,1,0,0
577.182508960,0,0,0
577.182788760,0,0,1
577.182790710,0,1,1
577.182808130,0,1,0
577.182810120,0,0,0
577.716415280,1,0,0
577.724538690,0,0,0
577.724821270,0,1,0
577.724821920,0,1,1
577.724840680,0,0,1
577.724841440,0,0,0
578.258428350,1,0,0
578.266549210,0,0,0
578.266829760,0,0,1
578.266849140,0,0,0
578.266890620,0,1,0
578.266910030,0,0,0
578.800564240,1,0,0
578.808684790,0,0,0
578.808967430,0,1,0
578.808967730,0,1,1
578.808986800,0,0,1
578.808987150,0,0,0
579.342677220,1,0,0
579.350815630,0,0,0
579.351095870,0,0,1
579.351097340,0,1,1
579.351115330,0,1,0
579.351116710,0,0,0
579.884737140,1,0,0
579.892858080,0,0,0
579.893138680,0,0,1
579.893143250,0,1,1
579.893158050,0,1,0
579.893162710,0,0,0
580.426916100,1,0,0
580.435035770,0,0,0
580.435318440,0,1,0
580.435321670,0,1,1
580.435337840,0,0,1
580.435341080,0,0,0
580.968998970,1,0,0
580.977118960,0,0,0
580.977398650,0,1,0
580.977399850,0,1,1
580.977418130,0,0,1
580.977419220,0,0,0
581.511017950,1,0,0
581.519137350,0,0,0
581.519418090,0,0,1
581.519419060,0,1,1
581.519437510,0,1,0
581.519438480,0,0,0
582.053169860,1,0,0
582.061292250,0,0,0
582.061571020,0,0,1
582.061574620,0,1,1
582.061590440,0,1,0
582.061593950,0,0,0
582.595243780,1,0,0
582.603373050,0,0,0
582.603653740,0,0,1
582.603654780,0,1,1
582.603673200,0,1,0
582.603674150,0,0,0
583.137316960,1,0,0
583.145434880,0,0,0
583.145716770,0,0,1
583.145720300,0,1,1
583.145736190,0,1,0
583.145739710,0,0,0
583.679547720,1,0,0
583.687665630,0,0,0
583.687946000,0,1,0
583.687949680,0,1,1
583.687965330,0,0,1
583.687969010,0,0,0
584.221686990,1,0,0
584.229814660,0,0,0
584.230095900,0,1,0
584.230097730,0,1,1
584.230115310,0,0,1
584.230117190,0,0,0
584.763747250,1,0,0
584.771868570,0,0,0
584.772151390,0,1,0
584.772170770,0,0,0
585.305880600,1,0,0
585.313999630,0,0,0
585.314281890,0,1,0
585.314283290,0,1,1
585.314301300,0,0,1
585.314302700,0,0,0
585.848001070,1,0,0
585.856123060,0,0,0
585.856407400,0,1,0
585.856426690,0,0,0
585.856464490,0,0,1
585.856483860,0,0,0
586.390032400,1,0,0
586.398152340,0,0,0
586.398432940,0,1,0
586.398434810,0,1,1
586.398452230,0,0,1
586.398454260,0,0,0
586.932156370,1,0,0
586.940277190,0,0,0
586.940557950,0,1,0
586.940558000,0,1,1
586.940577330,0,1,0
586.940577390,0,0,0
587.474224530,1,0,0
587.482347140,0,0,0
587.482628260,0,1,0
587.482647610,0,0,0
587.482688970,0,0,1
587.482708340,0,0,0
588.016215810,1,0,0
588.024337300,0,0,0
588.024618740,0,0,1
588.024618940,0,1,1
588.024638120,0,1,0
588.024638340,0,0,0
588.558348410,1,0,0
588.566471290,0,0,0
588.566751540,0,0,1
588.566754290,0,1,1
588.566770920,0,1,0
588.566773690,0,0,0
589.100427940,1,0,0
589.108549740,0,0,0
589.108829640,0,1,0
589.108849010,0,0,0
589.108892430,0,0,1
589.108911800,0,0,0
589.642427080,1,0,0
589.650549340,0,0,0
589.650827710,0,0,1
589.650829890,0,1,1
589.650847120,0,1,0
589.650849300,0,0,0
590.184505800,1,0,0
590.192628580,0,0,0
590.192910470,0,1,0
590.192910800,0,1,1
590.192929840,0,0,1
590.192930130,0,0,0
590.726629860,1,0,0
590.734747340,0,0,0
590.735025790,0,0,1
590.735030880,0,1,1
590.735045120,0,1,0
590.735050210,0,0,0
591.268675270,1,0,0
591.276797650,0,0,0
591.277081480,0,1,0
591.277081590,0,1,1
591.277100920,0,0,1
591.277100960,0,0,0
591.810779510,1,0,0
591.818900370,0,0,0
591.819181750,0,1,0
591.819184620,0,1,1
591.819201170,0,0,1
591.819204030,0,0,0
592.352888210,1,0,0
592.361007900,0,0,0
592.361291810,0,0,1
592.361292040,0,1,1
592.361311230,0,1,0
592.361311520,0,0,0
592.894858280,1,0,0
592.902979960,0,0,0
592.903260940,0,0,1
592.903262390,0,1,1
592.903280440,0,1,0
592.903281680,0,0,0
593.436972250,1,0,0
593.445094820,0,0,0
593.445373740,0,0,1
593.445377620,0,1,1
593.445393070,0,1,0
593.445397030,0,0,0
593.979083470,1,0,0
593.987199860,0,0,0
593.987481830,0,0,1
593.987483200,0,1,1
593.987501290,0,1,0
593.987502660,0,0,0
594.521167980,1,0,0
594.529290260,0,0,0
594.529569760,0,0,1
594.529573690,0,1,1
594.529589170,0,1,0
594.529593140,0,0,0
595.063298620,1,0,0
595.071417150,0,0,0
595.071698060,0,0,1
595.071717430,0,0,0
595.071765730,0,1,0
595.071785120,0,0,0
595.605433260,1,0,0
595.613556260,0,0,0
595.613835940,0,0,1
595.613839490,0,1,1
595.613855380,0,1,0
595.613858950,0,0,0
596.147407770,1,0,0
596.155530380,0,0,0
596.155808930,0,0,1
596.155809820,0,1,1
596.155828280,0,1,0
596.155829190,0,0,0
596.689492420,1,0,0
596.697614490,0,0,0
596.697895250,0,1,0
596.697896980,0,1,1
596.697914710,0,0,1
596.697916350,0,0,0
597.231625480,1,0,0
597.239744520,0,0,0
597.240024610,0,0,1
597.240025490,0,1,1
597.240043980,0,1,0
597.240044880,0,0,0
597.773652970,1,0,0
597.781774470,0,0,0
597.782055810,0,1,0
597.782058040,0,1,1
597.782075220,0,0,1
597.782077410,0,0,0
598.315745600,1,0,0
598.323863340,0,0,0
598.324145990,0,0,1
598.324146440,0,1,1
598.324165440,0,1,0
598.324165770,0,0,0
598.857853740,1,0,0
598.865974830,0,0,0
598.866256770,0,1,0
598.866259000,0,1,1
598.866276220,0,0,1
598.866278410,0,0,0
599.399822580,1,0,0
599.407943570,0,0,0
599.408226920,0,0,1
599.408227440,0,1,1
599.408246290,0,1,0
599.408246860,0,0,0
599.941903180,1,0,0
599.950022660,0,0,0
599.950292640,0,1,0
599.950305120,0,1,1
599.950312050,0,0,1
599.950324530,0,0,0
600.483917620,1,0,0
600.492103250,0,0,0
600.492387960,0,1,1
600.492407330,0,0,1
600.492407480,0,0,0
601.025973840,1,0,0
601.034094850,0,0,0
601.034375970,0,0,1
601.034378260,0,1,1
601.034395380,0,1,0
601.034397680,0,0,0
601.568047480,1,0,0
601.576170290,0,0,0
601.576449080,0,0,1
601.576453960,0,1,1
601.576468430,0,1,0
601.576473380,0,0,0
602.110197300,1,0,0
602.118320030,0,0,0
602.118598870,0,1,0
602.118602130,0,1,1
602.118618290,0,0,1
602.118621500,0,0,0
602.652245620,1,0,0
602.660366420,0,0,0
602.660649760,0,1,0
602.660649840,0,1,1
602.660669180,0,0,1
602.660669280,0,0,0
603.194301770,1,0,0
603.202421780,0,0,0
603.202703200,0,0,1
603.202705050,0,1,1
603.202722580,0,1,0
603.202724460,0,0,0
603.736467950,1,0,0
603.744590260,0,0,0
603.744870430,0,1,0
603.744871170,0,1,1
603.744889890,0,0,1
603.744890540,0,0,0
604.278489910,1,0,0
604.286609670,0,0,0
604.286890680,0,1,0
604.286894070,0,1,1
604.286910050,0,0,1
604.286913530,0,0,0
604.820576520,1,0,0
604.828698760,0,0,0
604.828981360,0,1,0
604.828982120,0,1,1
604.829000740,0,0,1
604.829001450,0,0,0
605.362663930,1,0,0
605.370799750,0,0,0
605.371081880,0,1,0
605.371084960,0,1,1
605.371101250,0,0,1
605.371104410,0,0,0
605.904646030,1,0,0
605.912769190,0,0,0
605.913046730,0,0,1
605.913052210,0,1,1
605.913066170,0,1,0
605.913071600,0,0,0
606.446773650,1,0,0
606.454893570,0,0,0
606.455175960,0,0,1
606.455177370,0,1,1
606.455195340,0,1,0
606.455196830,0,0,0
606.988857920,1,0,0
606.996987340,0,0,0
606.997273010,0,1,0
606.997273880,0,1,1
606.997292400,0,0,1
606.997293250,0,0,0
607.530886530,1,0,0
607.539007370,0,0,0
607.539288170,0,1,0
607.539291880,0,1,1
607.539307590,0,0,1
607.539311260,0,0,0
608.072968100,1,0,0
608.081089520,0,0,0
608.081369910,0,0,1
608.081373690,0,1,1
608.081389360,0,1,0
608.081393100,0,0,0
608.615097290,1,0,0
608.623227550,0,0,0
608.623508140,0,0,1
608.623509210,0,1,1
608.623527470,0,1,0
608.623528620,0,0,0
609.157090670,1,0,0
609.165210720,0,0,0
609.165494700,0,1,0
609.165496060,0,1,1
609.165514160,0,0,1
609.165515350,0,0,0
609.699190880,1,0,0
609.707311660,0,0,0
609.707593830,0,0,1
609.707594480,0,1,1
609.707613290,0,1,0
609.707613890,0,0,0
610.241241550,1,0,0
610.249365290,0,0,0
610.249645110,0,1,0
610.249647040,0,1,1
610.249664570,0,0,1
610.249666450,0,0,0
610.783334600,1,0,0
610.791463690,0,0,0
610.791745080,0,0,1
610.791764450,0,0,0
610.791793720,0,1,0
610.791813140,0,0,0
611.325429770,1,0,0
611.333551880,0,0,0
611.333830880,0,1,0
611.333832960,0,1,1
611.333850210,0,0,1
611.333852350,0,0,0
611.867561040,1,0,0
611.875699250,0,0,0
611.875981200,0,0,1
611.875981410,0,1,1
611.876000570,0,1,0
611.876000870,0,0,0
612.409570710,1,0,0
612.417692360,0,0,0
612.417973800,0,0,1
612.417977210,0,1,1
612.417993210,0,1,0
612.417996540,0,0,0
612.951656340,1,0,0
612.959777450,0,0,0
612.960057320,0,1,0
612.960062050,0,1,1
612.960076660,0,0,1
612.960081380,0,0,0
613.493675250,1,0,0
613.501798320,0,0,0
613.502079960,0,0,1
613.502082610,0,1,1
613.502099290,0,1,0
613.502102030,0,0,0
614.035713380,1,0,0
614.043834410,0,0,0
614.044118020,0,0,1
614.044118200,0,1,1
614.044137430,0,1,0
614.044137610,0,0,0
614.577867940,1,0,0
614.585988120,0,0,0
614.586270930,0,0,1
614.586273520,0,1,1
614.586290220,0,1,0
614.586292810,0,0,0
615.119998920,1,0,0
615.128127640,0,0,0
615.128408770,0,1,0
615.128409030,0,1,1
615.128428140,0,0,1
615.128428440,0,0,0
615.662082420,1,0,0
615.670203950,0,0,0
615.670484300,0,1,0
615.670486770,0,1,1
615.670503630,0,0,1
615.670506190,0,0,0
616.204221530,1,0,0
616.212341140,0,0,0
616.212619130,0,1,0
616.212620060,0,1,1
616.212638610,0,0,1
616.212639510,0,0,0
616.746436840,1,0,0
616.754557990,0,0,0
616.754843050,0,0,1
616.754862420,0,0,0
616.754895260,0,1,0
616.754914670,0,0,0
617.288455500,1,0,0
617.296577700,0,0,0
617.296860480,0,1,0
617.296861170,0,1,1
617.296879810,0,0,1
617.296880580,0,0,0
617.830549730,1,0,0
617.838671240,0,0,0
617.838948720,0,0,1
617.838950770,0,1,1
617.838968100,0,1,0
617.838970100,0,0,0
618.372588310,1,0,0
618.380708720,0,0,0
618.380991660,0,1,0
618.380991970,0,1,1
618.381011120,0,0,1
618.381011340,0,0,0
618.914656150,1,0,0
618.922778650,0,0,0
618.923059960,0,0,1
618.923061900,0,1,1
618.923079330,0,1,0
618.923081320,0,0,0
619.456791620,1,0,0
619.464912590,0,0,0
619.465191750,0,1,0
619.465211210,0,0,0
619.465249280,0,0,1
619.465268650,0,0,0
619.998938060,1,0,0
620.007061090,0,0,0
620.007341090,0,0,1
620.007342430,0,1,1
620.007360460,0,1,0
620.007361850,0,0,0
620.540959160,1,0,0
620.549080060,0,0,0
620.549359010,0,0,1
620.549362940,0,1,1
620.549378490,0,1,0
620.549382360,0,0,0
621.083022870,1,0,0
621.091144150,0,0,0
621.091427220,0,0,1
621.091428170,0,1,1
621.091446590,0,1,0
621.091447580,0,0,0
621.625036060,1,0,0
621.633159060,0,0,0
621.633440040,0,0,1
621.633459370,0,0,0
621.633487910,0,1,0
621.633507370,0,0,0
622.167043990,1,0,0
622.175165310,0,0,0
622.175447990,0,0,1
622.175448740,0,1,1
622.175467400,0,1,0
622.175468110,0,0,0
622.709140150,1,0,0
622.717263140,0,0,0
622.717544210,0,1,0
622.717545730,0,1,1
622.717563600,0,0,1
622.717565100,0,0,0
623.251270400,1,0,0
623.259397820,0,0,0
623.259678890,0,0,1
623.259679950,0,1,1
623.259698220,0,1,0
623.259699430,0,0,0
623.793351080,1,0,0
623.801474610,0,0,0
623.801755340,0,1,0
623.801756770,0,1,1
623.801774740,0,0,1
623.801776190,0,0,0
624.335521180,1,0,0
624.343641200,0,0,0
624.343919790,0,0,1
624.343920570,0,1,1
624.343939240,0,1,0
624.343940000,0,0,0
624.877590150,1,0,0
624.885713800,0,0,0
624.885992860,0,0,1
624.885995710,0,1,1
624.886012190,0,1,0
624.886015160,0,0,0
625.419635000,1,0,0
625.427755210,0,0,0
625.428040790,0,0,1
625.428041410,0,1,1
625.428060140,0,1,0
625.428060850,0,0,0
625.961797840,1,0,0
625.969919370,0,0,0
625.970198720,0,0,1
625.970201860,0,1,1
625.970218180,0,1,0
625.970221320,0,0,0
626.503858230,1,0,0
626.511980690,0,0,0
626.512261860,0,0,1
626.512281270,0,0,0
626.512297090,0,1,0
626.512316440,0,0,0
627.045880430,1,0,0
627.054001330,0,0,0
627.054282700,0,1,0
627.054284890,0,1,1
627.054302120,0,0,1
627.054304260,0,0,0
627.588003940,1,0,0
627.596126070,0,0,0
627.596407640,0,0,1
627.596407910,0,1,1
627.596427100,0,1,0
627.596427280,0,0,0
628.130066740,1,0,0
628.138190310,0,0,0
628.138470780,0,0,1
628.138473350,0,1,1
628.138490190,0,1,0
628.138492700,0,0,0
628.672113290,1,0,0
628.680232570,0,0,0
628.680518720,0,1,0
628.680518840,0,1,1
628.680538050,0,0,1
628.680538260,0,0,0
629.214201910,1,0,0
629.222324620,0,0,0
629.222604070,0,1,0
629.222607060,0,1,1
629.222623550,0,0,1
629.222626470,0,0,0
629.756291140,1,0,0
629.764413790,0,0,0
629.764694350,0,1,0
629.764694600,0,1,1
629.764713810,0,0,1
629.764714060,0,0,0
630.298372940,1,0,0
630.306494740,0,0,0
630.306774910,0,1,0
630.306777400,0,1,1
630.306794430,0,0,1
630.306796770,0,0,0
630.840505950,1,0,0
630.848628620,0,0,0
630.848910190,0,1,0
630.848910740,0,1,1
630.848929610,0,0,1
630.848930090,0,0,0
631.382592980,1,0,0
631.390717110,0,0,0
631.390998760,0,0,1
631.391018170,0,0,0
631.391062630,0,1,0
631.391082050,0,0,0
631.924650920,1,0,0
631.932772160,0,0,0
631.933051700,0,0,1
631.933055700,0,1,1
631.933071110,0,1,0
631.933075110,0,0,0
632.466834330,1,0,0
632.474956790,0,0,0
632.475236330,0,1,0
632.475239620,0,1,1
632.475255660,0,0,1
632.475258910,0,0,0
633.008942270,1,0,0
633.017063320,0,0,0
633.017346750,0,1,0
633.017347630,0,1,1
633.017366160,0,0,1
633.017367080,0,0,0
633.550985740,1,0,0
633.559106890,0,0,0
633.559390190,0,0,1
633.559391620,0,1,1
633.559409650,0,1,0
633.559410970,0,0,0
634.093163510,1,0,0
634.101286430,0,0,0
634.101566580,0,1,0
634.101568830,0,1,1
634.101585950,0,0,1
634.101588320,0,0,0
634.635277500,1,0,0
634.643396630,0,0,0
634.643676250,0,0,1
634.643677830,0,1,1
634.643695580,0,1,0
634.643697290,0,0,0
635.177353750,1,0,0
635.185476170,0,0,0
635.185754520,0,0,1
635.185758260,0,1,1
635.185773940,0,1,0
635.185777590,0,0,0
635.719531320,1,0,0
635.727652640,0,0,0
635.727932480,0,0,1
635.727933690,0,1,1
635.727951860,0,1,0
635.727953070,0,0,0
636.261640070,1,0,0
636.269763620,0,0,0
636.270044080,0,1,0
636.270045110,0,1,1
636.270063460,0,0,1
636.270064450,0,0,0
636.803728870,1,0,0
636.811850100,0,0,0
636.812133180,0,1,0
636.812133830,0,1,1
636.812152600,0,0,1
636.812153200,0,0,0
637.345915140,1,0,0
637.354037380,0,0,0
637.354316380,0,0,1
637.354319710,0,1,1
637.354335770,0,1,0
637.354339130,0,0,0
637.887953200,1,0,0
637.896076250,0,0,0
637.896359640,0,1,0
637.896359700,0,1,1
637.896378990,0,1,0
637.896379010,0,0,0
638.429954330,1,0,0
638.438075340,0,0,0
638.438355260,0,1,0
638.438357410,0,1,1
638.438374670,0,0,1
638.438376790,0,0,0
638.972047980,1,0,0
638.980170650,0,0,0
638.980450440,0,0,1
638.980450850,0,1,1
638.980469810,0,1,0
638.980470310,0,0,0
639.514108600,1,0,0
639.522228340,0,0,0
639.522511090,0,1,0
639.522513410,0,1,1
639.522530420,0,0,1
639.522532880,0,0,0
640.056144540,1,0,0
640.064263130,0,0,0
640.064546370,0,0,1
640.064546570,0,1,1
640.064565750,0,1,0
640.064566030,0,0,0
640.598302670,1,0,0
640.606424950,0,0,0
640.606704380,0,0,1
640.606706780,0,1,1
640.606723710,0,1,0
640.606726150,0,0,0
641.140419500,1,0,0
641.148538800,0,0,0
641.148822280,0,0,1
641.148822470,0,1,1
641.148841660,0,1,0
641.148841880,0,0,0
641.682453510,1,0,0
641.690574450,0,0,0
641.690855230,0,0,1
641.690857460,0,1,1
641.690874700,0,1,0
641.690876910,0,0,0
642.224532630,1,0,0
642.232651660,0,0,0
642.232933400,0,0,1
642.232937890,0,1,1
642.232952810,0,1,0
642.232957340,0,0,0
642.766614380,1,0,0
642.774737130,0,0,0
642.775018270,0,1,0
642.775020860,0,1,1
642.775037640,0,0,1
642.775040280,0,0,0
643.308613690,1,0,0
643.316734240,0,0,0
643.317014310,0,0,1
643.317018480,0,1,1
643.317033680,0,1,0
643.317037850,0,0,0
643.850776170,1,0,0
643.858903630,0,0,0
643.859182230,0,0,1
643.859184170,0,1,1
643.859201560,0,1,0
643.859203590,0,0,0
644.392960520,1,0,0
644.401082290,0,0,0
644.401364020,0,1,0
644.401365300,0,1,1
644.401383390,0,0,1
644.401384710,0,0,0
644.934990060,1,0,0
644.943113060,0,0,0
644.943392260,0,0,1
644.943394460,0,1,1
644.943411590,0,1,0
644.943413840,0,0,0
645.477075280,1,0,0
645.485198080,0,0,0
645.485476300,0,0,1
645.485479950,0,1,1
645.485495700,0,1,0
645.485499370,0,0,0
646.019081710,1,0,0
646.027203340,0,0,0
646.027484100,0,0,1
646.027485360,0,1,1
646.027503600,0,1,0
646.027504700,0,0,0
646.561087630,1,0,0
646.569208780,0,0,0
646.569490790,0,1,0
646.569492050,0,1,1
646.569510210,0,0,1
646.569511500,0,0,0
647.103226450,1,0,0
647.111350730,0,0,0
647.111635110,0,0,1
647.111654440,0,0,0
647.111702670,0,1,0
647.111722130,0,0,0
647.645236900,1,0,0
647.653360970,0,0,0
647.653641530,0,1,0
647.653643340,0,1,1
647.653660860,0,0,1
647.653662720,0,0,0
648.187291520,1,0,0
648.195412510,0,0,0
648.195696300,0,0,1
648.195696970,0,1,1
648.195715630,0,1,0
648.195716350,0,0,0
648.729416390,1,0,0
648.737538730,0,0,0
648.737818910,0,0,1
648.737822210,0,1,1
648.737838280,0,1,0
648.737841540,0,0,0
649.271538400,1,0,0
649.279659450,0,0,0
649.279941830,0,0,1
649.279942500,0,1,1
649.279961200,0,1,0
649.279961870,0,0,0
649.813588430,1,0,0
649.821709400,0,0,0
649.821990390,0,0,1
649.821992960,0,1,1
649.822009760,0,1,0
649.822012370,0,0,0
650.355778760,1,0,0
650.363901080,0,0,0
650.364183240,0,0,1
650.364183350,0,1,1
650.364202650,0,1,0
650.364202730,0,0,0
650.897904900,1,0,0
650.906027650,0,0,0
650.906308700,0,1,0
650.906311190,0,1,1
650.906328120,0,0,1
650.906330570,0,0,0
651.440001890,1,0,0
651.448124370,0,0,0
651.448404070,0,0,1
651.448404290,0,1,1
651.448423480,0,1,0
651.448423750,0,0,0
651.982162530,1,0,0
651.990282340,0,0,0
651.990561920,0,0,1
651.990563290,0,1,1
651.990581330,0,1,0
651.990582670,0,0,0
652.524261390,1,0,0
652.532383900,0,0,0
652.532664560,0,1,0
652.532683900,0,0,0
652.532722640,0,0,1
652.532741970,0,0,0
653.066287800,1,0,0
653.074409200,0,0,0
653.074690440,0,1,0
653.074693200,0,1,1
653.074709850,0,0,1
653.074712640,0,0,0
653.608411770,1,0,0
653.616533130,0,0,0
653.616815430,0,1,0
653.616816030,0,1,1
653.616834850,0,0,1
653.616835340,0,0,0
654.150471970,1,0,0
654.158594270,0,0,0
654.158873920,0,0,1
654.158875540,0,1,1
654.158893250,0,1,0
654.158894950,0,0,0
654.692521950,1,0,0
654.700643500,0,0,0
654.700922000,0,0,1
654.700926010,0,1,1
654.700941330,0,1,0
654.700945340,0,0,0
655.234633800,1,0,0
655.242751720,0,0,0
655.243034830,0,0,1
655.243036530,0,1,1
655.243054180,0,1,0
655.243055910,0,0,0
655.776713100,1,0,0
655.784837560,0,0,0
655.785116970,0,1,0
655.785117840,0,1,1
655.785136390,0,0,1
655.785137170,0,0,0
656.318747030,1,0,0
656.326867490,0,0,0
656.327147130,0,1,0
656.327150840,0,1,1
656.327166460,0,0,1
656.327170170,0,0,0
656.860891520,1,0,0
656.869013420,0,0,0
656.869292800,0,1,0
656.869293960,0,1,1
656.869312250,0,0,1
656.869313360,0,0,0
657.402961990,1,0,0
657.411085800,0,0,0
657.411366630,0,0,1
657.411367960,0,1,1
657.411386000,0,1,0
657.411387420,0,0,0
657.945019540,1,0,0
657.953140630,0,0,0
657.953424980,0,0,1
657.953444310,0,0,0
657.953481490,0,1,0
657.953500870,0,0,0
658.487178800,1,0,0
658.495299700,0,0,0
658.495582710,0,0,1
658.495583390,0,1,1
658.495602120,0,1,0
658.495602760,0,0,0
659.029257410,1,0,0
659.037389270,0,0,0
659.037669340,0,1,0
659.037670630,0,1,1
659.037688720,0,0,1
659.037690080,0,0,0
659.571235890,1,0,0
659.579356650,0,0,0
659.579638650,0,0,1
659.579639300,0,1,1
659.579658090,0,1,0
659.579658680,0,0,0
660.113293450,1,0,0
660.121414930,0,0,0
660.121694590,0,1,0
660.121696690,0,1,1
660.121713920,0,0,1
660.121716110,0,0,0
660.655369060,1,0,0
660.663499370,0,0,0
660.663779420,0,0,1
660.663779980,0,1,1
660.663798800,0,1,0
660.663799480,0,0,0
661.197389770,1,0,0
661.205510650,0,0,0
661.205790250,0,1,0
661.205792550,0,1,1
661.205809750,0,0,1
661.205811970,0,0,0
661.739525910,1,0,0
661.747646680,0,0,0
661.747925410,0,0,1
661.747925550,0,1,1
661.747944840,0,0,1
661.747944860,0,0,0
662.281609350,1,0,0
662.289732610,0,0,0
662.290013640,0,0,1
662.290016170,0,1,1
662.290033050,0,1,0
662.290035540,0,0,0
662.823652820,1,0,0
662.831773530,0,0,0
662.832005970,0,1,0
662.832025310,0,0,0
662.832056830,0,0,1
662.832076220,0,0,0
663.365794990,1,0,0
663.373931830,0,0,0
663.374214520,0,0,1
663.374216740,0,1,1
663.374233930,0,1,0
663.374236110,0,0,0
663.907881000,1,0,0
663.916005270,0,0,0
663.916285750,0,1,0
663.916287710,0,1,1
663.916305170,0,0,1
663.916307000,0,0,0
664.449924150,1,0,0
664.458045240,0,0,0
664.458325590,0,0,1
664.458344960,0,0,0
664.992088030,1,0,0
665.000209470,0,0,0
665.000491260,0,1,0
665.000493530,0,1,1
665.000510740,0,0,1
665.000512860,0,0,0
665.534155950,1,0,0
665.542279570,0,0,0
665.542556970,0,1,0
665.542561550,0,1,1
665.542576430,0,0,1
665.542581000,0,0,0
666.076205710,1,0,0
666.084327450,0,0,0
666.084608500,0,1,0
666.084609220,0,1,1
666.084627890,0,0,1
666.084628630,0,0,0
666.618329360,1,0,0
666.626451930,0,0,0
666.626732760,0,0,1
666.626733500,0,1,1
666.626752170,0,1,0
666.626752940,0,0,0
667.160410490,1,0,0
667.168532870,0,0,0
667.168814090,0,1,0
667.168815450,0,1,1
667.168833430,0,0,1
667.168834920,0,0,0
667.702504250,1,0,0
667.710624630,0,0,0
667.710903350,0,0,1
667.710904450,0,1,1
667.710922760,0,1,0
667.710923870,0,0,0
668.244632980,1,0,0
668.252753760,0,0,0
668.253034570,0,1,0
668.253036370,0,1,1
668.253054030,0,0,1
668.253055780,0,0,0
668.786671530,1,0,0
668.794791810,0,0,0
668.795074450,0,0,1
668.795075060,0,1,1
668.795093870,0,1,0
668.795094520,0,0,0
669.328651290,1,0,0
669.336772040,0,0,0
669.337052600,0,0,1
669.337055400,0,1,1
669.337071930,0,1,0
669.337074880,0,0,0
669.870779370,1,0,0
669.878900110,0,0,0
669.879185330,0,0,1
669.879185880,0,1,1
669.879204640,0,1,0
669.879205300,0,0,0
670.412864210,1,0,0
670.420985800,0,0,0
670.421268340,0,0,1
670.421270690,0,1,1
670.421287710,0,1,0
670.421290070,0,0,0
670.954928510,1,0,0
670.963047580,0,0,0
670.963331440,0,0,1
670.963331720,0,1,1
670.963350730,0,1,0
670.963351140,0,0,0
671.497054750,1,0,0
671.505175790,0,0,0
671.505454010,0,0,1
671.505456980,0,1,1
671.505473360,0,1,0
671.505476400,0,0,0
672.039149590,1,0,0
672.047266360,0,0,0
672.047546890,0,1,0
672.047566270,0,0,0
672.047605010,0,0,1
672.047624380,0,0,0
672.581208320,1,0,0
672.589330600,0,0,0
672.589610370,0,0,1
672.589612450,0,1,1
672.589629780,0,1,0
672.589631820,0,0,0
673.123394590,1,0,0
673.131516890,0,0,0
673.131797930,0,0,1
673.131798090,0,1,1
673.131817280,0,1,0
673.131817510,0,0,0
673.665473310,1,0,0
673.673595500,0,0,0
673.673876120,0,0,1
673.673895410,0,0,0
673.673936700,0,1,0
673.673956080,0,0,0
674.207496540,1,0,0
674.215615050,0,0,0
674.215898340,0,1,0
674.215899080,0,1,1
674.215917760,0,0,1
674.215918500,0,0,0
674.749625130,1,0,0
674.757746150,0,0,0
674.758026930,0,0,1
674.758028660,0,1,1
674.758046350,0,1,0
674.758048080,0,0,0
675.291692590,1,0,0
675.299813180,0,0,0
675.300094020,0,0,1
675.300099090,0,1,1
675.300113450,0,1,0
675.300118430,0,0,0
675.833780090,1,0,0
675.841902840,0,0,0
675.842182890,0,0,1
675.842184360,0,1,1
675.842202220,0,1,0
675.842203650,0,0,0
676.375893550,1,0,0
676.384011850,0,0,0
676.384294870,0,1,0
676.384314330,0,0,0
676.384362540,0,0,1
676.384381910,0,0,0
676.917997050,1,0,0
676.926125290,0,0,0
676.926409000,0,0,1
676.926409910,0,1,1
676.926428410,0,1,0
676.926429280,0,0,0
677.460028410,1,0,0
677.468147730,0,0,0
677.468430510,0,1,0
677.468431730,0,1,1
677.468449880,0,0,1
677.468451100,0,0,0
678.002194870,1,0,0
678.010316320,0,0,0
678.010595860,0,1,0
678.010600210,0,1,1
678.010615250,0,0,1
678.010619560,0,0,0
678.544328310,1,0,0
678.552451550,0,0,0
678.552732810,0,0,1
678.552752180,0,0,0
678.552788850,0,1,0
678.552808300,0,0,0
679.086391270,1,0,0
679.094513660,0,0,0
679.094795890,0,0,1
679.094796800,0,1,1
679.094815310,0,1,0
679.094816220,0,0,0
679.628540300,1,0,0
679.636660010,0,0,0
679.636941930,0,1,0
679.636943740,0,1,1
679.636961350,0,0,1
679.636963070,0,0,0
680.170606840,1,0,0
680.178728280,0,0,0
680.179011760,0,0,1
680.179012060,0,1,1
680.179031160,0,1,0
680.179031540,0,0,0
680.712655740,1,0,0
680.720775890,0,0,0
680.721126300,0,0,1
680.721145800,0,0,0
681.254766780,1,0,0
681.262889430,0,0,0
681.263168050,0,0,1
681.263169760,0,1,1
681.263187380,0,1,0
681.263189140,0,0,0
681.796859840,1,0,0
681.804980600,0,0,0
681.805264840,0,1,0
681.805265890,0,1,1
681.805284300,0,0,1
681.805285230,0,0,0
682.338848550,1,0,0
682.346969580,0,0,0
682.347250200,0,1,0
682.347253760,0,1,1
682.347269580,0,0,1
682.347273240,0,0,0
682.880972550,1,0,0
682.889093890,0,0,0
682.889375560,0,1,0
682.889376670,0,1,1
682.889394980,0,0,1
682.889396000,0,0,0
683.423017090,1,0,0
683.431141260,0,0,0
683.431419500,0,0,1
683.431438960,0,0,0
683.431479990,0,1,0
683.431499400,0,0,0
683.965071880,1,0,0
683.973193850,0,0,0
683.973476130,0,1,0
683.973477450,0,1,1
683.973495500,0,0,1
683.973496910,0,0,0
684.507204630,1,0,0
684.515327940,0,0,0
684.515610650,0,0,1
684.515611660,0,1,1
684.515630020,0,1,0
684.515631030,0,0,0
685.049202130,1,0,0
685.057324420,0,0,0
685.057607160,0,1,0
685.057608870,0,1,1
685.057626620,0,0,1
685.057628330,0,0,0
685.591232560,1,0,0
685.599354730,0,0,0
685.599636650,0,0,1
685.599637040,0,1,1
685.599656030,0,1,0
685.599656410,0,0,0
686.133328750,1,0,0
686.141451630,0,0,0
686.141732230,0,1,0
686.141734560,0,1,1
686.141751710,0,0,1
686.141753890,0,0,0
686.675402730,1,0,0
686.683525400,0,0,0
686.683808110,0,1,0
686.683827440,0,0,0
686.683873780,0,0,1
686.683893200,0,0,0
687.217400200,1,0,0
687.225522310,0,0,0
687.225803200,0,1,0
687.225805520,0,1,1
687.225822700,0,0,1
687.225824980,0,0,0
687.759518910,1,0,0
687.767639410,0,0,0
687.767922660,0,0,1
687.767923750,0,1,1
687.767941990,0,1,0
687.767943160,0,0,0
688.301597510,1,0,0
688.309721430,0,0,0
688.310001570,0,0,1
688.310020900,0,0,0
688.310023690,0,1,0
688.310043060,0,0,0
688.843610010,1,0,0
688.851731970,0,0,0
688.852008810,0,1,0
688.852014660,0,1,1
688.852028230,0,0,1
688.852034040,0,0,0
689.385718630,1,0,0
689.393841370,0,0,0
689.394122260,0,0,1
689.394124470,0,1,1
689.394141670,0,1,0
689.394143810,0,0,0
689.927813880,1,0,0
689.935937380,0,0,0
689.936220040,0,1,0
689.936220500,0,1,1
689.936239450,0,0,1
689.936239830,0,0,0
690.469860480,1,0,0
690.477979540,0,0,0
690.478260310,0,1,0
690.478262970,0,1,1
690.478279760,0,0,1
690.478282300,0,0,0
691.011977870,1,0,0
691.020099560,0,0,0
691.020380570,0,1,0
691.020381470,0,1,1
691.020399970,0,0,1
691.020400820,0,0,0
691.554072390,1,0,0
691.562194510,0,0,0
691.562474430,0,0,1
691.562476020,0,1,1
691.562493810,0,1,0
691.562495440,0,0,0
692.096034500,1,0,0
692.104152090,0,0,0
692.104436230,0,1,0
692.104437320,0,1,1
692.104455640,0,0,1
692.104456690,0,0,0
692.638176770,1,0,0
692.646294480,0,0,0
692.646575150,0,0,1
692.646576560,0,1,1
692.646594560,0,1,0
692.646595980,0,0,0
693.180273740,1,0,0
693.188393350,0,0,0
693.188658290,0,1,0
693.188673000,0,1,1
693.188677710,0,0,1
693.188692330,0,0,0
693.722316610,1,0,0
693.730435700,0,0,0
693.730717290,0,1,0
693.730721140,0,1,1
693.730736620,0,0,1
693.730740550,0,0,0
694.264456440,1,0,0
694.272576070,0,0,0
694.272854930,0,1,0
694.272859180,0,1,1
694.272874270,0,0,1
694.272878510,0,0,0
694.806528350,1,0,0
694.814649080,0,0,0
694.814932380,0,0,1
694.814932750,0,1,1
694.814951750,0,1,0
694.814952120,0,0,0
695.348556650,1,0,0
695.356677550,0,0,0
695.356958070,0,1,0
695.356960020,0,1,1
695.356977450,0,0,1
695.356979440,0,0,0
695.890633640,1,0,0
695.898754770,0,0,0
696.432708570,1,0,0
696.440834990,0,0,0
696.441115490,0,0,1
696.441118340,0,1,1
696.441134880,0,1,0
696.441137780,0,0,0
696.974713270,1,0,0
696.982836190,0,0,0
696.983118570,0,0,1
696.983119200,0,1,1
696.983137940,0,1,0
696.983138660,0,0,0
697.516861010,1,0,0
697.524983980,0,0,0
697.525264680,0,1,0
697.525266620,0,1,1
697.525284090,0,0,1
697.525286080,0,0,0
698.058911300,1,0,0
698.067032470,0,0,0
698.067314760,0,0,1
698.067314780,0,1,1
698.067334160,0,0,1
698.067334220,0,0,0
698.600889310,1,0,0
698.609012380,0,0,0
698.609292900,0,0,1
698.609295020,0,1,1
698.609312330,0,1,0
698.609314540,0,0,0
699.142995400,1,0,0
699.151114890,0,0,0
699.151395200,0,1,0
699.151395660,0,1,1
699.151414580,0,0,1
699.151415040,0,0,0
699.685056580,1,0,0
699.693178400,0,0,0
699.693458800,0,0,1
699.693460600,0,1,1
699.693478220,0,1,0
699.693480050,0,0,0
700.227085380,1,0,0
700.235206700,0,0,0
700.235486500,0,0,1
700.235490890,0,1,1
700.235505830,0,1,0
700.235510260,0,0,0
700.769215700,1,0,0
700.777338250,0,0,0
700.777621420,0,1,0
700.777640760,0,0,0
700.777677760,0,0,1
700.777697140,0,0,0
701.311288460,1,0,0
701.319407880,0,0,0
701.319687510,0,0,1
701.319691280,0,1,1
701.319706920,0,1,0
701.319710650,0,0,0
701.853365630,1,0,0
701.861487620,0,0,0
701.861770910,0,0,1
701.861772020,0,1,1
701.861790370,0,1,0
701.861791500,0,0,0
702.395478430,1,0,0
702.403600680,0,0,0
702.403882260,0,1,0
702.403892760,0,1,1
702.403901680,0,0,1
702.403912130,0,0,0
702.937530310,1,0,0
702.945653040,0,0,0
702.945936390,0,0,1
702.945938010,0,1,1
702.945955760,0,1,0
702.945957430,0,0,0
703.479548360,1,0,0
703.487669090,0,0,0
703.487949460,0,0,1
703.487952810,0,1,1
703.487968870,0,1,0
703.487972230,0,0,0
704.021629450,1,0,0
704.029751850,0,0,0
704.030032510,0,0,1
704.030033400,0,1,1
704.030051920,0,1,0
704.030052770,0,0,0
704.563674160,1,0,0
704.571795560,0,0,0
704.572078450,0,1,0
704.572080500,0,1,1
704.572097900,0,0,1
704.572099810,0,0,0
705.105676290,1,0,0
705.113797550,0,0,0
705.114078530,0,0,1
705.114079190,0,1,1
705.114097860,0,1,0
705.114098570,0,0,0
705.647789210,1,0,0
705.655910780,0,0,0
705.656194090,0,1,0
705.656213420,0,0,0
705.656257810,0,0,1
705.656277200,0,0,0
706.189788160,1,0,0
706.197910600,0,0,0
706.198194230,0,0,1
706.198194670,0,1,1
706.198213590,0,1,0
706.198214050,0,0,0
706.731768080,1,0,0
706.739890190,0,0,0
706.740172350,0,0,1
706.740191720,0,0,0
706.740236810,0,1,0
706.740256180,0,0,0
707.273842250,1,0,0
707.281961690,0,0,0
707.282245190,0,0,1
707.282245280,0,1,1
707.282264630,0,1,0
707.282264700,0,0,0
707.815827690,1,0,0
707.823949010,0,0,0
707.824230400,0,1,0
707.824233320,0,1,1
707.824249900,0,0,1
707.824252700,0,0,0
708.357810400,1,0,0
708.365929570,0,0,0
708.366210900,0,1,0
708.366211440,0,1,1
708.366230310,0,0,1
708.366230810,0,0,0
708.899900610,1,0,0
708.908022640,0,0,0
708.908304320,0,0,1
708.908306250,0,1,1
708.908323650,0,1,0
708.908325580,0,0,0
709.441960940,1,0,0
709.450084370,0,0,0
709.450366530,0,1,0
709.450367330,0,1,1
709.450385910,0,0,1
709.450386700,0,0,0
709.984049200,1,0,0
709.992170310,0,0,0
709.992450570,0,0,1
709.992452090,0,1,1
709.992469900,0,1,0
709.992471460,0,0,0
710.526197780,1,0,0
710.534318990,0,0,0
710.534602080,0,1,0
710.534603430,0,1,1
710.534621450,0,0,1
710.534622800,0,0,0
711.068250690,1,0,0
711.076372840,0,0,0
711.076656350,0,0,1
711.076657200,0,1,1
711.076675740,0,1,0
711.076676570,0,0,0
711.610220110,1,0,0
711.618342320,0,0,0
711.618622960,0,1,0
711.618624360,0,1,1
711.618642370,0,0,1
711.618643730,0,0,0
712.152312730,1,0,0
712.160432780,0,0,0
712.160713000,0,1,0
712.160716280,0,1,1
712.160732370,0,0,1
712.160735690,0,0,0
712.694409250,1,0,0
712.702530570,0,0,0
712.702813500,0,1,0
712.702815590,0,1,1
712.702832790,0,0,1
712.702834920,0,0,0
713.236450730,1,0,0
713.244571590,0,0,0
713.244853200,0,0,1
713.244853860,0,1,1
713.244872610,0,1,0
713.244873320,0,0,0
713.778595870,1,0,0
713.786716900,0,0,0
713.786999070,0,1,0
713.787005450,0,1,1
713.787018400,0,0,1
713.787024870,0,0,0
714.320617720,1,0,0
714.328740770,0,0,0
714.329024240,0,0,1
714.329024450,0,1,1
714.329043700,0,1,0
714.329043820,0,0,0
714.862623620,1,0,0
714.870742830,0,0,0
714.871024580,0,1,0
714.871025870,0,1,1
714.871043910,0,0,1
714.871045290,0,0,0
715.404738570,1,0,0
715.412858390,0,0,0
715.413140040,0,0,1
715.413140260,0,1,1
715.413159460,0,1,0
715.413159660,0,0,0
715.946755340,1,0,0
715.954879700,0,0,0
715.955160450,0,1,0
715.955163120,0,1,1
715.955179870,0,0,1
715.955182500,0,0,0
716.488759580,1,0,0
716.496876210,0,0,0
716.497161100,0,0,1
716.497180480,0,0,0
716.497219410,0,1,0
716.497238850,0,0,0
717.030793790,1,0,0
717.038915850,0,0,0
717.039176230,0,0,1
717.039195640,0,0,0
717.039196020,0,1,0
717.039215420,0,0,0
717.572837590,1,0,0
717.580965720,0,0,0
717.581246230,0,1,0
717.581246790,0,1,1
717.581265670,0,0,1
717.581266160,0,0,0
718.114816900,1,0,0
718.122935900,0,0,0
718.123219820,0,0,1
718.123221890,0,1,1
718.123239150,0,1,0
718.123241320,0,0,0
718.656935350,1,0,0
718.665058000,0,0,0
718.665337060,0,1,0
718.665338110,0,1,1
718.665356540,0,0,1
718.665357520,0,0,0
719.199012950,1,0,0
719.207134900,0,0,0
719.207415790,0,0,1
719.207417310,0,1,1
719.207435160,0,1,0
719.207436640,0,0,0
719.740971280,1,0,0
719.749092410,0,0,0
719.749373850,0,0,1
719.749377860,0,1,1
719.749393280,0,1,0
719.749397280,0,0,0
720.283074420,1,0,0
720.291190820,0,0,0
720.291472790,0,1,0
720.291476240,0,1,1
720.291492120,0,0,1
720.291495530,0,0,0
720.825100190,1,0,0
720.833224240,0,0,0
720.833503180,0,1,0
720.833504380,0,1,1
720.833522550,0,0,1
720.833523750,0,0,0
721.367154450,1,0,0
721.375272440,0,0,0
721.375557160,0,0,1
721.375558190,0,1,1
721.375576530,0,1,0
721.375577560,0,0,0
721.909247880,1,0,0
721.917367620,0,0,0
721.917648980,0,1,0
721.917650470,0,1,1
721.917668350,0,0,1
721.917669880,0,0,0
722.451309730,1,0,0
722.459432030,0,0,0
722.459713250,0,0,1
722.459714430,0,1,1
722.459732700,0,1,0
722.459733850,0,0,0
722.993263210,1,0,0
723.001385650,0,0,0
723.001666430,0,0,1
723.001669760,0,1,1
723.001685840,0,1,0
723.001689220,0,0,0
723.535294740,1,0,0
723.543415960,0,0,0
723.543698960,0,0,1
723.543699810,0,1,1
723.543718370,0,1,0
723.543719230,0,0,0
724.077401050,1,0,0
724.085523390,0,0,0
724.085802260,0,0,1
724.085805160,0,1,1
724.085821660,0,1,0
724.085824530,0,0,0
724.619410060,1,0,0
724.627532510,0,0,0
724.627815080,0,0,1
724.627815810,0,1,1
724.627834460,0,1,0
724.627835220,0,0,0
725.161550530,1,0,0
725.169671850,0,0,0
725.169953340,0,0,1
725.169956020,0,1,1
725.169972720,0,1,0
725.169975390,0,0,0
725.703599550,1,0,0
725.711721470,0,0,0
725.712001060,0,1,0
725.712006150,0,1,1
725.712020480,0,0,1
725.712025480,0,0,0
726.245616390,1,0,0
726.253737550,0,0,0
726.254007530,0,1,0
726.254019280,0,1,1
726.254026860,0,0,1
726.254038730,0,0,0
726.787757320,1,0,0
726.795879620,0,0,0
726.796161870,0,0,1
726.796161990,0,1,1
726.796181330,0,1,0
726.796181360,0,0,0
727.329796610,1,0,0
727.337924070,0,0,0
727.338207100,0,1,0
727.338226510,0,0,0
727.871856720,1,0,0
727.879979240,0,0,0
727.880257400,0,0,1
727.880262220,0,1,1
727.880276780,0,1,0
727.880281610,0,0,0
728.414014170,1,0,0
728.422132610,0,0,0
728.422412550,0,1,0
728.422415640,0,1,1
728.422431960,0,0,1
728.422435030,0,0,0
728.956100300,1,0,0
728.964224010,0,0,0
728.964503480,0,0,1
728.964508030,0,1,1
728.964522810,0,1,0
728.964527450,0,0,0
729.498148020,1,0,0
729.506266270,0,0,0
729.506546540,0,0,1
729.506547980,0,1,1
729.506565870,0,1,0
729.506567440,0,0,0
730.040279980,1,0,0
730.048400910,0,0,0
730.048683740,0,1,0
730.048684690,0,1,1
730.048703120,0,0,1
730.048704170,0,0,0
730.582379810,1,0,0
730.590504290,0,0,0
730.590784090,0,1,0
730.590787260,0,1,1
730.590803570,0,0,1
730.590806590,0,0,0
731.124407230,1,0,0
731.132525280,0,0,0
731.132809170,0,1,0
731.132810090,0,1,1
731.132828540,0,0,1
731.132829460,0,0,0
731.666559970,1,0,0
731.674678830,0,0,0
731.674963380,0,0,1
731.674964750,0,1,1
731.674982710,0,1,0
731.674984120,0,0,0
732.208643500,1,0,0
732.216763440,0,0,0
732.217044810,0,1,0
732.217046190,0,1,1
732.217064220,0,0,1
732.217065570,0,0,0
732.750729900,1,0,0
732.758860590,0,0,0
732.759139110,0,0,1
732.759140200,0,1,1
732.759158520,0,1,0
732.759159570,0,0,0
733.292833850,1,0,0
733.300957180,0,0,0
733.301235360,0,1,0
733.301237020,0,1,1
733.301254690,0,0,1
733.301256440,0,0,0
733.834902520,1,0,0
733.843026540,0,0,0
733.843310120,0,0,1
733.843310880,0,1,1
733.843329540,0,1,0
733.843330290,0,0,0
734.376927780,1,0,0
734.385050180,0,0,0
734.385331010,0,1,0
734.385350430,0,0,0
734.385381470,0,0,1
734.385400890,0,0,0
734.919056430,1,0,0
734.927177790,0,0,0
734.927460650,0,0,1
734.927461750,0,1,1
734.927479980,0,1,0
734.927481090,0,0,0
735.461120680,1,0,0
735.469243040,0,0,0
735.469523710,0,0,1
735.469526680,0,1,1
735.469543080,0,1,0
735.469546010,0,0,0
736.003149400,1,0,0
736.011272380,0,0,0
736.011551570,0,0,1
736.011552110,0,1,1
736.011570900,0,1,0
736.011571440,0,0,0
736.545271280,1,0,0
736.553391530,0,0,0
736.553672370,0,1,0
736.553674860,0,1,1
736.553691660,0,0,1
736.553694230,0,0,0
737.087316280,1,0,0
737.095439140,0,0,0
737.095722530,0,1,0
737.095722850,0,1,1
737.095741870,0,0,1
737.095742220,0,0,0
737.629350950,1,0,0
737.637472790,0,0,0
737.637752900,0,1,0
737.637755670,0,1,1
737.637772320,0,0,1
737.637775040,0,0,0
738.171497620,1,0,0
738.179617400,0,0,0
738.179898210,0,1,0
738.179898280,0,1,1
738.179917630,0,0,1
738.179917650,0,0,0
738.713564360,1,0,0
738.721696070,0,0,0
738.721976250,0,0,1
738.721978700,0,1,1
738.721995700,0,1,0
738.721998030,0,0,0
739.255667490,1,0,0
739.263789240,0,0,0
739.264069000,0,1,0
739.264069110,0,1,1
739.264088330,0,0,1
739.264088480,0,0,0
739.797817950,1,0,0
739.805938830,0,0,0
739.806219370,0,1,0
739.806222240,0,1,1
739.806238820,0,0,1
739.806241670,0,0,0
740.339934370,1,0,0
740.348057360,0,0,0
740.348339500,0,1,0
740.348340140,0,1,1
740.348358830,0,0,1
740.348359490,0,0,0
740.882029270,1,0,0
740.890156840,0,0,0
740.890437980,0,0,1
740.890440000,0,1,1
740.890457350,0,1,0
740.890459370,0,0,0
741.424208980,1,0,0
741.432327660,0,0,0
741.432609990,0,1,0
741.432610880,0,1,1
741.432629380,0,0,1
741.432630210,0,0,0
741.966351650,1,0,0
741.974479140,0,0,0
741.974760360,0,1,0
741.974763650,0,1,1
741.974779770,0,0,1
741.974783030,0,0,0
742.508436950,1,0,0
742.516554200,0,0,0
742.516835840,0,1,0
742.516836930,0,1,1
742.516855220,0,0,1
742.516856320,0,0,0
743.050569410,1,0,0
743.058691830,0,0,0
743.058970930,0,1,0
743.058974620,0,1,1
743.058990310,0,0,1
743.058994080,0,0,0
743.592657470,1,0,0
743.600781750,0,0,0
743.601061120,0,1,0
743.601062830,0,1,1
743.601080500,0,0,1
743.601082160,0,0,0
744.134679060,1,0,0
744.142800310,0,0,0
744.143080710,0,0,1
744.143080940,0,1,1
744.143100120,0,1,0
744.143100320,0,0,0
744.676780430,1,0,0
744.684900410,0,0,0
744.685182100,0,1,0
744.685183500,0,1,1
744.685201470,0,0,1
744.685202920,0,0,0
745.218872760,1,0,0
745.227002060,0,0,0
745.227286210,0,0,1
745.227287250,0,1,1
745.227305540,0,1,0
745.227306710,0,0,0
745.760875470,1,0,0
745.768997480,0,0,0
745.769277240,0,1,0
745.769279490,0,1,1
745.769296620,0,0,1
745.769298860,0,0,0
746.302993490,1,0,0
746.311124160,0,0,0
746.311407570,0,0,1
746.311407970,0,1,1
746.311426980,0,1,0
746.311427380,0,0,0
746.845143720,1,0,0
746.853264040,0,0,0
746.853543020,0,1,0
746.853562440,0,0,0
746.853604090,0,0,1
746.853623420,0,0,0
747.387172760,1,0,0
747.395290660,0,0,0
747.395573260,0,0,1
747.395573600,0,1,1
747.395592670,0,1,0
747.395592990,0,0,0
747.929245780,1,0,0
747.937364590,0,0,0
747.937648480,0,1,0
747.937651150,0,1,1
747.937667850,0,0,1
747.937670570,0,0,0
748.471398250,1,0,0
748.479519550,0,0,0
748.479799210,0,1,0
748.479811780,0,1,1
748.479818580,0,0,1
748.479831110,0,0,0
749.013506710,1,0,0
749.021628780,0,0,0
749.021909150,0,1,0
749.021910900,0,1,1
749.021928520,0,0,1
749.021930190,0,0,0
749.555666490,1,0,0
749.563786890,0,0,0
749.564069460,0,0,1
749.564069640,0,1,1
749.564088830,0,1,0
749.564089050,0,0,0
750.097721700,1,0,0
750.105844700,0,0,0
750.106124850,0,1,0
750.106127720,0,1,1
750.106147180,0,1,0
750.106211230,0,0,0
750.639779940,1,0,0
750.647896240,0,0,0
750.648179940,0,1,0
750.648180630,0,1,1
750.648199310,0,0,1
750.648199990,0,0,0
751.181860170,1,0,0
751.189983570,0,0,0
751.190263530,0,0,1
751.190265440,0,1,1
751.190282940,0,1,0
751.190284860,0,0,0
751.723969290,1,0,0
751.732085360,0,0,0
751.732371030,0,1,0
751.732371460,0,1,1
751.732390450,0,0,1
751.732390830,0,0,0
752.266017450,1,0,0
752.274138410,0,0,0
752.274419370,0,0,1
752.274420990,0,1,1
752.274438870,0,1,0
752.274440420,0,0,0
752.808151860,1,0,0
752.816271530,0,0,0
752.816556620,0,1,0
752.816557070,0,1,1
752.816576030,0,0,1
752.816576440,0,0,0
753.350268960,1,0,0
753.358388010,0,0,0
753.358670290,0,0,1
753.358671800,0,1,1
753.358689670,0,1,0
753.358691130,0,0,0
753.892322000,1,0,0
753.900440900,0,0,0
753.900723020,0,0,1
753.900727050,0,1,1
753.900742430,0,1,0
753.900746380,0,0,0
754.434479620,1,0,0
754.442602100,0,0,0
754.442880630,0,0,1
754.442882340,0,1,1
754.442900050,0,1,0
754.442901720,0,0,0
754.976558780,1,0,0
754.984681350,0,0,0
754.984964080,0,0,1
754.984983460,0,0,0
754.985029680,0,1,0
754.985049140,0,0,0
755.518648210,1,0,0
755.526769510,0,0,0
755.527051740,0,0,1
755.527052770,0,1,1
755.527071160,0,1,0
755.527072100,0,0,0
756.060819310,1,0,0
756.068940230,0,0,0
756.069219940,0,0,1
756.069223210,0,1,1
756.069239320,0,1,0
756.069242630,0,0,0
756.602918160,1,0,0
756.611041330,0,0,0
756.611322440,0,0,1
756.611323420,0,1,1
756.611341770,0,1,0
756.611342750,0,0,0
757.144931530,1,0,0
757.153052590,0,0,0
757.153333640,0,1,0
757.153335410,0,1,1
757.153353050,0,0,1
757.153354780,0,0,0
757.687054130,1,0,0
757.695174900,0,0,0
757.695459330,0,1,0
757.695478750,0,0,0
757.695525750,0,0,1
757.695545080,0,0,0
758.229092180,1,0,0
758.237222420,0,0,0
758.237504500,0,1,0
758.237506370,0,1,1
758.237523900,0,0,1
758.237525790,0,0,0
758.771092310,1,0,0
758.779214500,0,0,0
758.779494280,0,0,1
758.779494300,0,1,1
758.779513720,0,0,1
758.779513740,0,0,0
759.313239820,1,0,0
759.321358740,0,0,0
759.321640180,0,1,0
759.321642180,0,1,1
759.321659560,0,0,1
759.321661510,0,0,0
759.855301400,1,0,0
759.863438180,0,0,0
759.863719880,0,0,1
759.863739290,0,0,0
759.863778840,0,1,0
759.863798210,0,0,0
760.397333980,1,0,0
760.405456900,0,0,0
760.405738020,0,0,1
760.405740620,0,1,1
760.405757390,0,1,0
760.405760030,0,0,0
760.939446850,1,0,0
760.947574730,0,0,0
760.947855690,0,1,0
760.947875190,0,0,0
761.481519700,1,0,0
761.489641140,0,0,0
761.489923220,0,0,1
761.489926250,0,1,1
761.489942630,0,1,0
761.489945700,0,0,0
762.023556070,1,0,0
762.031679260,0,0,0
762.031961240,0,1,0
762.031961710,0,1,1
762.031980670,0,0,1
762.031981120,0,0,0
762.565679690,1,0,0
762.573800630,0,0,0
762.574081500,0,1,0
762.574084330,0,1,1
762.574100830,0,0,1
762.574103660,0,0,0
763.107689140,1,0,0
763.115811590,0,0,0
763.116097140,0,1,0
763.116097610,0,1,1
763.116116510,0,0,1
763.116116940,0,0,0
763.649701160,1,0,0
763.657822500,0,0,0
763.658105270,0,0,1
763.658107430,0,1,1
763.658124690,0,1,0
763.658126800,0,0,0
764.191859800,1,0,0
764.199998070,0,0,0
764.200277600,0,1,0
764.200278200,0,1,1
764.200296930,0,0,1
764.200297620,0,0,0
764.734027480,1,0,0
764.742147170,0,0,0
764.742431320,0,0,1
764.742450740,0,0,0
764.742491400,0,1,0
764.742510820,0,0,0
765.276120290,1,0,0
765.284245790,0,0,0
765.284528310,0,1,0
765.284528830,0,1,1
765.284547740,0,0,1
765.284548230,0,0,0
765.818212200,1,0,0
765.826330580,0,0,0
765.826612180,0,0,1
765.826613590,0,1,1
765.826631550,0,1,0
765.826632960,0,0,0
766.360309210,1,0,0
766.368430550,0,0,0
766.368714080,0,1,0
766.368714840,0,1,1
766.368733560,0,0,1
766.368734170,0,0,0
766.902351020,1,0,0
766.910473170,0,0,0
766.910752460,0,0,1
766.910754260,0,1,1
766.910771830,0,1,0
766.910773630,0,0,0
767.444383840,1,0,0
767.452504870,0,0,0
767.452785680,0,0,1
767.452789740,0,1,1
767.452805090,0,1,0
767.452809070,0,0,0
767.986516290,1,0,0
767.994638640,0,0,0
767.994918590,0,0,1
767.994919680,0,1,1
767.994937960,0,1,0
767.994938970,0,0,0
768.528575870,1,0,0
768.536698540,0,0,0
768.536980140,0,1,0
768.536981330,0,1,1
768.536999470,0,0,1
768.537000700,0,0,0
769.070563800,1,0,0
769.078685310,0,0,0
769.078965580,0,1,0
769.078969340,0,1,1
769.078984910,0,0,1
769.078988710,0,0,0
769.612606610,1,0,0
769.620726400,0,0,0
769.621010770,0,1,0
769.621012170,0,1,1
769.621030230,0,0,1
769.621031540,0,0,0
770.154577750,1,0,0
770.162699810,0,0,0
770.162980180,0,0,1
770.162980890,0,1,1
770.162999530,0,1,0
770.163000350,0,0,0
770.696663010,1,0,0
770.704792140,0,0,0
770.705073090,0,0,1
770.705076040,0,1,1
770.705092550,0,1,0
770.705095410,0,0,0
771.238711270,1,0,0
771.246831380,0,0,0
771.247116040,0,0,1
771.247116460,0,1,1
771.247135460,0,1,0
771.247135840,0,0,0
771.780746240,1,0,0
771.788868520,0,0,0
771.789148830,0,0,1
771.789151630,0,1,1
771.789168200,0,1,0
771.789171040,0,0,0
772.322857280,1,0,0
772.330977930,0,0,0
772.331261730,0,0,1
772.331262020,0,1,1
772.331281150,0,1,0
772.331281480,0,0,0
772.864909890,1,0,0
772.873032500,0,0,0
772.873312390,0,1,0
772.873315030,0,1,1
772.873331770,0,0,1
772.873334430,0,0,0
773.406871670,1,0,0
773.414995240,0,0,0
773.415277690,0,0,1
773.415277750,0,1,1
773.415297110,0,1,0
773.415297140,0,0,0
773.948959910,1,0,0
773.957081060,0,0,0
773.957363190,0,1,0
773.957365490,0,1,1
773.957382560,0,0,1
773.957384820,0,0,0
774.491096210,1,0,0
774.499215740,0,0,0
774.499498400,0,0,1
774.499503460,0,1,1
774.499517770,0,1,0
774.499522830,0,0,0
775.033158370,1,0,0
775.041288770,0,0,0
775.041571050,0,0,1
775.041572920,0,1,1
775.041590390,0,1,0
775.041592250,0,0,0
775.575283330,1,0,0
775.583406070,0,0,0
775.583684480,0,0,1
775.583688460,0,1,1
775.583703940,0,1,0
775.583707840,0,0,0
776.117445300,1,0,0
776.125567720,0,0,0
776.125847370,0,0,1
776.125849150,0,1,1
776.125866780,0,1,0
776.125868520,0,0,0
776.659506850,1,0,0
776.667628730,0,0,0
776.667910000,0,0,1
776.667929380,0,0,0
777.201575720,1,0,0
777.209698220,0,0,0
777.209977930,0,0,1
777.209979400,0,1,1
777.209997350,0,1,0
777.209998770,0,0,0
777.743710690,1,0,0
777.751832880,0,0,0
777.752114810,0,1,0
777.752116110,0,1,1
777.752134250,0,0,1
777.752135480,0,0,0
778.285754190,1,0,0
778.293875620,0,0,0
778.294160160,0,1,0
778.294179540,0,0,0
778.827856080,1,0,0
778.835975420,0,0,0
778.836258450,0,0,1
778.836260370,0,1,1
778.836277820,0,1,0
778.836279830,0,0,0
779.369958150,1,0,0
779.378079490,0,0,0
779.378360850,0,1,0
779.378360880,0,1,1
779.378380250,0,1,0
779.378380310,0,0,0
779.911996330,1,0,0
779.920118350,0,0,0
779.920400870,0,1,0
779.920420280,0,0,0
779.920453020,0,0,1
779.920472470,0,0,0
780.454134250,1,0,0
780.462255030,0,0,0
780.462536480,0,1,0
780.462536880,0,1,1
780.462555770,0,0,1
780.462556240,0,0,0
780.996234950,1,0,0
781.004354520,0,0,0
781.004634960,0,0,1
781.004636780,0,1,1
781.004654370,0,1,0
781.004656110,0,0,0
781.538329020,1,0,0
781.546449090,0,0,0
781.546728030,0,0,1
781.546730760,0,1,1
781.546747450,0,1,0
781.546750130,0,0,0
782.080511650,1,0,0
782.088634660,0,0,0
782.088915750,0,0,1
782.088917370,0,1,1
782.088935080,0,1,0
782.088936700,0,0,0
782.622691720,1,0,0
782.630812660,0,0,0
782.631091510,0,1,0
782.631094010,0,1,1
782.631110800,0,0,1
782.631113390,0,0,0
783.164801540,1,0,0
783.172923310,0,0,0
783.173206520,0,0,1
783.173207740,0,1,1
783.173225890,0,1,0
783.173227110,0,0,0
783.706952190,1,0,0
783.715074150,0,0,0
783.715354800,0,0,1
783.715358230,0,1,1
783.715374210,0,1,0
783.715377710,0,0,0
784.249134150,1,0,0
784.257254260,0,0,0
784.257537310,0,0,1
784.257538130,0,1,1
784.257556700,0,1,0
784.257557500,0,0,0
784.791207390,1,0,0
784.799343450,0,0,0
784.799623590,0,1,0
784.799625020,0,1,1
784.799642970,0,0,1
784.799644480,0,0,0
785.333399020,1,0,0
785.341521730,0,0,0
785.341803170,0,0,1
785.341804020,0,1,1
785.341822550,0,1,0
785.341823350,0,0,0
785.875507290,1,0,0
785.883631550,0,0,0
785.883910970,0,0,1
785.883914310,0,1,1
785.883930380,0,1,0
785.883933680,0,0,0
786.417552050,1,0,0
786.425671800,0,0,0
786.425954100,0,0,1
786.425973560,0,0,0
786.426022030,0,1,0
786.426041420,0,0,0
786.959642450,1,0,0
786.967763660,0,0,0
786.968044670,0,1,0
786.968046610,0,1,1
786.968064060,0,0,1
786.968066020,0,0,0
787.501726990,1,0,0
787.509846060,0,0,0
787.510129950,0,1,0
787.510149280,0,0,0
787.510197170,0,0,1
787.510216460,0,0,0
788.043701980,1,0,0
788.051824570,0,0,0
788.052105460,0,1,0
788.052107410,0,1,1
788.052124860,0,0,1
788.052126820,0,0,0
788.585807610,1,0,0
788.593926170,0,0,0
788.594210500,0,0,1
788.594210540,0,1,1
788.594229830,0,1,0
788.594229910,0,0,0
789.127886860,1,0,0
789.136010930,0,0,0
789.136290830,0,1,0
789.136310240,0,0,0
789.136324710,0,0,1
789.136344080,0,0,0
789.669884050,1,0,0
789.678005060,0,0,0
789.678286050,0,1,0
789.678286260,0,1,1
789.678305470,0,0,1
789.678305630,0,0,0
790.211954810,1,0,0
790.220073330,0,0,0
790.220354300,0,0,1
790.220373720,0,0,0
790.754069730,1,0,0
790.762198650,0,0,0
790.762481210,0,1,0
790.762482230,0,1,1
790.762500580,0,0,1
790.762501700,0,0,0
791.296146130,1,0,0
791.304269260,0,0,0
791.304550020,0,0,1
791.304553570,0,1,1
791.304569350,0,1,0
791.304572990,0,0,0
791.838338180,1,0,0
791.846457580,0,0,0
791.846738180,0,0,1
791.846741960,0,1,1
791.846757630,0,1,0
791.846761460,0,0,0
792.380424310,1,0,0
792.388548020,0,0,0
792.388827100,0,1,0
792.388831060,0,1,1
792.388846440,0,0,1
792.388850470,0,0,0
792.922547290,1,0,0
792.930668330,0,0,0
792.930948750,0,0,1
792.930952790,0,1,1
792.930968120,0,1,0
792.930972240,0,0,0
793.464720940,1,0,0
793.472841840,0,0,0
793.473121380,0,0,1
793.473121970,0,1,1
793.473140790,0,1,0
793.473141300,0,0,0
794.006873840,1,0,0
794.014995030,0,0,0
794.015274680,0,0,1
794.015278320,0,1,1
794.015294050,0,1,0
794.015297690,0,0,0
794.548984010,1,0,0
794.557104160,0,0,0
794.557387330,0,0,1
794.557388610,0,1,1
794.557406810,0,1,0
794.557408020,0,0,0
795.091126070,1,0,0
795.099248950,0,0,0
795.099528960,0,1,0
795.099530590,0,1,1
795.099548360,0,0,1
795.099549960,0,0,0
795.633263180,1,0,0
795.641383100,0,0,0
795.641663180,0,0,1
795.641664360,0,1,1
795.641682550,0,1,0
795.641683810,0,0,0
796.175334480,1,0,0
796.183457070,0,0,0
796.183739390,0,1,0
796.183741100,0,1,1
796.183758720,0,0,1
796.183760520,0,0,0
796.717477160,1,0,0
796.725598860,0,0,0
796.725877900,0,0,1
796.725879730,0,1,1
796.725897320,0,1,0
796.725899150,0,0,0
797.259649310,1,0,0
797.267771820,0,0,0
797.268052330,0,0,1
797.268054770,0,1,1
797.268071760,0,1,0
797.268074150,0,0,0
797.801744590,1,0,0
797.809865240,0,0,0
797.810144840,0,0,1
797.810145450,0,1,1
797.810164210,0,1,0
797.810164870,0,0,0
798.343890610,1,0,0
798.352011510,0,0,0
798.352268910,0,0,1
798.352288320,0,0,0
798.352295630,0,1,0
798.352315000,0,0,0
798.886032730,1,0,0
798.894148840,0,0,0
798.894435880,0,1,0
798.894435920,0,1,1
798.894455210,0,0,1
798.894455370,0,0,0
799.428114090,1,0,0
799.436234850,0,0,0
799.436515870,0,1,0
799.436518870,0,1,1
799.436535330,0,0,1
799.436538240,0,0,0
799.970221340,1,0,0
799.978342760,0,0,0
799.978626620,0,0,1
799.978626730,0,1,1
799.978646040,0,1,0
799.978646120,0,0,0
800.512293570,1,0,0
800.520414910,0,0,0
800.520696760,0,1,0
800.520699200,0,1,1
800.520716130,0,0,1
800.520718630,0,0,0
801.054266340,1,0,0
801.062386350,0,0,0
801.062667560,0,0,1
801.062671850,0,1,1
801.062686890,0,1,0
801.062691240,0,0,0
801.596344030,1,0,0
801.604463560,0,0,0
801.604703680,0,0,1
801.604723070,0,0,0
801.604742290,0,1,0
801.604761670,0,0,0
802.138407090,1,0,0
802.146532270,0,0,0
802.146817550,0,1,0
802.146818410,0,1,1
802.146836960,0,0,1
802.146837870,0,0,0
802.680470740,1,0,0
802.688590910,0,0,0
802.688872770,0,1,0
802.688876010,0,1,1
802.688892180,0,0,1
802.688895340,0,0,0
803.222621200,1,0,0
803.230742030,0,0,0
803.231023170,0,1,0
803.231024060,0,1,1
803.231042500,0,0,1
803.231043470,0,0,0
803.764707500,1,0,0
803.772831070,0,0,0
803.773111650,0,0,1
803.773113230,0,1,1
803.773131070,0,1,0
803.773132600,0,0,0
804.306774360,1,0,0
804.314896670,0,0,0
804.315178470,0,1,0
804.315179830,0,1,1
804.315197850,0,0,1
804.315199200,0,0,0
804.848890940,1,0,0
804.857011530,0,0,0
805.390964640,1,0,0
805.399087690,0,0,0
805.399368700,0,1,0
805.399370360,0,1,1
805.399388080,0,0,1
805.399389690,0,0,0
805.933069180,1,0,0
805.941188450,0,0,0
805.941468610,0,0,1
805.941468830,0,1,1
805.941487980,0,1,0
805.941488200,0,0,0
806.475144420,1,0,0
806.483263470,0,0,0
806.483544480,0,1,0
806.483546440,0,1,1
806.483563870,0,0,1
806.483565860,0,0,0
807.017223420,1,0,0
807.025347610,0,0,0
807.025629220,0,0,1
807.025629980,0,1,1
807.025648650,0,1,0
807.025649380,0,0,0
807.559271930,1,0,0
807.567394210,0,0,0
807.567674990,0,1,0
807.567677280,0,1,1
807.567694430,0,0,1
807.567696760,0,0,0
808.101432530,1,0,0
808.109554520,0,0,0
808.109835090,0,0,1
808.109835430,0,1,1
808.109854480,0,1,0
808.109854890,0,0,0
808.643537510,1,0,0
808.651659720,0,0,0
808.651940520,0,1,0
808.651942760,0,1,1
808.651959890,0,0,1
808.651962190,0,0,0
809.185600540,1,0,0
809.193722010,0,0,0
809.194005690,0,0,1
809.194025060,0,0,0
809.194073080,0,1,0
809.194092570,0,0,0
809.727749310,1,0,0
809.735879880,0,0,0
809.736160910,0,1,0
809.736163500,0,1,1
809.736180200,0,0,1
809.736182870,0,0,0
810.269812820,1,0,0
810.277933770,0,0,0
810.278216510,0,1,0
810.278216520,0,1,1
810.278235820,0,0,1
810.278235890,0,0,0
810.811870110,1,0,0
810.819991260,0,0,0
810.820274120,0,0,1
810.820276460,0,1,1
810.820293540,0,1,0
810.820295830,0,0,0
811.353976060,1,0,0
811.362098150,0,0,0
811.362377000,0,1,0
811.362377540,0,1,1
811.362396460,0,0,1
811.362396930,0,0,0
811.896020220,1,0,0
811.904141460,0,0,0
811.904422170,0,1,0
811.904425180,0,1,1
811.904441620,0,0,1
811.904444550,0,0,0
812.438030990,1,0,0
812.446151700,0,0,0
812.446432870,0,0,1
812.446437400,0,1,1
812.446452240,0,1,0
812.446456750,0,0,0
812.980202290,1,0,0
812.988323690,0,0,0
812.988606380,0,0,1
812.988607610,0,1,1
812.988625800,0,1,0
812.988627070,0,0,0
813.522301950,1,0,0
813.530422750,0,0,0
813.530707590,0,1,0
813.530708840,0,1,1
813.530726880,0,0,1
813.530728170,0,0,0
814.064351320,1,0,0
814.072473630,0,0,0
814.072752930,0,1,0
814.072756860,0,1,1
814.072772330,0,0,1
814.072776270,0,0,0
814.606496760,1,0,0
814.614619020,0,0,0
814.614898210,0,1,0
814.614899860,0,1,1
814.614917600,0,0,1
814.614919290,0,0,0
815.148551050,1,0,0
815.156671260,0,0,0
815.156952630,0,0,1
815.156972040,0,0,0
815.157021270,0,1,0
815.157040710,0,0,0
815.690597810,1,0,0
815.698719270,0,0,0
815.699000560,0,0,1
815.699004190,0,1,1
815.699019890,0,1,0
815.699023560,0,0,0
816.232733720,1,0,0
816.240852050,0,0,0
816.241133040,0,0,1
816.241134140,0,1,1
816.241152440,0,1,0
816.241153540,0,0,0
816.774758000,1,0,0
816.782878900,0,0,0
816.783161210,0,0,1
816.783164750,0,1,1
816.783180670,0,1,0
816.783184100,0,0,0
817.316871860,1,0,0
817.324994850,0,0,0
817.325274170,0,0,1
817.325274870,0,1,1
817.325293520,0,1,0
817.325294330,0,0,0
817.859041980,1,0,0
817.867163750,0,0,0
817.867445410,0,1,0
817.867447380,0,1,1
817.867464870,0,0,1
817.867466750,0,0,0
818.401155760,1,0,0
818.409279760,0,0,0
818.409560150,0,0,1
818.409560740,0,1,1
818.409579560,0,1,0
818.409580120,0,0,0
818.943189230,1,0,0
818.951310230,0,0,0
818.951592860,0,0,1
818.951595840,0,1,1
818.951612190,0,1,0
818.951615220,0,0,0
819.485304570,1,0,0
819.493422510,0,0,0
819.493705630,0,0,1
819.493706070,0,1,1
819.493725060,0,1,0
819.493725480,0,0,0
820.027401930,1,0,0
820.035526310,0,0,0
820.035803340,0,0,1
820.035806190,0,1,1
820.035822710,0,1,0
820.035825600,0,0,0
820.569364500,1,0,0
820.577501220,0,0,0
820.577781340,0,1,0
820.577781570,0,1,1
820.577800710,0,0,1
820.577800920,0,0,0
821.111488310,1,0,0
821.119618080,0,0,0
821.119899220,0,0,1
821.119901880,0,1,1
821.119918610,0,1,0
821.119921250,0,0,0
821.653503070,1,0,0
821.661625610,0,0,0
821.661905900,0,0,1
821.661907250,0,1,1
821.661925320,0,1,0
821.661926580,0,0,0
822.195545470,1,0,0
822.203668410,0,0,0
822.203947610,0,1,0
822.203950490,0,1,1
822.203967070,0,0,1
822.203969900,0,0,0
822.737694960,1,0,0
822.745816590,0,0,0
822.746097440,0,1,0
822.746098260,0,1,1
822.746116860,0,0,1
822.746117720,0,0,0
823.279746090,1,0,0
823.287868880,0,0,0
823.288151120,0,0,1
823.288152760,0,1,1
823.288170580,0,1,0
823.288172090,0,0,0
823.821783470,1,0,0
823.829906480,0,0,0
823.830188180,0,1,0
823.830207530,0,0,0
823.830255210,0,0,1
823.830274540,0,0,0
824.363908480,1,0,0
824.372028060,0,0,0
824.372308430,0,1,0
824.372311840,0,1,1
824.372327820,0,0,1
824.372331250,0,0,0
824.905930750,1,0,0
824.914052800,0,0,0
824.914333710,0,1,0
824.914334690,0,1,1
824.914353140,0,0,1
824.914354020,0,0,0
825.447884470,1,0,0
825.456005140,0,0,0
825.456287660,0,0,1
825.456288030,0,1,1
825.456307050,0,1,0
825.456307380,0,0,0
825.989971950,1,0,0
825.998094250,0,0,0
825.998374340,0,1,0
825.998375510,0,1,1
825.998393800,0,0,1
825.998394890,0,0,0
826.531996330,1,0,0
826.540118610,0,0,0
826.540398220,0,0,1
826.540399390,0,1,1
826.540417680,0,1,0
826.540418720,0,0,0
827.073940050,1,0,0
827.082058840,0,0,0
827.082339760,0,1,0
827.082341500,0,1,1
827.082359150,0,0,1
827.082360950,0,0,0
827.615979510,1,0,0
827.624100520,0,0,0
827.624380220,0,1,0
827.624384520,0,1,1
827.624399640,0,0,1
827.624403870,0,0,0
828.158071890,1,0,0
828.166191420,0,0,0
828.166472250,0,0,1
828.166475250,0,1,1
828.166491620,0,1,0
828.166494630,0,0,0
828.700087480,1,0,0
828.708204130,0,0,0
828.708485700,0,1,0
828.708488680,0,1,1
828.708505070,0,0,1
828.708508100,0,0,0
829.242151300,1,0,0
829.250270760,0,0,0
829.250551190,0,1,0
829.250553120,0,1,1
829.250570580,0,0,1
829.250572490,0,0,0
829.784212260,1,0,0
829.792332850,0,0,0
829.792615970,0,0,1
829.792635420,0,0,0
829.792665550,0,1,0
829.792684920,0,0,0
830.326154700,1,0,0
830.334277270,0,0,0
830.334556390,0,1,0
830.334558820,0,1,1
830.334575770,0,0,1
830.334578190,0,0,0
830.868235000,1,0,0
830.876364590,0,0,0
830.876646600,0,0,1
830.876646610,0,1,1
830.876665900,0,0,1
830.876666020,0,0,0
831.410326980,1,0,0
831.418456070,0,0,0
831.418736940,0,1,0
831.418739490,0,1,1
831.418756280,0,0,1
831.418758820,0,0,0
831.952381970,1,0,0
831.960502220,0,0,0
831.960782330,0,1,0
831.960782360,0,1,1
831.960801660,0,0,1
831.960801730,0,0,0
832.494493240,1,0,0
832.502613960,0,0,0
832.502895180,0,0,1
832.502897480,0,1,1
832.502914590,0,1,0
832.502916890,0,0,0
833.036579960,1,0,0
833.044702880,0,0,0
833.044983100,0,0,1
833.044988110,0,1,1
833.045002520,0,1,0
833.045007530,0,0,0
833.578676270,1,0,0
833.586797340,0,0,0
833.587073020,0,1,0
833.587081050,0,1,1
833.587092390,0,0,1
833.587100460,0,0,0
834.120821090,1,0,0
834.128943320,0,0,0
834.129223570,0,1,0
834.129223820,0,1,1
834.129242910,0,0,1
834.129243260,0,0,0
834.662912450,1,0,0
834.671032330,0,0,0
834.671316580,0,0,1
834.671335910,0,0,0
834.671372310,0,1,0
834.671391600,0,0,0
835.204960120,1,0,0
835.213082150,0,0,0
835.213364260,0,1,0
835.213364820,0,1,1
835.213383550,0,0,1
835.213450400,0,0,0
835.747059790,1,0,0
835.755182360,0,0,0
835.755462600,0,0,1
835.755464300,0,1,1
835.755481970,0,1,0
835.755483720,0,0,0
836.289070220,1,0,0
836.297191280,0,0,0
836.297474320,0,1,0
836.297475480,0,1,1
836.297493650,0,0,1
836.297494810,0,0,0
836.831082620,1,0,0
836.839205350,0,0,0
836.839484750,0,1,0
836.839488210,0,1,1
836.839504140,0,0,1
836.839507650,0,0,0
837.373204980,1,0,0
837.381326440,0,0,0
837.381609690,0,1,0
837.381611050,0,1,1
837.381629060,0,0,1
837.381630490,0,0,0
837.915263320,1,0,0
837.923386240,0,0,0
837.923668080,0,0,1
837.923670480,0,1,1
837.923687450,0,1,0
837.923689930,0,0,0
838.457290170,1,0,0
838.465411260,0,0,0
838.465652250,0,0,1
838.465671620,0,0,0
838.465695700,0,1,0
838.465715160,0,0,0
838.999390510,1,0,0
839.007513350,0,0,0
839.007794360,0,0,1
839.007795900,0,1,1
839.007813770,0,1,0
839.007815270,0,0,0
839.541421060,1,0,0
839.549549210,0,0,0
839.549831210,0,1,0
839.549832820,0,1,1
839.549850620,0,0,1
839.549852150,0,0,0
840.083485460,1,0,0
840.091606790,0,0,0
840.091890800,0,0,1
840.091891530,0,1,1
840.091910280,0,1,0
840.091910860,0,0,0
840.625555040,1,0,0
840.633672250,0,0,0
840.633956750,0,1,0
840.633958620,0,1,1
840.633976120,0,0,1
840.633977990,0,0,0
841.167635610,1,0,0
841.175758220,0,0,0
841.176041350,0,0,1
841.176042180,0,1,1
841.176060680,0,1,0
841.176061610,0,0,0
841.709607820,1,0,0
841.717729100,0,0,0
841.718009610,0,0,1
841.718012330,0,1,1
841.718029060,0,1,0
841.718031790,0,0,0
842.251708490,1,0,0
842.259831060,0,0,0
842.260112040,0,0,1
842.260112710,0,1,1
842.260131460,0,1,0
842.260132150,0,0,0
842.793802990,1,0,0
842.801922190,0,0,0
842.802204860,0,0,1
842.802207630,0,1,1
842.802224270,0,1,0
842.802227000,0,0,0
843.335858930,1,0,0
843.343978860,0,0,0
843.344262770,0,0,1
843.344262990,0,1,1
843.344282150,0,1,0
843.344282450,0,0,0
843.877941230,1,0,0
843.886062490,0,0,0
843.886340750,0,0,1
843.886343530,0,1,1
843.886360080,0,1,0
843.886362910,0,0,0
844.420032190,1,0,0
844.428154320,0,0,0
844.428433670,0,0,1
844.428433800,0,1,1
844.428453020,0,1,0
844.428519900,0,0,0
844.962018110,1,0,0
844.970138700,0,0,0
844.970421700,0,0,1
844.970423980,0,1,1
844.970441040,0,1,0
844.970443440,0,0,0
845.504058390,1,0,0
845.512179770,0,0,0
845.512464150,0,1,0
845.512464490,0,1,1
845.512483520,0,0,1
845.512483860,0,0,0
846.046098350,1,0,0
846.054221230,0,0,0
846.054499710,0,1,0
846.054502150,0,1,1
846.054519040,0,0,1
846.054521490,0,0,0
846.588138790,1,0,0
846.596258900,0,0,0
846.596539830,0,1,0
846.596540190,0,1,1
846.596559200,0,0,1
846.596559520,0,0,0
847.130209710,1,0,0
847.138330820,0,0,0
847.138612890,0,0,1
847.138614990,0,1,1
847.138632260,0,1,0
847.138634400,0,0,0
847.672201160,1,0,0
847.680386520,0,0,0
847.680670370,0,1,0
847.680670550,0,1,1
847.680689660,0,0,1
847.680689920,0,0,0
848.214290640,1,0,0
848.222411270,0,0,0
848.222692480,0,0,1
848.222695650,0,1,1
848.222711940,0,1,0
848.222715030,0,0,0
848.756419420,1,0,0
848.764539090,0,0,0
848.764821500,0,0,1
848.764826030,0,1,1
848.764840910,0,1,0
848.764845400,0,0,0
849.298422110,1,0,0
849.306607240,0,0,0
849.306889310,0,0,1
849.306891200,0,1,1
849.306908640,0,1,0
849.306910610,0,0,0
849.840504990,1,0,0
849.848628020,0,0,0
849.848907390,0,0,1
849.848911640,0,1,1
849.848926800,0,1,0
849.848931100,0,0,0
850.382564520,1,0,0
850.390687880,0,0,0
850.390966350,0,1,0
850.390969980,0,1,1
850.390985740,0,0,1
850.390989320,0,0,0
850.924533480,1,0,0
850.932654690,0,0,0
850.932937250,0,1,0
850.932938250,0,1,1
850.932956620,0,0,1
850.932957710,0,0,0
851.466531550,1,0,0
851.474653720,0,0,0
851.474935910,0,0,1
851.474937270,0,1,1
851.474955260,0,1,0
851.474956600,0,0,0
852.008572240,1,0,0
852.016695250,0,0,0
852.016973990,0,0,1
852.016977420,0,1,1
852.016993360,0,1,0
852.016996880,0,0,0
852.550602350,1,0,0
852.558788710,0,0,0
852.559067920,0,1,0
852.559071690,0,1,1
852.559087340,0,0,1
852.559091100,0,0,0
853.092650650,1,0,0
853.100771950,0,0,0
853.101053090,0,1,0
853.101054410,0,1,1
853.101072510,0,0,1
853.101073820,0,0,0
853.634658740,1,0,0
853.642781300,0,0,0
853.643062260,0,0,1
853.643063070,0,1,1
853.643081610,0,1,0
853.643082490,0,0,0
854.176718160,1,0,0
854.184920200,0,0,0
854.185199920,0,0,1
854.185203040,0,1,1
854.185219250,0,1,0
854.185222410,0,0,0
854.718853790,1,0,0
854.726987940,0,0,0
854.727268980,0,1,0
854.727272930,0,1,1
854.727288350,0,0,1
854.727292220,0,0,0
855.260945710,1,0,0
855.269068330,0,0,0
855.269349180,0,1,0
855.269350700,0,1,1
855.269368640,0,0,1
855.269370090,0,0,0
855.803043770,1,0,0
855.811230800,0,0,0
855.811509830,0,1,0
855.811513650,0,1,1
855.811529200,0,0,1
855.811532980,0,0,0
856.345131080,1,0,0
856.353252970,0,0,0
856.353534210,0,1,0
856.353536790,0,1,1
856.353553630,0,0,1
856.353556200,0,0,0
856.887215230,1,0,0
856.895336300,0,0,0
856.895617340,0,1,0
856.895619970,0,1,1
856.895636800,0,0,1
856.895639380,0,0,0
857.429252760,1,0,0
857.437374180,0,0,0
857.437655330,0,1,0
857.437657590,0,1,1
857.437674740,0,0,1
857.437677000,0,0,0
857.971285410,1,0,0
857.979406100,0,0,0
857.979637610,0,1,0
857.979657070,0,0,0
857.979690450,0,0,1
857.979709890,0,0,0
858.513296790,1,0,0
858.521419770,0,0,0
858.521698260,0,0,1
858.521700750,0,1,1
858.521717630,0,1,0
858.521720140,0,0,0
859.055387810,1,0,0
859.063570270,0,0,0
859.063855960,0,0,1
859.063856120,0,1,1
859.063875310,0,1,0
859.063875500,0,0,0
859.597617120,1,0,0
859.605745440,0,0,0
859.606028780,0,0,1
859.606031220,0,1,1
859.606048240,0,1,0
859.606050560,0,0,0
860.139749160,1,0,0
860.147870170,0,0,0
860.148151550,0,1,0
860.148151780,0,1,1
860.148170960,0,0,1
860.148171190,0,0,0
860.681861310,1,0,0
860.690046340,0,0,0
860.690326890,0,1,0
860.690329730,0,1,1
860.690346310,0,0,1
860.690349160,0,0,0
861.223981560,1,0,0
861.232103020,0,0,0
861.232386970,0,1,0
861.232387490,0,1,1
861.232406390,0,0,1
861.232406900,0,0,0
861.765983040,1,0,0
861.774105550,0,0,0
861.774385390,0,0,1
861.774387320,0,1,1
861.774404760,0,1,0
861.774406700,0,0,0
862.308047960,1,0,0
862.316232590,0,0,0
862.316512630,0,1,0
862.316513210,0,1,1
862.316532000,0,0,1
862.316532630,0,0,0
862.850137310,1,0,0
862.858259360,0,0,0
862.858540830,0,0,1
862.858543210,0,1,1
862.858560240,0,1,0
862.858562580,0,0,0
863.392220560,1,0,0
863.400342420,0,0,0
863.400623390,0,1,0
863.400624050,0,1,1
863.400642720,0,0,1
863.400643500,0,0,0
863.934285430,1,0,0
863.942470290,0,0,0
863.942751630,0,1,0
863.942771040,0,0,0
863.942805270,0,0,1
863.942824560,0,0,0
864.476435780,1,0,0
864.484556160,0,0,0
864.484838820,0,1,0
864.484839760,0,1,1
864.484858240,0,0,1
864.484859130,0,0,0
865.018514610,1,0,0
865.026633810,0,0,0
865.026917810,0,0,1
865.026919070,0,1,1
865.026937140,0,1,0
865.026938480,0,0,0
865.560545090,1,0,0
865.568666030,0,0,0
865.568945870,0,0,1
865.568949240,0,1,1
865.568965150,0,1,0
865.568968620,0,0,0
866.102623480,1,0,0
866.110745970,0,0,0
866.111028500,0,0,1
866.111029150,0,1,1
866.111047880,0,1,0
866.111048570,0,0,0
866.644623270,1,0,0
866.652745880,0,0,0
866.653024550,0,1,0
866.653026080,0,1,1
866.653043920,0,0,1
866.653045570,0,0,0
867.186667250,1,0,0
867.194800670,0,0,0
867.195083530,0,0,1
867.195084310,0,1,1
867.195102900,0,1,0
867.195103640,0,0,0
867.728793490,1,0,0
867.736914250,0,0,0
867.737195520,0,1,0
867.737197080,0,1,1
867.737214930,0,0,1
867.737216490,0,0,0
868.270810220,1,0,0
868.278932080,0,0,0
868.279214920,0,0,1
868.279215680,0,1,1
868.279234380,0,1,0
868.279235050,0,0,0
868.812859630,1,0,0
868.820979800,0,0,0
868.821261000,0,1,0
868.821262730,0,1,1
868.821280480,0,0,1
868.821282080,0,0,0
869.354948730,1,0,0
869.363069670,0,0,0
869.363350340,0,0,1
869.363350910,0,1,1
869.363369710,0,1,0
869.363370290,0,0,0
869.896940520,1,0,0
869.905045230,0,0,0
869.905343700,0,0,1
869.905346280,0,1,1
869.905363070,0,1,0
869.905365650,0,0,0
870.438966430,1,0,0
870.447062440,0,0,0
870.447346060,0,0,1
870.447346630,0,1,1
870.447365400,0,1,0
870.447366090,0,0,0
870.980987990,1,0,0
870.989109120,0,0,0
870.989389130,0,0,1
870.989391830,0,1,1
870.989408570,0,1,0
870.989411200,0,0,0
871.523046610,1,0,0
871.531241240,0,0,0
871.531456890,0,0,1
871.531457240,0,1,1
871.531476220,0,1,0
871.531476610,0,0,0
872.065179440,1,0,0
872.073272900,0,0,0
872.073557460,0,1,0
872.073559980,0,1,1
872.073576920,0,0,1
872.073579400,0,0,0
872.607214260,1,0,0
872.615337250,0,0,0
872.615616740,0,0,1
872.615617540,0,1,1
872.615636160,0,1,0
872.615636910,0,0,0
873.149289860,1,0,0
873.157474250,0,0,0
873.157692380,0,1,0
873.157695130,0,1,1
873.157711780,0,0,1
873.157714500,0,0,0
873.691423150,1,0,0
873.699518890,0,0,0
873.699803040,0,1,0
873.699803200,0,1,1
873.699822440,0,0,1
873.699822590,0,0,0
874.233448750,1,0,0
874.241566840,0,0,0
874.241848450,0,1,0
874.241851410,0,1,1
874.241867870,0,0,1
874.241870810,0,0,0
874.775470790,1,0,0
874.783591790,0,0,0
874.783873570,0,1,0
874.783873900,0,1,1
874.783892940,0,0,1
874.783893320,0,0,0
875.317578030,1,0,0
875.325676080,0,0,0
875.325957040,0,0,1
875.325959060,0,1,1
875.325976370,0,1,0
875.325978390,0,0,0
875.859590620,1,0,0
875.867711390,0,0,0
875.867994070,0,1,0
875.868013410,0,0,0
876.401635990,1,0,0
876.409756590,0,0,0
876.410038240,0,0,1
876.410039690,0,1,1
876.410057700,0,1,0
876.410059110,0,0,0
876.943753750,1,0,0
876.951875780,0,0,0
876.952157340,0,0,1
876.952159850,0,1,1
876.952176750,0,1,0
876.952179270,0,0,0
877.485833540,1,0,0
877.493954960,0,0,0
877.494192270,0,1,0
877.494211750,0,0,0
877.494234950,0,0,1
877.494254360,0,0,0
878.027829850,1,0,0
878.035951910,0,0,0
878.036232650,0,0,1
878.036235180,0,1,1
878.036252040,0,1,0
878.036254510,0,0,0
878.569962820,1,0,0
878.578083930,0,0,0
878.578365480,0,1,0
878.578365540,0,1,1
878.578384810,0,0,1
878.578384870,0,0,0
879.112045780,1,0,0
879.120183700,0,0,0
879.120463740,0,0,1
879.120465710,0,1,1
879.120483110,0,1,0
879.120485000,0,0,0
879.654067210,1,0,0
879.662186250,0,0,0
879.662471170,0,1,0
879.662471580,0,1,1
879.662490540,0,0,1
879.662491000,0,0,0
880.196199720,1,0,0
880.204321740,0,0,0
880.204601100,0,1,0
880.204604490,0,1,1
880.204620410,0,0,1
880.204623880,0,0,0
880.738242960,1,0,0
880.746363710,0,0,0
880.746646800,0,1,0
880.746646900,0,1,1
880.746666180,0,0,1
880.746666230,0,0,0
881.280282700,1,0,0
881.288405580,0,0,0
881.288684890,0,0,1
881.288687090,0,1,1
881.288704220,0,1,0
881.288706510,0,0,0
881.822417340,1,0,0
881.830539400,0,0,0
881.830822280,0,1,0
881.830822860,0,1,1
881.830841690,0,0,1
881.830842190,0,0,0
882.364514740,1,0,0
882.372635520,0,0,0
882.372884750,0,1,0
882.372904090,0,0,0
882.372916150,0,0,1
882.372935560,0,0,0
882.906620250,1,0,0
882.914741440,0,0,0
882.915022450,0,1,0
882.915023560,0,1,1
882.915041830,0,0,1
882.915042890,0,0,0
883.448796030,1,0,0
883.456915930,0,0,0
883.457197870,0,1,0
883.457201530,0,1,1
883.457217250,0,0,1
883.457220950,0,0,0
883.990888750,1,0,0
883.999010230,0,0,0
883.999293170,0,1,0
883.999294460,0,1,1
883.999312570,0,0,1
883.999313750,0,0,0
884.532949010,1,0,0
884.541067970,0,0,0
884.541351710,0,0,1
884.541353370,0,1,1
884.541371080,0,1,0
884.541372800,0,0,0
885.075109410,1,0,0
885.083237540,0,0,0
885.083520160,0,0,1
885.083523500,0,1,1
885.083539450,0,1,0
885.083542870,0,0,0
885.617177320,1,0,0
885.625298590,0,0,0
885.625578650,0,1,0
885.625583300,0,1,1
885.625598070,0,0,1
885.625602630,0,0,0
886.159240160,1,0,0
886.167362470,0,0,0
886.167640870,0,0,1
886.167644080,0,1,1
886.167660270,0,1,0
886.167663420,0,0,0
886.701379620,1,0,0
886.709500850,0,0,0
886.709783680,0,0,1
886.709784560,0,1,1
886.709803050,0,1,0
886.709803930,0,0,0
887.243419650,1,0,0
887.251556160,0,0,0
887.251834780,0,1,0
887.251836720,0,1,1
887.251854150,0,0,1
887.251856130,0,0,0
887.785547970,1,0,0
887.793683230,0,0,0
887.793964670,0,0,1
887.793965140,0,1,1
887.793984080,0,1,0
887.793984560,0,0,0
888.327754500,1,0,0
888.335883270,0,0,0
888.336231950,0,1,0
888.336251280,0,0,0
888.869882230,1,0,0
888.878005010,0,0,0
888.878284580,0,0,1
888.878285500,0,1,1
888.878304000,0,1,0
888.878304870,0,0,0
889.412001090,1,0,0
889.420124640,0,0,0
889.420405650,0,1,0
889.420424940,0,0,0
889.420461990,0,0,1
889.420481450,0,0,0
889.954140910,1,0,0
889.962272110,0,0,0
889.962555920,0,0,1
889.962556200,0,1,1
889.962575370,0,1,0
889.962575530,0,0,0
890.496223550,1,0,0
890.504345030,0,0,0
890.504623640,0,0,1
890.504626070,0,1,1
890.504643090,0,1,0
890.504645440,0,0,0
891.038289530,1,0,0
891.046408950,0,0,0
891.046691510,0,1,0
891.046691540,0,1,1
891.046710950,0,1,0
891.046710970,0,0,0
891.580484100,1,0,0
891.588615440,0,0,0
891.588894240,0,0,1
891.588896800,0,1,1
891.588913650,0,1,0
891.588916210,0,0,0
892.122570190,1,0,0
892.130690570,0,0,0
892.130972060,0,1,0
892.130972180,0,1,1
892.130991480,0,0,1
892.130991510,0,0,0
892.664610890,1,0,0
892.672730510,0,0,0
892.673011990,0,1,0
892.673015150,0,1,1
892.673031360,0,0,1
892.673034570,0,0,0
893.206797970,1,0,0
893.214932790,0,0,0
893.215217440,0,1,0
893.215217770,0,1,1
893.215236770,0,0,1
893.215237230,0,0,0
893.748861400,1,0,0
893.756983990,0,0,0
893.757262690,0,1,0
893.757265470,0,1,1
893.757282060,0,0,1
893.757284880,0,0,0
894.290935740,1,0,0
894.299055720,0,0,0
894.299337820,0,1,0
894.299338750,0,1,1
894.299357200,0,0,1
894.299358210,0,0,0
894.833063750,1,0,0
894.841183250,0,0,0
894.841466850,0,0,1
894.841468420,0,1,1
894.841486260,0,1,0
894.841487880,0,0,0
895.375153560,1,0,0
895.383275880,0,0,0
895.383558810,0,1,0
895.383559400,0,1,1
895.383578230,0,0,1
895.383578790,0,0,0
895.917204780,1,0,0
895.925326260,0,0,0
895.925605720,0,0,1
895.925608950,0,1,1
895.925625140,0,1,0
895.925628280,0,0,0
896.459397450,1,0,0
896.467518190,0,0,0
896.467799110,0,1,0
896.467800340,0,1,1
896.467818570,0,0,1
896.467819750,0,0,0
897.001503690,1,0,0
897.009624040,0,0,0
897.009904620,0,1,0
897.009908040,0,1,1
897.009923990,0,0,1
897.009927410,0,0,0
897.543566000,1,0,0
897.551685570,0,0,0
897.551969660,0,1,0
897.551971280,0,1,1
897.551988950,0,0,1
897.551990730,0,0,0
898.085688550,1,0,0
898.093809860,0,0,0
898.094092810,0,0,1
898.094094990,0,1,1
898.094112220,0,1,0
898.094114320,0,0,0
898.627731720,1,0,0
898.635852850,0,0,0
898.636135140,0,1,0
898.636136610,0,1,1
898.636154560,0,0,1
898.636156030,0,0,0
899.169744890,1,0,0
899.177868120,0,0,0
899.178149660,0,0,1
899.178150500,0,1,1
899.178169040,0,1,0
899.178169890,0,0,0
899.711849280,1,0,0
899.719970060,0,0,0
899.720251190,0,0,1
899.720255960,0,1,1
899.720270570,0,1,0
899.720275340,0,0,0
900.253959800,1,0,0
900.262085560,0,0,0
900.262370520,0,0,1
900.262370540,0,1,1
900.262389910,0,1,0
900.262389990,0,0,0
900.796061890,1,0,0
900.804182210,0,0,0
900.804463290,0,0,1
900.804466360,0,1,1
900.804482620,0,1,0
900.804485810,0,0,0
901.338171230,1,0,0
901.346292110,0,0,0
901.346576570,0,1,0
901.346595860,0,0,0
901.880262230,1,0,0
901.888384760,0,0,0
901.888665290,0,0,1
901.888666640,0,1,1
901.888684660,0,1,0
901.888686060,0,0,0
902.422311090,1,0,0
902.430431390,0,0,0
902.430711940,0,1,0
902.430713360,0,1,1
902.430731270,0,0,1
902.430732780,0,0,0
902.964432080,1,0,0
902.972554500,0,0,0
902.972836060,0,0,1
902.972836990,0,1,1
902.972855450,0,1,0
902.972856370,0,0,0
903.506515680,1,0,0
903.514636460,0,0,0
903.514917290,0,1,0
903.514919040,0,1,1
903.514936700,0,0,1
903.514938460,0,0,0
904.048557230,1,0,0
904.056680130,0,0,0
904.056961300,0,0,1
904.056962810,0,1,1
904.056980670,0,1,0
904.056982210,0,0,0
904.590688230,1,0,0
904.598809900,0,0,0
904.599093210,0,1,0
904.599094700,0,1,1
904.599112590,0,0,1
904.599114040,0,0,0
905.132810610,1,0,0
905.140929990,0,0,0
905.141212550,0,0,1
905.141213490,0,1,1
905.141231880,0,1,0
905.141232930,0,0,0
905.674877950,1,0,0
905.683000440,0,0,0
905.683280520,0,0,1
905.683283350,0,1,1
905.683299890,0,1,0
905.683302680,0,0,0
906.216989410,1,0,0
906.225108820,0,0,0
906.225393110,0,0,1
906.225393600,0,1,1
906.225412520,0,1,0
906.225413040,0,0,0
906.759106520,1,0,0
906.767236960,0,0,0
906.767518770,0,1,0
906.767521720,0,1,1
906.767538130,0,0,1
906.767541170,0,0,0
907.301203480,1,0,0
907.309325900,0,0,0
907.309609000,0,0,1
907.309609140,0,1,1
907.309628410,0,1,0
907.309628440,0,0,0
907.843373650,1,0,0
907.851503840,0,0,0
907.851784310,0,1,0
907.851786690,0,1,1
907.851803680,0,0,1
907.851806140,0,0,0
908.385483150,1,0,0
908.393606900,0,0,0
908.393889780,0,0,1
908.393890020,0,1,1
908.393909150,0,1,0
908.393909440,0,0,0
908.927530630,1,0,0
908.935650440,0,0,0
908.935932930,0,0,1
908.935952380,0,0,0
908.935952950,0,1,0
908.935972320,0,0,0
909.469677940,1,0,0
909.477799260,0,0,0
909.478080320,0,1,0
909.478080490,0,1,1
909.478099650,0,0,1
909.478099910,0,0,0
910.011780460,1,0,0
910.019903740,0,0,0
910.020183350,0,0,1
910.020185420,0,1,1
910.020202740,0,1,0
910.020204840,0,0,0
910.553779610,1,0,0
910.561901990,0,0,0
910.562181390,0,0,1
910.562185650,0,1,1
910.562200760,0,1,0
910.562204980,0,0,0
911.095892520,1,0,0
911.104029090,0,0,0
911.104309100,0,0,1
911.104311090,0,1,1
911.104328390,0,1,0
911.104330460,0,0,0
911.638000440,1,0,0
911.646122150,0,0,0
911.646406380,0,1,0
911.646406930,0,1,1
911.646425670,0,0,1
911.646426410,0,0,0
912.180058920,1,0,0
912.188180240,0,0,0
912.188461680,0,1,0
912.188464660,0,1,1
912.188481070,0,0,1
912.188484080,0,0,0
912.722210900,1,0,0
912.730329820,0,0,0
912.730611930,0,1,0
912.730612550,0,1,1
912.730631300,0,0,1
912.730631930,0,0,0
913.264259460,1,0,0
913.272387630,0,0,0
913.272670590,0,0,1
913.272672160,0,1,1
913.272690010,0,1,0
913.272691560,0,0,0
913.806271480,1,0,0
913.814392450,0,0,0
913.814673360,0,0,1
913.814677320,0,1,1
913.814692780,0,1,0
913.814696700,0,0,0
914.348372150,1,0,0
914.356493150,0,0,0
914.356775950,0,0,1
914.356777510,0,1,1
914.356795360,0,1,0
914.356796880,0,0,0
914.890387130,1,0,0
914.898510010,0,0,0
914.898792260,0,1,0
914.898794090,0,1,1
914.898811590,0,0,1
914.898813460,0,0,0
915.432463900,1,0,0
915.440585260,0,0,0
915.440866940,0,0,1
915.440868170,0,1,1
915.440886250,0,1,0
915.440887620,0,0,0
915.974561600,1,0,0
915.982683980,0,0,0
915.982959370,0,0,1
915.982963390,0,1,1
915.982978750,0,1,0
915.982982800,0,0,0
916.516659580,1,0,0
916.524782190,0,0,0
916.525062290,0,0,1
916.525063430,0,1,1
916.525081700,0,1,0
916.525082760,0,0,0
917.058674700,1,0,0
917.066797480,0,0,0
917.067077860,0,1,0
917.067080700,0,1,1
917.067097250,0,0,1
917.067100180,0,0,0
917.600808180,1,0,0
917.608926850,0,0,0
917.609207740,0,0,1
917.609209170,0,1,1
917.609227130,0,1,0
917.609228590,0,0,0
918.142893030,1,0,0
918.151016050,0,0,0
918.151295920,0,0,1
918.151299250,0,1,1
918.151315330,0,1,0
918.151318540,0,0,0
918.684942730,1,0,0
918.693062110,0,0,0
918.693343830,0,0,1
918.693344450,0,1,1
918.693363290,0,1,0
918.693363820,0,0,0
919.227059870,1,0,0
919.235182250,0,0,0
919.235461780,0,0,1
919.235464350,0,1,1
919.235481240,0,1,0
919.235483810,0,0,0
919.769139240,1,0,0
919.777261700,0,0,0
919.777544740,0,0,1
919.777564070,0,0,0
919.777603700,0,1,0
919.777623040,0,0,0
920.311210650,1,0,0
920.319346010,0,0,0
920.319629260,0,1,0
920.319632360,0,1,1
920.319648650,0,0,1
920.319651810,0,0,0
920.853369130,1,0,0
920.861498070,0,0,0
920.861780310,0,1,1
920.861799640,0,1,0
920.861799690,0,0,0
921.395448520,1,0,0
921.403570380,0,0,0
921.403853090,0,0,1
921.403855730,0,1,1
921.403872550,0,1,0
921.403875190,0,0,0
921.937553800,1,0,0
921.945674470,0,0,0
921.945955950,0,1,0
921.945956250,0,1,1
921.945975320,0,0,1
921.945975580,0,0,0
922.479728780,1,0,0
922.487849760,0,0,0
922.488131040,0,1,0
922.488134000,0,1,1
922.488150420,0,0,1
922.488153330,0,0,0
923.021825810,1,0,0
923.029946420,0,0,0
923.030226420,0,1,0
923.030226800,0,1,1
923.030245750,0,0,1
923.030246130,0,0,0
923.563824500,1,0,0
923.571944750,0,0,0
923.572224650,0,0,1
923.572226730,0,1,1
923.572244110,0,1,0
923.572246150,0,0,0
924.105968580,1,0,0
924.114089390,0,0,0
924.114371740,0,1,0
924.114372480,0,1,1
924.114391110,0,0,1
924.114391810,0,0,0
924.648051410,1,0,0
924.656172410,0,0,0
924.656455520,0,0,1
924.656457160,0,1,1
924.656474970,0,1,0
924.656476540,0,0,0
925.190084650,1,0,0
925.198204320,0,0,0
925.198487190,0,1,0
925.198488160,0,1,1
925.198506520,0,0,1
925.198507580,0,0,0
925.732179350,1,0,0
925.740300440,0,0,0
925.740580780,0,0,1
925.740582260,0,1,1
925.740600170,0,1,0
925.740601720,0,0,0
926.274208330,1,0,0
926.282330630,0,0,0
926.282612470,0,1,0
926.282613960,0,1,1
926.282631810,0,0,1
926.282633340,0,0,0
926.816209620,1,0,0
926.824337390,0,0,0
926.824621600,0,0,1
926.824622980,0,1,1
926.824641000,0,1,0
926.824642310,0,0,0
927.358342680,1,0,0
927.366464510,0,0,0
927.366743340,0,1,0
927.366744140,0,1,1
927.366762680,0,0,1
927.366763560,0,0,0
927.900461300,1,0,0
927.908583130,0,0,0
927.908867320,0,0,1
927.908868450,0,1,1
927.908886780,0,1,0
927.908887790,0,0,0
928.442531350,1,0,0
928.450658730,0,0,0
928.450940170,0,0,1
928.450944060,0,1,1
928.450959550,0,1,0
928.450963390,0,0,0
928.984680640,1,0,0
928.992800810,0,0,0
928.993082940,0,0,1
928.993083820,0,1,1
928.993102270,0,1,0
928.993103260,0,0,0
929.526743170,1,0,0
929.534867090,0,0,0
929.535145950,0,0,1
929.535149180,0,1,1
929.535165330,0,1,0
929.535168550,0,0,0
930.068766850,1,0,0
930.076887840,0,0,0
930.077168590,0,0,1
930.077169430,0,1,1
930.077188010,0,1,0
930.077188900,0,0,0
930.610916700,1,0,0
930.619036890,0,0,0
930.619316960,0,0,1
930.619319660,0,1,1
930.619336330,0,1,0
930.619339090,0,0,0
931.153046850,1,0,0
931.161169380,0,0,0
931.161449830,0,1,0
931.161454660,0,1,1
931.161469260,0,0,1
931.161474080,0,0,0
931.695131280,1,0,0
931.703253680,0,0,0
931.703532720,0,0,1
931.703535120,0,1,1
931.703552130,0,1,0
931.703554450,0,0,0
932.237297080,1,0,0
932.245417050,0,0,0
932.245700030,0,0,1
932.245700110,0,1,1
932.245719440,0,1,0
932.245719490,0,0,0
932.779340360,1,0,0
932.787461470,0,0,0
932.787742960,0,0,1
932.787745550,0,1,1
932.787762390,0,1,0
932.787764920,0,0,0
933.321423190,1,0,0
933.329545280,0,0,0
933.329825810,0,1,0
933.329825890,0,1,1
933.329845180,0,0,1
933.329845220,0,0,0
933.863553910,1,0,0
933.871673580,0,0,0
933.871953760,0,0,1
933.871956050,0,1,1
933.871973180,0,1,0
933.871975470,0,0,0
934.405604860,1,0,0
934.413725610,0,0,0
934.414006400,0,1,0
934.414006720,0,1,1
934.414025780,0,0,1
934.414026050,0,0,0
934.947716240,1,0,0
934.955846430,0,0,0
934.956126340,0,1,0
934.956129400,0,1,1
934.956145670,0,0,1
934.956148690,0,0,0
935.489909710,1,0,0
935.498031970,0,0,0
935.498312170,0,0,1
935.498331590,0,0,0
935.498370300,0,1,0
935.498389630,0,0,0
936.032021910,1,0,0
936.040143100,0,0,0
936.040425400,0,0,1
936.040426710,0,1,1
936.040444850,0,1,0
936.040446050,0,0,0
936.574168900,1,0,0
936.582290510,0,0,0
936.582572130,0,1,0
936.582572940,0,1,1
936.582591540,0,0,1
936.582592230,0,0,0
937.116346620,1,0,0
937.124464730,0,0,0
937.124747610,0,1,0
937.124767030,0,0,0
937.124817850,0,0,1
937.124837280,0,0,0
937.658485820,1,0,0
937.666607260,0,0,0
937.666892690,0,1,0
937.666893450,0,1,1
937.666912150,0,0,1
937.666912820,0,0,0
938.200611030,1,0,0
938.208733500,0,0,0
938.209012790,0,1,0
938.209016430,0,1,1
938.209032250,0,0,1
938.209035800,0,0,0
938.742775230,1,0,0
938.750896010,0,0,0
938.751178120,0,1,0
938.751179510,0,1,1
938.751197580,0,0,1
938.751198920,0,0,0
939.285018260,1,0,0
939.293140580,0,0,0
939.293422270,0,0,1
939.293423290,0,1,1
939.293441560,0,1,0
939.293442700,0,0,0
939.827075120,1,0,0
939.835195280,0,0,0
939.835474960,0,0,1
939.835478140,0,1,1
939.835494330,0,1,0
939.835497470,0,0,0
940.369184470,1,0,0
940.377306100,0,0,0
940.377588000,0,0,1
940.377588720,0,1,1
940.377607330,0,1,0
940.377608100,0,0,0
940.911280440,1,0,0
940.919404110,0,0,0
940.919683950,0,1,0
940.919685930,0,1,1
940.919703280,0,0,1
940.919705330,0,0,0
941.453348510,1,0,0
941.461469820,0,0,0
941.461753890,0,0,1
941.461753910,0,1,1
941.461773290,0,0,1
941.461773370,0,0,0
941.995558790,1,0,0
942.003681770,0,0,0
942.003961660,0,0,1
942.003964540,0,1,1
942.003981030,0,1,0
942.003983950,0,0,0
942.537696790,1,0,0
942.545819720,0,0,0
942.546104280,0,1,0
942.546104410,0,1,1
942.546123660,0,0,1
942.546123740,0,0,0
943.079853300,1,0,0
943.087975850,0,0,0
943.088254710,0,1,0
943.088257190,0,1,1
943.088274080,0,0,1
943.088276640,0,0,0
943.622052370,1,0,0
943.630173040,0,0,0
943.630454880,0,1,0
943.630455250,0,1,1
943.630474270,0,0,1
943.630474580,0,0,0
944.164152350,1,0,0
944.172275190,0,0,0
944.172555060,0,1,0
944.172558110,0,1,1
944.172574480,0,0,1
944.172577400,0,0,0
944.706161300,1,0,0
944.714280840,0,0,0
944.714560390,0,1,0
944.714565900,0,1,1
944.714579770,0,0,1
944.714585340,0,0,0
945.248280900,1,0,0
945.256402380,0,0,0
945.256683780,0,0,1
945.256685850,0,1,1
945.256703170,0,1,0
945.256705270,0,0,0
945.790424130,1,0,0
945.798547450,0,0,0
945.798826090,0,0,1
945.798831030,0,1,1
945.798845500,0,1,0
945.798850490,0,0,0
946.332502760,1,0,0
946.340624560,0,0,0
946.340904360,0,0,1
946.340905910,0,1,1
946.340923730,0,1,0
946.340925280,0,0,0
946.874708540,1,0,0
946.882829350,0,0,0
946.883111070,0,1,0
946.883130400,0,0,0
947.416915950,1,0,0
947.425033360,0,0,0
947.425316650,0,1,0
947.425319490,0,1,1
947.425338900,0,1,0
947.425402440,0,0,0
947.959018310,1,0,0
947.967136360,0,0,0
947.967417720,0,0,1
947.967421740,0,1,1
947.967437090,0,1,0
947.967441080,0,0,0
948.501146710,1,0,0
948.509268320,0,0,0
949.043287800,1,0,0
949.051408720,0,0,0
949.051691540,0,1,0
949.051692460,0,1,1
949.051710910,0,0,1
949.051711830,0,0,0
949.585383160,1,0,0
949.593505450,0,0,0
949.593786060,0,0,1
949.593787200,0,1,1
949.593805540,0,1,0
949.593806660,0,0,0
950.127528490,1,0,0
950.135650040,0,0,0
950.135932570,0,1,0
950.135933880,0,1,1
950.135952020,0,0,1
950.135953250,0,0,0
950.669666390,1,0,0
950.677786180,0,0,0
950.678066940,0,0,1
950.678067540,0,1,1
950.678086360,0,1,0
950.678086960,0,0,0
951.211723100,1,0,0
951.219850870,0,0,0
951.220133060,0,1,0
951.220134840,0,1,1
951.220152430,0,0,1
951.220154210,0,0,0
951.753817020,1,0,0
951.761938930,0,0,0
951.762217950,0,1,0
951.762222850,0,1,1
951.762237280,0,0,1
951.762242300,0,0,0
952.295939950,1,0,0
952.304060350,0,0,0
952.304343060,0,1,0
952.304345370,0,1,1
952.304362420,0,0,1
952.304364830,0,0,0
952.837976450,1,0,0
952.846097830,0,0,0
952.846378250,0,0,1
952.846378660,0,1,1
952.846397580,0,1,0
952.846398010,0,0,0
953.380128030,1,0,0
953.388248350,0,0,0
953.388530940,0,0,1
953.388533700,0,1,1
953.388550350,0,1,0
953.388553090,0,0,0
953.922250110,1,0,0
953.930370160,0,0,0
953.930653840,0,0,1
953.930654420,0,1,1
953.930673770,0,0,1
953.930740480,0,0,0
954.464245380,1,0,0
954.472366640,0,0,0
954.472646820,0,0,1
954.472649370,0,1,1
954.472666270,0,1,0
954.472668660,0,0,0
955.006380460,1,0,0
955.014497200,0,0,0
955.014779490,0,1,0
955.014779500,0,1,1
955.014798870,0,0,1
955.014798880,0,0,0
955.548582830,1,0,0
955.556711920,0,0,0
955.556994310,0,1,0
955.557013720,0,0,0
955.557037840,0,0,1
955.557057210,0,0,0
956.090614430,1,0,0
956.098735720,0,0,0
956.099020060,0,1,0
956.099020340,0,1,1
956.099039470,0,0,1
956.099039670,0,0,0
956.632729420,1,0,0
956.640849280,0,0,0
956.641128550,0,0,1
956.641130160,0,1,1
956.641147880,0,1,0
956.641149570,0,0,0
957.174860400,1,0,0
957.182982250,0,0,0
957.183265340,0,1,0
957.183266340,0,1,1
957.183284780,0,0,1
957.183285670,0,0,0
957.716892520,1,0,0
957.725013650,0,0,0
957.725293850,0,0,1
957.725295530,0,1,1
957.725313180,0,1,0
957.725314860,0,0,0
958.259041140,1,0,0
958.267161120,0,0,0
958.267441680,0,0,1
958.267461080,0,0,0
958.267513020,0,1,0
958.267532480,0,0,0
958.801185710,1,0,0
958.809304990,0,0,0
958.809586180,0,1,0
958.809589600,0,1,1
958.809605510,0,0,1
958.809608970,0,0,0
959.343222750,1,0,0
959.351344090,0,0,0
959.351625950,0,1,0
959.351627360,0,1,1
959.351645390,0,0,1
959.351646780,0,0,0
959.885348790,1,0,0
959.893468850,0,0,0
959.893750520,0,0,1
959.893751250,0,1,1
959.893769880,0,1,0
959.893770630,0,0,0
960.427479990,1,0,0
960.435602760,0,0,0
960.435881580,0,1,0
960.435883580,0,1,1
960.435901040,0,0,1
960.435903060,0,0,0
960.969549480,1,0,0
960.977668840,0,0,0
960.977950800,0,0,1
960.977952070,0,1,1
960.977970180,0,1,0
960.977971490,0,0,0
961.511719390,1,0,0
961.519848980,0,0,0
961.520132140,0,1,0
961.520151560,0,0,0
962.053904570,1,0,0
962.062024520,0,0,0
962.062306310,0,0,1
962.062307410,0,1,1
962.062325640,0,1,0
962.062326780,0,0,0
962.595937460,1,0,0
962.604058160,0,0,0
962.604339380,0,0,1
962.604342180,0,1,1
962.604358840,0,1,0
962.604361540,0,0,0
963.138057640,1,0,0
963.146178770,0,0,0
963.146462040,0,0,1
963.146462770,0,1,1
963.146481450,0,1,0
963.146482220,0,0,0
963.680111550,1,0,0
963.688298660,0,0,0
963.688577750,0,1,0
963.688580170,0,1,1
963.688597090,0,0,1
963.688599580,0,0,0
964.222266630,1,0,0
964.230387840,0,0,0
964.230668280,0,1,0
964.230673070,0,1,1
964.230687650,0,0,1
964.230692510,0,0,0
964.764415850,1,0,0
964.772537000,0,0,0
964.772818380,0,1,0
964.772820910,0,1,1
964.772837750,0,0,1
964.772840280,0,0,0
965.306515680,1,0,0
965.314700660,0,0,0
965.314983550,0,1,0
965.314983800,0,1,1
965.315002890,0,0,1
965.315003130,0,0,0
965.848705550,1,0,0
965.856825050,0,0,0
965.857106550,0,0,1
965.857108830,0,1,1
965.857125890,0,1,0
965.857128200,0,0,0
966.390865350,1,0,0
966.398993920,0,0,0
966.399279250,0,0,1
966.399279350,0,1,1
966.399298730,0,0,1
966.399298750,0,0,0
966.933044020,1,0,0
966.941166520,0,0,0
966.941447220,0,0,1
966.941449090,0,1,1
966.941466590,0,1,0
966.941468420,0,0,0
967.475123360,1,0,0
967.483243320,0,0,0
967.483525100,0,0,1
967.483529460,0,1,1
967.483544470,0,1,0
967.483548870,0,0,0
968.017247730,1,0,0
968.025375610,0,0,0
968.025658010,0,0,1
968.025659650,0,1,1
968.025677510,0,1,0
968.025678980,0,0,0
968.559310290,1,0,0
968.567432460,0,0,0
968.567714790,0,1,0
968.567715600,0,1,1
968.567734200,0,0,1
968.567734930,0,0,0
969.101268050,1,0,0
969.109387330,0,0,0
969.109670000,0,1,0
969.109673510,0,1,1
969.109689420,0,0,1
969.109692840,0,0,0
969.643374940,1,0,0
969.651497380,0,0,0
969.651780090,0,1,0
969.651781610,0,1,1
969.651799460,0,0,1
969.651801000,0,0,0
970.185429710,1,0,0
970.193552520,0,0,0
970.193834450,0,0,1
970.193835660,0,1,1
970.193853860,0,1,0
970.193855050,0,0,0
970.727442780,1,0,0
970.735564240,0,0,0
970.735845500,0,1,0
970.735847060,0,1,1
970.735864920,0,0,1
970.735866440,0,0,0
970.801807360,0,0,0
