event,T0_tx_rise_s,T1_rx1_rise_s,T2_rx2_rise_s,T1-T0_us,T2-T0_us,T2-T1_us,status
1,0.403219060,0.411625180,0.411625800,8406.120,8406.740,0.620,ok
2,0.945347830,0.953761430,0.953759820,8413.600,8411.990,1.610,ok
3,1.487424600,1.495828100,1.495828270,8403.500,8403.670,0.170,ok
4,2.029437260,2.037839350,2.037839720,8402.090,8402.460,0.370,ok
5,2.571577800,,,,,,missing_rx1_rx2
6,3.113677930,3.122076590,3.122079820,8398.660,8401.890,3.230,ok
7,3.655703880,3.664108380,3.664109380,8404.500,8405.500,1.000,ok
8,4.197798850,4.206204750,4.206203170,8405.900,8404.320,1.580,ok
9,4.739848810,4.748251070,4.748246990,8402.260,8398.180,4.080,ok
10,5.281884180,5.290287210,5.290291120,8403.030,8406.940,3.910,ok
11,5.823952500,5.832363910,5.832365020,8411.410,8412.520,1.110,ok
12,6.366006830,6.374409810,6.374408830,8402.980,8402.000,0.980,ok
13,6.908004430,6.916406390,6.916408210,8401.960,8403.780,1.820,ok
14,7.450103050,7.458522660,7.458525790,8419.610,8422.740,3.130,ok
15,7.992144980,8.000548860,8.000550280,8403.880,8405.300,1.420,ok
16,8.534191870,8.542594930,8.542594270,8403.060,8402.400,0.660,ok
17,9.076267970,9.084646580,9.084648350,8378.610,8380.380,1.770,ok
18,9.618300070,9.626702840,9.626701860,8402.770,8401.790,0.980,ok
19,10.160298030,10.168689210,10.168700700,8391.180,8402.670,11.490,ok
20,10.702402180,10.710805530,10.710804790,8403.350,8402.610,0.740,ok
21,11.244449020,11.252851880,11.252852990,8402.860,8403.970,1.110,ok
22,11.786494280,11.794897680,11.794897100,8403.400,8402.820,0.580,ok
23,12.328557720,12.336969080,12.336970940,8411.360,8413.220,1.860,ok
24,12.870597150,12.879000120,12.878999600,8402.970,8402.450,0.520,ok
25,13.412574290,13.420976510,13.420978450,8402.220,8404.160,1.940,ok
26,13.954682090,13.963087730,13.963087570,8405.640,8405.480,0.160,ok
27,14.496754300,14.505159310,14.505156340,8405.010,8402.040,2.970,ok
28,15.038858670,15.047265380,15.047264990,8406.710,8406.320,0.390,ok
29,15.580985060,15.589396450,15.589465050,8411.390,8479.990,68.600,ok
30,16.123022670,16.131485970,16.131427690,8463.300,8405.020,58.280,ok
31,16.665028800,16.673434030,16.673431030,8405.230,8402.230,3.000,ok
32,17.207148080,17.215550260,17.215550330,8402.180,8402.250,0.070,ok
33,17.749160030,17.757566460,17.757564110,8406.430,8404.080,2.350,ok
34,18.291261500,18.299667570,18.299667750,8406.070,8406.250,0.180,ok
35,18.833418310,18.841828990,,8410.680,,,missing_rx2
36,19.375552500,19.383954980,19.383954830,8402.480,8402.330,0.150,ok
37,19.917622760,19.926026290,19.926028920,8403.530,8406.160,2.630,ok
38,20.459743440,20.468147430,20.468147680,8403.990,8404.240,0.250,ok
39,21.001786050,,,,,,missing_rx1_rx2
40,21.543843390,21.552244380,21.552244810,8400.990,8401.420,0.430,ok
41,22.085938740,22.094350970,22.094348580,8412.230,8409.840,2.390,ok
42,22.628030500,22.636431810,22.636432570,8401.310,8402.070,0.760,ok
43,23.170077950,23.178478300,23.178481380,8400.350,8403.430,3.080,ok
44,23.712218720,23.720628920,23.720629830,8410.200,8411.110,0.910,ok
45,24.254292260,24.262695410,24.262698820,8403.150,8406.560,3.410,ok
46,24.796353490,24.804756510,24.804752470,8403.020,8398.980,4.040,ok
47,25.338475780,25.346887750,25.346891010,8411.970,8415.230,3.260,ok
48,25.880505610,25.888909120,25.888904680,8403.510,8399.070,4.440,ok
49,26.422533990,26.430940110,26.430938770,8406.120,8404.780,1.340,ok
50,26.964647670,26.973119460,26.973062370,8471.790,8414.700,57.090,ok
51,27.506706780,27.515112440,27.515111050,8405.660,8404.270,1.390,ok
52,28.048771570,28.057173600,28.057174850,8402.030,8403.280,1.250,ok
53,28.590910580,28.599309700,28.599313620,8399.120,8403.040,3.920,ok
54,29.132909990,29.141315950,29.141312340,8405.960,8402.350,3.610,ok
55,29.674917300,29.683316980,29.683321050,8399.680,8403.750,4.070,ok
56,30.216977710,30.225383070,30.225379750,8405.360,8402.040,3.320,ok
57,30.758984620,30.767389280,30.767388480,8404.660,8403.860,0.800,ok
58,31.300981990,31.309385270,31.309387220,8403.280,8405.230,1.950,ok
59,31.843059830,31.851544450,31.851485790,8484.620,8425.960,58.660,ok
60,32.385075500,32.393477660,32.393479620,8402.160,8404.120,1.960,ok
61,32.927144490,32.935553890,32.935558330,8409.400,8413.840,4.440,ok
62,33.469259320,33.477609700,33.477607150,8350.380,8347.830,2.550,ok
63,34.011223530,34.019626130,34.019625560,8402.600,8402.030,0.570,ok
64,34.553260820,34.561667330,34.561663980,8406.510,8403.160,3.350,ok
65,35.095461370,35.103863180,35.103862990,8401.810,8401.620,0.190,ok
66,35.637572720,35.645974320,35.645977070,8401.600,8404.350,2.750,ok
67,36.179659310,36.188060380,36.188060000,8401.070,8400.690,0.380,ok
68,36.721842160,36.730261650,36.730259100,8419.490,8416.940,2.550,ok
69,37.263911750,37.272312770,37.272312770,8401.020,8401.020,0.000,ok
70,37.805977490,37.814379240,37.814381510,8401.750,8404.020,2.270,ok
71,38.348059490,38.356464960,38.356465230,8405.470,8405.740,0.270,ok
72,38.890125910,38.898530620,38.898529020,8404.710,8403.110,1.600,ok
73,39.432219540,39.440632230,39.440632380,8412.690,8412.840,0.150,ok
74,39.974318420,39.982738130,39.982736340,8419.710,8417.920,1.790,ok
75,40.516369690,40.524774310,40.524775110,8404.620,8405.420,0.800,ok
76,41.058404300,41.066810050,41.066808540,8405.750,8404.240,1.510,ok
77,41.600513630,41.608916740,41.608917270,8403.110,8403.640,0.530,ok
78,42.142613290,42.151017750,42.151015940,8404.460,8402.650,1.810,ok
79,42.684607470,42.693013830,42.693009540,8406.360,8402.070,4.290,ok
80,43.226705930,43.235109880,43.235108260,8403.950,8402.330,1.620,ok
81,43.768758860,43.777161270,43.777162190,8402.410,8403.330,0.920,ok
82,44.310781560,44.319187240,44.319185820,8405.680,8404.260,1.420,ok
83,44.852890090,44.861303360,44.861304270,8413.270,8414.180,0.910,ok
84,45.394919120,45.403324580,45.403323060,8405.460,8403.940,1.520,ok
85,45.936933210,45.945334980,45.945336750,8401.770,8403.540,1.770,ok
86,46.479070490,46.487481930,46.487480460,8411.440,8409.970,1.470,ok
87,47.021148540,47.029552890,47.029554290,8404.350,8405.750,1.400,ok
88,47.563207960,47.571613990,47.571612580,8406.030,8404.620,1.410,ok
89,48.105330790,48.113680100,48.113681660,8349.310,8350.870,1.560,ok
90,48.647353500,48.655756100,48.655755270,8402.600,8401.770,0.830,ok
91,49.189407120,49.197812190,49.197808860,8405.070,8401.740,3.330,ok
92,49.731549500,49.739968540,49.739972450,8419.040,8422.950,3.910,ok
93,50.273573950,,50.281976130,,8402.180,,missing_rx1
94,50.815562990,50.823966890,,8403.900,,,missing_rx2
95,51.357680230,51.366083240,51.366083030,8403.010,8402.800,0.210,ok
96,51.899737640,51.908139430,51.908141720,8401.790,8404.080,2.290,ok
97,52.441754670,52.450160550,52.450160570,8405.880,8405.900,0.020,ok
98,52.983840580,52.992251200,52.992254240,8410.620,8413.660,3.040,ok
99,53.525865280,53.534267140,53.534268050,8401.860,8402.770,0.910,ok
100,54.067885780,54.076288630,54.076291300,8402.850,8405.520,2.670,ok
101,54.610015290,54.618424850,54.618405080,8409.560,8389.790,19.770,ok
102,55.152108570,55.160510880,55.160513640,8402.310,8405.070,2.760,ok
103,55.694117510,55.702522150,55.702522150,8404.640,8404.640,0.000,ok
104,56.236250910,56.244653150,56.244627040,8402.240,8376.130,26.110,ok
105,56.778331730,56.786734290,56.786734780,8402.560,8403.050,0.490,ok
106,57.320393200,57.328761380,57.328798310,8368.180,8405.110,36.930,ok
107,57.862495680,57.870876060,57.870943340,8380.380,8447.660,67.280,ok
108,58.404591620,58.413002540,58.413005620,8410.920,8414.000,3.080,ok
109,58.946659670,58.955063330,58.955064640,8403.660,8404.970,1.310,ok
110,59.488788630,59.497169350,59.497234110,8380.720,8445.480,64.760,ok
111,60.030773720,60.039175660,60.039176470,8401.940,8402.750,0.810,ok
112,60.572887110,60.581296910,60.581294590,8409.800,8407.480,2.320,ok
113,61.115071120,61.123482560,61.123483520,8411.440,8412.400,0.960,ok
114,61.657166300,61.665568530,61.665572270,8402.230,8405.970,3.740,ok
115,62.199209000,62.207629780,62.207625860,8420.780,8416.860,3.920,ok
116,62.741337170,62.749751190,62.749749540,8414.020,8412.370,1.650,ok
117,63.283431700,63.291836960,63.291832940,8405.260,8401.240,4.020,ok
118,63.825504780,63.833908190,63.833906800,8403.410,8402.020,1.390,ok
119,64.367642290,64.376049220,64.376050630,8406.930,8408.340,1.410,ok
120,64.909729390,64.918130350,64.918129150,8400.960,8399.760,1.200,ok
121,65.451740500,65.460141550,65.460142160,8401.050,8401.660,0.610,ok
122,65.993856480,66.002262680,66.002261430,8406.200,8404.950,1.250,ok
123,66.535874850,66.544278160,66.544279550,8403.310,8404.700,1.390,ok
124,67.077941390,67.086344500,67.086343460,8403.110,8402.070,1.040,ok
125,67.620098510,67.628562620,67.628516870,8464.110,8418.360,45.750,ok
126,68.162161770,68.170566790,68.170565650,8405.020,8403.880,1.140,ok
127,68.704166910,68.712572780,68.712569450,8405.870,8402.540,3.330,ok
128,69.246325320,69.254728670,69.254728000,8403.350,8402.680,0.670,ok
129,69.788438670,69.796839610,69.796841660,8400.940,8402.990,2.050,ok
130,70.330590200,70.339000940,70.339005160,8410.740,8414.960,4.220,ok
131,70.872766360,70.881146810,70.881149020,8380.450,8382.660,2.210,ok
132,71.414832510,71.423237680,71.423237240,8405.170,8404.730,0.440,ok
133,71.956885210,71.965289010,71.965291100,8403.800,8405.890,2.090,ok
134,72.499006610,72.507415060,72.507414680,8408.450,8408.070,0.380,ok
135,73.041059290,73.049471150,73.049468060,8411.860,8408.770,3.090,ok
136,73.583074250,73.591477120,73.591476410,8402.870,8402.160,0.710,ok
137,74.125141260,74.133614930,74.133550260,8473.670,8409.000,64.670,ok
138,74.667169550,74.675569160,74.675573860,8399.610,8404.310,4.700,ok
139,75.209214180,75.217625750,75.217622540,8411.570,8408.360,3.210,ok
140,75.751273970,75.759686440,75.759686120,8412.470,8412.150,0.320,ok
141,76.293289390,76.301692510,76.301694980,8403.120,8405.590,2.470,ok
142,76.835232770,76.843638460,76.843638520,8405.690,8405.750,0.060,ok
143,77.377299520,77.385704520,77.385759690,8405.000,8460.170,55.170,ok
144,77.919336470,77.927750540,77.927750280,8414.070,8413.810,0.260,ok
145,78.461365300,78.469781480,78.469779330,8416.180,8414.030,2.150,ok
146,79.003438670,79.011817450,79.011817730,8378.780,8379.060,0.280,ok
147,79.545401080,79.553803910,79.553806230,8402.830,8405.150,2.320,ok
148,80.087382390,80.095784410,80.095785110,8402.020,8402.720,0.700,ok
149,80.629462080,80.637876010,80.637872450,8413.930,8410.370,3.560,ok
150,81.171455430,81.179857050,81.179857080,8401.620,8401.650,0.030,ok
151,81.713487190,81.721887890,81.721885750,8400.700,8398.560,2.140,ok
152,82.255511270,82.263924000,82.263924310,8412.730,8413.040,0.310,ok
153,82.797510300,82.805882060,82.805913020,8371.760,8402.720,30.960,ok
154,83.339505080,83.347905710,83.347906380,8400.630,8401.300,0.670,ok
155,83.881575570,83.889981930,83.889980020,8406.360,8404.450,1.910,ok
156,84.423601750,84.432002820,84.432003650,8401.070,8401.900,0.830,ok
157,84.965578280,84.973984010,84.973982420,8405.730,8404.140,1.590,ok
158,85.507717850,85.516125160,85.516125720,8407.310,8407.870,0.560,ok
159,86.049797810,86.058201260,86.058204610,8403.450,8406.800,3.350,ok
160,86.591800960,86.600207180,86.600203040,8406.220,8402.080,4.140,ok
161,87.133921550,87.142332900,87.142331590,8411.350,8410.040,1.310,ok
162,87.675995530,87.684408330,87.684400130,8412.800,8404.600,8.200,ok
163,88.218057640,88.226460340,88.226463890,8402.700,8406.250,3.550,ok
164,88.760185100,88.768596340,88.768597230,8411.240,8412.130,0.890,ok
165,89.302235560,89.310637220,89.310640530,8401.660,8404.970,3.310,ok
166,89.844274920,89.852678020,89.852679110,8403.100,8404.190,1.090,ok
167,90.386311440,90.394724360,90.394722950,8412.920,8411.510,1.410,ok
168,90.928340980,90.936745060,90.936746520,8404.080,8405.540,1.460,ok
169,91.470386220,91.478801460,91.478805360,8415.240,8419.140,3.900,ok
170,92.012525930,92.020932210,92.020928760,8406.280,8402.830,3.450,ok
171,92.554588610,92.562993210,92.562992170,8404.600,8403.560,1.040,ok
172,93.096683960,93.105089660,93.105090820,8405.700,8406.860,1.160,ok
173,93.638803990,93.647281950,93.647223390,8477.960,8419.400,58.560,ok
174,94.180861220,94.189266180,94.189268010,8404.960,8406.790,1.830,ok
175,94.722944980,94.731347220,94.731346680,8402.240,8401.700,0.540,ok
176,95.265046340,95.273458190,95.273460200,8411.850,8413.860,2.010,ok
177,95.807105040,95.815509340,95.815508700,8404.300,8403.660,0.640,ok
178,96.349118070,96.357520250,96.357522110,8402.180,8404.040,1.860,ok
179,96.891251770,96.899630860,96.899630840,8379.090,8379.070,0.020,ok
180,97.433236960,97.441642200,97.441638870,8405.240,8401.910,3.330,ok
181,97.975283150,97.983687720,97.983687870,8404.570,8404.720,0.150,ok
182,98.517352670,98.525754120,98.525753380,8401.450,8400.710,0.740,ok
183,99.059396160,99.067795310,99.067794660,8399.150,8398.500,0.650,ok
184,99.601418810,99.609821070,99.609823340,8402.260,8404.530,2.270,ok
185,100.143517100,100.151916880,100.151975180,8399.780,8458.080,58.300,ok
186,100.685562310,100.693963160,100.693960590,8400.850,8398.280,2.570,ok
187,101.227654680,101.236058910,101.236059070,8404.230,8404.390,0.160,ok
188,101.769794200,101.778200190,101.778197850,8405.990,8403.650,2.340,ok
189,102.311846760,102.320251210,102.320251380,8404.450,8404.620,0.170,ok
190,102.853869570,102.862271940,102.862269880,8402.370,8400.310,2.060,ok
191,103.396002860,103.404413090,103.404418940,8410.230,8416.080,5.850,ok
192,103.938072570,103.946473800,103.946476900,8401.230,8404.330,3.100,ok
193,104.480103040,,,,,,missing_rx1_rx2
194,105.022255730,105.030670520,105.030706880,8414.790,8451.150,36.360,ok
195,105.564341870,105.572746780,105.572747300,8404.910,8405.430,0.520,ok
196,106.106394470,106.114797800,106.114795820,8403.330,8401.350,1.980,ok
197,106.648502710,106.656918530,106.656977690,8415.820,8474.980,59.160,ok
198,107.190547330,107.198949430,107.198953170,8402.100,8405.840,3.740,ok
199,107.732561160,107.740965620,107.740966690,8404.460,8405.530,1.070,ok
200,108.274653570,108.283066740,108.283123210,8413.170,8469.640,56.470,ok
201,108.816730200,108.825132560,108.825133850,8402.360,8403.650,1.290,ok
202,109.358779470,109.367183510,109.367182410,8404.040,8402.940,1.100,ok
203,109.900931750,,,,,,missing_rx1_rx2
204,110.442990510,110.451394970,110.451393620,8404.460,8403.110,1.350,ok
205,110.985086180,110.993491360,110.993492510,8405.180,8406.330,1.150,ok
206,111.527225190,111.535627420,111.535685290,8402.230,8460.100,57.870,ok
207,112.069315450,112.077733210,112.077734780,8417.760,8419.330,1.570,ok
208,112.611439430,112.619859190,112.619858020,8419.760,8418.590,1.170,ok
209,113.153604020,113.162014150,113.162016610,8410.130,8412.590,2.460,ok
210,113.695696840,,113.704100080,,8403.240,,missing_rx1
211,114.237698150,114.246102070,114.246104040,8403.920,8405.890,1.970,ok
212,114.779825280,114.788228260,114.788227560,8402.980,8402.280,0.700,ok
213,115.321869640,115.330269250,115.330270760,8399.610,8401.120,1.510,ok
214,115.863941720,115.872345370,115.872344110,8403.650,8402.390,1.260,ok
215,116.405993060,116.414405610,116.414402920,8412.550,8409.860,2.690,ok
216,116.948033580,116.956436970,116.956436240,8403.390,8402.660,0.730,ok
217,117.490126390,117.498532860,117.498530300,8406.470,8403.910,2.560,ok
218,118.032244370,118.040658710,118.040658570,8414.340,8414.200,0.140,ok
219,118.574331720,118.582734500,118.582736960,8402.780,8405.240,2.460,ok
220,119.116384260,119.124785850,119.124790570,8401.590,8406.310,4.720,ok
221,119.658478380,119.666891700,119.666889070,8413.320,8410.690,2.630,ok
222,120.200533420,120.208937710,120.208937580,8404.290,8404.160,0.130,ok
223,120.742579980,120.750983740,120.750980930,8403.760,8400.950,2.810,ok
224,121.284710680,121.293114750,121.293114840,8404.070,8404.160,0.090,ok
225,121.826729240,121.835130790,121.835132890,8401.550,8403.650,2.100,ok
226,122.368759730,122.377162000,122.377161480,8402.270,8401.750,0.520,ok
227,122.910831330,122.919237440,122.919235180,8406.110,8403.850,2.260,ok
228,123.452873380,123.461278420,123.461278440,8405.040,8405.060,0.020,ok
229,123.994934080,124.003339570,124.003337250,8405.490,8403.170,2.320,ok
230,124.537027980,124.545410480,124.545386880,8382.500,8358.900,23.600,ok
231,125.079055800,125.087456460,125.087459470,8400.660,8403.670,3.010,ok
232,125.621111370,125.629517440,125.629517700,8406.070,8406.330,0.260,ok
233,126.163264130,126.171643300,126.171646130,8379.170,8382.000,2.830,ok
234,126.705345590,,,,,,missing_rx1_rx2
235,127.247435760,127.255839450,127.255837360,8403.690,8401.600,2.090,ok
236,127.789535890,127.797955770,127.797956610,8419.880,8420.720,0.840,ok
237,128.331563220,128.339966900,128.339965010,8403.680,8401.790,1.890,ok
238,128.873496910,128.881902700,128.881898490,8405.790,8401.580,4.210,ok
239,129.415505600,129.423908900,129.423906570,8403.300,8400.970,2.330,ok
240,129.957515470,129.965914830,129.965915530,8399.360,8400.060,0.700,ok
241,130.499463620,130.507865560,130.507869400,8401.940,8405.780,3.840,ok
242,131.041518700,131.049886630,131.049922400,8367.930,8403.700,35.770,ok
243,131.583540780,131.591941480,131.591945980,8400.700,8405.200,4.500,ok
244,132.125553320,132.133963530,132.133964580,8410.210,8411.260,1.050,ok
245,132.667648840,132.676059560,132.676063030,8410.720,8414.190,3.470,ok
246,133.209685940,133.218090170,133.218091320,8404.230,8405.380,1.150,ok
247,133.751744620,133.760146550,133.760150040,8401.930,8405.420,3.490,ok
248,134.293859010,134.302262410,134.302263640,8403.400,8404.630,1.230,ok
249,134.835893340,134.844298290,134.844296890,8404.950,8403.550,1.400,ok
250,135.377913580,135.386317920,135.386315400,8404.340,8401.820,2.520,ok
251,135.920040500,135.928478960,135.928444000,8438.460,8403.500,34.960,ok
252,136.462124570,136.470526320,136.470527620,8401.750,8403.050,1.300,ok
253,137.004148620,137.012551800,137.012551070,8403.180,8402.450,0.730,ok
254,137.546217840,137.554627980,137.554629230,8410.140,8411.390,1.250,ok
255,138.088266410,138.096668820,138.096667990,8402.410,8401.580,0.830,ok
256,138.630350930,138.638754640,138.638756320,8403.710,8405.390,1.680,ok
257,139.172468880,139.180870540,139.180874980,8401.660,8406.100,4.440,ok
258,139.714548320,139.722951590,139.722948290,8403.270,8399.970,3.300,ok
259,140.256588990,140.264992280,140.264992090,8403.290,8403.100,0.190,ok
260,140.798718460,140.807128570,140.807130000,8410.110,8411.540,1.430,ok
261,141.340766610,141.349164460,141.349168930,8397.850,8402.320,4.470,ok
262,141.882816340,141.891220610,141.891222370,8404.270,8406.030,1.760,ok
263,142.424947880,142.433351610,142.433350780,8403.730,8402.900,0.830,ok
264,142.967011690,142.975417250,142.975414540,8405.560,8402.850,2.710,ok
265,143.509061850,143.517463450,143.517467940,8401.600,8406.090,4.490,ok
266,144.051167720,144.059579140,144.059581470,8411.420,8413.750,2.330,ok
267,144.593202950,144.601604980,144.601604520,8402.030,8401.570,0.460,ok
268,145.135287190,145.143691200,145.143688380,8404.010,8401.190,2.820,ok
269,145.677422600,145.685827170,145.685827000,8404.570,8404.400,0.170,ok
270,146.219482320,146.227887680,146.227885320,8405.360,8403.000,2.360,ok
271,146.761573540,146.769931470,146.769978590,8357.930,8405.050,47.120,ok
272,147.303698780,147.312109860,147.312112050,8411.080,8413.270,2.190,ok
273,147.845759310,147.854160890,147.854160670,8401.580,8401.360,0.220,ok
274,148.387823160,148.396226530,148.396229250,8403.370,8406.090,2.720,ok
275,148.929955670,148.938357550,148.938357270,8401.880,8401.600,0.280,ok
276,149.472023380,149.480428340,149.480426270,8404.960,8402.890,2.070,ok
277,150.014104950,150.022504480,150.022504430,8399.530,8399.480,0.050,ok
278,150.556198270,150.564600130,150.564602710,8401.860,8404.440,2.580,ok
279,151.098263000,151.106666290,151.106666770,8403.290,8403.770,0.480,ok
280,151.640312650,151.648715420,151.648715030,8402.770,8402.380,0.390,ok
281,152.182421420,152.190832760,152.190833540,8411.340,8412.120,0.780,ok
282,152.724534990,152.732997400,152.732936670,8462.410,8401.680,60.730,ok
283,153.266632860,153.275034950,153.275035450,8402.090,8402.590,0.500,ok
284,153.808833840,153.817235830,153.817287500,8401.990,8453.660,51.670,ok
285,154.350957500,154.359361980,154.359362260,8404.480,8404.760,0.280,ok
286,154.893069240,154.901472660,154.901470930,8403.420,8401.690,1.730,ok
287,155.435244440,155.443658480,155.443637720,8414.040,8393.280,20.760,ok
288,155.977390520,155.985794210,155.985797560,8403.690,8407.040,3.350,ok
289,156.519435010,156.527835380,156.527836020,8400.370,8401.010,0.640,ok
290,157.061577750,157.069981150,157.069979700,8403.400,8401.950,1.450,ok
291,157.603721750,157.612127250,157.612128290,8405.500,8406.540,1.040,ok
292,158.145836150,158.154238190,158.154236680,8402.040,8400.530,1.510,ok
293,158.688003430,158.696408660,158.696405050,8405.230,8401.620,3.610,ok
294,159.230132510,159.238539650,159.238538090,8407.140,8405.580,1.560,ok
295,159.772204240,159.780549750,159.780606720,8345.510,8402.480,56.970,ok
296,160.314314980,160.322716750,160.322720190,8401.770,8405.210,3.440,ok
297,160.856406070,160.864807470,160.864808720,8401.400,8402.650,1.250,ok
298,161.398495300,161.406898200,161.406897110,8402.900,8401.810,1.090,ok
299,161.940653660,161.949064320,161.949065950,8410.660,8412.290,1.630,ok
300,162.482809790,162.491220100,162.491219170,8410.310,8409.380,0.930,ok
301,163.024877550,163.033281120,163.033282390,8403.570,8404.840,1.270,ok
302,163.567067090,163.575472090,163.575471130,8405.000,8404.040,0.960,ok
303,164.109144780,164.117545060,164.117549180,8400.280,8404.400,4.120,ok
304,164.651257430,164.659663260,164.659663010,8405.830,8405.580,0.250,ok
305,165.193407030,165.201819150,165.201821180,8412.120,8414.150,2.030,ok
306,165.735481040,165.743885520,165.743884720,8404.480,8403.680,0.800,ok
307,166.277500580,166.285906490,166.285903390,8405.910,8402.810,3.100,ok
308,166.819607680,166.828027330,166.828026980,8419.650,8419.300,0.350,ok
309,167.361692740,167.370108020,167.370104840,8415.280,8412.100,3.180,ok
310,167.903730900,167.912128710,167.912128700,8397.810,8397.800,0.010,ok
311,168.445889900,168.454289940,168.454292160,8400.040,8402.260,2.220,ok
312,168.987990440,168.996395900,168.996395700,8405.460,8405.260,0.200,ok
313,169.530014450,169.538416790,169.538418850,8402.340,8404.400,2.060,ok
314,170.072193630,170.080602620,170.080602330,8408.990,8408.700,0.290,ok
315,170.614199460,170.622603530,170.622605610,8404.070,8406.150,2.080,ok
316,171.156185620,171.164589220,171.164589360,8403.600,8403.740,0.140,ok
317,171.698300950,171.706704540,171.706702300,8403.590,8401.350,2.240,ok
318,172.240396960,172.248805850,172.248806240,8408.890,8409.280,0.390,ok
319,172.782441720,172.790851980,172.790854450,8410.260,8412.730,2.470,ok
320,173.324556150,173.332958050,173.332958070,8401.900,8401.920,0.020,ok
321,173.866644720,173.875053650,173.875056280,8408.930,8411.560,2.630,ok
322,174.408662150,174.417064420,174.417064890,8402.270,8402.740,0.470,ok
323,174.950776600,174.959180460,174.959178260,8403.860,8401.660,2.200,ok
324,175.492802980,175.501206430,175.501206910,8403.450,8403.930,0.480,ok
325,176.034827280,176.043232170,176.043230220,8404.890,8402.940,1.950,ok
326,176.576901850,176.585369600,176.585303470,8467.750,8401.620,66.130,ok
327,177.118968230,177.127384050,177.127382110,8415.820,8413.880,1.940,ok
328,177.660980510,177.669384830,177.669385400,8404.320,8404.890,0.570,ok
329,178.203065210,178.211469460,178.211468650,8404.250,8403.440,0.810,ok
330,178.745114440,178.753516560,178.753517460,8402.120,8403.020,0.900,ok
331,179.287115380,179.295517220,179.295515680,8401.840,8400.300,1.540,ok
332,179.829222030,179.837623280,179.837624330,8401.250,8402.300,1.050,ok
333,180.371234680,180.379638860,180.379637720,8404.180,8403.040,1.140,ok
334,180.913298690,180.921698990,180.921701170,8400.300,8402.480,2.180,ok
335,181.455366960,181.463832560,181.463764370,8465.600,8397.410,68.190,ok
336,181.997431150,182.005836250,182.005832910,8405.100,8401.760,3.340,ok
337,182.539468860,182.547872760,182.547871190,8403.900,8402.330,1.570,ok
338,183.081613860,183.090018480,183.090019850,8404.620,8405.990,1.370,ok
339,183.623673260,183.632079090,183.632078390,8405.830,8405.130,0.700,ok
340,184.165691390,184.174094760,184.174096510,8403.370,8405.120,1.750,ok
341,184.707810910,184.716221060,184.716220090,8410.150,8409.180,0.970,ok
342,185.249933450,185.258337330,185.258338480,8403.880,8405.030,1.150,ok
343,185.791940300,185.800342970,185.800341820,8402.670,8401.520,1.150,ok
344,186.334028710,186.342433650,186.342430250,8404.940,8401.540,3.400,ok
345,186.876094430,186.884499230,186.884498850,8404.800,8404.420,0.380,ok
346,187.418174010,187.426580400,187.426577140,8406.390,8403.130,3.260,ok
347,187.960305840,187.968711140,187.968710650,8405.300,8404.810,0.490,ok
348,188.502369750,188.510771900,188.510774040,8402.150,8404.290,2.140,ok
349,189.044377590,189.052778000,189.052777690,8400.410,8400.100,0.310,ok
350,189.586468140,189.594868590,189.594866000,8400.450,8397.860,2.590,ok
351,190.128570760,190.136974790,190.136974530,8404.030,8403.770,0.260,ok
352,190.670614100,190.679015450,190.679084270,8401.350,8470.170,68.820,ok
353,191.212755690,191.221161640,191.221161110,8405.950,8405.420,0.530,ok
354,191.754826660,191.763237300,191.763234720,8410.640,8408.060,2.580,ok
355,192.296875270,192.305344680,192.305336250,8469.410,8460.980,8.430,ok
356,192.839025690,192.847429100,192.847431500,8403.410,8405.810,2.400,ok
357,193.381158610,193.389565030,193.389565010,8406.420,8406.400,0.020,ok
358,193.923266070,193.931665730,193.931668280,8399.660,8402.210,2.550,ok
359,194.465415990,194.473816200,194.473816630,8400.210,8400.640,0.430,ok
360,195.007565070,195.015972250,195.015970090,8407.180,8405.020,2.160,ok
361,195.549636430,195.558038240,195.558038450,8401.810,8402.020,0.210,ok
362,196.091728570,196.100134190,196.100132030,8405.620,8403.460,2.160,ok
363,196.633840160,196.642244880,196.642245380,8404.720,8405.220,0.500,ok
364,197.175927800,197.184330770,197.184329050,8402.970,8401.250,1.720,ok
365,197.718089130,197.726491610,197.726492250,8402.480,8403.120,0.640,ok
366,198.260202650,198.268607470,198.268605580,8404.820,8402.930,1.890,ok
367,198.802243060,198.810648180,198.810648510,8405.120,8405.450,0.330,ok
368,199.344379100,199.352783700,199.352782490,8404.600,8403.390,1.210,ok
369,199.886433700,199.894844940,199.894845830,8411.240,8412.130,0.890,ok
370,200.428473570,200.436875680,200.436879240,8402.110,8405.670,3.560,ok
371,200.970609920,200.979011700,200.979012900,8401.780,8402.980,1.200,ok
372,201.512669810,201.521077140,201.521076080,8407.330,8406.270,1.060,ok
373,202.054701760,202.063098140,202.063104320,8396.380,8402.560,6.180,ok
374,202.596871210,202.605273970,202.605272850,8402.760,8401.640,1.120,ok
375,203.138888970,203.147294950,203.147296310,8405.980,8407.340,1.360,ok
376,203.680908520,203.689310310,203.689314650,8401.790,8406.130,4.340,ok
377,204.223064300,204.231466430,204.231467850,8402.130,8403.550,1.420,ok
378,204.765169860,204.773572320,204.773571560,8402.460,8401.700,0.760,ok
379,205.307274350,205.315678100,205.315674440,8403.750,8400.090,3.660,ok
380,205.849450370,205.857854120,205.857853420,8403.750,8403.050,0.700,ok
381,206.391520140,206.399924620,206.399926720,8404.480,8406.580,2.100,ok
382,206.933574290,206.941975650,206.941975240,8401.360,8400.950,0.410,ok
383,207.475701310,207.484101470,207.484103410,8400.160,8402.100,1.940,ok
384,208.017815180,208.026222400,208.026221680,8407.220,8406.500,0.720,ok
385,208.559846970,208.568247940,208.568250150,8400.970,8403.180,2.210,ok
386,209.101922800,209.110278620,209.110328550,8355.820,8405.750,49.930,ok
387,209.643962010,209.652364660,209.652362310,8402.650,8400.300,2.350,ok
388,210.186009330,210.194410650,210.194410600,8401.320,8401.270,0.050,ok
389,210.728068370,210.736466310,210.736468550,8397.940,8400.180,2.240,ok
390,211.270139570,211.278540820,211.278542440,8401.250,8402.870,1.620,ok
391,211.812207690,211.820613110,211.820610490,8405.420,8402.800,2.620,ok
392,212.354331870,212.362733820,212.362734130,8401.950,8402.260,0.310,ok
393,212.896456300,212.904859700,212.904857360,8403.400,8401.060,2.340,ok
394,213.438506000,213.446909130,213.446910800,8403.130,8404.800,1.670,ok
395,213.980637510,213.989041580,213.989039010,8404.070,8401.500,2.570,ok
396,214.522696160,214.531102070,214.531102490,8405.910,8406.330,0.420,ok
397,215.064741490,215.073142990,215.073145980,8401.500,8404.490,2.990,ok
398,215.606878120,215.615283760,215.615284400,8405.640,8406.280,0.640,ok
399,216.148938920,,,,,,missing_rx1_rx2
400,216.690975160,216.699379600,216.699380520,8404.440,8405.360,0.920,ok
401,217.233078020,217.241480790,217.241479400,8402.770,8401.380,1.390,ok
402,217.775198210,217.783611400,217.783607800,8413.190,8409.590,3.600,ok
403,218.317297740,218.325702300,218.325700880,8404.560,8403.140,1.420,ok
404,218.859421570,218.867822980,218.867824360,8401.410,8402.790,1.380,ok
405,219.401613720,219.410013840,219.410075420,8400.120,8461.700,61.580,ok
406,219.943648640,219.952049890,219.952051230,8401.250,8402.590,1.340,ok
407,220.485739460,220.494140900,220.494144360,8401.440,8404.900,3.460,ok
408,221.027852810,221.036251410,221.036252500,8398.600,8399.690,1.090,ok
409,221.569854210,221.578257080,221.578256270,8402.870,8402.060,0.810,ok
410,222.111904560,222.120308060,222.120309930,8403.500,8405.370,1.870,ok
411,222.653952830,222.662358620,222.662330450,8405.790,8377.620,28.170,ok
412,223.195985390,223.204389470,223.204391330,8404.080,8405.940,1.860,ok
413,223.738206740,223.746615450,223.746614720,8408.710,8407.980,0.730,ok
414,224.280289900,224.288701210,224.288698040,8411.310,8408.140,3.170,ok
415,224.822387130,224.830791700,224.830791350,8404.570,8404.220,0.350,ok
416,225.364552060,225.372957440,225.372954740,8405.380,8402.680,2.700,ok
417,225.906651380,225.915116330,225.915057940,8464.950,8406.560,58.390,ok
418,226.448743710,226.457149360,226.457146820,8405.650,8403.110,2.540,ok
419,226.990899070,226.999299940,226.999300190,8400.870,8401.120,0.250,ok
420,227.532957940,227.541370460,227.541368180,8412.520,8410.240,2.280,ok
421,228.074998010,228.083401410,228.083401810,8403.400,8403.800,0.400,ok
422,228.617128690,228.625532020,228.625529670,8403.330,8400.980,2.350,ok
423,229.159213800,229.167616890,229.167618310,8403.090,8404.510,1.420,ok
424,229.701239910,229.709643510,229.709641880,8403.600,8401.970,1.630,ok
425,230.243339650,230.251744630,230.251745150,8404.980,8405.500,0.520,ok
426,230.785427930,230.793840610,230.793838430,8412.680,8410.500,2.180,ok
427,231.327501010,231.335906300,231.335906770,8405.290,8405.760,0.470,ok
428,231.869640150,231.878099820,231.878045300,8459.670,8405.150,54.520,ok
429,232.411715380,232.420117580,232.420118490,8402.200,8403.110,0.910,ok
430,232.953765400,232.962168320,232.962167180,8402.920,8401.780,1.140,ok
431,233.495896710,233.504299050,233.504299950,8402.340,8403.240,0.900,ok
432,234.037970690,234.046380130,234.046378660,8409.440,8407.970,1.470,ok
433,234.579986480,234.588390640,234.588391920,8404.160,8405.440,1.280,ok
434,235.122140460,235.130541270,235.130540420,8400.810,8399.960,0.850,ok
435,235.664240940,235.672647010,235.672648920,8406.070,8407.980,1.910,ok
436,236.206327260,236.214732920,236.214732120,8405.660,8404.860,0.800,ok
437,236.748500640,236.756898750,236.756900480,8398.110,8399.840,1.730,ok
438,237.290661690,237.299064570,237.299068410,8402.880,8406.720,3.840,ok
439,237.832759420,237.841160190,237.841162150,8400.770,8402.730,1.960,ok
440,238.374886370,238.383290830,238.383290420,8404.460,8404.050,0.410,ok
441,238.917003760,238.925386330,238.925408990,8382.570,8405.230,22.660,ok
442,239.459057860,239.467457630,239.467461920,8399.770,8404.060,4.290,ok
443,240.001218060,240.009618060,240.009620620,8400.000,8402.560,2.560,ok
444,240.543343400,240.551748780,240.551748960,8405.380,8405.560,0.180,ok
445,241.085371230,241.093769550,241.093771930,8398.320,8400.700,2.380,ok
446,241.627540490,241.635940500,241.635940610,8400.010,8400.120,0.110,ok
447,242.169636000,,242.178043860,,8407.860,,missing_rx1
448,242.711739660,242.720151530,242.720152310,8411.870,8412.650,0.780,ok
449,243.253895690,243.262297870,243.262295750,8402.180,8400.060,2.120,ok
450,243.796004100,243.804408220,243.804408650,8404.120,8404.550,0.430,ok
451,244.338037540,244.346439390,244.346437090,8401.850,8399.550,2.300,ok
452,244.880157430,244.888560300,244.888560390,8402.870,8402.960,0.090,ok
453,245.422200600,245.430605520,245.430603890,8404.920,8403.290,1.630,ok
454,245.964228200,245.972659820,245.972632370,8431.620,8404.170,27.450,ok
455,246.506316410,246.514722220,246.514720520,8405.810,8404.110,1.700,ok
456,247.048384230,,,,,,missing_rx1_rx2
457,247.590430780,247.598833230,247.598831810,8402.450,8401.030,1.420,ok
458,248.132564830,248.140969320,248.140965500,8404.490,8400.670,3.820,ok
459,248.674699400,248.683105360,248.683103810,8405.960,8404.410,1.550,ok
460,249.216812800,249.225216090,249.225217060,8403.290,8404.260,0.970,ok
461,249.758987890,249.767391610,249.767374610,8403.720,8386.720,17.000,ok
462,250.301135390,250.309542470,250.309543880,8407.080,8408.490,1.410,ok
463,250.843181620,250.851583080,250.851587070,8401.460,8405.450,3.990,ok
464,251.385314850,251.393718980,251.393720160,8404.130,8405.310,1.180,ok
465,251.927358600,251.935831430,251.935763740,8472.830,8405.140,67.690,ok
466,252.469466270,252.477869480,252.477866930,8403.210,8400.660,2.550,ok
467,253.011570340,253.019975870,253.019975540,8405.530,8405.200,0.330,ok
468,253.553710280,253.562121730,253.562123740,8411.450,8413.460,2.010,ok
469,254.095808550,254.104212720,254.104212060,8404.170,8403.510,0.660,ok
470,254.638007260,254.646418560,254.646420220,8411.300,8412.960,1.660,ok
471,255.180083030,255.188484090,255.188483620,8401.060,8400.590,0.470,ok
472,255.722089360,255.730490100,255.730492140,8400.740,8402.780,2.040,ok
473,256.264223840,256.272625860,256.272630390,8402.020,8406.550,4.530,ok
474,256.806332460,256.814746530,256.814743880,8414.070,8411.420,2.650,ok
475,257.348356980,257.356762390,257.356762130,8405.410,8405.150,0.260,ok
476,257.890484830,257.898887900,257.898885430,8403.070,8400.600,2.470,ok
477,258.432601360,258.441013850,258.441013650,8412.490,8412.290,0.200,ok
478,258.974626480,258.983029480,258.983026960,8403.000,8400.480,2.520,ok
479,259.516775160,259.525180490,259.525180510,8405.330,8405.350,0.020,ok
480,260.058903330,260.067305700,260.067308750,8402.370,8405.420,3.050,ok
481,260.600922740,260.609326150,260.609326880,8403.410,8404.140,0.730,ok
482,261.143073870,261.151487700,261.151485460,8413.830,8411.590,2.240,ok
483,261.685143600,261.693548190,261.693548750,8404.590,8405.150,0.560,ok
484,262.227235670,262.235639290,262.235700320,8403.620,8464.650,61.030,ok
485,262.769441560,262.777845040,262.777845060,8403.480,8403.500,0.020,ok
486,263.311521110,263.319920500,263.319923630,8399.390,8402.520,3.130,ok
487,263.853567560,263.861971500,263.862006670,8403.940,8439.110,35.170,ok
488,264.395680650,264.404076980,264.404080220,8396.330,8399.570,3.240,ok
489,264.937707310,264.946113030,264.946113530,8405.720,8406.220,0.500,ok
490,265.479695540,265.488098670,265.488059280,8403.130,8363.740,39.390,ok
491,266.021793240,266.030199340,266.030200280,8406.100,8407.040,0.940,ok
492,266.563848390,266.572255060,266.572253550,8406.670,8405.160,1.510,ok
493,267.105821060,267.114220730,267.114167780,8399.670,8346.720,52.950,ok
494,267.647895020,267.656296370,267.656294960,8401.350,8399.940,1.410,ok
495,268.189937650,268.198339670,268.198343460,8402.020,8405.810,3.790,ok
496,268.731929530,268.740333170,268.740331680,8403.640,8402.150,1.490,ok
497,269.274018780,269.282423720,269.282419680,8404.940,8400.900,4.040,ok
498,269.816057660,269.824464520,269.824463340,8406.860,8405.680,1.180,ok
499,270.358091520,270.366495300,270.366491440,8403.780,8399.920,3.860,ok
500,270.900172640,270.908570910,270.908575180,8398.270,8402.540,4.270,ok
501,271.442287100,271.450692050,271.450693370,8404.950,8406.270,1.320,ok
502,271.984357510,271.992762580,271.992761860,8405.070,8404.350,0.720,ok
503,272.526543420,272.534948710,272.534944960,8405.290,8401.540,3.750,ok
504,273.068608900,273.077013980,273.077012930,8405.080,8404.030,1.050,ok
505,273.610660310,273.619064730,273.619061740,8404.420,8401.430,2.990,ok
506,274.152820370,274.161225390,274.161224810,8405.020,8404.440,0.580,ok
507,274.694871990,274.703276160,274.703278380,8404.170,8406.390,2.220,ok
508,275.236959170,275.245362130,275.245361480,8402.960,8402.310,0.650,ok
509,275.779089910,275.787492420,275.787494800,8402.510,8404.890,2.380,ok
510,276.321185530,276.329603410,276.329608210,8417.880,8422.680,4.800,ok
511,276.863240460,276.871644120,276.871646220,8403.660,8405.760,2.100,ok
512,277.405336410,277.413739790,277.413740000,8403.380,8403.590,0.210,ok
513,277.947385000,277.955795550,277.955797950,8410.550,8412.950,2.400,ok
514,278.489350680,278.497755990,278.497756440,8405.310,8405.760,0.450,ok
515,279.031430500,279.039841980,279.039844610,8411.480,8414.110,2.630,ok
516,279.573522970,279.581937880,279.581937850,8414.910,8414.880,0.030,ok
517,280.115575370,280.123978260,280.123981100,8402.890,8405.730,2.840,ok
518,280.657668840,280.666074020,280.666069000,8405.180,8400.160,5.020,ok
519,281.199777050,281.208179800,281.208182670,8402.750,8405.620,2.870,ok
520,281.741850270,281.750250840,281.750250650,8400.570,8400.380,0.190,ok
521,282.284007750,282.292411700,282.292409390,8403.950,8401.640,2.310,ok
522,282.826111480,282.834517110,282.834517610,8405.630,8406.130,0.500,ok
523,283.368120550,283.376522840,283.376525600,8402.290,8405.050,2.760,ok
524,283.910248470,283.918648620,283.918649130,8400.150,8400.660,0.510,ok
525,284.452291930,284.460688890,284.460697460,8396.960,8405.530,8.570,ok
526,284.994323340,285.002724780,285.002725860,8401.440,8402.520,1.080,ok
527,285.536443910,285.544845620,285.544849140,8401.710,8405.230,3.520,ok
528,286.078547300,286.086956840,286.086952560,8409.540,8405.260,4.280,ok
529,286.620562340,286.628962060,286.628965360,8399.720,8403.020,3.300,ok
530,287.162656570,287.171077570,287.171073880,8421.000,8417.310,3.690,ok
531,287.704674460,287.713078520,287.713077150,8404.060,8402.690,1.370,ok
532,288.246665570,288.255069520,288.255070400,8403.950,8404.830,0.880,ok
533,288.788728060,288.797130260,288.797133540,8402.200,8405.480,3.280,ok
534,289.330801230,289.339200700,,8399.470,,,missing_rx2
535,289.872828760,289.881241730,289.881239620,8412.970,8410.860,2.110,ok
536,290.414907530,290.423312560,290.423308490,8405.030,8400.960,4.070,ok
537,290.957033820,290.965437820,290.965436760,8404.000,8402.940,1.060,ok
538,291.499008800,291.507408530,291.507409550,8399.730,8400.750,1.020,ok
539,292.041089900,292.049494350,292.049493030,8404.450,8403.130,1.320,ok
540,292.583123430,292.591589830,292.591590250,8466.400,8466.820,0.420,ok
541,293.125227840,293.133630580,293.133629600,8402.740,8401.760,0.980,ok
542,293.667303610,293.675706480,293.675708290,8402.870,8404.680,1.810,ok
543,294.209448930,294.217851550,294.217851220,8402.620,8402.290,0.330,ok
544,294.751437340,294.759837650,294.759839440,8400.310,8402.100,1.790,ok
545,295.293523160,295.301928620,295.301927680,8405.460,8404.520,0.940,ok
546,295.835567910,295.844034680,295.844035660,8466.770,8467.750,0.980,ok
547,296.377646810,296.386050160,296.386049250,8403.350,8402.440,0.910,ok
548,296.919798280,296.928210930,296.928207580,8412.650,8409.300,3.350,ok
549,297.461914850,297.470316800,297.470320550,8401.950,8405.700,3.750,ok
550,298.003968650,298.012321300,298.012379310,8352.650,8410.660,58.010,ok
551,298.546007830,298.554417460,298.554417150,8409.630,8409.320,0.310,ok
552,299.088092150,299.096488790,299.096490680,8396.640,8398.530,1.890,ok
553,299.630054320,299.638458720,299.638458800,8404.400,8404.480,0.080,ok
554,300.172177560,300.180580120,300.180582350,8402.560,8404.790,2.230,ok
555,300.714330110,300.722735710,300.722735200,8405.600,8405.090,0.510,ok
556,301.256343610,301.264746320,301.264806540,8402.710,8462.930,60.220,ok
557,301.798396140,301.806802200,301.806801650,8406.060,8405.510,0.550,ok
558,302.340536480,302.348947870,302.348950340,8411.390,8413.860,2.470,ok
559,302.882581270,302.891030360,302.891032080,8449.090,8450.810,1.720,ok
560,303.424667610,303.433068930,303.433071560,8401.320,8403.950,2.630,ok
561,303.966784010,303.975199810,303.975199980,8415.800,8415.970,0.170,ok
562,304.508825200,304.517245590,304.517260030,8420.390,8434.830,14.440,ok
563,305.050969350,305.059371060,305.059370950,8401.710,8401.600,0.110,ok
564,305.593034640,305.601436710,305.601439620,8402.070,8404.980,2.910,ok
565,306.135052620,306.143457430,306.143516290,8404.810,8463.670,58.860,ok
566,306.677170850,306.685583130,306.685581120,8412.280,8410.270,2.010,ok
567,307.219262660,307.227668600,307.227669560,8405.940,8406.900,0.960,ok
568,307.761310300,307.769709060,307.769712740,8398.760,8402.440,3.680,ok
569,308.303441050,308.311845000,308.311846030,8403.950,8404.980,1.030,ok
570,308.845585380,308.854001190,308.853999280,8415.810,8413.900,1.910,ok
571,309.387647980,309.396051760,309.396052360,8403.780,8404.380,0.600,ok
572,309.929809890,309.938212450,309.938209250,8402.560,8399.360,3.200,ok
573,310.471947280,310.480352980,310.480353870,8405.700,8406.590,0.890,ok
574,311.014040150,311.022443720,311.022441970,8403.570,8401.820,1.750,ok
575,311.556207310,311.564609430,311.564610320,8402.120,8403.010,0.890,ok
576,312.098263010,312.106670140,312.106668410,8407.130,8405.400,1.730,ok
577,312.640366150,312.648770650,312.648772120,8404.500,8405.970,1.470,ok
578,313.182565560,313.190961500,313.190965150,8395.940,8399.590,3.650,ok
579,313.724628010,313.733017600,313.733033140,8389.590,8405.130,15.540,ok
580,314.266704640,314.275107640,314.275106570,8403.000,8401.930,1.070,ok
581,314.808870310,314.817273470,314.817274910,8403.160,8404.600,1.440,ok
582,315.350905510,315.359309260,315.359312960,8403.750,8407.450,3.700,ok
583,315.892904410,315.901309830,315.901306390,8405.420,8401.980,3.440,ok
584,316.435068860,316.443470690,316.443469190,8401.830,8400.330,1.500,ok
585,316.977169780,316.985575200,316.985639280,8405.420,8469.500,64.080,ok
586,317.519242530,317.527646840,317.527645820,8404.310,8403.290,1.020,ok
587,318.061361120,318.069762270,318.069763980,8401.150,8402.860,1.710,ok
588,318.603432130,318.611837190,318.611887690,8405.060,8455.560,50.500,ok
589,319.145468420,319.153874150,319.153870480,8405.730,8402.060,3.670,ok
590,319.687595570,319.695999050,319.695998690,8403.480,8403.120,0.360,ok
591,320.229690470,320.238099720,320.238102000,8409.250,8411.530,2.280,ok
592,320.771761930,320.780165600,320.780165040,8403.670,8403.110,0.560,ok
593,321.313943680,321.322356490,321.322353690,8412.810,8410.010,2.800,ok
594,321.856065610,321.864472280,321.864471580,8406.670,8405.970,0.700,ok
595,322.398187800,322.406592830,322.406589890,8405.030,8402.090,2.940,ok
596,322.940398280,322.948803360,322.948802840,8405.080,8404.560,0.520,ok
597,323.482573170,323.490983990,323.490981240,8410.820,8408.070,2.750,ok
598,324.024708200,324.033109570,324.033109380,8401.370,8401.180,0.190,ok
599,324.566856450,324.575260220,324.575257950,8403.770,8401.500,2.270,ok
600,325.108968400,325.117370860,325.117370860,8402.460,8402.460,0.000,ok
601,325.651014460,325.659416190,325.659419240,8401.730,8404.780,3.050,ok
602,326.193170910,326.201572170,326.201572480,8401.260,8401.570,0.310,ok
603,326.735274690,326.743672860,326.743675800,8398.170,8401.110,2.940,ok
604,327.277350580,327.285763480,327.285763790,8412.900,8413.210,0.310,ok
605,327.819480820,327.827883870,327.827882240,8403.050,8401.420,1.630,ok
606,328.361572060,328.369979850,328.369980470,8407.790,8408.410,0.620,ok
607,328.903590620,328.911995450,328.911994000,8404.830,8403.380,1.450,ok
608,329.445704080,329.454106000,329.454107030,8401.920,8402.950,1.030,ok
609,329.987780550,329.996191830,329.996190090,8411.280,8409.540,1.740,ok
610,330.529833670,330.538247220,330.538242830,8413.550,8409.160,4.390,ok
611,331.071925180,331.080327960,331.080326750,8402.780,8401.570,1.210,ok
612,331.613957440,331.622368620,331.622369880,8411.180,8412.440,1.260,ok
613,332.155986590,332.164383970,332.164387440,8397.380,8400.850,3.470,ok
614,332.698133790,332.706554930,332.706551190,8421.140,8417.400,3.740,ok
615,333.240190000,333.248595520,333.248594300,8405.520,8404.300,1.220,ok
616,333.782238530,333.790656010,333.790657550,8417.480,8419.020,1.540,ok
617,334.324362080,334.332761970,334.332765830,8399.890,8403.750,3.860,ok
618,334.866428210,334.874832500,334.874833910,8404.290,8405.700,1.410,ok
619,335.408453470,335.416858080,335.416857190,8404.610,8403.720,0.890,ok
620,335.950539430,335.958943930,335.958945130,8404.500,8405.700,1.200,ok
621,336.492643960,336.501049420,336.501048390,8405.460,8404.430,1.030,ok
622,337.034691590,337.043094990,337.043091770,8403.400,8400.180,3.220,ok
623,337.576834130,,337.585234880,,8400.750,,missing_rx1
624,338.118959890,338.127368010,338.127362870,8408.120,8402.980,5.140,ok
625,338.661003470,338.669403700,338.669406320,8400.230,8402.850,2.620,ok
626,339.203133870,339.211539200,339.211539990,8405.330,8406.120,0.790,ok
627,339.745199830,339.753604650,339.753602940,8404.820,8403.110,1.710,ok
628,340.287270000,340.295674910,340.295671390,8404.910,8401.390,3.520,ok
629,340.829375710,340.837775860,340.837779340,8400.150,8403.630,3.480,ok
630,341.371472240,341.379876810,341.379877490,8404.570,8405.250,0.680,ok
631,341.913495050,341.921907300,341.921905510,8412.250,8410.460,1.790,ok
632,342.455601260,342.464003040,342.464003870,8401.780,8402.610,0.830,ok
633,342.997647800,343.006053370,343.006052020,8405.570,8404.220,1.350,ok
634,343.539711340,343.548114150,343.548115180,8402.810,8403.840,1.030,ok
635,344.081823440,344.090224880,344.090228470,8401.440,8405.030,3.590,ok
636,344.623877610,344.632278990,344.632281890,8401.380,8404.280,2.900,ok
637,345.165867060,345.174271160,345.174269850,8404.100,8402.790,1.310,ok
638,345.707972680,345.716377150,345.716373250,8404.470,8400.570,3.900,ok
639,346.250095290,346.258502450,346.258501520,8407.160,8406.230,0.930,ok
640,346.792159510,346.800557990,346.800559230,8398.480,8399.720,1.240,ok
641,347.334280090,347.342698730,347.342698080,8418.640,8417.990,0.650,ok
642,347.876377580,347.884779110,347.884780910,8401.530,8403.330,1.800,ok
643,348.418468620,348.426869760,348.426874390,8401.140,8405.770,4.630,ok
644,348.960602240,348.969005280,348.969007320,8403.040,8405.080,2.040,ok
645,349.502712480,349.511116360,349.511115750,8403.880,8403.270,0.610,ok
646,350.044763830,350.053161830,350.053163870,8398.000,8400.040,2.040,ok
647,350.586903070,350.595338850,350.595307360,8435.780,8404.290,31.490,ok
648,351.129021380,351.137422920,351.137425270,8401.540,8403.890,2.350,ok
649,351.671083660,351.679488640,351.679488260,8404.980,8404.600,0.380,ok
650,352.213214360,352.221619410,352.221616770,8405.050,8402.410,2.640,ok
651,352.755359940,352.763764890,352.763764900,8404.950,8404.960,0.010,ok
652,353.297402200,353.305805320,353.305803060,8403.120,8400.860,2.260,ok
653,353.839511940,353.847916070,353.847916440,8404.130,8404.500,0.370,ok
654,354.381651820,354.390056620,354.390054470,8404.800,8402.650,2.150,ok
655,354.923657520,354.932062290,354.932062700,8404.770,8405.180,0.410,ok
656,355.465810190,355.474189410,355.474210700,8379.220,8400.510,21.290,ok
657,356.007979700,356.016383580,356.016384160,8403.880,8404.460,0.580,ok
658,356.549967730,356.558368810,356.558333990,8401.080,8366.260,34.820,ok
659,357.092098280,357.100499740,357.100500370,8401.460,8402.090,0.630,ok
660,357.634093600,357.642557420,357.642558680,8463.820,8465.080,1.260,ok
661,358.176301980,358.184711070,358.184707530,8409.090,8405.550,3.540,ok
662,358.718443100,358.726846140,358.726844670,8403.040,8401.570,1.470,ok
663,359.260623150,359.269026800,359.269028170,8403.650,8405.020,1.370,ok
664,359.802646210,359.811047710,359.811051390,8401.500,8405.180,3.680,ok
665,360.344719400,360.353123380,360.353124510,8403.980,8405.110,1.130,ok
666,360.886879860,360.895283780,360.895282650,8403.920,8402.790,1.130,ok
667,361.428890800,,361.437295890,,8405.090,,missing_rx1
668,361.970974410,361.979374530,361.979374000,8400.120,8399.590,0.530,ok
669,362.513126160,362.521525510,362.521527060,8399.350,8400.900,1.550,ok
670,363.055200780,363.063606140,363.063605420,8405.360,8404.640,0.720,ok
671,363.597314540,363.605716890,363.605712330,8402.350,8397.790,4.560,ok
672,364.139392810,364.147797340,364.147796640,8404.530,8403.830,0.700,ok
673,364.681448770,364.689851490,364.689849940,8402.720,8401.170,1.550,ok
674,365.223599520,365.232003770,365.232002700,8404.250,8403.180,1.070,ok
675,365.765670010,365.774074170,365.774076340,8404.160,8406.330,2.170,ok
676,366.307715820,366.316172870,366.316114280,8457.050,8398.460,58.590,ok
677,366.849859300,366.858265730,366.858262500,8406.430,8403.200,3.230,ok
678,367.391919610,367.400326210,367.400325430,8406.600,8405.820,0.780,ok
679,367.933903780,367.942306490,367.942308980,8402.710,8405.200,2.490,ok
680,368.475931150,368.484332080,368.484332300,8400.930,8401.150,0.220,ok
681,369.018023850,369.026427790,369.026425080,8403.940,8401.230,2.710,ok
682,369.560007140,369.568408140,369.568408650,8401.000,8401.510,0.510,ok
683,370.102133380,370.110539150,370.110536380,8405.770,8403.000,2.770,ok
684,370.644220810,370.652619400,370.652619970,8398.590,8399.160,0.570,ok
685,371.186241890,371.194653490,371.194661390,8411.600,8419.500,7.900,ok
686,371.728333450,371.736735490,371.736736290,8402.040,8402.840,0.800,ok
687,372.270456040,372.278856600,372.278859230,8400.560,8403.190,2.630,ok
688,372.812512740,372.820917050,372.820917350,8404.310,8404.610,0.300,ok
689,373.354638280,,,,,,missing_rx1_rx2
690,373.896758380,373.905162890,373.905163440,8404.510,8405.060,0.550,ok
691,374.438855080,374.447268690,374.447266650,8413.610,8411.570,2.040,ok
692,374.980969300,374.989374410,374.989375200,8405.110,8405.900,0.790,ok
693,375.523090210,375.531495000,375.531493200,8404.790,8402.990,1.800,ok
694,376.065172550,376.073570340,376.073576390,8397.790,8403.840,6.050,ok
695,376.607281940,376.615681310,376.615679660,8399.370,8397.720,1.650,ok
696,377.149322760,377.157737010,377.157726850,8414.250,8404.090,10.160,ok
697,377.691318500,377.699722380,377.699721350,8403.880,8402.850,1.030,ok
698,378.233416970,378.241823010,378.241818100,8406.040,8401.130,4.910,ok
699,378.775508540,378.783918540,378.783917270,8410.000,8408.730,1.270,ok
700,379.317512610,379.325913630,379.325915500,8401.020,8402.890,1.870,ok
701,379.859653390,379.868059610,379.868058080,8406.220,8404.690,1.530,ok
702,380.401714690,380.410120510,380.410121640,8405.820,8406.950,1.130,ok
703,380.943690800,380.952095640,380.952095010,8404.840,8404.210,0.630,ok
704,381.485784830,381.494186350,381.494188000,8401.520,8403.170,1.650,ok
705,382.027867840,382.036271870,382.036271190,8404.030,8403.350,0.680,ok
706,382.569832030,382.578232680,382.578234240,8400.650,8402.210,1.560,ok
707,383.111948390,383.120353400,383.120352390,8405.010,8404.000,1.010,ok
708,383.654042600,383.662443850,383.662445520,8401.250,8402.920,1.670,ok
709,384.196068350,384.204479410,384.204478520,8411.060,8410.170,0.890,ok
710,384.738174710,384.746579960,384.746577000,8405.250,8402.290,2.960,ok
711,385.280308670,385.288710320,385.288710400,8401.650,8401.730,0.080,ok
712,385.822316400,385.830720730,385.830718320,8404.330,8401.920,2.410,ok
713,386.364397390,386.372801720,386.372801450,8404.330,8404.060,0.270,ok
714,386.906417850,386.914827400,386.914887230,8409.550,8469.380,59.830,ok
715,387.448411780,387.456817620,387.456817710,8405.840,8405.930,0.090,ok
716,387.990519790,387.998923390,387.998920480,8403.600,8400.690,2.910,ok
717,388.532561660,388.540964160,388.541022030,8402.500,8460.370,57.870,ok
718,389.074539370,389.082944410,389.082941990,8405.040,8402.620,2.420,ok
719,389.616660770,389.625079710,389.625080110,8418.940,8419.340,0.400,ok
720,390.158703310,390.167110740,390.167108170,8407.430,8404.860,2.570,ok
721,390.700739310,390.709141030,390.709141580,8401.720,8402.270,0.550,ok
722,391.242892170,391.251296450,391.251294530,8404.280,8402.360,1.920,ok
723,391.784965770,391.793367050,391.793367490,8401.280,8401.720,0.440,ok
724,392.327033730,392.335437970,392.335435740,8404.240,8402.010,2.230,ok
725,392.869155850,392.877558280,392.877558920,8402.430,8403.070,0.640,ok
726,393.411239640,393.419643850,393.419642430,8404.210,8402.790,1.420,ok
727,393.953306120,393.961709370,393.961710220,8403.250,8404.100,0.850,ok
728,394.495392950,394.503795060,394.503797510,8402.110,8404.560,2.450,ok
729,395.037567490,395.045965780,395.045966840,8398.290,8399.350,1.060,ok
730,395.579635210,395.588041220,395.588040020,8406.010,8404.810,1.200,ok
731,396.121744420,396.130146790,396.130148390,8402.370,8403.970,1.600,ok
732,396.663875120,396.672277210,396.672280940,8402.090,8405.820,3.730,ok
733,397.205916560,397.214318010,397.214319000,8401.450,8402.440,0.990,ok
734,397.748082320,397.756483350,397.756487200,8401.030,8404.880,3.850,ok
735,398.290165460,398.298569030,398.298570380,8403.570,8404.920,1.350,ok
736,398.832198560,398.840599390,398.840598640,8400.830,8400.080,0.750,ok
737,399.374292600,399.382690170,399.382692010,8397.570,8399.410,1.840,ok
738,399.916344620,399.924740750,399.924745340,8396.130,8400.720,4.590,ok
739,400.458357340,400.466760870,400.466762870,8403.530,8405.530,2.000,ok
740,401.000479090,401.008860260,401.008881300,8381.170,8402.210,21.040,ok
741,401.542486080,401.550892420,401.550889210,8406.340,8403.130,3.210,ok
742,402.084476450,402.092877960,402.092876080,8401.510,8399.630,1.880,ok
743,402.626572920,402.634978510,402.634975490,8405.590,8402.570,3.020,ok
744,403.168585870,403.176989130,403.176994110,8403.260,8408.240,4.980,ok
745,403.710617890,403.719019540,403.719022000,8401.650,8404.110,2.460,ok
746,404.252683440,404.261085480,404.261085030,8402.040,8401.590,0.450,ok
747,404.794765850,404.803180530,404.803244860,8414.680,8479.010,64.330,ok
748,405.336807900,405.345216710,405.345216410,8408.810,8408.510,0.300,ok
749,405.878892750,405.887296430,405.887294360,8403.680,8401.610,2.070,ok
750,406.420952110,406.429367160,406.429367830,8415.050,8415.720,0.670,ok
751,406.962940770,406.971343070,406.971340470,8402.300,8399.700,2.600,ok
752,407.505023400,407.513420930,407.513423810,8397.530,8400.410,2.880,ok
753,408.047122790,408.055529220,408.055526910,8406.430,8404.120,2.310,ok
754,408.589154960,408.597559600,408.597560290,8404.640,8405.330,0.690,ok
755,409.131334010,409.139740270,409.139738030,8406.260,8404.020,2.240,ok
756,409.673466020,409.681871100,409.681871100,8405.080,8405.080,0.000,ok
757,410.215512030,410.223916520,410.223914860,8404.490,8402.830,1.660,ok
758,410.757654120,410.766024900,410.766057790,8370.780,8403.670,32.890,ok
759,411.299696730,411.308102630,411.308101070,8405.900,8404.340,1.560,ok
760,411.841679260,411.850083040,411.850084150,8403.780,8404.890,1.110,ok
761,412.383787270,412.392188490,412.392192090,8401.220,8404.820,3.600,ok
762,412.925872370,412.934283910,412.934280150,8411.540,8407.780,3.760,ok
763,413.467901990,413.476304470,413.476303390,8402.480,8401.400,1.080,ok
764,414.010032800,414.018430510,414.018431600,8397.710,8398.800,1.090,ok
765,414.552187060,414.560590400,414.560589860,8403.340,8402.800,0.540,ok
766,415.094241140,415.102651270,415.102647600,8410.130,8406.460,3.670,ok
767,415.636379000,415.644781850,415.644780820,8402.850,8401.820,1.030,ok
768,416.178458540,416.186862520,416.186863910,8403.980,8405.370,1.390,ok
769,416.720521750,416.728922840,416.728922270,8401.090,8400.520,0.570,ok
770,417.262603050,417.271008240,417.271005320,8405.190,8402.270,2.920,ok
771,417.804698880,417.813104120,417.813137500,8405.240,8438.620,33.380,ok
772,418.346705820,418.355109570,418.355106340,8403.750,8400.520,3.230,ok
773,418.888790840,418.897195390,418.897194590,8404.550,8403.750,0.800,ok
774,419.430819360,419.439215210,419.439280640,8395.850,8461.280,65.430,ok
775,419.972765030,419.981166180,419.981165930,8401.150,8400.900,0.250,ok
776,420.514862920,420.523281730,420.523279120,8418.810,8416.200,2.610,ok
777,421.056925670,421.065332270,421.065321210,8406.600,8395.540,11.060,ok
778,421.598958310,421.607362850,421.607360320,8404.540,8402.010,2.530,ok
779,422.141100450,422.149498270,422.149498520,8397.820,8398.070,0.250,ok
780,422.683118440,422.691523400,422.691510730,8404.960,8392.290,12.670,ok
781,423.225163440,423.233573110,423.233574610,8409.670,8411.170,1.500,ok
782,423.767330660,423.775729700,423.775732940,8399.040,8402.280,3.240,ok
783,424.309413280,424.317820230,424.317815960,8406.950,8402.680,4.270,ok
784,424.851408540,424.859810470,424.859814020,8401.930,8405.480,3.550,ok
785,425.393516010,425.401921370,425.401917290,8405.360,8401.280,4.080,ok
786,425.935582630,425.943986910,425.943985290,8404.280,8402.660,1.620,ok
787,426.477666490,426.486067520,426.486068140,8401.030,8401.650,0.620,ok
788,427.019782730,427.028187820,427.028186340,8405.090,8403.610,1.480,ok
789,427.561913490,427.570318630,427.570319840,8405.140,8406.350,1.210,ok
790,428.103954670,428.112359030,428.112357690,8404.360,8403.020,1.340,ok
791,428.646095590,428.654499450,428.654500790,8403.860,8405.200,1.340,ok
792,429.188200210,429.196600110,429.196604290,8399.900,8404.080,4.180,ok
793,429.730216820,429.738620810,429.738622210,8403.990,8405.390,1.400,ok
794,430.272309080,430.280710960,430.280715250,8401.880,8406.170,4.290,ok
795,430.814374840,430.822781460,430.822778310,8406.620,8403.470,3.150,ok
796,431.356390510,431.364791980,431.364791520,8401.470,8401.010,0.460,ok
797,431.898497080,431.906897760,431.906899620,8400.680,8402.540,1.860,ok
798,432.440525250,432.448904570,432.448932890,8379.320,8407.640,28.320,ok
799,432.982480470,432.990883420,432.990885750,8402.950,8405.280,2.330,ok
800,433.524583780,433.532989270,433.532989170,8405.490,8405.390,0.100,ok
801,434.066604970,434.075004900,434.075007460,8399.930,8402.490,2.560,ok
802,434.608641680,434.617033130,434.617055190,8391.450,8413.510,22.060,ok
803,435.150788730,435.159191020,435.159188210,8402.290,8399.480,2.810,ok
804,435.692823250,435.701241650,435.701241630,8418.400,8418.380,0.020,ok
805,436.234826260,436.243231930,436.243229610,8405.670,8403.350,2.320,ok
806,436.776858670,436.785262470,436.785262860,8403.800,8404.190,0.390,ok
807,437.318887930,437.327302760,437.327301090,8414.830,8413.160,1.670,ok
808,437.860826030,437.869228380,437.869229100,8402.350,8403.070,0.720,ok
809,438.402902230,438.411304260,438.411306960,8402.030,8404.730,2.700,ok
810,438.944901000,438.953304800,438.953265040,8403.800,8364.040,39.760,ok
811,439.486881150,439.495284880,439.495283400,8403.730,8402.250,1.480,ok
812,440.028913120,440.037315300,440.037316650,8402.180,8403.530,1.350,ok
813,440.570941590,440.579341010,440.579394340,8399.420,8452.750,53.330,ok
814,441.113024070,441.121426750,441.121427780,8402.680,8403.710,1.030,ok
815,441.655179640,441.663582140,441.663581020,8402.500,8401.380,1.120,ok
816,442.197263930,442.205730810,442.205669140,8466.880,8405.210,61.670,ok
817,442.739323440,442.747732890,442.747737080,8409.450,8413.640,4.190,ok
818,443.281464100,443.289883360,443.289885210,8419.260,8421.110,1.850,ok
819,443.823551550,443.831954250,443.831953500,8402.700,8401.950,0.750,ok
820,444.365540290,444.373940000,444.373941600,8399.710,8401.310,1.600,ok
821,444.907654680,444.916060210,444.916059790,8405.530,8405.110,0.420,ok
822,445.449705340,445.458110770,445.458112940,8405.430,8407.600,2.170,ok
823,445.991760500,446.000166210,446.000165670,8405.710,8405.170,0.540,ok
824,446.533906410,446.542311940,446.542308980,8405.530,8402.570,2.960,ok
825,447.076014940,447.084422230,447.084422210,8407.290,8407.270,0.020,ok
826,447.618068450,447.626487640,447.626490210,8419.190,8421.760,2.570,ok
827,448.160182940,448.168646240,448.168588810,8463.300,8405.870,57.430,ok
828,448.702215320,448.710618650,448.710621790,8403.330,8406.470,3.140,ok
829,449.244286690,449.252689130,449.252688190,8402.440,8401.500,0.940,ok
830,449.786407460,449.794810020,449.794812810,8402.560,8405.350,2.790,ok
831,450.328466200,450.336870470,450.336871280,8404.270,8405.080,0.810,ok
832,450.870514560,450.878916170,450.878919140,8401.610,8404.580,2.970,ok
833,451.412632430,451.421036370,451.421037220,8403.940,8404.790,0.850,ok
834,451.954711020,451.963117040,451.963115300,8406.020,8404.280,1.740,ok
835,452.496777170,452.505182450,452.505178390,8405.280,8401.220,4.060,ok
836,453.038950150,453.047352900,453.047356490,8402.750,8406.340,3.590,ok
837,453.581052390,453.589458330,453.589459570,8405.940,8407.180,1.240,ok
838,454.123070150,454.131473810,454.131471700,8403.660,8401.550,2.110,ok
839,454.665211130,454.673624650,454.673620990,8413.520,8409.860,3.660,ok
840,455.207263300,455.215675050,455.215674140,8411.750,8410.840,0.910,ok
841,455.749264560,455.757665510,455.757667100,8400.950,8402.540,1.590,ok
842,456.291385580,456.299786000,456.299785420,8400.420,8399.840,0.580,ok
843,456.833433480,456.841836470,456.841833340,8402.990,8399.860,3.130,ok
844,457.375467240,457.383872080,457.383871270,8404.840,8404.030,0.810,ok
845,457.917604320,457.926022370,457.926019690,8418.050,8415.370,2.680,ok
846,458.459686200,458.468093050,458.468092390,8406.850,8406.190,0.660,ok
847,459.001756790,459.010158450,459.010160850,8401.660,8404.060,2.400,ok
848,459.543870270,459.552273480,459.552273690,8403.210,8403.420,0.210,ok
849,460.085940850,460.094344580,460.094346970,8403.730,8406.120,2.390,ok
850,460.627937480,460.636340270,460.636340040,8402.790,8402.560,0.230,ok
851,461.169964610,461.178365600,461.178368420,8400.990,8403.810,2.820,ok
852,461.711996090,461.720401160,461.720401230,8405.070,8405.140,0.070,ok
853,462.253962430,462.262366370,462.262364440,8403.940,8402.010,1.930,ok
854,462.796042780,462.804446880,462.804447760,8404.100,8404.980,0.880,ok
855,463.338080370,463.346487340,463.346485600,8406.970,8405.230,1.740,ok
856,463.880051320,463.888452720,463.888453960,8401.400,8402.640,1.240,ok
857,464.422175030,464.430573900,464.430576900,8398.870,8401.870,3.000,ok
858,464.964223070,464.972629180,464.972629720,8406.110,8406.650,0.540,ok
859,465.506284310,465.514689390,465.514687260,8405.080,8402.950,2.130,ok
860,466.048422960,466.056835110,466.056835760,8412.150,8412.800,0.650,ok
861,466.590404970,466.598810640,466.598809330,8405.670,8404.360,1.310,ok
862,467.132422890,467.140825790,467.140827530,8402.900,8404.640,1.740,ok
863,467.674541840,,467.682945550,,8403.710,,missing_rx1
864,468.216597860,468.224996320,468.224998630,8398.460,8400.770,2.310,ok
865,468.758627520,468.767032450,468.767032010,8404.930,8404.490,0.440,ok
866,469.300739450,469.309142910,469.309144980,8403.460,8405.530,2.070,ok
867,469.842761160,469.851163380,469.851162920,8402.220,8401.760,0.460,ok
868,470.384810160,470.393214100,470.393210880,8403.940,8400.720,3.220,ok
869,470.926884110,470.935289690,470.935289280,8405.580,8405.170,0.410,ok
870,471.468925290,471.477329980,471.477332020,8404.690,8406.730,2.040,ok
871,472.010978250,472.019380530,472.019380160,8402.280,8401.910,0.370,ok
872,472.553077300,472.561481110,472.561483530,8403.810,8406.230,2.420,ok
873,473.095147710,473.103556600,473.103556820,8408.890,8409.110,0.220,ok
874,473.637171330,473.645615200,473.645574650,8443.870,8403.320,40.550,ok
875,474.179313990,474.187717520,474.187717790,8403.530,8403.800,0.270,ok
876,474.721399420,474.729803160,474.729805480,8403.740,8406.060,2.320,ok
877,475.263407460,475.271808460,475.271808660,8401.000,8401.200,0.200,ok
878,475.805486390,475.813889170,475.813891940,8402.780,8405.550,2.770,ok
879,476.347592050,476.355994650,476.355995250,8402.600,8403.200,0.600,ok
880,476.889635360,476.898040130,476.898038320,8404.770,8402.960,1.810,ok
881,477.431795080,477.440205280,477.440206060,8410.200,8410.980,0.780,ok
882,477.973876650,477.982281150,477.982279220,8404.500,8402.570,1.930,ok
883,478.515883080,478.524286800,478.524287520,8403.720,8404.440,0.720,ok
884,479.058038090,479.066436870,479.066435590,8398.780,8397.500,1.280,ok
885,479.600117210,479.608517450,479.608518450,8400.240,8401.240,1.000,ok
886,480.142119050,480.150523070,480.150521650,8404.020,8402.600,1.420,ok
887,480.684249470,480.692653050,480.692654990,8403.580,8405.520,1.940,ok
888,481.226348150,481.234758740,481.234758200,8410.590,8410.050,0.540,ok
889,481.768456640,481.776859260,481.776861390,8402.620,8404.750,2.130,ok
890,482.310623200,482.319034870,482.319034060,8411.670,8410.860,0.810,ok
891,482.852829940,482.861235060,482.861232230,8405.120,8402.290,2.830,ok
892,483.394844720,483.403250750,483.403250490,8406.030,8405.770,0.260,ok
893,483.936937310,483.945341420,483.945343390,8404.110,8406.080,1.970,ok
894,484.478965730,484.487372000,484.487371530,8406.270,8405.800,0.470,ok
895,485.021030340,485.029432440,485.029434500,8402.100,8404.160,2.060,ok
896,485.563160870,485.571562460,485.571562560,8401.590,8401.690,0.100,ok
897,486.105188840,486.113593190,486.113595840,8404.350,8407.000,2.650,ok
898,486.647251940,486.655653550,486.655653860,8401.610,8401.920,0.310,ok
899,487.189402970,487.197804270,487.197806780,8401.300,8403.810,2.510,ok
900,487.731494260,487.739899530,487.739900050,8405.270,8405.790,0.520,ok
901,488.273568410,488.281970060,488.281967950,8401.650,8399.540,2.110,ok
902,488.815676460,488.824080510,488.824081020,8404.050,8404.560,0.510,ok
903,489.357732330,489.366141250,489.366144140,8408.920,8411.810,2.890,ok
904,489.899750830,489.908151360,489.908152390,8400.530,8401.560,1.030,ok
905,490.441859810,,490.450331670,,8471.860,,missing_rx1
906,490.983969770,490.992371850,490.992373480,8402.080,8403.710,1.630,ok
907,491.526016500,491.534422940,491.534421270,8406.440,8404.770,1.670,ok
908,492.068127810,492.076533330,492.076529820,8405.520,8402.010,3.510,ok
909,492.610236900,492.618638570,492.618642880,8401.670,8405.980,4.310,ok
910,493.152296690,493.160699090,493.160700710,8402.400,8404.020,1.620,ok
911,493.694400810,493.702804750,493.702804040,8403.940,8403.230,0.710,ok
912,494.236520240,494.244925040,494.244922080,8404.800,8401.840,2.960,ok
913,494.778519570,494.786925690,494.786925220,8406.120,8405.650,0.470,ok
914,495.320582440,495.328986030,495.328982910,8403.590,8400.470,3.120,ok
915,495.862699730,495.871101310,495.871101170,8401.580,8401.440,0.140,ok
916,496.404805020,496.413206850,496.413204150,8401.830,8399.130,2.700,ok
917,496.946954020,496.955357170,496.955357060,8403.150,8403.040,0.110,ok
918,497.489162090,497.497562710,497.497560290,8400.620,8398.200,2.420,ok
919,498.031252050,498.039653460,498.039653530,8401.410,8401.480,0.070,ok
920,498.573402500,498.581803640,498.581806550,8401.140,8404.050,2.910,ok
921,499.115574410,499.123984140,499.123984440,8409.730,8410.030,0.300,ok
922,499.657609110,499.666014790,499.666012850,8405.680,8403.740,1.940,ok
923,500.199735860,500.208140140,500.208140650,8404.280,8404.790,0.510,ok
924,500.741887100,500.750290410,500.750288750,8403.310,8401.650,1.660,ok
925,501.283968470,,,,,,missing_rx1_rx2
926,501.826131110,501.834535990,501.834534500,8404.880,8403.390,1.490,ok
927,502.368207240,502.376611990,502.376613460,8404.750,8406.220,1.470,ok
928,502.910244630,502.918647150,502.918645990,8402.520,8401.360,1.160,ok
929,503.452351620,503.460757900,503.460754290,8406.280,8402.670,3.610,ok
930,503.994460530,504.002863330,504.002862050,8402.800,8401.520,1.280,ok
931,504.536520670,504.544923600,504.544925200,8402.930,8404.530,1.600,ok
932,505.078657910,505.087069310,505.087066630,8411.400,8408.720,2.680,ok
933,505.620714850,505.629124080,505.629126240,8409.230,8411.390,2.160,ok
934,506.162722450,506.171085550,506.171124540,8363.100,8402.090,38.990,ok
935,506.704709870,506.713115470,506.713112650,8405.600,8402.780,2.820,ok
936,507.246679820,507.255086130,507.255085450,8406.310,8405.630,0.680,ok
937,507.788658290,507.797061460,507.797057080,8403.170,8398.790,4.380,ok
938,508.330722070,508.339132110,508.339130480,8410.040,8408.410,1.630,ok
939,508.872837560,508.881242540,508.881240050,8404.980,8402.490,2.490,ok
940,509.414830480,509.423232940,509.423231760,8402.460,8401.280,1.180,ok
941,509.956943470,509.965352990,509.965356060,8409.520,8412.590,3.070,ok
942,510.498978960,510.507383630,510.507383750,8404.670,8404.790,0.120,ok
943,511.041064170,511.049469560,511.049467020,8405.390,8402.850,2.540,ok
944,511.583232200,511.591634530,511.591635150,8402.330,8402.950,0.620,ok
945,512.125286920,512.133689460,512.133693270,8402.540,8406.350,3.810,ok
946,512.667340550,512.675760680,512.675761400,8420.130,8420.850,0.720,ok
947,513.209499310,513.217901180,513.217904410,8401.870,8405.100,3.230,ok
948,513.751536060,513.759940150,513.759942470,8404.090,8406.410,2.320,ok
949,514.293526470,514.301931650,514.301995620,8405.180,8469.150,63.970,ok
950,514.835605850,514.844017030,514.844013430,8411.180,8407.580,3.600,ok
951,515.377706500,515.386113130,515.386111560,8406.630,8405.060,1.570,ok
952,515.919770340,515.928240070,515.928174350,8469.730,8404.010,65.720,ok
953,516.461897510,516.470299010,516.470302700,8401.500,8405.190,3.690,ok
954,517.003954790,517.012359220,517.012355880,8404.430,8401.090,3.340,ok
955,517.546011610,517.554414810,517.554413500,8403.200,8401.890,1.310,ok
956,518.088199130,518.096600180,518.096601950,8401.050,8402.820,1.770,ok
957,518.630300260,518.638705780,518.638704700,8405.520,8404.440,1.080,ok
958,519.172390910,519.180796320,519.180793090,8405.410,8402.180,3.230,ok
959,519.714546560,519.722951450,519.722951060,8404.890,8404.500,0.390,ok
960,520.256579650,520.264982280,520.264984070,8402.630,8404.420,1.790,ok
961,520.798671710,,520.807072080,,8400.370,,missing_rx1
962,521.340834840,521.349237340,521.349239930,8402.500,8405.090,2.590,ok
963,521.882894630,521.891334390,521.891298210,8439.760,8403.580,36.180,ok
964,522.424906700,522.433308970,522.433311390,8402.270,8404.690,2.420,ok
965,522.967050990,522.975454050,522.975454170,8403.060,8403.180,0.120,ok
966,523.509099890,523.517504780,523.517502540,8404.890,8402.650,2.240,ok
967,524.051151240,524.059565170,524.059560670,8413.930,8409.430,4.500,ok
968,524.593224890,524.601625570,524.601628560,8400.680,8403.670,2.990,ok
969,525.135291500,525.143695890,525.143763340,8404.390,8471.840,67.450,ok
970,525.677297270,525.685701300,525.685699350,8404.030,8402.080,1.950,ok
971,526.219442160,526.227846840,526.227847820,8404.680,8405.660,0.980,ok
972,526.761448410,526.769852610,526.769850910,8404.200,8402.500,1.700,ok
973,527.303481100,527.311882800,527.311883910,8401.700,8402.810,1.110,ok
974,527.845583790,527.853988250,527.853986730,8404.460,8402.940,1.520,ok
975,528.387625810,528.396028810,528.396029940,8403.000,8404.130,1.130,ok
976,528.929649080,528.938054460,528.938052950,8405.380,8403.870,1.510,ok
977,529.471789810,529.480189660,529.480190830,8399.850,8401.020,1.170,ok
978,530.013863160,530.022275140,530.022274060,8411.980,8410.900,1.080,ok
979,530.555956080,530.564360760,530.564362090,8404.680,8406.010,1.330,ok
980,531.098085810,531.106490940,531.106489760,8405.130,8403.950,1.180,ok
981,531.640175300,531.648581410,531.648578160,8406.110,8402.860,3.250,ok
982,532.182197320,532.190601800,532.190601470,8404.480,8404.150,0.330,ok
983,532.724297760,532.732758770,532.732699480,8461.010,8401.720,59.290,ok
984,533.266412270,533.274817930,533.274817480,8405.660,8405.210,0.450,ok
985,533.808469810,533.816873470,533.816870340,8403.660,8400.530,3.130,ok
986,534.350595100,534.358998730,534.358998420,8403.630,8403.320,0.310,ok
987,534.892731090,534.901134100,534.901136170,8403.010,8405.080,2.070,ok
988,535.434715500,535.443119760,535.443119360,8404.260,8403.860,0.400,ok
989,535.976843240,535.985245280,535.985242590,8402.040,8399.350,2.690,ok
990,536.518968840,536.527370260,536.527370670,8401.420,8401.830,0.410,ok
991,537.060992080,537.069395570,537.069393760,8403.490,8401.680,1.810,ok
992,537.603089030,537.611491470,537.611491190,8402.440,8402.160,0.280,ok
993,538.145248670,538.153651870,538.153654860,8403.200,8406.190,2.990,ok
994,538.687289510,538.695687460,538.695687940,8397.950,8398.430,0.480,ok
995,539.229405480,539.237807710,,8402.230,,,missing_rx2
996,539.771528660,539.779998160,539.779995540,8469.500,8466.880,2.620,ok
997,540.313634710,540.322038620,540.322038410,8403.910,8403.700,0.210,ok
998,540.855783590,540.864189140,540.864181320,8405.550,8397.730,7.820,ok
999,541.397870600,541.406274570,541.406269770,8403.970,8399.170,4.800,ok
1000,541.939972980,541.948374720,541.948372750,8401.740,8399.770,1.970,ok
1001,542.482163390,542.490575590,542.490575300,8412.200,8411.910,0.290,ok
1002,543.024211390,543.032675540,543.032678250,8464.150,8466.860,2.710,ok
1003,543.566310960,543.574713990,543.574711750,8403.030,8400.790,2.240,ok
1004,544.108431990,544.116836320,544.116834660,8404.330,8402.670,1.660,ok
1005,544.650493580,544.658961700,544.658962840,8468.120,8469.260,1.140,ok
1006,545.192632950,545.201032580,545.201030970,8399.630,8398.020,1.610,ok
1007,545.734635960,545.743037740,545.743038520,8401.780,8402.560,0.780,ok
1008,546.276668520,546.285153080,546.285151590,8484.560,8483.070,1.490,ok
1009,546.818749100,546.827148430,546.827149890,8399.330,8400.790,1.460,ok
1010,547.360763580,547.369169240,547.369167630,8405.660,8404.050,1.610,ok
1011,547.902817100,547.911284530,547.911280860,8467.430,8463.760,3.670,ok
1012,548.444924600,548.453325000,548.453323880,8400.400,8399.280,1.120,ok
1013,548.987011820,548.995415320,548.995416910,8403.500,8405.090,1.590,ok
1014,549.529061800,549.537530610,549.537529840,8468.810,8468.040,0.770,ok
1015,550.071178150,550.079581160,550.079583110,8403.010,8404.960,1.950,ok
1016,550.613196830,550.621668790,550.621600880,8471.960,8404.050,67.910,ok
1017,551.155253810,551.163722150,551.163718860,8468.340,8465.050,3.290,ok
1018,551.697332700,551.705737350,551.705736980,8404.650,8404.280,0.370,ok
1019,552.239316400,552.247717940,552.247720190,8401.540,8403.790,2.250,ok
1020,552.781395000,552.789793160,552.789859560,8398.160,8464.560,66.400,ok
1021,553.323454330,553.331858600,553.331856230,8404.270,8401.900,2.370,ok
1022,553.865507950,,,,,,missing_rx1_rx2
1023,554.407564190,554.415963900,554.415914210,8399.710,8350.020,49.690,ok
1024,554.949726310,554.958129750,554.958129670,8403.440,8403.360,0.080,ok
1025,555.491752760,555.500155110,555.500157810,8402.350,8405.050,2.700,ok
1026,556.033828480,556.042205410,556.042205920,8376.930,8377.440,0.510,ok
1027,556.575938700,556.584404770,556.584343860,8466.070,8405.160,60.910,ok
1028,557.118011880,557.126416270,557.126417090,8404.390,8405.210,0.820,ok
1029,557.660166270,557.668566740,557.668565310,8400.470,8399.040,1.430,ok
1030,558.202307630,558.210707090,558.210707890,8399.460,8400.260,0.800,ok
1031,558.744349270,558.752752350,558.752751440,8403.080,8402.170,0.910,ok
1032,559.286493720,559.294892820,559.294894150,8399.100,8400.430,1.330,ok
1033,559.828574550,559.836978720,559.836977070,8404.170,8402.520,1.650,ok
1034,560.370627060,560.379023680,560.379025200,8396.620,8398.140,1.520,ok
1035,560.912699380,560.921079040,560.921078410,8379.660,8379.030,0.630,ok
1036,561.454670140,561.463074570,561.463071200,8404.430,8401.060,3.370,ok
1037,561.996740500,562.005144950,562.005144240,8404.450,8403.740,0.710,ok
1038,562.538847430,562.547283410,562.547227410,8435.980,8379.980,56.000,ok
1039,563.080838140,563.089240510,563.089240390,8402.370,8402.250,0.120,ok
1040,563.622858460,563.631261290,563.631324880,8402.830,8466.420,63.590,ok
1041,564.164986150,564.173391290,564.173391330,8405.140,8405.180,0.040,ok
1042,564.707037200,564.715436570,564.715439150,8399.370,8401.950,2.580,ok
1043,565.249069960,565.257472580,565.257530620,8402.620,8460.660,58.040,ok
1044,565.791218570,565.799622700,565.799620410,8404.130,8401.840,2.290,ok
1045,566.333291550,566.341692730,566.341693390,8401.180,8401.840,0.660,ok
1046,566.875255620,566.883658830,566.883685240,8403.210,8429.620,26.410,ok
1047,567.417396390,567.425803770,567.425804480,8407.380,8408.090,0.710,ok
1048,567.959509910,567.967919300,567.967922540,8409.390,8412.630,3.240,ok
1049,568.501500580,568.509904610,568.509887820,8404.030,8387.240,16.790,ok
1050,569.043641190,569.052045070,569.052043730,8403.880,8402.540,1.340,ok
1051,569.585612010,569.594015530,569.594016580,8403.520,8404.570,1.050,ok
1052,570.127617130,570.136036070,570.135985910,8418.940,8368.780,50.160,ok
1053,570.669710930,570.678111010,570.678112790,8400.080,8401.860,1.780,ok
1054,571.211723530,571.220126820,571.220125580,8403.290,8402.050,1.240,ok
1055,571.753705580,571.762107280,571.762174880,8401.700,8469.300,67.600,ok
1056,572.295817080,572.304222380,572.304221710,8405.300,8404.630,0.670,ok
1057,572.837891160,572.846292840,572.846294360,8401.680,8403.200,1.520,ok
1058,573.379931980,573.388333180,573.388329920,8401.200,8397.940,3.260,ok
1059,573.922071210,573.930473770,573.930475740,8402.560,8404.530,1.970,ok
1060,574.464121570,574.472524170,574.472523460,8402.600,8401.890,0.710,ok
1061,575.006107880,575.014509350,575.014511780,8401.470,8403.900,2.430,ok
1062,575.548165360,575.556569910,575.556569500,8404.550,8404.140,0.410,ok
1063,576.090278470,576.098680120,576.098682740,8401.650,8404.270,2.620,ok
1064,576.632315010,576.640720640,576.640720750,8405.630,8405.740,0.110,ok
1065,577.174386660,577.182790710,577.182788760,8404.050,8402.100,1.950,ok
1066,577.716415280,577.724821270,577.724821920,8405.990,8406.640,0.650,ok
1067,578.258428350,578.266890620,578.266829760,8462.270,8401.410,60.860,ok
1068,578.800564240,578.808967430,578.808967730,8403.190,8403.490,0.300,ok
1069,579.342677220,579.351097340,579.351095870,8420.120,8418.650,1.470,ok
1070,579.884737140,579.893143250,579.893138680,8406.110,8401.540,4.570,ok
1071,580.426916100,580.435318440,580.435321670,8402.340,8405.570,3.230,ok
1072,580.968998970,580.977398650,580.977399850,8399.680,8400.880,1.200,ok
1073,581.511017950,581.519419060,581.519418090,8401.110,8400.140,0.970,ok
1074,582.053169860,582.061574620,582.061571020,8404.760,8401.160,3.600,ok
1075,582.595243780,582.603654780,582.603653740,8411.000,8409.960,1.040,ok
1076,583.137316960,583.145720300,583.145716770,8403.340,8399.810,3.530,ok
1077,583.679547720,583.687946000,583.687949680,8398.280,8401.960,3.680,ok
1078,584.221686990,584.230095900,584.230097730,8408.910,8410.740,1.830,ok
1079,584.763747250,584.772151390,,8404.140,,,missing_rx2
1080,585.305880600,585.314281890,585.314283290,8401.290,8402.690,1.400,ok
1081,585.848001070,585.856407400,585.856464490,8406.330,8463.420,57.090,ok
1082,586.390032400,586.398432940,586.398434810,8400.540,8402.410,1.870,ok
1083,586.932156370,586.940557950,586.940558000,8401.580,8401.630,0.050,ok
1084,587.474224530,587.482628260,587.482688970,8403.730,8464.440,60.710,ok
1085,588.016215810,588.024618940,588.024618740,8403.130,8402.930,0.200,ok
1086,588.558348410,588.566754290,588.566751540,8405.880,8403.130,2.750,ok
1087,589.100427940,589.108829640,589.108892430,8401.700,8464.490,62.790,ok
1088,589.642427080,589.650829890,589.650827710,8402.810,8400.630,2.180,ok
1089,590.184505800,590.192910470,590.192910800,8404.670,8405.000,0.330,ok
1090,590.726629860,590.735030880,590.735025790,8401.020,8395.930,5.090,ok
1091,591.268675270,591.277081480,591.277081590,8406.210,8406.320,0.110,ok
1092,591.810779510,591.819181750,591.819184620,8402.240,8405.110,2.870,ok
1093,592.352888210,592.361292040,592.361291810,8403.830,8403.600,0.230,ok
1094,592.894858280,592.903262390,592.903260940,8404.110,8402.660,1.450,ok
1095,593.436972250,593.445377620,593.445373740,8405.370,8401.490,3.880,ok
1096,593.979083470,593.987483200,593.987481830,8399.730,8398.360,1.370,ok
1097,594.521167980,594.529573690,594.529569760,8405.710,8401.780,3.930,ok
1098,595.063298620,595.071765730,595.071698060,8467.110,8399.440,67.670,ok
1099,595.605433260,595.613839490,595.613835940,8406.230,8402.680,3.550,ok
1100,596.147407770,596.155809820,596.155808930,8402.050,8401.160,0.890,ok
1101,596.689492420,596.697895250,596.697896980,8402.830,8404.560,1.730,ok
1102,597.231625480,597.240025490,597.240024610,8400.010,8399.130,0.880,ok
1103,597.773652970,597.782055810,597.782058040,8402.840,8405.070,2.230,ok
1104,598.315745600,598.324146440,598.324145990,8400.840,8400.390,0.450,ok
1105,598.857853740,598.866256770,598.866259000,8403.030,8405.260,2.230,ok
1106,599.399822580,599.408227440,599.408226920,8404.860,8404.340,0.520,ok
1107,599.941903180,599.950292640,599.950305120,8389.460,8401.940,12.480,ok
1108,600.483917620,600.492387960,600.492387960,8470.340,8470.340,0.000,ok
1109,601.025973840,601.034378260,601.034375970,8404.420,8402.130,2.290,ok
1110,601.568047480,601.576453960,601.576449080,8406.480,8401.600,4.880,ok
1111,602.110197300,602.118598870,602.118602130,8401.570,8404.830,3.260,ok
1112,602.652245620,602.660649760,602.660649840,8404.140,8404.220,0.080,ok
1113,603.194301770,603.202705050,603.202703200,8403.280,8401.430,1.850,ok
1114,603.736467950,603.744870430,603.744871170,8402.480,8403.220,0.740,ok
1115,604.278489910,604.286890680,604.286894070,8400.770,8404.160,3.390,ok
1116,604.820576520,604.828981360,604.828982120,8404.840,8405.600,0.760,ok
1117,605.362663930,605.371081880,605.371084960,8417.950,8421.030,3.080,ok
1118,605.904646030,605.913052210,605.913046730,8406.180,8400.700,5.480,ok
1119,606.446773650,606.455177370,606.455175960,8403.720,8402.310,1.410,ok
1120,606.988857920,606.997273010,606.997273880,8415.090,8415.960,0.870,ok
1121,607.530886530,607.539288170,607.539291880,8401.640,8405.350,3.710,ok
1122,608.072968100,608.081373690,608.081369910,8405.590,8401.810,3.780,ok
1123,608.615097290,608.623509210,608.623508140,8411.920,8410.850,1.070,ok
1124,609.157090670,609.165494700,609.165496060,8404.030,8405.390,1.360,ok
1125,609.699190880,609.707594480,609.707593830,8403.600,8402.950,0.650,ok
1126,610.241241550,610.249645110,610.249647040,8403.560,8405.490,1.930,ok
1127,610.783334600,610.791793720,610.791745080,8459.120,8410.480,48.640,ok
1128,611.325429770,611.333830880,611.333832960,8401.110,8403.190,2.080,ok
1129,611.867561040,611.875981410,611.875981200,8420.370,8420.160,0.210,ok
1130,612.409570710,612.417977210,612.417973800,8406.500,8403.090,3.410,ok
1131,612.951656340,612.960057320,612.960062050,8400.980,8405.710,4.730,ok
1132,613.493675250,613.502082610,613.502079960,8407.360,8404.710,2.650,ok
1133,614.035713380,614.044118200,614.044118020,8404.820,8404.640,0.180,ok
1134,614.577867940,614.586273520,614.586270930,8405.580,8402.990,2.590,ok
1135,615.119998920,615.128408770,615.128409030,8409.850,8410.110,0.260,ok
1136,615.662082420,615.670484300,615.670486770,8401.880,8404.350,2.470,ok
1137,616.204221530,616.212619130,616.212620060,8397.600,8398.530,0.930,ok
1138,616.746436840,616.754895260,616.754843050,8458.420,8406.210,52.210,ok
1139,617.288455500,617.296860480,617.296861170,8404.980,8405.670,0.690,ok
1140,617.830549730,617.838950770,617.838948720,8401.040,8398.990,2.050,ok
1141,618.372588310,618.380991660,618.380991970,8403.350,8403.660,0.310,ok
1142,618.914656150,618.923061900,618.923059960,8405.750,8403.810,1.940,ok
1143,619.456791620,619.465191750,619.465249280,8400.130,8457.660,57.530,ok
1144,619.998938060,620.007342430,620.007341090,8404.370,8403.030,1.340,ok
1145,620.540959160,620.549362940,620.549359010,8403.780,8399.850,3.930,ok
1146,621.083022870,621.091428170,621.091427220,8405.300,8404.350,0.950,ok
1147,621.625036060,621.633487910,621.633440040,8451.850,8403.980,47.870,ok
1148,622.167043990,622.175448740,622.175447990,8404.750,8404.000,0.750,ok
1149,622.709140150,622.717544210,622.717545730,8404.060,8405.580,1.520,ok
1150,623.251270400,623.259679950,623.259678890,8409.550,8408.490,1.060,ok
1151,623.793351080,623.801755340,623.801756770,8404.260,8405.690,1.430,ok
1152,624.335521180,624.343920570,624.343919790,8399.390,8398.610,0.780,ok
1153,624.877590150,624.885995710,624.885992860,8405.560,8402.710,2.850,ok
1154,625.419635000,625.428041410,625.428040790,8406.410,8405.790,0.620,ok
1155,625.961797840,625.970201860,625.970198720,8404.020,8400.880,3.140,ok
1156,626.503858230,626.512297090,626.512261860,8438.860,8403.630,35.230,ok
1157,627.045880430,627.054282700,627.054284890,8402.270,8404.460,2.190,ok
1158,627.588003940,627.596407910,627.596407640,8403.970,8403.700,0.270,ok
1159,628.130066740,628.138473350,628.138470780,8406.610,8404.040,2.570,ok
1160,628.672113290,628.680518720,628.680518840,8405.430,8405.550,0.120,ok
1161,629.214201910,629.222604070,629.222607060,8402.160,8405.150,2.990,ok
1162,629.756291140,629.764694350,629.764694600,8403.210,8403.460,0.250,ok
1163,630.298372940,630.306774910,630.306777400,8401.970,8404.460,2.490,ok
1164,630.840505950,630.848910190,630.848910740,8404.240,8404.790,0.550,ok
1165,631.382592980,631.391062630,631.390998760,8469.650,8405.780,63.870,ok
1166,631.924650920,631.933055700,631.933051700,8404.780,8400.780,4.000,ok
1167,632.466834330,632.475236330,632.475239620,8402.000,8405.290,3.290,ok
1168,633.008942270,633.017346750,633.017347630,8404.480,8405.360,0.880,ok
1169,633.550985740,633.559391620,633.559390190,8405.880,8404.450,1.430,ok
1170,634.093163510,634.101566580,634.101568830,8403.070,8405.320,2.250,ok
1171,634.635277500,634.643677830,634.643676250,8400.330,8398.750,1.580,ok
1172,635.177353750,635.185758260,635.185754520,8404.510,8400.770,3.740,ok
1173,635.719531320,635.727933690,635.727932480,8402.370,8401.160,1.210,ok
1174,636.261640070,636.270044080,636.270045110,8404.010,8405.040,1.030,ok
1175,636.803728870,636.812133180,636.812133830,8404.310,8404.960,0.650,ok
1176,637.345915140,637.354319710,637.354316380,8404.570,8401.240,3.330,ok
1177,637.887953200,637.896359640,637.896359700,8406.440,8406.500,0.060,ok
1178,638.429954330,638.438355260,638.438357410,8400.930,8403.080,2.150,ok
1179,638.972047980,638.980450850,638.980450440,8402.870,8402.460,0.410,ok
1180,639.514108600,639.522511090,639.522513410,8402.490,8404.810,2.320,ok
1181,640.056144540,640.064546570,640.064546370,8402.030,8401.830,0.200,ok
1182,640.598302670,640.606706780,640.606704380,8404.110,8401.710,2.400,ok
1183,641.140419500,641.148822470,641.148822280,8402.970,8402.780,0.190,ok
1184,641.682453510,641.690857460,641.690855230,8403.950,8401.720,2.230,ok
1185,642.224532630,642.232937890,642.232933400,8405.260,8400.770,4.490,ok
1186,642.766614380,642.775018270,642.775020860,8403.890,8406.480,2.590,ok
1187,643.308613690,643.317018480,643.317014310,8404.790,8400.620,4.170,ok
1188,643.850776170,643.859184170,643.859182230,8408.000,8406.060,1.940,ok
1189,644.392960520,644.401364020,644.401365300,8403.500,8404.780,1.280,ok
1190,644.934990060,644.943394460,644.943392260,8404.400,8402.200,2.200,ok
1191,645.477075280,645.485479950,645.485476300,8404.670,8401.020,3.650,ok
1192,646.019081710,646.027485360,646.027484100,8403.650,8402.390,1.260,ok
1193,646.561087630,646.569490790,646.569492050,8403.160,8404.420,1.260,ok
1194,647.103226450,647.111702670,647.111635110,8476.220,8408.660,67.560,ok
1195,647.645236900,647.653641530,647.653643340,8404.630,8406.440,1.810,ok
1196,648.187291520,648.195696970,648.195696300,8405.450,8404.780,0.670,ok
1197,648.729416390,648.737822210,648.737818910,8405.820,8402.520,3.300,ok
1198,649.271538400,649.279942500,649.279941830,8404.100,8403.430,0.670,ok
1199,649.813588430,649.821992960,649.821990390,8404.530,8401.960,2.570,ok
1200,650.355778760,650.364183350,650.364183240,8404.590,8404.480,0.110,ok
1201,650.897904900,650.906308700,650.906311190,8403.800,8406.290,2.490,ok
1202,651.440001890,651.448404290,651.448404070,8402.400,8402.180,0.220,ok
1203,651.982162530,651.990563290,651.990561920,8400.760,8399.390,1.370,ok
1204,652.524261390,652.532664560,652.532722640,8403.170,8461.250,58.080,ok
1205,653.066287800,653.074690440,653.074693200,8402.640,8405.400,2.760,ok
1206,653.608411770,653.616815430,653.616816030,8403.660,8404.260,0.600,ok
1207,654.150471970,654.158875540,654.158873920,8403.570,8401.950,1.620,ok
1208,654.692521950,654.700926010,654.700922000,8404.060,8400.050,4.010,ok
1209,655.234633800,655.243036530,655.243034830,8402.730,8401.030,1.700,ok
1210,655.776713100,655.785116970,655.785117840,8403.870,8404.740,0.870,ok
1211,656.318747030,656.327147130,656.327150840,8400.100,8403.810,3.710,ok
1212,656.860891520,656.869292800,656.869293960,8401.280,8402.440,1.160,ok
1213,657.402961990,657.411367960,657.411366630,8405.970,8404.640,1.330,ok
1214,657.945019540,657.953481490,657.953424980,8461.950,8405.440,56.510,ok
1215,658.487178800,658.495583390,658.495582710,8404.590,8403.910,0.680,ok
1216,659.029257410,659.037669340,659.037670630,8411.930,8413.220,1.290,ok
1217,659.571235890,659.579639300,659.579638650,8403.410,8402.760,0.650,ok
1218,660.113293450,660.121694590,660.121696690,8401.140,8403.240,2.100,ok
1219,660.655369060,660.663779980,660.663779420,8410.920,8410.360,0.560,ok
1220,661.197389770,661.205790250,661.205792550,8400.480,8402.780,2.300,ok
1221,661.739525910,661.747925550,661.747925410,8399.640,8399.500,0.140,ok
1222,662.281609350,662.290016170,662.290013640,8406.820,8404.290,2.530,ok
1223,662.823652820,662.832005970,662.832056830,8353.150,8404.010,50.860,ok
1224,663.365794990,663.374216740,663.374214520,8421.750,8419.530,2.220,ok
1225,663.907881000,663.916285750,663.916287710,8404.750,8406.710,1.960,ok
1226,664.449924150,,664.458325590,,8401.440,,missing_rx1
1227,664.992088030,665.000491260,665.000493530,8403.230,8405.500,2.270,ok
1228,665.534155950,665.542556970,665.542561550,8401.020,8405.600,4.580,ok
1229,666.076205710,666.084608500,666.084609220,8402.790,8403.510,0.720,ok
1230,666.618329360,666.626733500,666.626732760,8404.140,8403.400,0.740,ok
1231,667.160410490,667.168814090,667.168815450,8403.600,8404.960,1.360,ok
1232,667.702504250,667.710904450,667.710903350,8400.200,8399.100,1.100,ok
1233,668.244632980,668.253034570,668.253036370,8401.590,8403.390,1.800,ok
1234,668.786671530,668.795075060,668.795074450,8403.530,8402.920,0.610,ok
1235,669.328651290,669.337055400,669.337052600,8404.110,8401.310,2.800,ok
1236,669.870779370,669.879185880,669.879185330,8406.510,8405.960,0.550,ok
1237,670.412864210,670.421270690,670.421268340,8406.480,8404.130,2.350,ok
1238,670.954928510,670.963331720,670.963331440,8403.210,8402.930,0.280,ok
1239,671.497054750,671.505456980,671.505454010,8402.230,8399.260,2.970,ok
1240,672.039149590,672.047546890,672.047605010,8397.300,8455.420,58.120,ok
1241,672.581208320,672.589612450,672.589610370,8404.130,8402.050,2.080,ok
1242,673.123394590,673.131798090,673.131797930,8403.500,8403.340,0.160,ok
1243,673.665473310,673.673936700,673.673876120,8463.390,8402.810,60.580,ok
1244,674.207496540,674.215898340,674.215899080,8401.800,8402.540,0.740,ok
1245,674.749625130,674.758028660,674.758026930,8403.530,8401.800,1.730,ok
1246,675.291692590,675.300099090,675.300094020,8406.500,8401.430,5.070,ok
1247,675.833780090,675.842184360,675.842182890,8404.270,8402.800,1.470,ok
1248,676.375893550,676.384294870,676.384362540,8401.320,8468.990,67.670,ok
1249,676.917997050,676.926409910,676.926409000,8412.860,8411.950,0.910,ok
1250,677.460028410,677.468430510,677.468431730,8402.100,8403.320,1.220,ok
1251,678.002194870,678.010595860,678.010600210,8400.990,8405.340,4.350,ok
1252,678.544328310,678.552788850,678.552732810,8460.540,8404.500,56.040,ok
1253,679.086391270,679.094796800,679.094795890,8405.530,8404.620,0.910,ok
1254,679.628540300,679.636941930,679.636943740,8401.630,8403.440,1.810,ok
1255,680.170606840,680.179012060,680.179011760,8405.220,8404.920,0.300,ok
1256,680.712655740,,680.721126300,,8470.560,,missing_rx1
1257,681.254766780,681.263169760,681.263168050,8402.980,8401.270,1.710,ok
1258,681.796859840,681.805264840,681.805265890,8405.000,8406.050,1.050,ok
1259,682.338848550,682.347250200,682.347253760,8401.650,8405.210,3.560,ok
1260,682.880972550,682.889375560,682.889376670,8403.010,8404.120,1.110,ok
1261,683.423017090,683.431479990,683.431419500,8462.900,8402.410,60.490,ok
1262,683.965071880,683.973476130,683.973477450,8404.250,8405.570,1.320,ok
1263,684.507204630,684.515611660,684.515610650,8407.030,8406.020,1.010,ok
1264,685.049202130,685.057607160,685.057608870,8405.030,8406.740,1.710,ok
1265,685.591232560,685.599637040,685.599636650,8404.480,8404.090,0.390,ok
1266,686.133328750,686.141732230,686.141734560,8403.480,8405.810,2.330,ok
1267,686.675402730,686.683808110,686.683873780,8405.380,8471.050,65.670,ok
1268,687.217400200,687.225803200,687.225805520,8403.000,8405.320,2.320,ok
1269,687.759518910,687.767923750,687.767922660,8404.840,8403.750,1.090,ok
1270,688.301597510,688.310023690,688.310001570,8426.180,8404.060,22.120,ok
1271,688.843610010,688.852008810,688.852014660,8398.800,8404.650,5.850,ok
1272,689.385718630,689.394124470,689.394122260,8405.840,8403.630,2.210,ok
1273,689.927813880,689.936220040,689.936220500,8406.160,8406.620,0.460,ok
1274,690.469860480,690.478260310,690.478262970,8399.830,8402.490,2.660,ok
1275,691.011977870,691.020380570,691.020381470,8402.700,8403.600,0.900,ok
1276,691.554072390,691.562476020,691.562474430,8403.630,8402.040,1.590,ok
1277,692.096034500,692.104436230,692.104437320,8401.730,8402.820,1.090,ok
1278,692.638176770,692.646576560,692.646575150,8399.790,8398.380,1.410,ok
1279,693.180273740,693.188658290,693.188673000,8384.550,8399.260,14.710,ok
1280,693.722316610,693.730717290,693.730721140,8400.680,8404.530,3.850,ok
1281,694.264456440,694.272854930,694.272859180,8398.490,8402.740,4.250,ok
1282,694.806528350,694.814932750,694.814932380,8404.400,8404.030,0.370,ok
1283,695.348556650,695.356958070,695.356960020,8401.420,8403.370,1.950,ok
1284,695.890633640,,,,,,missing_rx1_rx2
1285,696.432708570,696.441118340,696.441115490,8409.770,8406.920,2.850,ok
1286,696.974713270,696.983119200,696.983118570,8405.930,8405.300,0.630,ok
1287,697.516861010,697.525264680,697.525266620,8403.670,8405.610,1.940,ok
1288,698.058911300,698.067314780,698.067314760,8403.480,8403.460,0.020,ok
1289,698.600889310,698.609295020,698.609292900,8405.710,8403.590,2.120,ok
1290,699.142995400,699.151395200,699.151395660,8399.800,8400.260,0.460,ok
1291,699.685056580,699.693460600,699.693458800,8404.020,8402.220,1.800,ok
1292,700.227085380,700.235490890,700.235486500,8405.510,8401.120,4.390,ok
1293,700.769215700,700.777621420,700.777677760,8405.720,8462.060,56.340,ok
1294,701.311288460,701.319691280,701.319687510,8402.820,8399.050,3.770,ok
1295,701.853365630,701.861772020,701.861770910,8406.390,8405.280,1.110,ok
1296,702.395478430,702.403882260,702.403892760,8403.830,8414.330,10.500,ok
1297,702.937530310,702.945938010,702.945936390,8407.700,8406.080,1.620,ok
1298,703.479548360,703.487952810,703.487949460,8404.450,8401.100,3.350,ok
1299,704.021629450,704.030033400,704.030032510,8403.950,8403.060,0.890,ok
1300,704.563674160,704.572078450,704.572080500,8404.290,8406.340,2.050,ok
1301,705.105676290,705.114079190,705.114078530,8402.900,8402.240,0.660,ok
1302,705.647789210,705.656194090,705.656257810,8404.880,8468.600,63.720,ok
1303,706.189788160,706.198194670,706.198194230,8406.510,8406.070,0.440,ok
1304,706.731768080,706.740236810,706.740172350,8468.730,8404.270,64.460,ok
1305,707.273842250,707.282245280,707.282245190,8403.030,8402.940,0.090,ok
1306,707.815827690,707.824230400,707.824233320,8402.710,8405.630,2.920,ok
1307,708.357810400,708.366210900,708.366211440,8400.500,8401.040,0.540,ok
1308,708.899900610,708.908306250,708.908304320,8405.640,8403.710,1.930,ok
1309,709.441960940,709.450366530,709.450367330,8405.590,8406.390,0.800,ok
1310,709.984049200,709.992452090,709.992450570,8402.890,8401.370,1.520,ok
1311,710.526197780,710.534602080,710.534603430,8404.300,8405.650,1.350,ok
1312,711.068250690,711.076657200,711.076656350,8406.510,8405.660,0.850,ok
1313,711.610220110,711.618622960,711.618624360,8402.850,8404.250,1.400,ok
1314,712.152312730,712.160713000,712.160716280,8400.270,8403.550,3.280,ok
1315,712.694409250,712.702813500,712.702815590,8404.250,8406.340,2.090,ok
1316,713.236450730,713.244853860,713.244853200,8403.130,8402.470,0.660,ok
1317,713.778595870,713.786999070,713.787005450,8403.200,8409.580,6.380,ok
1318,714.320617720,714.329024450,714.329024240,8406.730,8406.520,0.210,ok
1319,714.862623620,714.871024580,714.871025870,8400.960,8402.250,1.290,ok
1320,715.404738570,715.413140260,715.413140040,8401.690,8401.470,0.220,ok
1321,715.946755340,715.955160450,715.955163120,8405.110,8407.780,2.670,ok
1322,716.488759580,716.497219410,716.497161100,8459.830,8401.520,58.310,ok
1323,717.030793790,717.039196020,717.039176230,8402.230,8382.440,19.790,ok
1324,717.572837590,717.581246230,717.581246790,8408.640,8409.200,0.560,ok
1325,718.114816900,718.123221890,718.123219820,8404.990,8402.920,2.070,ok
1326,718.656935350,718.665337060,718.665338110,8401.710,8402.760,1.050,ok
1327,719.199012950,719.207417310,719.207415790,8404.360,8402.840,1.520,ok
1328,719.740971280,719.749377860,719.749373850,8406.580,8402.570,4.010,ok
1329,720.283074420,720.291472790,720.291476240,8398.370,8401.820,3.450,ok
1330,720.825100190,720.833503180,720.833504380,8402.990,8404.190,1.200,ok
1331,721.367154450,721.375558190,721.375557160,8403.740,8402.710,1.030,ok
1332,721.909247880,721.917648980,721.917650470,8401.100,8402.590,1.490,ok
1333,722.451309730,722.459714430,722.459713250,8404.700,8403.520,1.180,ok
1334,722.993263210,723.001669760,723.001666430,8406.550,8403.220,3.330,ok
1335,723.535294740,723.543699810,723.543698960,8405.070,8404.220,0.850,ok
1336,724.077401050,724.085805160,724.085802260,8404.110,8401.210,2.900,ok
1337,724.619410060,724.627815810,724.627815080,8405.750,8405.020,0.730,ok
1338,725.161550530,725.169956020,725.169953340,8405.490,8402.810,2.680,ok
1339,725.703599550,725.712001060,725.712006150,8401.510,8406.600,5.090,ok
1340,726.245616390,726.254007530,726.254019280,8391.140,8402.890,11.750,ok
1341,726.787757320,726.796161990,726.796161870,8404.670,8404.550,0.120,ok
1342,727.329796610,727.338207100,,8410.490,,,missing_rx2
1343,727.871856720,727.880262220,727.880257400,8405.500,8400.680,4.820,ok
1344,728.414014170,728.422412550,728.422415640,8398.380,8401.470,3.090,ok
1345,728.956100300,728.964508030,728.964503480,8407.730,8403.180,4.550,ok
1346,729.498148020,729.506547980,729.506546540,8399.960,8398.520,1.440,ok
1347,730.040279980,730.048683740,730.048684690,8403.760,8404.710,0.950,ok
1348,730.582379810,730.590784090,730.590787260,8404.280,8407.450,3.170,ok
1349,731.124407230,731.132809170,731.132810090,8401.940,8402.860,0.920,ok
1350,731.666559970,731.674964750,731.674963380,8404.780,8403.410,1.370,ok
1351,732.208643500,732.217044810,732.217046190,8401.310,8402.690,1.380,ok
1352,732.750729900,732.759140200,732.759139110,8410.300,8409.210,1.090,ok
1353,733.292833850,733.301235360,733.301237020,8401.510,8403.170,1.660,ok
1354,733.834902520,733.843310880,733.843310120,8408.360,8407.600,0.760,ok
1355,734.376927780,734.385331010,734.385381470,8403.230,8453.690,50.460,ok
1356,734.919056430,734.927461750,734.927460650,8405.320,8404.220,1.100,ok
1357,735.461120680,735.469526680,735.469523710,8406.000,8403.030,2.970,ok
1358,736.003149400,736.011552110,736.011551570,8402.710,8402.170,0.540,ok
1359,736.545271280,736.553672370,736.553674860,8401.090,8403.580,2.490,ok
1360,737.087316280,737.095722530,737.095722850,8406.250,8406.570,0.320,ok
1361,737.629350950,737.637752900,737.637755670,8401.950,8404.720,2.770,ok
1362,738.171497620,738.179898210,738.179898280,8400.590,8400.660,0.070,ok
1363,738.713564360,738.721978700,738.721976250,8414.340,8411.890,2.450,ok
1364,739.255667490,739.264069000,739.264069110,8401.510,8401.620,0.110,ok
1365,739.797817950,739.806219370,739.806222240,8401.420,8404.290,2.870,ok
1366,740.339934370,740.348339500,740.348340140,8405.130,8405.770,0.640,ok
1367,740.882029270,740.890440000,740.890437980,8410.730,8408.710,2.020,ok
1368,741.424208980,741.432609990,741.432610880,8401.010,8401.900,0.890,ok
1369,741.966351650,741.974760360,741.974763650,8408.710,8412.000,3.290,ok
1370,742.508436950,742.516835840,742.516836930,8398.890,8399.980,1.090,ok
1371,743.050569410,743.058970930,743.058974620,8401.520,8405.210,3.690,ok
1372,743.592657470,743.601061120,743.601062830,8403.650,8405.360,1.710,ok
1373,744.134679060,744.143080940,744.143080710,8401.880,8401.650,0.230,ok
1374,744.676780430,744.685182100,744.685183500,8401.670,8403.070,1.400,ok
1375,745.218872760,745.227287250,745.227286210,8414.490,8413.450,1.040,ok
1376,745.760875470,745.769277240,745.769279490,8401.770,8404.020,2.250,ok
1377,746.302993490,746.311407970,746.311407570,8414.480,8414.080,0.400,ok
1378,746.845143720,746.853543020,746.853604090,8399.300,8460.370,61.070,ok
1379,747.387172760,747.395573600,747.395573260,8400.840,8400.500,0.340,ok
1380,747.929245780,747.937648480,747.937651150,8402.700,8405.370,2.670,ok
1381,748.471398250,748.479799210,748.479811780,8400.960,8413.530,12.570,ok
1382,749.013506710,749.021909150,749.021910900,8402.440,8404.190,1.750,ok
1383,749.555666490,749.564069640,749.564069460,8403.150,8402.970,0.180,ok
1384,750.097721700,750.106124850,750.106127720,8403.150,8406.020,2.870,ok
1385,750.639779940,750.648179940,750.648180630,8400.000,8400.690,0.690,ok
1386,751.181860170,751.190265440,751.190263530,8405.270,8403.360,1.910,ok
1387,751.723969290,751.732371030,751.732371460,8401.740,8402.170,0.430,ok
1388,752.266017450,752.274420990,752.274419370,8403.540,8401.920,1.620,ok
1389,752.808151860,752.816556620,752.816557070,8404.760,8405.210,0.450,ok
1390,753.350268960,753.358671800,753.358670290,8402.840,8401.330,1.510,ok
1391,753.892322000,753.900727050,753.900723020,8405.050,8401.020,4.030,ok
1392,754.434479620,754.442882340,754.442880630,8402.720,8401.010,1.710,ok
1393,754.976558780,754.985029680,754.984964080,8470.900,8405.300,65.600,ok
1394,755.518648210,755.527052770,755.527051740,8404.560,8403.530,1.030,ok
1395,756.060819310,756.069223210,756.069219940,8403.900,8400.630,3.270,ok
1396,756.602918160,756.611323420,756.611322440,8405.260,8404.280,0.980,ok
1397,757.144931530,757.153333640,757.153335410,8402.110,8403.880,1.770,ok
1398,757.687054130,757.695459330,757.695525750,8405.200,8471.620,66.420,ok
1399,758.229092180,758.237504500,758.237506370,8412.320,8414.190,1.870,ok
1400,758.771092310,758.779494300,758.779494280,8401.990,8401.970,0.020,ok
1401,759.313239820,759.321640180,759.321642180,8400.360,8402.360,2.000,ok
1402,759.855301400,759.863778840,759.863719880,8477.440,8418.480,58.960,ok
1403,760.397333980,760.405740620,760.405738020,8406.640,8404.040,2.600,ok
1404,760.939446850,760.947855690,,8408.840,,,missing_rx2
1405,761.481519700,761.489926250,761.489923220,8406.550,8403.520,3.030,ok
1406,762.023556070,762.031961240,762.031961710,8405.170,8405.640,0.470,ok
1407,762.565679690,762.574081500,762.574084330,8401.810,8404.640,2.830,ok
1408,763.107689140,763.116097140,763.116097610,8408.000,8408.470,0.470,ok
1409,763.649701160,763.658107430,763.658105270,8406.270,8404.110,2.160,ok
1410,764.191859800,764.200277600,764.200278200,8417.800,8418.400,0.600,ok
1411,764.734027480,764.742491400,764.742431320,8463.920,8403.840,60.080,ok
1412,765.276120290,765.284528310,765.284528830,8408.020,8408.540,0.520,ok
1413,765.818212200,765.826613590,765.826612180,8401.390,8399.980,1.410,ok
1414,766.360309210,766.368714080,766.368714840,8404.870,8405.630,0.760,ok
1415,766.902351020,766.910754260,766.910752460,8403.240,8401.440,1.800,ok
1416,767.444383840,767.452789740,767.452785680,8405.900,8401.840,4.060,ok
1417,767.986516290,767.994919680,767.994918590,8403.390,8402.300,1.090,ok
1418,768.528575870,768.536980140,768.536981330,8404.270,8405.460,1.190,ok
1419,769.070563800,769.078965580,769.078969340,8401.780,8405.540,3.760,ok
1420,769.612606610,769.621010770,769.621012170,8404.160,8405.560,1.400,ok
1421,770.154577750,770.162980890,770.162980180,8403.140,8402.430,0.710,ok
1422,770.696663010,770.705076040,770.705073090,8413.030,8410.080,2.950,ok
1423,771.238711270,771.247116460,771.247116040,8405.190,8404.770,0.420,ok
1424,771.780746240,771.789151630,771.789148830,8405.390,8402.590,2.800,ok
1425,772.322857280,772.331262020,772.331261730,8404.740,8404.450,0.290,ok
1426,772.864909890,772.873312390,772.873315030,8402.500,8405.140,2.640,ok
1427,773.406871670,773.415277750,773.415277690,8406.080,8406.020,0.060,ok
1428,773.948959910,773.957363190,773.957365490,8403.280,8405.580,2.300,ok
1429,774.491096210,774.499503460,774.499498400,8407.250,8402.190,5.060,ok
1430,775.033158370,775.041572920,775.041571050,8414.550,8412.680,1.870,ok
1431,775.575283330,775.583688460,775.583684480,8405.130,8401.150,3.980,ok
1432,776.117445300,776.125849150,776.125847370,8403.850,8402.070,1.780,ok
1433,776.659506850,,776.667910000,,8403.150,,missing_rx1
1434,777.201575720,777.209979400,777.209977930,8403.680,8402.210,1.470,ok
1435,777.743710690,777.752114810,777.752116110,8404.120,8405.420,1.300,ok
1436,778.285754190,778.294160160,,8405.970,,,missing_rx2
1437,778.827856080,778.836260370,778.836258450,8404.290,8402.370,1.920,ok
1438,779.369958150,779.378360850,779.378360880,8402.700,8402.730,0.030,ok
1439,779.911996330,779.920400870,779.920453020,8404.540,8456.690,52.150,ok
1440,780.454134250,780.462536480,780.462536880,8402.230,8402.630,0.400,ok
1441,780.996234950,781.004636780,781.004634960,8401.830,8400.010,1.820,ok
1442,781.538329020,781.546730760,781.546728030,8401.740,8399.010,2.730,ok
1443,782.080511650,782.088917370,782.088915750,8405.720,8404.100,1.620,ok
1444,782.622691720,782.631091510,782.631094010,8399.790,8402.290,2.500,ok
1445,783.164801540,783.173207740,783.173206520,8406.200,8404.980,1.220,ok
1446,783.706952190,783.715358230,783.715354800,8406.040,8402.610,3.430,ok
1447,784.249134150,784.257538130,784.257537310,8403.980,8403.160,0.820,ok
1448,784.791207390,784.799623590,784.799625020,8416.200,8417.630,1.430,ok
1449,785.333399020,785.341804020,785.341803170,8405.000,8404.150,0.850,ok
1450,785.875507290,785.883914310,785.883910970,8407.020,8403.680,3.340,ok
1451,786.417552050,786.426022030,786.425954100,8469.980,8402.050,67.930,ok
1452,786.959642450,786.968044670,786.968046610,8402.220,8404.160,1.940,ok
1453,787.501726990,787.510129950,787.510197170,8402.960,8470.180,67.220,ok
1454,788.043701980,788.052105460,788.052107410,8403.480,8405.430,1.950,ok
1455,788.585807610,788.594210540,788.594210500,8402.930,8402.890,0.040,ok
1456,789.127886860,789.136290830,789.136324710,8403.970,8437.850,33.880,ok
1457,789.669884050,789.678286050,789.678286260,8402.000,8402.210,0.210,ok
1458,790.211954810,,790.220354300,,8399.490,,missing_rx1
1459,790.754069730,790.762481210,790.762482230,8411.480,8412.500,1.020,ok
1460,791.296146130,791.304553570,791.304550020,8407.440,8403.890,3.550,ok
1461,791.838338180,791.846741960,791.846738180,8403.780,8400.000,3.780,ok
1462,792.380424310,792.388827100,792.388831060,8402.790,8406.750,3.960,ok
1463,792.922547290,792.930952790,792.930948750,8405.500,8401.460,4.040,ok
1464,793.464720940,793.473121970,793.473121380,8401.030,8400.440,0.590,ok
1465,794.006873840,794.015278320,794.015274680,8404.480,8400.840,3.640,ok
1466,794.548984010,794.557388610,794.557387330,8404.600,8403.320,1.280,ok
1467,795.091126070,795.099528960,795.099530590,8402.890,8404.520,1.630,ok
1468,795.633263180,795.641664360,795.641663180,8401.180,8400.000,1.180,ok
1469,796.175334480,796.183739390,796.183741100,8404.910,8406.620,1.710,ok
1470,796.717477160,796.725879730,796.725877900,8402.570,8400.740,1.830,ok
1471,797.259649310,797.268054770,797.268052330,8405.460,8403.020,2.440,ok
1472,797.801744590,797.810145450,797.810144840,8400.860,8400.250,0.610,ok
1473,798.343890610,798.352295630,798.352268910,8405.020,8378.300,26.720,ok
1474,798.886032730,798.894435880,798.894435920,8403.150,8403.190,0.040,ok
1475,799.428114090,799.436515870,799.436518870,8401.780,8404.780,3.000,ok
1476,799.970221340,799.978626730,799.978626620,8405.390,8405.280,0.110,ok
1477,800.512293570,800.520696760,800.520699200,8403.190,8405.630,2.440,ok
1478,801.054266340,801.062671850,801.062667560,8405.510,8401.220,4.290,ok
1479,801.596344030,801.604742290,801.604703680,8398.260,8359.650,38.610,ok
1480,802.138407090,802.146817550,802.146818410,8410.460,8411.320,0.860,ok
1481,802.680470740,802.688872770,802.688876010,8402.030,8405.270,3.240,ok
1482,803.222621200,803.231023170,803.231024060,8401.970,8402.860,0.890,ok
1483,803.764707500,803.773113230,803.773111650,8405.730,8404.150,1.580,ok
1484,804.306774360,804.315178470,804.315179830,8404.110,8405.470,1.360,ok
1485,804.848890940,,,,,,missing_rx1_rx2
1486,805.390964640,805.399368700,805.399370360,8404.060,8405.720,1.660,ok
1487,805.933069180,805.941468830,805.941468610,8399.650,8399.430,0.220,ok
1488,806.475144420,806.483544480,806.483546440,8400.060,8402.020,1.960,ok
1489,807.017223420,807.025629980,807.025629220,8406.560,8405.800,0.760,ok
1490,807.559271930,807.567674990,807.567677280,8403.060,8405.350,2.290,ok
1491,808.101432530,808.109835430,808.109835090,8402.900,8402.560,0.340,ok
1492,808.643537510,808.651940520,808.651942760,8403.010,8405.250,2.240,ok
1493,809.185600540,809.194073080,809.194005690,8472.540,8405.150,67.390,ok
1494,809.727749310,809.736160910,809.736163500,8411.600,8414.190,2.590,ok
1495,810.269812820,810.278216510,810.278216520,8403.690,8403.700,0.010,ok
1496,810.811870110,810.820276460,810.820274120,8406.350,8404.010,2.340,ok
1497,811.353976060,811.362377000,811.362377540,8400.940,8401.480,0.540,ok
1498,811.896020220,811.904422170,811.904425180,8401.950,8404.960,3.010,ok
1499,812.438030990,812.446437400,812.446432870,8406.410,8401.880,4.530,ok
1500,812.980202290,812.988607610,812.988606380,8405.320,8404.090,1.230,ok
1501,813.522301950,813.530707590,813.530708840,8405.640,8406.890,1.250,ok
1502,814.064351320,814.072752930,814.072756860,8401.610,8405.540,3.930,ok
1503,814.606496760,814.614898210,814.614899860,8401.450,8403.100,1.650,ok
1504,815.148551050,815.157021270,815.156952630,8470.220,8401.580,68.640,ok
1505,815.690597810,815.699004190,815.699000560,8406.380,8402.750,3.630,ok
1506,816.232733720,816.241134140,816.241133040,8400.420,8399.320,1.100,ok
1507,816.774758000,816.783164750,816.783161210,8406.750,8403.210,3.540,ok
1508,817.316871860,817.325274870,817.325274170,8403.010,8402.310,0.700,ok
1509,817.859041980,817.867445410,817.867447380,8403.430,8405.400,1.970,ok
1510,818.401155760,818.409560740,818.409560150,8404.980,8404.390,0.590,ok
1511,818.943189230,818.951595840,818.951592860,8406.610,8403.630,2.980,ok
1512,819.485304570,819.493706070,819.493705630,8401.500,8401.060,0.440,ok
1513,820.027401930,820.035806190,820.035803340,8404.260,8401.410,2.850,ok
1514,820.569364500,820.577781340,820.577781570,8416.840,8417.070,0.230,ok
1515,821.111488310,821.119901880,821.119899220,8413.570,8410.910,2.660,ok
1516,821.653503070,821.661907250,821.661905900,8404.180,8402.830,1.350,ok
1517,822.195545470,822.203947610,822.203950490,8402.140,8405.020,2.880,ok
1518,822.737694960,822.746097440,822.746098260,8402.480,8403.300,0.820,ok
1519,823.279746090,823.288152760,823.288151120,8406.670,8405.030,1.640,ok
1520,823.821783470,823.830188180,823.830255210,8404.710,8471.740,67.030,ok
1521,824.363908480,824.372308430,824.372311840,8399.950,8403.360,3.410,ok
1522,824.905930750,824.914333710,824.914334690,8402.960,8403.940,0.980,ok
1523,825.447884470,825.456288030,825.456287660,8403.560,8403.190,0.370,ok
1524,825.989971950,825.998374340,825.998375510,8402.390,8403.560,1.170,ok
1525,826.531996330,826.540399390,826.540398220,8403.060,8401.890,1.170,ok
1526,827.073940050,827.082339760,827.082341500,8399.710,8401.450,1.740,ok
1527,827.615979510,827.624380220,827.624384520,8400.710,8405.010,4.300,ok
1528,828.158071890,828.166475250,828.166472250,8403.360,8400.360,3.000,ok
1529,828.700087480,828.708485700,828.708488680,8398.220,8401.200,2.980,ok
1530,829.242151300,829.250551190,829.250553120,8399.890,8401.820,1.930,ok
1531,829.784212260,829.792665550,829.792615970,8453.290,8403.710,49.580,ok
1532,830.326154700,830.334556390,830.334558820,8401.690,8404.120,2.430,ok
1533,830.868235000,830.876646610,830.876646600,8411.610,8411.600,0.010,ok
1534,831.410326980,831.418736940,831.418739490,8409.960,8412.510,2.550,ok
1535,831.952381970,831.960782330,831.960782360,8400.360,8400.390,0.030,ok
1536,832.494493240,832.502897480,832.502895180,8404.240,8401.940,2.300,ok
1537,833.036579960,833.044988110,833.044983100,8408.150,8403.140,5.010,ok
1538,833.578676270,833.587073020,833.587081050,8396.750,8404.780,8.030,ok
1539,834.120821090,834.129223570,834.129223820,8402.480,8402.730,0.250,ok
1540,834.662912450,834.671372310,834.671316580,8459.860,8404.130,55.730,ok
1541,835.204960120,835.213364260,835.213364820,8404.140,8404.700,0.560,ok
1542,835.747059790,835.755464300,835.755462600,8404.510,8402.810,1.700,ok
1543,836.289070220,836.297474320,836.297475480,8404.100,8405.260,1.160,ok
1544,836.831082620,836.839484750,836.839488210,8402.130,8405.590,3.460,ok
1545,837.373204980,837.381609690,837.381611050,8404.710,8406.070,1.360,ok
1546,837.915263320,837.923670480,837.923668080,8407.160,8404.760,2.400,ok
1547,838.457290170,838.465695700,838.465652250,8405.530,8362.080,43.450,ok
1548,838.999390510,839.007795900,839.007794360,8405.390,8403.850,1.540,ok
1549,839.541421060,839.549831210,839.549832820,8410.150,8411.760,1.610,ok
1550,840.083485460,840.091891530,840.091890800,8406.070,8405.340,0.730,ok
1551,840.625555040,840.633956750,840.633958620,8401.710,8403.580,1.870,ok
1552,841.167635610,841.176042180,841.176041350,8406.570,8405.740,0.830,ok
1553,841.709607820,841.718012330,841.718009610,8404.510,8401.790,2.720,ok
1554,842.251708490,842.260112710,842.260112040,8404.220,8403.550,0.670,ok
1555,842.793802990,842.802207630,842.802204860,8404.640,8401.870,2.770,ok
1556,843.335858930,843.344262990,843.344262770,8404.060,8403.840,0.220,ok
1557,843.877941230,843.886343530,843.886340750,8402.300,8399.520,2.780,ok
1558,844.420032190,844.428433800,844.428433670,8401.610,8401.480,0.130,ok
1559,844.962018110,844.970423980,844.970421700,8405.870,8403.590,2.280,ok
1560,845.504058390,845.512464150,845.512464490,8405.760,8406.100,0.340,ok
1561,846.046098350,846.054499710,846.054502150,8401.360,8403.800,2.440,ok
1562,846.588138790,846.596539830,846.596540190,8401.040,8401.400,0.360,ok
1563,847.130209710,847.138614990,847.138612890,8405.280,8403.180,2.100,ok
1564,847.672201160,847.680670370,847.680670550,8469.210,8469.390,0.180,ok
1565,848.214290640,848.222695650,848.222692480,8405.010,8401.840,3.170,ok
1566,848.756419420,848.764826030,848.764821500,8406.610,8402.080,4.530,ok
1567,849.298422110,849.306891200,849.306889310,8469.090,8467.200,1.890,ok
1568,849.840504990,849.848911640,849.848907390,8406.650,8402.400,4.250,ok
1569,850.382564520,850.390966350,850.390969980,8401.830,8405.460,3.630,ok
1570,850.924533480,850.932937250,850.932938250,8403.770,8404.770,1.000,ok
1571,851.466531550,851.474937270,851.474935910,8405.720,8404.360,1.360,ok
1572,852.008572240,852.016977420,852.016973990,8405.180,8401.750,3.430,ok
1573,852.550602350,852.559067920,852.559071690,8465.570,8469.340,3.770,ok
1574,853.092650650,853.101053090,853.101054410,8402.440,8403.760,1.320,ok
1575,853.634658740,853.643063070,853.643062260,8404.330,8403.520,0.810,ok
1576,854.176718160,854.185203040,854.185199920,8484.880,8481.760,3.120,ok
1577,854.718853790,854.727268980,854.727272930,8415.190,8419.140,3.950,ok
1578,855.260945710,855.269349180,855.269350700,8403.470,8404.990,1.520,ok
1579,855.803043770,855.811509830,855.811513650,8466.060,8469.880,3.820,ok
1580,856.345131080,856.353534210,856.353536790,8403.130,8405.710,2.580,ok
1581,856.887215230,856.895617340,856.895619970,8402.110,8404.740,2.630,ok
1582,857.429252760,857.437655330,857.437657590,8402.570,8404.830,2.260,ok
1583,857.971285410,857.979637610,857.979690450,8352.200,8405.040,52.840,ok
1584,858.513296790,858.521700750,858.521698260,8403.960,8401.470,2.490,ok
1585,859.055387810,859.063856120,859.063855960,8468.310,8468.150,0.160,ok
1586,859.597617120,859.606031220,859.606028780,8414.100,8411.660,2.440,ok
1587,860.139749160,860.148151550,860.148151780,8402.390,8402.620,0.230,ok
1588,860.681861310,860.690326890,860.690329730,8465.580,8468.420,2.840,ok
1589,861.223981560,861.232386970,861.232387490,8405.410,8405.930,0.520,ok
1590,861.765983040,861.774387320,861.774385390,8404.280,8402.350,1.930,ok
1591,862.308047960,862.316512630,862.316513210,8464.670,8465.250,0.580,ok
1592,862.850137310,862.858543210,862.858540830,8405.900,8403.520,2.380,ok
1593,863.392220560,863.400623390,863.400624050,8402.830,8403.490,0.660,ok
1594,863.934285430,863.942751630,863.942805270,8466.200,8519.840,53.640,ok
1595,864.476435780,864.484838820,864.484839760,8403.040,8403.980,0.940,ok
1596,865.018514610,865.026919070,865.026917810,8404.460,8403.200,1.260,ok
1597,865.560545090,865.568949240,865.568945870,8404.150,8400.780,3.370,ok
1598,866.102623480,866.111029150,866.111028500,8405.670,8405.020,0.650,ok
1599,866.644623270,866.653024550,866.653026080,8401.280,8402.810,1.530,ok
1600,867.186667250,867.195084310,867.195083530,8417.060,8416.280,0.780,ok
1601,867.728793490,867.737195520,867.737197080,8402.030,8403.590,1.560,ok
1602,868.270810220,868.279215680,868.279214920,8405.460,8404.700,0.760,ok
1603,868.812859630,868.821261000,868.821262730,8401.370,8403.100,1.730,ok
1604,869.354948730,869.363350910,869.363350340,8402.180,8401.610,0.570,ok
1605,869.896940520,869.905346280,869.905343700,8405.760,8403.180,2.580,ok
1606,870.438966430,870.447346630,870.447346060,8380.200,8379.630,0.570,ok
1607,870.980987990,870.989391830,870.989389130,8403.840,8401.140,2.700,ok
1608,871.523046610,871.531457240,871.531456890,8410.630,8410.280,0.350,ok
1609,872.065179440,872.073557460,872.073559980,8378.020,8380.540,2.520,ok
1610,872.607214260,872.615617540,872.615616740,8403.280,8402.480,0.800,ok
1611,873.149289860,873.157692380,873.157695130,8402.520,8405.270,2.750,ok
1612,873.691423150,873.699803040,873.699803200,8379.890,8380.050,0.160,ok
1613,874.233448750,874.241848450,874.241851410,8399.700,8402.660,2.960,ok
1614,874.775470790,874.783873570,874.783873900,8402.780,8403.110,0.330,ok
1615,875.317578030,875.325959060,875.325957040,8381.030,8379.010,2.020,ok
1616,875.859590620,875.867994070,,8403.450,,,missing_rx2
1617,876.401635990,876.410039690,876.410038240,8403.700,8402.250,1.450,ok
1618,876.943753750,876.952159850,876.952157340,8406.100,8403.590,2.510,ok
1619,877.485833540,877.494192270,877.494234950,8358.730,8401.410,42.680,ok
1620,878.027829850,878.036235180,878.036232650,8405.330,8402.800,2.530,ok
1621,878.569962820,878.578365480,878.578365540,8402.660,8402.720,0.060,ok
1622,879.112045780,879.120465710,879.120463740,8419.930,8417.960,1.970,ok
1623,879.654067210,879.662471170,879.662471580,8403.960,8404.370,0.410,ok
1624,880.196199720,880.204601100,880.204604490,8401.380,8404.770,3.390,ok
1625,880.738242960,880.746646800,880.746646900,8403.840,8403.940,0.100,ok
1626,881.280282700,881.288687090,881.288684890,8404.390,8402.190,2.200,ok
1627,881.822417340,881.830822280,881.830822860,8404.940,8405.520,0.580,ok
1628,882.364514740,882.372884750,882.372916150,8370.010,8401.410,31.400,ok
1629,882.906620250,882.915022450,882.915023560,8402.200,8403.310,1.110,ok
1630,883.448796030,883.457197870,883.457201530,8401.840,8405.500,3.660,ok
1631,883.990888750,883.999293170,883.999294460,8404.420,8405.710,1.290,ok
1632,884.532949010,884.541353370,884.541351710,8404.360,8402.700,1.660,ok
1633,885.075109410,885.083523500,885.083520160,8414.090,8410.750,3.340,ok
1634,885.617177320,885.625578650,885.625583300,8401.330,8405.980,4.650,ok
1635,886.159240160,886.167644080,886.167640870,8403.920,8400.710,3.210,ok
1636,886.701379620,886.709784560,886.709783680,8404.940,8404.060,0.880,ok
1637,887.243419650,887.251834780,887.251836720,8415.130,8417.070,1.940,ok
1638,887.785547970,887.793965140,887.793964670,8417.170,8416.700,0.470,ok
1639,888.327754500,888.336231950,,8477.450,,,missing_rx2
1640,888.869882230,888.878285500,888.878284580,8403.270,8402.350,0.920,ok
1641,889.412001090,889.420405650,889.420461990,8404.560,8460.900,56.340,ok
1642,889.954140910,889.962556200,889.962555920,8415.290,8415.010,0.280,ok
1643,890.496223550,890.504626070,890.504623640,8402.520,8400.090,2.430,ok
1644,891.038289530,891.046691510,891.046691540,8401.980,8402.010,0.030,ok
1645,891.580484100,891.588896800,891.588894240,8412.700,8410.140,2.560,ok
1646,892.122570190,892.130972060,892.130972180,8401.870,8401.990,0.120,ok
1647,892.664610890,892.673011990,892.673015150,8401.100,8404.260,3.160,ok
1648,893.206797970,893.215217440,893.215217770,8419.470,8419.800,0.330,ok
1649,893.748861400,893.757262690,893.757265470,8401.290,8404.070,2.780,ok
1650,894.290935740,894.299337820,894.299338750,8402.080,8403.010,0.930,ok
1651,894.833063750,894.841468420,894.841466850,8404.670,8403.100,1.570,ok
1652,895.375153560,895.383558810,895.383559400,8405.250,8405.840,0.590,ok
1653,895.917204780,895.925608950,895.925605720,8404.170,8400.940,3.230,ok
1654,896.459397450,896.467799110,896.467800340,8401.660,8402.890,1.230,ok
1655,897.001503690,897.009904620,897.009908040,8400.930,8404.350,3.420,ok
1656,897.543566000,897.551969660,897.551971280,8403.660,8405.280,1.620,ok
1657,898.085688550,898.094094990,898.094092810,8406.440,8404.260,2.180,ok
1658,898.627731720,898.636135140,898.636136610,8403.420,8404.890,1.470,ok
1659,899.169744890,899.178150500,899.178149660,8405.610,8404.770,0.840,ok
1660,899.711849280,899.720255960,899.720251190,8406.680,8401.910,4.770,ok
1661,900.253959800,900.262370540,900.262370520,8410.740,8410.720,0.020,ok
1662,900.796061890,900.804466360,900.804463290,8404.470,8401.400,3.070,ok
1663,901.338171230,901.346576570,,8405.340,,,missing_rx2
1664,901.880262230,901.888666640,901.888665290,8404.410,8403.060,1.350,ok
1665,902.422311090,902.430711940,902.430713360,8400.850,8402.270,1.420,ok
1666,902.964432080,902.972836990,902.972836060,8404.910,8403.980,0.930,ok
1667,903.506515680,903.514917290,903.514919040,8401.610,8403.360,1.750,ok
1668,904.048557230,904.056962810,904.056961300,8405.580,8404.070,1.510,ok
1669,904.590688230,904.599093210,904.599094700,8404.980,8406.470,1.490,ok
1670,905.132810610,905.141213490,905.141212550,8402.880,8401.940,0.940,ok
1671,905.674877950,905.683283350,905.683280520,8405.400,8402.570,2.830,ok
1672,906.216989410,906.225393600,906.225393110,8404.190,8403.700,0.490,ok
1673,906.759106520,906.767518770,906.767521720,8412.250,8415.200,2.950,ok
1674,907.301203480,907.309609140,907.309609000,8405.660,8405.520,0.140,ok
1675,907.843373650,907.851784310,907.851786690,8410.660,8413.040,2.380,ok
1676,908.385483150,908.393890020,908.393889780,8406.870,8406.630,0.240,ok
1677,908.927530630,908.935952950,908.935932930,8422.320,8402.300,20.020,ok
1678,909.469677940,909.478080320,909.478080490,8402.380,8402.550,0.170,ok
1679,910.011780460,910.020185420,910.020183350,8404.960,8402.890,2.070,ok
1680,910.553779610,910.562185650,910.562181390,8406.040,8401.780,4.260,ok
1681,911.095892520,911.104311090,911.104309100,8418.570,8416.580,1.990,ok
1682,911.638000440,911.646406380,911.646406930,8405.940,8406.490,0.550,ok
1683,912.180058920,912.188461680,912.188464660,8402.760,8405.740,2.980,ok
1684,912.722210900,912.730611930,912.730612550,8401.030,8401.650,0.620,ok
1685,913.264259460,913.272672160,913.272670590,8412.700,8411.130,1.570,ok
1686,913.806271480,913.814677320,913.814673360,8405.840,8401.880,3.960,ok
1687,914.348372150,914.356777510,914.356775950,8405.360,8403.800,1.560,ok
1688,914.890387130,914.898792260,914.898794090,8405.130,8406.960,1.830,ok
1689,915.432463900,915.440868170,915.440866940,8404.270,8403.040,1.230,ok
1690,915.974561600,915.982963390,915.982959370,8401.790,8397.770,4.020,ok
1691,916.516659580,916.525063430,916.525062290,8403.850,8402.710,1.140,ok
1692,917.058674700,917.067077860,917.067080700,8403.160,8406.000,2.840,ok
1693,917.600808180,917.609209170,917.609207740,8400.990,8399.560,1.430,ok
1694,918.142893030,918.151299250,918.151295920,8406.220,8402.890,3.330,ok
1695,918.684942730,918.693344450,918.693343830,8401.720,8401.100,0.620,ok
1696,919.227059870,919.235464350,919.235461780,8404.480,8401.910,2.570,ok
1697,919.769139240,919.777603700,919.777544740,8464.460,8405.500,58.960,ok
1698,920.311210650,920.319629260,920.319632360,8418.610,8421.710,3.100,ok
1699,920.853369130,920.861780310,920.861780310,8411.180,8411.180,0.000,ok
1700,921.395448520,921.403855730,921.403853090,8407.210,8404.570,2.640,ok
1701,921.937553800,921.945955950,921.945956250,8402.150,8402.450,0.300,ok
1702,922.479728780,922.488131040,922.488134000,8402.260,8405.220,2.960,ok
1703,923.021825810,923.030226420,923.030226800,8400.610,8400.990,0.380,ok
1704,923.563824500,923.572226730,923.572224650,8402.230,8400.150,2.080,ok
1705,924.105968580,924.114371740,924.114372480,8403.160,8403.900,0.740,ok
1706,924.648051410,924.656457160,924.656455520,8405.750,8404.110,1.640,ok
1707,925.190084650,925.198487190,925.198488160,8402.540,8403.510,0.970,ok
1708,925.732179350,925.740582260,925.740580780,8402.910,8401.430,1.480,ok
1709,926.274208330,926.282612470,926.282613960,8404.140,8405.630,1.490,ok
1710,926.816209620,926.824622980,926.824621600,8413.360,8411.980,1.380,ok
1711,927.358342680,927.366743340,927.366744140,8400.660,8401.460,0.800,ok
1712,927.900461300,927.908868450,927.908867320,8407.150,8406.020,1.130,ok
1713,928.442531350,928.450944060,928.450940170,8412.710,8408.820,3.890,ok
1714,928.984680640,928.993083820,928.993082940,8403.180,8402.300,0.880,ok
1715,929.526743170,929.535149180,929.535145950,8406.010,8402.780,3.230,ok
1716,930.068766850,930.077169430,930.077168590,8402.580,8401.740,0.840,ok
1717,930.610916700,930.619319660,930.619316960,8402.960,8400.260,2.700,ok
1718,931.153046850,931.161449830,931.161454660,8402.980,8407.810,4.830,ok
1719,931.695131280,931.703535120,931.703532720,8403.840,8401.440,2.400,ok
1720,932.237297080,932.245700110,932.245700030,8403.030,8402.950,0.080,ok
1721,932.779340360,932.787745550,932.787742960,8405.190,8402.600,2.590,ok
1722,933.321423190,933.329825810,933.329825890,8402.620,8402.700,0.080,ok
1723,933.863553910,933.871956050,933.871953760,8402.140,8399.850,2.290,ok
1724,934.405604860,934.414006400,934.414006720,8401.540,8401.860,0.320,ok
1725,934.947716240,934.956126340,934.956129400,8410.100,8413.160,3.060,ok
1726,935.489909710,935.498370300,935.498312170,8460.590,8402.460,58.130,ok
1727,936.032021910,936.040426710,936.040425400,8404.800,8403.490,1.310,ok
1728,936.574168900,936.582572130,936.582572940,8403.230,8404.040,0.810,ok
1729,937.116346620,937.124747610,937.124817850,8400.990,8471.230,70.240,ok
1730,937.658485820,937.666892690,937.666893450,8406.870,8407.630,0.760,ok
1731,938.200611030,938.209012790,938.209016430,8401.760,8405.400,3.640,ok
1732,938.742775230,938.751178120,938.751179510,8402.890,8404.280,1.390,ok
1733,939.285018260,939.293423290,939.293422270,8405.030,8404.010,1.020,ok
1734,939.827075120,939.835478140,939.835474960,8403.020,8399.840,3.180,ok
1735,940.369184470,940.377588720,940.377588000,8404.250,8403.530,0.720,ok
1736,940.911280440,940.919683950,940.919685930,8403.510,8405.490,1.980,ok
1737,941.453348510,941.461753910,941.461753890,8405.400,8405.380,0.020,ok
1738,941.995558790,942.003964540,942.003961660,8405.750,8402.870,2.880,ok
1739,942.537696790,942.546104280,942.546104410,8407.490,8407.620,0.130,ok
1740,943.079853300,943.088254710,943.088257190,8401.410,8403.890,2.480,ok
1741,943.622052370,943.630454880,943.630455250,8402.510,8402.880,0.370,ok
1742,944.164152350,944.172555060,944.172558110,8402.710,8405.760,3.050,ok
1743,944.706161300,944.714560390,944.714565900,8399.090,8404.600,5.510,ok
1744,945.248280900,945.256685850,945.256683780,8404.950,8402.880,2.070,ok
1745,945.790424130,945.798831030,945.798826090,8406.900,8401.960,4.940,ok
1746,946.332502760,946.340905910,946.340904360,8403.150,8401.600,1.550,ok
1747,946.874708540,946.883111070,,8402.530,,,missing_rx2
1748,947.416915950,947.425316650,947.425319490,8400.700,8403.540,2.840,ok
1749,947.959018310,947.967421740,947.967417720,8403.430,8399.410,4.020,ok
1750,948.501146710,,,,,,missing_rx1_rx2
1751,949.043287800,949.051691540,949.051692460,8403.740,8404.660,0.920,ok
1752,949.585383160,949.593787200,949.593786060,8404.040,8402.900,1.140,ok
1753,950.127528490,950.135932570,950.135933880,8404.080,8405.390,1.310,ok
1754,950.669666390,950.678067540,950.678066940,8401.150,8400.550,0.600,ok
1755,951.211723100,951.220133060,951.220134840,8409.960,8411.740,1.780,ok
1756,951.753817020,951.762217950,951.762222850,8400.930,8405.830,4.900,ok
1757,952.295939950,952.304343060,952.304345370,8403.110,8405.420,2.310,ok
1758,952.837976450,952.846378660,952.846378250,8402.210,8401.800,0.410,ok
1759,953.380128030,953.388533700,953.388530940,8405.670,8402.910,2.760,ok
1760,953.922250110,953.930654420,953.930653840,8404.310,8403.730,0.580,ok
1761,954.464245380,954.472649370,954.472646820,8403.990,8401.440,2.550,ok
1762,955.006380460,955.014779490,955.014779500,8399.030,8399.040,0.010,ok
1763,955.548582830,955.556994310,955.557037840,8411.480,8455.010,43.530,ok
1764,956.090614430,956.099020060,956.099020340,8405.630,8405.910,0.280,ok
1765,956.632729420,956.641130160,956.641128550,8400.740,8399.130,1.610,ok
1766,957.174860400,957.183265340,957.183266340,8404.940,8405.940,1.000,ok
1767,957.716892520,957.725295530,957.725293850,8403.010,8401.330,1.680,ok
1768,958.259041140,958.267513020,958.267441680,8471.880,8400.540,71.340,ok
1769,958.801185710,958.809586180,958.809589600,8400.470,8403.890,3.420,ok
1770,959.343222750,959.351625950,959.351627360,8403.200,8404.610,1.410,ok
1771,959.885348790,959.893751250,959.893750520,8402.460,8401.730,0.730,ok
1772,960.427479990,960.435881580,960.435883580,8401.590,8403.590,2.000,ok
1773,960.969549480,960.977952070,960.977950800,8402.590,8401.320,1.270,ok
1774,961.511719390,961.520132140,,8412.750,,,missing_rx2
1775,962.053904570,962.062307410,962.062306310,8402.840,8401.740,1.100,ok
1776,962.595937460,962.604342180,962.604339380,8404.720,8401.920,2.800,ok
1777,963.138057640,963.146462770,963.146462040,8405.130,8404.400,0.730,ok
1778,963.680111550,963.688577750,963.688580170,8466.200,8468.620,2.420,ok
1779,964.222266630,964.230668280,964.230673070,8401.650,8406.440,4.790,ok
1780,964.764415850,964.772818380,964.772820910,8402.530,8405.060,2.530,ok
1781,965.306515680,965.314983550,965.314983800,8467.870,8468.120,0.250,ok
1782,965.848705550,965.857108830,965.857106550,8403.280,8401.000,2.280,ok
1783,966.390865350,966.399279350,966.399279250,8414.000,8413.900,0.100,ok
1784,966.933044020,966.941449090,966.941447220,8405.070,8403.200,1.870,ok
1785,967.475123360,967.483529460,967.483525100,8406.100,8401.740,4.360,ok
1786,968.017247730,968.025659650,968.025658010,8411.920,8410.280,1.640,ok
1787,968.559310290,968.567714790,968.567715600,8404.500,8405.310,0.810,ok
1788,969.101268050,969.109670000,969.109673510,8401.950,8405.460,3.510,ok
1789,969.643374940,969.651780090,969.651781610,8405.150,8406.670,1.520,ok
1790,970.185429710,970.193835660,970.193834450,8405.950,8404.740,1.210,ok
1791,970.727442780,970.735845500,970.735847060,8402.720,8404.280,1.560,ok
