tx_time,rx_time,tx_time_ns,rx_time_ns,latency_us,latency_ms,tx_port,rx_port,tx_local_tick,tx_local_us,rx_local_tick,rx_local_us,rx_seq,data_hex,tx_world_time,rx_world_time,tx_world_time_ns,rx_world_time_ns,physical_latency_us,physical_latency_ms,tx_ns_per_tick,rx_ns_per_tick
2026-09-15T22:41:44.425072+08:00,2026-09-15T22:41:44.437496+08:00,1.78948E+18,1.78948E+18,12424,12.424,/dev/cu.usbserial-1120,/dev/cu.usbserial-A50285BI,10480275,,9490923,,145,00CB742512DD2E996D39783C110A92CD4AEFFE1B7250CA661F199D750C35,2026-09-15T22:41:44.425072+08:00,2026-09-15T22:41:44.437496+08:00,1.78948E+18,1.78948E+18,12423.936,12.423936,10487.31931,10479.60623
2026-09-15T22:41:44.966431+08:00,2026-09-15T22:41:44.978880+08:00,1.78948E+18,1.78948E+18,12449,12.449,/dev/cu.usbserial-1120,/dev/cu.usbserial-A50285BI,10531912,,9542602,,146,00CC8477C8CD7A9A203DB96D4DDAC3F6DE672F9364503491DFACF78DEBF5,2026-09-15T22:41:44.966606+08:00,2026-09-15T22:41:44.979072+08:00,1.78948E+18,1.78948E+18,12465.92,12.46592,10487.31931,10479.60623
2026-09-15T22:41:47.132577+08:00,2026-09-15T22:41:47.143524+08:00,1.78948E+18,1.78948E+18,10947,10.947,/dev/cu.usbserial-1120,/dev/cu.usbserial-A50285BI,10738455,,9749328,,147,00D0C7DF277E8AF7DEE543B36B6970D321AB76FDA80B295965A11AEBA8F6,2026-09-15T22:41:47.132688+08:00,2026-09-15T22:41:47.145479+08:00,1.78948E+18,1.78948E+18,12790.528,12.790528,10487.31931,10479.60623
2026-09-15T22:41:47.674160+08:00,2026-09-15T22:41:47.684785+08:00,1.78948E+18,1.78948E+18,10625,10.625,/dev/cu.usbserial-1120,/dev/cu.usbserial-A50285BI,10790086,,9801008,,148,00D1A4B39986B586E0F65DAB15151835EE94DC232285E1382096339B710A,2026-09-15T22:41:47.674159+08:00,2026-09-15T22:41:47.687065+08:00,1.78948E+18,1.78948E+18,12905.728,12.905728,10487.31931,10479.60623
2026-09-15T22:41:48.215651+08:00,2026-09-15T22:41:48.225855+08:00,1.78948E+18,1.78948E+18,10204,10.204,/dev/cu.usbserial-1120,/dev/cu.usbserial-A50285BI,10841719,,9852684,,149,00D2F82FED7B81B0A15113927C00749ABC0634391BA0C1ABB84F28D4C70E,2026-09-15T22:41:48.215651+08:00,2026-09-15T22:41:48.228609+08:00,1.78948E+18,1.78948E+18,12957.952,12.957952,10487.31931,10479.60623
2026-09-15T22:41:49.298485+08:00,2026-09-15T22:41:49.312974+08:00,1.78948E+18,1.78948E+18,14489,14.489,/dev/cu.usbserial-1120,/dev/cu.usbserial-A50285BI,10944992,,9956042,,150,00D423C7352CEC7E11AB22AA707004832CC080B8BFABCA0AB40A9FA8D137,2026-09-15T22:41:49.298708+08:00,2026-09-15T22:41:49.311760+08:00,1.78948E+18,1.78948E+18,13052.416,13.052416,10487.31931,10479.60623
2026-09-15T22:41:50.381837+08:00,2026-09-15T22:41:50.393569+08:00,1.78948E+18,1.78948E+18,11732,11.732,/dev/cu.usbserial-1120,/dev/cu.usbserial-A50285BI,11048265,,10059422,,151,00D69D038B33B64EE5759798CA3B21FF5C80D5DE8A15DAEAF91BCE0FB13E,2026-09-15T22:41:50.381765+08:00,2026-09-15T22:41:50.395142+08:00,1.78948E+18,1.78948E+18,13377.024,13.377024,10487.31931,10479.60623
2026-09-15T22:41:51.464427+08:00,2026-09-15T22:41:51.475801+08:00,1.78948E+18,1.78948E+18,11374,11.374,/dev/cu.usbserial-1120,/dev/cu.usbserial-A50285BI,11151535,,10162793,,152,00D80599A8EADB29C0AF65D9B4215B1CA3E7FB6B9D8194DD1248D18CFB2A,2026-09-15T22:41:51.464790+08:00,2026-09-15T22:41:51.478429+08:00,1.78948E+18,1.78948E+18,13639.168,13.639168,10487.31931,10479.60623
2026-09-15T22:41:52.005970+08:00,2026-09-15T22:41:52.017609+08:00,1.78948E+18,1.78948E+18,11639,11.639,/dev/cu.usbserial-1120,/dev/cu.usbserial-A50285BI,11203163,,10214469,,153,00D9C6A8CA21BC581278BC54F6BDDE4353854FD5ADE223A0DAA5E0BC7054,2026-09-15T22:41:52.006229+08:00,2026-09-15T22:41:52.019973+08:00,1.78948E+18,1.78948E+18,13743.616,13.743616,10487.31931,10479.60623
2026-09-15T22:41:52.547665+08:00,2026-09-15T22:41:52.558570+08:00,1.78948E+18,1.78948E+18,10905,10.905,/dev/cu.usbserial-1120,/dev/cu.usbserial-A50285BI,11254796,,10266145,,154,00DAC61DF0EAE0B3AF51CB4388A04903431485F8C4D02410F35410FF6FBF,2026-09-15T22:41:52.547721+08:00,2026-09-15T22:41:52.561517+08:00,1.78948E+18,1.78948E+18,13796.096,13.796096,10487.31931,10479.60623
2026-09-15T22:41:53.089374+08:00,2026-09-15T22:41:53.099840+08:00,1.78948E+18,1.78948E+18,10466,10.466,/dev/cu.usbserial-1120,/dev/cu.usbserial-A50285BI,11306433,,10317825,,155,00DB03DAF2C5D574826E867C5D940B53A21AD9AEBFEC32F09EBB32448F76,2026-09-15T22:41:53.089255+08:00,2026-09-15T22:41:53.103103+08:00,1.78948E+18,1.78948E+18,13848.576,13.848576,10487.31931,10479.60623
2026-09-15T22:41:53.630997+08:00,2026-09-15T22:41:53.630702+08:00,1.78948E+18,1.78948E+18,-295,-0.295,/dev/cu.usbserial-1120,/dev/cu.usbserial-A50285BI,11358069,,10369504,,156,00DC987EF38756AFAED2D78A4A6E1279EB21537FF79EC4CC817DBE227AFE,2026-09-15T22:41:53.630778+08:00,2026-09-15T22:41:53.644679+08:00,1.78948E+18,1.78948E+18,13900.8,13.9008,10487.31931,10479.60623
2026-09-15T22:41:54.172026+08:00,2026-09-15T22:41:54.183918+08:00,1.78948E+18,1.78948E+18,11892,11.892,/dev/cu.usbserial-1120,/dev/cu.usbserial-A50285BI,11409703,,10421177,,157,00DDD2EA967E951500B52FB4BDB5A256E0A2DB2573327BBF20E362D5A3FF,2026-09-15T22:41:54.172280+08:00,2026-09-15T22:41:54.186192+08:00,1.78948E+18,1.78948E+18,13911.296,13.911296,10487.31931,10479.60623
2026-09-15T22:41:54.713619+08:00,2026-09-15T22:41:54.725359+08:00,1.78948E+18,1.78948E+18,11740,11.74,/dev/cu.usbserial-1120,/dev/cu.usbserial-A50285BI,11461342,,10472860,,158,00DE0086F0515A7923A5DEBC2B01E86036A410D0DCC23AF60BFD5B0CB5A3,2026-09-15T22:41:54.713835+08:00,2026-09-15T22:41:54.727809+08:00,1.78948E+18,1.78948E+18,13974.272,13.974272,10487.31931,10479.60623
2026-09-15T22:41:55.254933+08:00,2026-09-15T22:41:55.266694+08:00,1.78948E+18,1.78948E+18,11761,11.761,/dev/cu.usbserial-1120,/dev/cu.usbserial-A50285BI,11512982,,10524545,,159,00DF0B423BAAD015976C24694C234C6C0F22D82B32D9F8F1D5868564CBBC,2026-09-15T22:41:55.255400+08:00,2026-09-15T22:41:55.269448+08:00,1.78948E+18,1.78948E+18,14047.488,14.047488,10487.31931,10479.60623
2026-09-15T22:41:55.796360+08:00,2026-09-15T22:41:55.807674+08:00,1.78948E+18,1.78948E+18,11314,11.314,/dev/cu.usbserial-1120,/dev/cu.usbserial-A50285BI,11564612,,10576227,,160,00E0CB5D4D95188A61B606C6080787332A2FB51D42D2578EC98A33B164A6,2026-09-15T22:41:55.796860+08:00,2026-09-15T22:41:55.811055+08:00,1.78948E+18,1.78948E+18,14194.176,14.194176,10487.31931,10479.60623
2026-09-15T22:41:56.879879+08:00,2026-09-15T22:41:56.879573+08:00,1.78948E+18,1.78948E+18,-306,-0.306,/dev/cu.usbserial-1120,/dev/cu.usbserial-A50285BI,11667886,,10679616,,161,00E2970720DA44F827F1BDEDE9EEBB8DBAD1056FA79D793364D6DC5FF8BB,2026-09-15T22:41:56.879928+08:00,2026-09-15T22:41:56.894531+08:00,1.78948E+18,1.78948E+18,14602.752,14.602752,10487.31931,10479.60623
2026-09-15T22:41:57.421214+08:00,2026-09-15T22:41:57.433145+08:00,1.78948E+18,1.78948E+18,11931,11.931,/dev/cu.usbserial-1120,/dev/cu.usbserial-A50285BI,11719522,,10731299,,162,00E363FB2743FEEBA3DA670FF1D8ED1C1DC601381D4F7D580608B85AF0E0,2026-09-15T22:41:57.421451+08:00,2026-09-15T22:41:57.436148+08:00,1.78948E+18,1.78948E+18,14697.216,14.697216,10487.31931,10479.60623
2026-09-15T22:41:57.962544+08:00,2026-09-15T22:41:57.974444+08:00,1.78948E+18,1.78948E+18,11900,11.9,/dev/cu.usbserial-1120,/dev/cu.usbserial-A50285BI,11771153,,10782969,,163,00E44AE1AA65A0F41EBC3E56835DD7A345920F2FB4AF0A9E6E0FBC438DD2,2026-09-15T22:41:57.962922+08:00,2026-09-15T22:41:57.977629+08:00,1.78948E+18,1.78948E+18,14707.456,14.707456,10487.31931,10479.60623
2026-09-15T22:41:58.504059+08:00,2026-09-15T22:41:58.515854+08:00,1.78948E+18,1.78948E+18,11795,11.795,/dev/cu.usbserial-1120,/dev/cu.usbserial-A50285BI,11822789,,10834645,,164,00E5F039915815430C7CCB651091313F581DED2C3958F81E47622F37C648,2026-09-15T22:41:58.504445+08:00,2026-09-15T22:41:58.519174+08:00,1.78948E+18,1.78948E+18,14728.448,14.728448,10487.31931,10479.60623
2026-09-15T22:41:59.045775+08:00,2026-09-15T22:41:59.056928+08:00,1.78948E+18,1.78948E+18,11153,11.153,/dev/cu.usbserial-1120,/dev/cu.usbserial-A50285BI,11874432,,10886327,,165,00E69928D7B5794A5F78137EB6B93FC514FBAF9EBCD1FF23E66081E26D98,2026-09-15T22:41:59.046042+08:00,2026-09-15T22:41:59.060781+08:00,1.78948E+18,1.78948E+18,14738.688,14.738688,10487.31931,10479.60623
2026-09-15T22:41:59.587209+08:00,2026-09-15T22:41:59.598276+08:00,1.78948E+18,1.78948E+18,11067,11.067,/dev/cu.usbserial-1120,/dev/cu.usbserial-A50285BI,11926062,,10937997,,166,00E7C67C3D31ED007A67AB0571761E893FD5518D43328E6C453067FF63E3,2026-09-15T22:41:59.587502+08:00,2026-09-15T22:41:59.602262+08:00,1.78948E+18,1.78948E+18,14759.68,14.75968,10487.31931,10479.60623
2026-09-15T22:42:00.128600+08:00,2026-09-15T22:42:00.139137+08:00,1.78948E+18,1.78948E+18,10537,10.537,/dev/cu.usbserial-1120,/dev/cu.usbserial-A50285BI,11977699,,10989677,,167,00E88373BF0729E5EA048EC20FA2DEE1DF8C0C5D40865A34B56EA8A18CF4,2026-09-15T22:42:00.129036+08:00,2026-09-15T22:42:00.143848+08:00,1.78948E+18,1.78948E+18,14812.16,14.81216,10487.31931,10479.60623
2026-09-15T22:42:00.670226+08:00,2026-09-15T22:42:00.670018+08:00,1.78948E+18,1.78948E+18,-208,-0.208,/dev/cu.usbserial-1120,/dev/cu.usbserial-A50285BI,12029338,,11041353,,168,00E97C39C918D5C7D568AFE9E6F756672E1C6B56C3F0B7F15185B33281E6,2026-09-15T22:42:00.670590+08:00,2026-09-15T22:42:00.685392+08:00,1.78948E+18,1.78948E+18,14801.408,14.801408,10487.31931,10479.60623
2026-09-15T22:42:01.211595+08:00,2026-09-15T22:42:01.223740+08:00,1.78948E+18,1.78948E+18,12145,12.145,/dev/cu.usbserial-1120,/dev/cu.usbserial-A50285BI,12080969,,11093023,,169,00EAD33428D3964830394FD94773B00049431BE66E8FA9DD33DBF63D098A,2026-09-15T22:42:01.212061+08:00,2026-09-15T22:42:01.226873+08:00,1.78948E+18,1.78948E+18,14811.904,14.811904,10487.31931,10479.60623
2026-09-15T22:42:03.377389+08:00,2026-09-15T22:42:03.388865+08:00,1.78948E+18,1.78948E+18,11476,11.476,/dev/cu.usbserial-1120,/dev/cu.usbserial-A50285BI,12287506,,11299768,,170,00EED232E9E5F98AC0F79D2511ED0DF71E8B188FD3C8133BB24AA9DA82A3,2026-09-15T22:42:03.378081+08:00,2026-09-15T22:42:03.393479+08:00,1.78948E+18,1.78948E+18,15398.656,15.398656,10487.31931,10479.60623
2026-09-15T22:42:03.919089+08:00,2026-09-15T22:42:03.929999+08:00,1.78948E+18,1.78948E+18,10910,10.91,/dev/cu.usbserial-1120,/dev/cu.usbserial-A50285BI,12339142,,11351459,,171,00EF657FB74E01CBA0686C07532E9D04583A1AB2187D478303FB6F7D8449,2026-09-15T22:42:03.919604+08:00,2026-09-15T22:42:03.935181+08:00,1.78948E+18,1.78948E+18,15576.832,15.576832,10487.31931,10479.60623
2026-09-15T22:42:04.460512+08:00,2026-09-15T22:42:04.475612+08:00,1.78948E+18,1.78948E+18,15100,15.1,/dev/cu.usbserial-1120,/dev/cu.usbserial-A50285BI,12390776,,11403141,,172,00F09421A6C8F700839F6516707A48EDEA0469723F258696FCFB98A41A9A,2026-09-15T22:42:04.461106+08:00,2026-09-15T22:42:04.476788+08:00,1.78948E+18,1.78948E+18,15681.536,15.681536,10487.31931,10479.60623
2026-09-15T22:42:05.002363+08:00,2026-09-15T22:42:05.014034+08:00,1.78948E+18,1.78948E+18,11671,11.671,/dev/cu.usbserial-1120,/dev/cu.usbserial-A50285BI,12442419,,11454839,,173,00F1E065E784B7F5B6E713634699D80CF3D4E5B49FB1D9695E65A918E33F,2026-09-15T22:42:05.002703+08:00,2026-09-15T22:42:05.018562+08:00,1.78948E+18,1.78948E+18,15859.456,15.859456,10487.31931,10479.60623
2026-09-15T22:42:06.085409+08:00,2026-09-15T22:42:06.096422+08:00,1.78948E+18,1.78948E+18,11013,11.013,/dev/cu.usbserial-1120,/dev/cu.usbserial-A50285BI,12545689,,11558207,,174,00F3DBB2E57F005258FC6305BF8A0622F8F24DB5106749D66D3FC2C8BD6F,2026-09-15T22:42:06.085728+08:00,2026-09-15T22:42:06.101818+08:00,1.78948E+18,1.78948E+18,16090.112,16.090112,10487.31931,10479.60623
2026-09-15T22:42:06.627097+08:00,2026-09-15T22:42:06.637554+08:00,1.78948E+18,1.78948E+18,10457,10.457,/dev/cu.usbserial-1120,/dev/cu.usbserial-A50285BI,12597325,,11609895,,175,00F406D1A2C974DC1AF4C7CFB02F24AD64C5E26B5B4F1B9447ACF69C94C1,2026-09-15T22:42:06.627251+08:00,2026-09-15T22:42:06.643488+08:00,1.78948E+18,1.78948E+18,16236.8,16.2368,10487.31931,10479.60623
2026-09-15T22:42:07.168611+08:00,2026-09-15T22:42:07.168476+08:00,1.78948E+18,1.78948E+18,-135,-0.135,/dev/cu.usbserial-1120,/dev/cu.usbserial-A50285BI,12648959,,11661581,,176,00F5B20358F17331F75BCD0C99D6115A4DAE5ADAFA1B56210A85D435D47A,2026-09-15T22:42:07.168754+08:00,2026-09-15T22:42:07.185137+08:00,1.78948E+18,1.78948E+18,16383.488,16.383488,10487.31931,10479.60623
2026-09-15T22:42:07.709922+08:00,2026-09-15T22:42:07.722025+08:00,1.78948E+18,1.78948E+18,12103,12.103,/dev/cu.usbserial-1120,/dev/cu.usbserial-A50285BI,12700598,,11713260,,177,00F612EBCD6BC4016F2AE4FAE5243DBD7B5EB5ECC8305D0598C43A3B9C4E,2026-09-15T22:42:07.710308+08:00,2026-09-15T22:42:07.726713+08:00,1.78948E+18,1.78948E+18,16404.48,16.40448,10487.31931,10479.60623
2026-09-15T22:42:08.792960+08:00,2026-09-15T22:42:08.804612+08:00,1.78948E+18,1.78948E+18,11652,11.652,/dev/cu.usbserial-1120,/dev/cu.usbserial-A50285BI,12803862,,11816615,,178,00F866B2AA6068A35490F409D516AB1F73A033A5E636C27CC73B6B03B721,2026-09-15T22:42:08.793271+08:00,2026-09-15T22:42:08.809832+08:00,1.78948E+18,1.78948E+18,16561.408,16.561408,10487.31931,10479.60623
2026-09-15T22:42:09.334598+08:00,2026-09-15T22:42:09.345889+08:00,1.78948E+18,1.78948E+18,11291,11.291,/dev/cu.usbserial-1120,/dev/cu.usbserial-A50285BI,12855502,,11868304,,179,00F92B344FEFB27DCB74F35F75496AC8D3883031904DC0772BF1877A6101,2026-09-15T22:42:09.334836+08:00,2026-09-15T22:42:09.351513+08:00,1.78948E+18,1.78948E+18,16676.608,16.676608,10487.31931,10479.60623
2026-09-15T22:42:09.876110+08:00,2026-09-15T22:42:09.887324+08:00,1.78948E+18,1.78948E+18,11214,11.214,/dev/cu.usbserial-1120,/dev/cu.usbserial-A50285BI,12907132,,11919980,,180,00FA2D785B00A62798E1F7949843C9BE4E6AAFF1430137E48A92B29267C1,2026-09-15T22:42:09.876297+08:00,2026-09-15T22:42:09.893057+08:00,1.78948E+18,1.78948E+18,16760.576,16.760576,10487.31931,10479.60623
2026-09-15T22:42:10.418171+08:00,2026-09-15T22:42:10.418414+08:00,1.78948E+18,1.78948E+18,243,0.243,/dev/cu.usbserial-1120,/dev/cu.usbserial-A50285BI,12958766,,11971662,,181,00FBC3D8BE4CAAD33DC24EF749060CF0A9834239F52C997DBC3B16B078A5,2026-09-15T22:42:10.417799+08:00,2026-09-15T22:42:10.434664+08:00,1.78948E+18,1.78948E+18,16865.28,16.86528,10487.31931,10479.60623
2026-09-15T22:42:10.959250+08:00,2026-09-15T22:42:10.971189+08:00,1.78948E+18,1.78948E+18,11939,11.939,/dev/cu.usbserial-1120,/dev/cu.usbserial-A50285BI,13010408,,12023348,,182,00FCE0ED335FCF0EF553B90DF4217B1E7B96C98896EDB64782C80263D8EC,2026-09-15T22:42:10.959385+08:00,2026-09-15T22:42:10.976313+08:00,1.78948E+18,1.78948E+18,16928,16.928,10487.31931,10479.60623
2026-09-15T22:42:11.500798+08:00,2026-09-15T22:42:11.512494+08:00,1.78948E+18,1.78948E+18,11696,11.696,/dev/cu.usbserial-1120,/dev/cu.usbserial-A50285BI,13062039,,12075018,,183,00FD270E73BF2280268302931F50321E19D3851145C90655F6397D610F74,2026-09-15T22:42:11.500855+08:00,2026-09-15T22:42:11.517794+08:00,1.78948E+18,1.78948E+18,16938.496,16.938496,10487.31931,10479.60623
2026-09-15T22:42:12.042301+08:00,2026-09-15T22:42:12.053774+08:00,1.78948E+18,1.78948E+18,11473,11.473,/dev/cu.usbserial-1120,/dev/cu.usbserial-A50285BI,13113678,,12126691,,184,00FEC19C2DCDC17593195044D9E5B4DF547AEDFC4491C54AC0D69C4E621F,2026-09-15T22:42:12.042410+08:00,2026-09-15T22:42:12.059307+08:00,1.78948E+18,1.78948E+18,16896.512,16.896512,10487.31931,10479.60623
2026-09-15T22:42:12.583469+08:00,2026-09-15T22:42:12.595107+08:00,1.78948E+18,1.78948E+18,11638,11.638,/dev/cu.usbserial-1120,/dev/cu.usbserial-A50285BI,13165306,,12178364,,185,00FFF0FEB269AF1F53973C5EF0E94330E43D3D6BAC09C2A10D14924104F7,2026-09-15T22:42:12.583849+08:00,2026-09-15T22:42:12.600819+08:00,1.78948E+18,1.78948E+18,16969.984,16.969984,10487.31931,10479.60623
2026-09-15T22:42:13.666385+08:00,2026-09-15T22:42:13.677295+08:00,1.78948E+18,1.78948E+18,10910,10.91,/dev/cu.usbserial-1120,/dev/cu.usbserial-A50285BI,13268576,,12281723,,186,0101446C29632FA5BD9937A29C0E74E476C13694BFCED46261AF35212335,2026-09-15T22:42:13.666875+08:00,2026-09-15T22:42:13.683981+08:00,1.78948E+18,1.78948E+18,17105.92,17.10592,10487.31931,10479.60623
2026-09-15T22:42:14.207791+08:00,2026-09-15T22:42:14.218545+08:00,1.78948E+18,1.78948E+18,10754,10.754,/dev/cu.usbserial-1120,/dev/cu.usbserial-A50285BI,13320212,,12333405,,187,01021B1FD74433464651DDF4DC9DBB9A132EFB16A19265D1615324980239,2026-09-15T22:42:14.208398+08:00,2026-09-15T22:42:14.225588+08:00,1.78948E+18,1.78948E+18,17189.888,17.189888,10487.31931,10479.60623
2026-09-15T22:42:14.749289+08:00,2026-09-15T22:42:14.759777+08:00,1.78948E+18,1.78948E+18,10488,10.488,/dev/cu.usbserial-1120,/dev/cu.usbserial-A50285BI,13371843,,12385081,,188,0103543B72424FE80862B74574FB434F671A4AF501771173FF2BD56FA12F,2026-09-15T22:42:14.749869+08:00,2026-09-15T22:42:14.767132+08:00,1.78948E+18,1.78948E+18,17263.104,17.263104,10487.31931,10479.60623
2026-09-15T22:42:16.373447+08:00,2026-09-15T22:42:16.388117+08:00,1.78948E+18,1.78948E+18,14670,14.67,/dev/cu.usbserial-1120,/dev/cu.usbserial-A50285BI,13526756,,12540140,,189,0106488CAE95D8B155CC4A4C96BA5B26D1E82808EF7433D15289375A7D9F,2026-09-15T22:42:16.374491+08:00,2026-09-15T22:42:16.392090+08:00,1.78948E+18,1.78948E+18,17598.464,17.598464,10487.31931,10479.60623
2026-09-15T22:42:16.915041+08:00,2026-09-15T22:42:16.926780+08:00,1.78948E+18,1.78948E+18,11739,11.739,/dev/cu.usbserial-1120,/dev/cu.usbserial-A50285BI,13578395,,12591814,,190,0107AC0A8378183831D51C43FBFC3A73A7EB678EBB59543AA7717C16B34E,2026-09-15T22:42:16.916046+08:00,2026-09-15T22:42:16.933613+08:00,1.78948E+18,1.78948E+18,17566.976,17.566976,10487.31931,10479.60623
2026-09-15T22:42:18.539127+08:00,2026-09-15T22:42:18.550154+08:00,1.78948E+18,1.78948E+18,11027,11.027,/dev/cu.usbserial-1120,/dev/cu.usbserial-A50285BI,13733299,,12746848,,191,010A142AC9B14E8F268904B5BD4ED27E91C87F5A82670D6437B8823CC7A3,2026-09-15T22:42:18.540573+08:00,2026-09-15T22:42:18.558308+08:00,1.78948E+18,1.78948E+18,17734.656,17.734656,10487.31931,10479.60623
2026-09-15T22:42:19.080520+08:00,2026-09-15T22:42:19.091389+08:00,1.78948E+18,1.78948E+18,10869,10.869,/dev/cu.usbserial-1120,/dev/cu.usbserial-A50285BI,13784935,,12798540,,192,010B74A22A6B57D7626287B4696F1487D9414FB15E501800DC98E5CD5F15,2026-09-15T22:42:19.082097+08:00,2026-09-15T22:42:19.100020+08:00,1.78948E+18,1.78948E+18,17923.072,17.923072,10487.31931,10479.60623
2026-09-15T22:42:20.163885+08:00,2026-09-15T22:42:20.178356+08:00,1.78948E+18,1.78948E+18,14471,14.471,/dev/cu.usbserial-1120,/dev/cu.usbserial-A50285BI,13888205,,12901908,,193,010DBF57E48888373DEC5CED7719DC769E81502678E473882D8D04F9B352,2026-09-15T22:42:20.165122+08:00,2026-09-15T22:42:20.183276+08:00,1.78948E+18,1.78948E+18,18153.472,18.153472,10487.31931,10479.60623
2026-09-15T22:42:20.705310+08:00,2026-09-15T22:42:20.717004+08:00,1.78948E+18,1.78948E+18,11694,11.694,/dev/cu.usbserial-1120,/dev/cu.usbserial-A50285BI,13939842,,12953602,,194,010E0D03FB49F17ADD4A3959C4291B5A19B0CE57715F906375E373A79556,2026-09-15T22:42:20.706656+08:00,2026-09-15T22:42:20.725008+08:00,1.78948E+18,1.78948E+18,18352.384,18.352384,10487.31931,10479.60623
2026-09-15T22:42:21.246790+08:00,2026-09-15T22:42:21.258154+08:00,1.78948E+18,1.78948E+18,11364,11.364,/dev/cu.usbserial-1120,/dev/cu.usbserial-A50285BI,13991485,,13005300,,195,010FEBFE6C3C1950F139D5AF63947E33F36C81962EBCAA8E31102DEE8B04,2026-09-15T22:42:21.248253+08:00,2026-09-15T22:42:21.266783+08:00,1.78948E+18,1.78948E+18,18530.56,18.53056,10487.31931,10479.60623
2026-09-15T22:42:21.788260+08:00,2026-09-15T22:42:21.799263+08:00,1.78948E+18,1.78948E+18,11003,11.003,/dev/cu.usbserial-1120,/dev/cu.usbserial-A50285BI,14043115,,13056982,,196,0110737BF081A68FA3B7FB70A1DAC26D8E9C2FBE616DE619CE754814764D,2026-09-15T22:42:21.789713+08:00,2026-09-15T22:42:21.808390+08:00,1.78948E+18,1.78948E+18,18677.248,18.677248,10487.31931,10479.60623
2026-09-15T22:42:22.329936+08:00,2026-09-15T22:42:22.340931+08:00,1.78948E+18,1.78948E+18,10995,10.995,/dev/cu.usbserial-1120,/dev/cu.usbserial-A50285BI,14094758,,13108680,,197,0111803ED1814CFBD7C68B2371FC8B5AA3E2102D769B24F1A6E4A25C1012,2026-09-15T22:42:22.331310+08:00,2026-09-15T22:42:22.350165+08:00,1.78948E+18,1.78948E+18,18855.168,18.855168,10487.31931,10479.60623
2026-09-15T22:42:22.871065+08:00,2026-09-15T22:42:22.881757+08:00,1.78948E+18,1.78948E+18,10692,10.692,/dev/cu.usbserial-1120,/dev/cu.usbserial-A50285BI,14146385,,13160359,,198,011280E0DACEDFCB6091D420E2DDF433EE41A2068E0A186632C936C55C89,2026-09-15T22:42:22.872738+08:00,2026-09-15T22:42:22.891740+08:00,1.78948E+18,1.78948E+18,19002.112,19.002112,10487.31931,10479.60623
2026-09-15T22:42:23.413158+08:00,2026-09-15T22:42:23.427763+08:00,1.78948E+18,1.78948E+18,14605,14.605,/dev/cu.usbserial-1120,/dev/cu.usbserial-A50285BI,14198016,,13212041,,199,01130DD60ECD2BEBF34CA40E4F6BE5E1A87E383632BF166DFB0A3091DB5E,2026-09-15T22:42:23.414209+08:00,2026-09-15T22:42:23.433347+08:00,1.78948E+18,1.78948E+18,19138.304,19.138304,10487.31931,10479.60623
2026-09-15T22:42:23.954354+08:00,2026-09-15T22:42:23.965979+08:00,1.78948E+18,1.78948E+18,11625,11.625,/dev/cu.usbserial-1120,/dev/cu.usbserial-A50285BI,14249655,,13263724,,200,01143C3119148000DDDD1F2C5A7D277EB8495636C261AFA454AEC186829A,2026-09-15T22:42:23.955764+08:00,2026-09-15T22:42:23.974965+08:00,1.78948E+18,1.78948E+18,19201.28,19.20128,10487.31931,10479.60623
2026-09-15T22:42:25.578983+08:00,2026-09-15T22:42:25.589771+08:00,1.78948E+18,1.78948E+18,10788,10.788,/dev/cu.usbserial-1120,/dev/cu.usbserial-A50285BI,14404565,,13418755,,201,011797A394BE19B03C4A516952B777B96F48734A2D392BE651788C90B523,2026-09-15T22:42:25.580354+08:00,2026-09-15T22:42:25.599629+08:00,1.78948E+18,1.78948E+18,19274.496,19.274496,10487.31931,10479.60623
2026-09-15T22:42:26.120272+08:00,2026-09-15T22:42:26.130920+08:00,1.78948E+18,1.78948E+18,10648,10.648,/dev/cu.usbserial-1120,/dev/cu.usbserial-A50285BI,14456201,,13470432,,202,01185A61F6C5B824E35077B1A0DA1E0A9D18BD373B9B72E138CCB8B0DEA8,2026-09-15T22:42:26.121878+08:00,2026-09-15T22:42:26.141183+08:00,1.78948E+18,1.78948E+18,19305.728,19.305728,10487.31931,10479.60623
2026-09-15T22:42:26.662150+08:00,2026-09-15T22:42:26.676962+08:00,1.78948E+18,1.78948E+18,14812,14.812,/dev/cu.usbserial-1120,/dev/cu.usbserial-A50285BI,14507835,,13522102,,203,01197366F03CBCB84FE06CF06F336A447EDAB5F34EF73025066B31808DCC,2026-09-15T22:42:26.663380+08:00,2026-09-15T22:42:26.682665+08:00,1.78948E+18,1.78948E+18,19284.736,19.284736,10487.31931,10479.60623
2026-09-15T22:42:27.203431+08:00,2026-09-15T22:42:27.215130+08:00,1.78948E+18,1.78948E+18,11699,11.699,/dev/cu.usbserial-1120,/dev/cu.usbserial-A50285BI,14559474,,13573778,,204,011AC88AB225CFC11B70B67CF4D40B80539FCC616D026D9F7B8EA77C6A72,2026-09-15T22:42:27.204935+08:00,2026-09-15T22:42:27.224209+08:00,1.78948E+18,1.78948E+18,19273.984,19.273984,10487.31931,10479.60623
2026-09-15T22:42:27.745045+08:00,2026-09-15T22:42:27.756394+08:00,1.78948E+18,1.78948E+18,11349,11.349,/dev/cu.usbserial-1120,/dev/cu.usbserial-A50285BI,14611111,,13625460,,205,011B069E4571316963A6F81A50F820A47C5BEE4BA5CB740106099D833D14,2026-09-15T22:42:27.746468+08:00,2026-09-15T22:42:27.765816+08:00,1.78948E+18,1.78948E+18,19347.456,19.347456,10487.31931,10479.60623
2026-09-15T22:42:28.286488+08:00,2026-09-15T22:42:28.298013+08:00,1.78948E+18,1.78948E+18,11525,11.525,/dev/cu.usbserial-1120,/dev/cu.usbserial-A50285BI,14662751,,13677136,,206,011CFA33FD664BB478F4CD4889E247E9A50AD228802B6BC97EF13A1CE0A9,2026-09-15T22:42:28.288033+08:00,2026-09-15T22:42:28.307360+08:00,1.78948E+18,1.78948E+18,19326.464,19.326464,10487.31931,10479.60623
2026-09-15T22:42:28.827975+08:00,2026-09-15T22:42:28.839100+08:00,1.78948E+18,1.78948E+18,11125,11.125,/dev/cu.usbserial-1120,/dev/cu.usbserial-A50285BI,14714384,,13728810,,207,011D9F19ABC00243570057393D8B741CBE9312A432DFA50197FDDC73F647,2026-09-15T22:42:28.829525+08:00,2026-09-15T22:42:28.848883+08:00,1.78948E+18,1.78948E+18,19357.952,19.357952,10487.31931,10479.60623
2026-09-15T22:42:29.369745+08:00,2026-09-15T22:42:29.380590+08:00,1.78948E+18,1.78948E+18,10845,10.845,/dev/cu.usbserial-1120,/dev/cu.usbserial-A50285BI,14766021,,13780495,,208,011EF6A89498CBD9DECC95A312F983A6AD6EFCDF9870B3C611AF6F275A8A,2026-09-15T22:42:29.371059+08:00,2026-09-15T22:42:29.390522+08:00,1.78948E+18,1.78948E+18,19462.656,19.462656,10487.31931,10479.60623
2026-09-15T22:42:29.911364+08:00,2026-09-15T22:42:29.926115+08:00,1.78948E+18,1.78948E+18,14751,14.751,/dev/cu.usbserial-1120,/dev/cu.usbserial-A50285BI,14817657,,13832171,,209,011F98C0240781A0BA90773AEE6E8D4CC4072572E0D73F89AF3081C458B1,2026-09-15T22:42:29.912582+08:00,2026-09-15T22:42:29.932065+08:00,1.78948E+18,1.78948E+18,19483.392,19.483392,10487.31931,10479.60623
2026-09-15T22:42:30.452527+08:00,2026-09-15T22:42:30.464600+08:00,1.78948E+18,1.78948E+18,12073,12.073,/dev/cu.usbserial-1120,/dev/cu.usbserial-A50285BI,14869291,,13883854,,210,01200A906188F7292167B1F9EA47FDB4F2DFC13506E39715EDFD13109D8C,2026-09-15T22:42:30.454084+08:00,2026-09-15T22:42:30.473683+08:00,1.78948E+18,1.78948E+18,19598.848,19.598848,10487.31931,10479.60623
2026-09-15T22:42:30.994220+08:00,2026-09-15T22:42:31.005798+08:00,1.78948E+18,1.78948E+18,11578,11.578,/dev/cu.usbserial-1120,/dev/cu.usbserial-A50285BI,14920927,,13935527,,211,0121D419201F4D3744B0512605A160ADBB77B4C0045809566F453008ED18,2026-09-15T22:42:30.995608+08:00,2026-09-15T22:42:31.015196+08:00,1.78948E+18,1.78948E+18,19588.352,19.588352,10487.31931,10479.60623
2026-09-15T22:42:32.077259+08:00,2026-09-15T22:42:32.088354+08:00,1.78948E+18,1.78948E+18,11095,11.095,/dev/cu.usbserial-1120,/dev/cu.usbserial-A50285BI,15024197,,14038910,,212,012348C3F860D39C59F96AA1921C2C19FC5E57B8E17E9805A31D156CAC3D,2026-09-15T22:42:32.078633+08:00,2026-09-15T22:42:32.098609+08:00,1.78948E+18,1.78948E+18,19975.936,19.975936,10487.31931,10479.60623
2026-09-15T22:42:32.618805+08:00,2026-09-15T22:42:32.629426+08:00,1.78948E+18,1.78948E+18,10621,10.621,/dev/cu.usbserial-1120,/dev/cu.usbserial-A50285BI,15075837,,14090598,,213,01243622197B37BD250C6F8F57795DC66B1A77440254B33F0992D298E904,2026-09-15T22:42:32.620198+08:00,2026-09-15T22:42:32.640279+08:00,1.78948E+18,1.78948E+18,20080.64,20.08064,10487.31931,10479.60623
2026-09-15T22:42:33.160101+08:00,2026-09-15T22:42:33.175332+08:00,1.78948E+18,1.78948E+18,15231,15.231,/dev/cu.usbserial-1120,/dev/cu.usbserial-A50285BI,15127477,,14142290,,214,01256FFC731ACBBD89BF556E8D56FC408B75351F2664CB8C43546A39775F,2026-09-15T22:42:33.161763+08:00,2026-09-15T22:42:33.181991+08:00,1.78948E+18,1.78948E+18,20227.328,20.227328,10487.31931,10479.60623
2026-09-15T22:42:33.701965+08:00,2026-09-15T22:42:33.713549+08:00,1.78948E+18,1.78948E+18,11584,11.584,/dev/cu.usbserial-1120,/dev/cu.usbserial-A50285BI,15179110,,14193972,,215,0126E96631435BFEA7DED4708269FB4F487454A88DA54A27D930FFE85816,2026-09-15T22:42:33.703255+08:00,2026-09-15T22:42:33.723598+08:00,1.78948E+18,1.78948E+18,20342.528,20.342528,10487.31931,10479.60623
2026-09-15T22:42:34.784775+08:00,2026-09-15T22:42:34.796308+08:00,1.78948E+18,1.78948E+18,11533,11.533,/dev/cu.usbserial-1120,/dev/cu.usbserial-A50285BI,15282377,,14297349,,216,0128EB51D95149678804139126A94535B5FBA20069CF3C7E1610C27C5A81,2026-09-15T22:42:34.786249+08:00,2026-09-15T22:42:34.806948+08:00,1.78948E+18,1.78948E+18,20698.624,20.698624,10487.31931,10479.60623
2026-09-15T22:42:35.326428+08:00,2026-09-15T22:42:35.337576+08:00,1.78948E+18,1.78948E+18,11148,11.148,/dev/cu.usbserial-1120,/dev/cu.usbserial-A50285BI,15334007,,14349031,,217,01298C1E8A3268BF5DBF228B5B4CD5DE0340F45BBFC417CC88FA87BD59FE,2026-09-15T22:42:35.327709+08:00,2026-09-15T22:42:35.348555+08:00,1.78948E+18,1.78948E+18,20845.568,20.845568,10487.31931,10479.60623
2026-09-15T22:42:35.867879+08:00,2026-09-15T22:42:35.878718+08:00,1.78948E+18,1.78948E+18,10839,10.839,/dev/cu.usbserial-1120,/dev/cu.usbserial-A50285BI,15385644,,14400716,,218,012A88D7559D69FDB7D84C287D17B603D42DD546420F95D3965461918F6C,2026-09-15T22:42:35.869243+08:00,2026-09-15T22:42:35.890193+08:00,1.78948E+18,1.78948E+18,20950.272,20.950272,10487.31931,10479.60623
2026-09-15T22:42:36.950804+08:00,2026-09-15T22:42:36.965583+08:00,1.78948E+18,1.78948E+18,14779,14.779,/dev/cu.usbserial-1120,/dev/cu.usbserial-A50285BI,15488911,,14504069,,219,012C574716DB2BE20F2F6B496CC952DD3483AED1F1646FCD1A99F1444535,2026-09-15T22:42:36.952237+08:00,2026-09-15T22:42:36.973292+08:00,1.78948E+18,1.78948E+18,21054.976,21.054976,10487.31931,10479.60623
2026-09-15T22:42:37.492368+08:00,2026-09-15T22:42:37.504054+08:00,1.78948E+18,1.78948E+18,11686,11.686,/dev/cu.usbserial-1120,/dev/cu.usbserial-A50285BI,15540548,,14555754,,220,012D099609A8D1E5B40133B7B2E33850B8490ECDB3F9DB0074C9440F1895,2026-09-15T22:42:37.493771+08:00,2026-09-15T22:42:37.514931+08:00,1.78948E+18,1.78948E+18,21159.68,21.15968,10487.31931,10479.60623
2026-09-15T22:42:38.034041+08:00,2026-09-15T22:42:38.045162+08:00,1.78948E+18,1.78948E+18,11121,11.121,/dev/cu.usbserial-1120,/dev/cu.usbserial-A50285BI,15592181,,14607440,,221,012EBCCB38FB8DD1D6DDA76302942B044FF4B7D5FA046FB2D37AD00CF3F9,2026-09-15T22:42:38.035263+08:00,2026-09-15T22:42:38.056580+08:00,1.78948E+18,1.78948E+18,21316.864,21.316864,10487.31931,10479.60623
2026-09-15T22:42:38.575472+08:00,2026-09-15T22:42:38.586377+08:00,1.78948E+18,1.78948E+18,10905,10.905,/dev/cu.usbserial-1120,/dev/cu.usbserial-A50285BI,15643818,,14659110,,222,012F34841C09254DEEDA623ECFB8B1BA984E6A40009AC0D1C9B4CE05AC3E,2026-09-15T22:42:38.576797+08:00,2026-09-15T22:42:38.598061+08:00,1.78948E+18,1.78948E+18,21264.384,21.264384,10487.31931,10479.60623
2026-09-15T22:42:39.658833+08:00,2026-09-15T22:42:39.673519+08:00,1.78948E+18,1.78948E+18,14686,14.686,/dev/cu.usbserial-1120,/dev/cu.usbserial-A50285BI,15747091,,14762487,,223,0131823D567D73984395C7EA983D311FFEBF5F8DA844C3D0FA121E67F985,2026-09-15T22:42:39.659853+08:00,2026-09-15T22:42:39.681411+08:00,1.78948E+18,1.78948E+18,21557.76,21.55776,10487.31931,10479.60623
2026-09-15T22:42:41.282850+08:00,2026-09-15T22:42:41.294384+08:00,1.78948E+18,1.78948E+18,11534,11.534,/dev/cu.usbserial-1120,/dev/cu.usbserial-A50285BI,15901994,,14917500,,224,0134C5E99C0E0FEB5C642BBF6F5A0DF7264CDD18F4E3873BDC0EFF689BC2,2026-09-15T22:42:41.284370+08:00,2026-09-15T22:42:41.305886+08:00,1.78948E+18,1.78948E+18,21515.776,21.515776,10487.31931,10479.60623
2026-09-15T22:42:41.824066+08:00,2026-09-15T22:42:41.835637+08:00,1.78948E+18,1.78948E+18,11571,11.571,/dev/cu.usbserial-1120,/dev/cu.usbserial-A50285BI,15953625,,14969167,,225,013555AD95727C02804DDADDD23B8F93EB95857502A63CA6D1E652BE00F0,2026-09-15T22:42:41.825841+08:00,2026-09-15T22:42:41.847336+08:00,1.78948E+18,1.78948E+18,21494.528,21.494528,10487.31931,10479.60623
2026-09-15T22:42:42.365574+08:00,2026-09-15T22:42:42.376958+08:00,1.78948E+18,1.78948E+18,11384,11.384,/dev/cu.usbserial-1120,/dev/cu.usbserial-A50285BI,16005255,,15020843,,226,0136D5205348491B92CF78C33C02FC8DEAF68DAD84140B3027944AD8D2BB,2026-09-15T22:42:42.367302+08:00,2026-09-15T22:42:42.388880+08:00,1.78948E+18,1.78948E+18,21578.496,21.578496,10487.31931,10479.60623
2026-09-15T22:42:42.907098+08:00,2026-09-15T22:42:42.918152+08:00,1.78948E+18,1.78948E+18,11054,11.054,/dev/cu.usbserial-1120,/dev/cu.usbserial-A50285BI,16056889,,15072520,,227,0137A1BBD3D3319AF4EFF602645B8F2567E5CD76BDCFFD06D48FF6A1AD4D,2026-09-15T22:42:42.908804+08:00,2026-09-15T22:42:42.930435+08:00,1.78948E+18,1.78948E+18,21630.976,21.630976,10487.31931,10479.60623
2026-09-15T22:42:43.448779+08:00,2026-09-15T22:42:43.449051+08:00,1.78948E+18,1.78948E+18,272,0.272,/dev/cu.usbserial-1120,/dev/cu.usbserial-A50285BI,16108516,,15124208,,228,0138E1A78E19CBAC6CF0ECCF176DB5DB234F9B1F9AAEA60D63FCB89571BE,2026-09-15T22:42:43.450233+08:00,2026-09-15T22:42:43.472105+08:00,1.78948E+18,1.78948E+18,21872.128,21.872128,10487.31931,10479.60623
2026-09-15T22:42:43.990307+08:00,2026-09-15T22:42:44.002150+08:00,1.78948E+18,1.78948E+18,11843,11.843,/dev/cu.usbserial-1120,/dev/cu.usbserial-A50285BI,16160150,,15175896,,229,01399E3FAB08D80B9EBA2808E57DDDB6547BDC1DE7E073AA6D15DECCF4B7,2026-09-15T22:42:43.991735+08:00,2026-09-15T22:42:44.013775+08:00,1.78948E+18,1.78948E+18,22039.808,22.039808,10487.31931,10479.60623
2026-09-15T22:42:44.531822+08:00,2026-09-15T22:42:44.543676+08:00,1.78948E+18,1.78948E+18,11854,11.854,/dev/cu.usbserial-1120,/dev/cu.usbserial-A50285BI,16211789,,15227579,,230,013A9553F3595B833AFF07FB9A55114854B2DC4842D1C540C749F0BD78D2,2026-09-15T22:42:44.533289+08:00,2026-09-15T22:42:44.555392+08:00,1.78948E+18,1.78948E+18,22102.528,22.102528,10487.31931,10479.60623
2026-09-15T22:42:45.073295+08:00,2026-09-15T22:42:45.084739+08:00,1.78948E+18,1.78948E+18,11444,11.444,/dev/cu.usbserial-1120,/dev/cu.usbserial-A50285BI,16263423,,15279255,,231,013BCD2B87366C36F31886E47268476F19A2DCE4D1C9C17C7A27C8BDDCC1,2026-09-15T22:42:45.074792+08:00,2026-09-15T22:42:45.096936+08:00,1.78948E+18,1.78948E+18,22144.256,22.144256,10487.31931,10479.60623
2026-09-15T22:42:45.614806+08:00,2026-09-15T22:42:45.626002+08:00,1.78948E+18,1.78948E+18,11196,11.196,/dev/cu.usbserial-1120,/dev/cu.usbserial-A50285BI,16315056,,15330931,,232,013CE850529CCBA135B3153909B376DB6A7C6E60B458E35275F9644B9435,2026-09-15T22:42:45.616284+08:00,2026-09-15T22:42:45.638480+08:00,1.78948E+18,1.78948E+18,22196.736,22.196736,10487.31931,10479.60623
2026-09-15T22:42:46.156440+08:00,2026-09-15T22:42:46.167591+08:00,1.78948E+18,1.78948E+18,11151,11.151,/dev/cu.usbserial-1120,/dev/cu.usbserial-A50285BI,16366699,,15382611,,233,013D3B0C3E80355C942D30A715646952CDE282DF3B7456C503317D0D587A,2026-09-15T22:42:46.157880+08:00,2026-09-15T22:42:46.180066+08:00,1.78948E+18,1.78948E+18,22185.984,22.185984,10487.31931,10479.60623
2026-09-15T22:42:47.239271+08:00,2026-09-15T22:42:47.249683+08:00,1.78948E+18,1.78948E+18,10412,10.412,/dev/cu.usbserial-1120,/dev/cu.usbserial-A50285BI,16469969,,15485948,,234,013F028A92844597CC58D5FD47B22ABEAF809040CF456EA7BDDB54EFC7EB,2026-09-15T22:42:47.240906+08:00,2026-09-15T22:42:47.262997+08:00,1.78948E+18,1.78948E+18,22091.776,22.091776,10487.31931,10479.60623
2026-09-15T22:42:47.780856+08:00,2026-09-15T22:42:47.795696+08:00,1.78948E+18,1.78948E+18,14840,14.84,/dev/cu.usbserial-1120,/dev/cu.usbserial-A50285BI,16521608,,15537621,,235,0140C6CD1C28CA433A4E33051BDEAC8F1F968403B8B23BC4D7E5D0D31A16,2026-09-15T22:42:47.782460+08:00,2026-09-15T22:42:47.804510+08:00,1.78948E+18,1.78948E+18,22049.792,22.049792,10487.31931,10479.60623
2026-09-15T22:42:48.863824+08:00,2026-09-15T22:42:48.876166+08:00,1.78948E+18,1.78948E+18,12342,12.342,/dev/cu.usbserial-1120,/dev/cu.usbserial-A50285BI,16624882,,15640964,,236,01423CF584C5BAD5D68E5746234785483706424916692541EC0A2B8FB9C1,2026-09-15T22:42:48.865528+08:00,2026-09-15T22:42:48.887504+08:00,1.78948E+18,1.78948E+18,21976.32,21.97632,10487.31931,10479.60623
2026-09-15T22:42:49.405196+08:00,2026-09-15T22:42:49.417645+08:00,1.78948E+18,1.78948E+18,12449,12.449,/dev/cu.usbserial-1120,/dev/cu.usbserial-A50285BI,16676512,,15692637,,237,01433F91B99C8B06949F81254A3CA779DC912683BB64120EF2DE7850120B,2026-09-15T22:42:49.406988+08:00,2026-09-15T22:42:49.429017+08:00,1.78948E+18,1.78948E+18,22028.8,22.0288,10487.31931,10479.60623
2026-09-15T22:42:49.946797+08:00,2026-09-15T22:42:49.958580+08:00,1.78948E+18,1.78948E+18,11783,11.783,/dev/cu.usbserial-1120,/dev/cu.usbserial-A50285BI,16728146,,15744314,,238,014428C5E10D47CBC12393FEE25E7551271DC8F1D94D6CDA0E628935D714,2026-09-15T22:42:49.948490+08:00,2026-09-15T22:42:49.970571+08:00,1.78948E+18,1.78948E+18,22081.024,22.081024,10487.31931,10479.60623
2026-09-15T22:42:50.488248+08:00,2026-09-15T22:42:50.499835+08:00,1.78948E+18,1.78948E+18,11587,11.587,/dev/cu.usbserial-1120,/dev/cu.usbserial-A50285BI,16779779,,15795981,,239,0145A3782DDA623C99271FDDA5672ED405B8EED4856991A5B233ACC44839,2026-09-15T22:42:50.489982+08:00,2026-09-15T22:42:50.512021+08:00,1.78948E+18,1.78948E+18,22039.296,22.039296,10487.31931,10479.60623
2026-09-15T22:42:51.029779+08:00,2026-09-15T22:42:51.040938+08:00,1.78948E+18,1.78948E+18,11159,11.159,/dev/cu.usbserial-1120,/dev/cu.usbserial-A50285BI,16831413,,15847651,,240,01467EB85FC1003254B0B0EC78C71E3E7BA03380966644237C57DB8EFEFB,2026-09-15T22:42:51.031484+08:00,2026-09-15T22:42:51.053503+08:00,1.78948E+18,1.78948E+18,22018.048,22.018048,10487.31931,10479.60623
2026-09-15T22:42:51.571135+08:00,2026-09-15T22:42:51.582106+08:00,1.78948E+18,1.78948E+18,10971,10.971,/dev/cu.usbserial-1120,/dev/cu.usbserial-A50285BI,16883046,,15899318,,241,01473FBA8022C98C209FE6F5A0C5EBCC17A59C665C067AFB2D21D0B82321,2026-09-15T22:42:51.572976+08:00,2026-09-15T22:42:51.594952+08:00,1.78948E+18,1.78948E+18,21976.064,21.976064,10487.31931,10479.60623
2026-09-15T22:42:52.112857+08:00,2026-09-15T22:42:52.123568+08:00,1.78948E+18,1.78948E+18,10711,10.711,/dev/cu.usbserial-1120,/dev/cu.usbserial-A50285BI,16934698,,15951006,,242,01487CA3565D7E33D05342ABB264AD3A2852E9D40E79F1CE5FD0DB3C629F,2026-09-15T22:42:52.114667+08:00,2026-09-15T22:42:52.136622+08:00,1.78948E+18,1.78948E+18,21955.072,21.955072,10487.31931,10479.60623
2026-09-15T22:42:52.654262+08:00,2026-09-15T22:42:52.669256+08:00,1.78948E+18,1.78948E+18,14994,14.994,/dev/cu.usbserial-1120,/dev/cu.usbserial-A50285BI,16986328,,16002676,,243,0149E90B93FE4EDD5211C0A74D05C10CAFC9AD78058D84FDF5FB75ED9D38,2026-09-15T22:42:52.656127+08:00,2026-09-15T22:42:52.678103+08:00,1.78948E+18,1.78948E+18,21975.808,21.975808,10487.31931,10479.60623
2026-09-15T22:42:53.195565+08:00,2026-09-15T22:42:53.207762+08:00,1.78948E+18,1.78948E+18,12197,12.197,/dev/cu.usbserial-1120,/dev/cu.usbserial-A50285BI,17037959,,16054347,,244,014A2F3CCC99E792E325273389CF5D8F12701FA8AD863F284FAF933E63E3,2026-09-15T22:42:53.197598+08:00,2026-09-15T22:42:53.219595+08:00,1.78948E+18,1.78948E+18,21996.8,21.9968,10487.31931,10479.60623
2026-09-15T22:42:53.737155+08:00,2026-09-15T22:42:53.748718+08:00,1.78948E+18,1.78948E+18,11563,11.563,/dev/cu.usbserial-1120,/dev/cu.usbserial-A50285BI,17089589,,16106026,,245,014B813C2E744CF204C722C82DD0E19D944FAD6335CC33774453BAC11EF0,2026-09-15T22:42:53.739058+08:00,2026-09-15T22:42:53.761171+08:00,1.78948E+18,1.78948E+18,22112.256,22.112256,10487.31931,10479.60623
2026-09-15T22:42:54.820178+08:00,2026-09-15T22:42:54.831401+08:00,1.78948E+18,1.78948E+18,11223,11.223,/dev/cu.usbserial-1120,/dev/cu.usbserial-A50285BI,17192859,,16209372,,246,014D76BB89886DEA36C58E48A84C46613D9FB01B098E568F8574C7ACF737,2026-09-15T22:42:54.822084+08:00,2026-09-15T22:42:54.844196+08:00,1.78948E+18,1.78948E+18,22112.256,22.112256,10487.31931,10479.60623
2026-09-15T22:42:55.361506+08:00,2026-09-15T22:42:55.372285+08:00,1.78948E+18,1.78948E+18,10779,10.779,/dev/cu.usbserial-1120,/dev/cu.usbserial-A50285BI,17244493,,16261042,,247,014EDD8AA1FDCB8FA9AEE944CB2E3FF5C158D30A6DB9B228CC11C0079B8A,2026-09-15T22:42:55.363586+08:00,2026-09-15T22:42:55.385677+08:00,1.78948E+18,1.78948E+18,22091.008,22.091008,10487.31931,10479.60623
2026-09-15T22:42:55.903087+08:00,2026-09-15T22:42:55.902802+08:00,1.78948E+18,1.78948E+18,-285,-0.285,/dev/cu.usbserial-1120,/dev/cu.usbserial-A50285BI,17296123,,16312712,,248,014F4112C7B623C0964A11B5969C389748DED7B18C18894ACCE752C3E8F7,2026-09-15T22:42:55.905046+08:00,2026-09-15T22:42:55.927159+08:00,1.78948E+18,1.78948E+18,22112,22.112,10487.31931,10479.60623
2026-09-15T22:42:56.444649+08:00,2026-09-15T22:42:56.456782+08:00,1.78948E+18,1.78948E+18,12133,12.133,/dev/cu.usbserial-1120,/dev/cu.usbserial-A50285BI,17347760,,16364395,,249,01506B73E541CD43550580088487A1A3678934DB458BAFF523C54219F0E1,2026-09-15T22:42:56.446580+08:00,2026-09-15T22:42:56.468776+08:00,1.78948E+18,1.78948E+18,22195.712,22.195712,10487.31931,10479.60623
2026-09-15T22:42:56.986119+08:00,2026-09-15T22:42:56.998048+08:00,1.78948E+18,1.78948E+18,11929,11.929,/dev/cu.usbserial-1120,/dev/cu.usbserial-A50285BI,17399396,,16416074,,250,0151E76475782ECCFB53C6B7B95ECA5B046BD1D435ADB40659EF1D389C97,2026-09-15T22:42:56.988103+08:00,2026-09-15T22:42:57.010352+08:00,1.78948E+18,1.78948E+18,22248.192,22.248192,10487.31931,10479.60623
2026-09-15T22:42:57.527812+08:00,2026-09-15T22:42:57.539240+08:00,1.78948E+18,1.78948E+18,11428,11.428,/dev/cu.usbserial-1120,/dev/cu.usbserial-A50285BI,17451036,,16467741,,251,0152D46D725EC9828BCDE109747681E70DF8DBB0AEB0FBBD183F90131DC0,2026-09-15T22:42:57.529669+08:00,2026-09-15T22:42:57.551801+08:00,1.78948E+18,1.78948E+18,22132.736,22.132736,10487.31931,10479.60623
2026-09-15T22:42:58.610999+08:00,2026-09-15T22:42:58.610849+08:00,1.78948E+18,1.78948E+18,-150,-0.15,/dev/cu.usbserial-1120,/dev/cu.usbserial-A50285BI,17554306,,16571112,,252,0154A1F729B8209D968AE98AEFC5D616AFCE7810F1D3A15ADFCEB041DF39,2026-09-15T22:42:58.612694+08:00,2026-09-15T22:42:58.635089+08:00,1.78948E+18,1.78948E+18,22394.88,22.39488,10487.31931,10479.60623
2026-09-15T22:42:59.152341+08:00,2026-09-15T22:42:59.164144+08:00,1.78948E+18,1.78948E+18,11803,11.803,/dev/cu.usbserial-1120,/dev/cu.usbserial-A50285BI,17605946,,16622791,,253,01559A9D7C91BDAD148D65AF471B1A421A1FAF7CEFEB0CCB257CB68C8F7A,2026-09-15T22:42:59.154259+08:00,2026-09-15T22:42:59.176664+08:00,1.78948E+18,1.78948E+18,22405.12,22.40512,10487.31931,10479.60623
2026-09-15T22:42:59.693810+08:00,2026-09-15T22:42:59.705424+08:00,1.78948E+18,1.78948E+18,11614,11.614,/dev/cu.usbserial-1120,/dev/cu.usbserial-A50285BI,17657579,,16674476,,254,0156236D96EEC0832CC1BE2A77F8A0A03AB1866003DC364017BAEF4A1D18,2026-09-15T22:42:59.695751+08:00,2026-09-15T22:42:59.718303+08:00,1.78948E+18,1.78948E+18,22551.808,22.551808,10487.31931,10479.60623
2026-09-15T22:43:00.776981+08:00,2026-09-15T22:43:00.787790+08:00,1.78948E+18,1.78948E+18,10809,10.809,/dev/cu.usbserial-1120,/dev/cu.usbserial-A50285BI,17760855,,16777856,,255,0158FB85715DA13BF16E546538CF6E930444CC5F05705D014ACC6BB16E63,2026-09-15T22:43:00.778839+08:00,2026-09-15T22:43:00.801684+08:00,1.78948E+18,1.78948E+18,22845.184,22.845184,10487.31931,10479.60623
2026-09-15T22:43:01.860293+08:00,2026-09-15T22:43:01.874939+08:00,1.78948E+18,1.78948E+18,14646,14.646,/dev/cu.usbserial-1120,/dev/cu.usbserial-A50285BI,17864122,,16881194,,256,015A95D2209C4B6CF48CEC118BC5D9184FA5DFA6C26F41C96EC48B5591E0,2026-09-15T22:43:01.861834+08:00,2026-09-15T22:43:01.884626+08:00,1.78948E+18,1.78948E+18,22792.704,22.792704,10487.31931,10479.60623
2026-09-15T22:43:02.401570+08:00,2026-09-15T22:43:02.413171+08:00,1.78948E+18,1.78948E+18,11601,11.601,/dev/cu.usbserial-1120,/dev/cu.usbserial-A50285BI,17915768,,16932879,,257,015B167F849A5A3BEF1AF655AE57815182580E04782681EF1993955E57AE,2026-09-15T22:43:02.403461+08:00,2026-09-15T22:43:02.426265+08:00,1.78948E+18,1.78948E+18,22803.2,22.8032,10487.31931,10479.60623
2026-09-15T22:43:03.484550+08:00,2026-09-15T22:43:03.495592+08:00,1.78948E+18,1.78948E+18,11042,11.042,/dev/cu.usbserial-1120,/dev/cu.usbserial-A50285BI,18019035,,17036228,,258,015DF9E52CFFBACDDB088CDBA9DC11BE47C0D5C05E871AA03AD3612D350B,2026-09-15T22:43:03.486455+08:00,2026-09-15T22:43:03.509321+08:00,1.78948E+18,1.78948E+18,22865.92,22.86592,10487.31931,10479.60623
2026-09-15T22:43:04.026067+08:00,2026-09-15T22:43:04.037035+08:00,1.78948E+18,1.78948E+18,10968,10.968,/dev/cu.usbserial-1120,/dev/cu.usbserial-A50285BI,18070662,,17087898,,259,015EB8A7E51BC7D505EF98E524AD2A0810B5B4CA0059B932835CD09D2C2C,2026-09-15T22:43:04.027884+08:00,2026-09-15T22:43:04.050803+08:00,1.78948E+18,1.78948E+18,22918.4,22.9184,10487.31931,10479.60623
2026-09-15T22:43:05.109174+08:00,2026-09-15T22:43:05.123813+08:00,1.78948E+18,1.78948E+18,14639,14.639,/dev/cu.usbserial-1120,/dev/cu.usbserial-A50285BI,18173929,,17191233,,260,01609520A137E1E4CE94290978C3FED1268C19A8F5B0E3B9FDECC04C82AF,2026-09-15T22:43:05.110878+08:00,2026-09-15T22:43:05.133713+08:00,1.78948E+18,1.78948E+18,22834.432,22.834432,10487.31931,10479.60623
2026-09-15T22:43:05.650366+08:00,2026-09-15T22:43:05.662192+08:00,1.78948E+18,1.78948E+18,11826,11.826,/dev/cu.usbserial-1120,/dev/cu.usbserial-A50285BI,18225566,,17242906,,261,01611FE6DF96421F32ABCE41C86212A5474F17CE9EA86C42AD7FAE2CB3BC,2026-09-15T22:43:05.652412+08:00,2026-09-15T22:43:05.675225+08:00,1.78948E+18,1.78948E+18,22813.44,22.81344,10487.31931,10479.60623
2026-09-15T22:43:06.192135+08:00,2026-09-15T22:43:06.203496+08:00,1.78948E+18,1.78948E+18,11361,11.361,/dev/cu.usbserial-1120,/dev/cu.usbserial-A50285BI,18277196,,17294576,,262,0162D9B37BDC5218466BB09277424EE9018191D4914BFA137A44EB4C64CB,2026-09-15T22:43:06.193872+08:00,2026-09-15T22:43:06.216707+08:00,1.78948E+18,1.78948E+18,22834.176,22.834176,10487.31931,10479.60623
2026-09-15T22:43:06.733440+08:00,2026-09-15T22:43:06.744644+08:00,1.78948E+18,1.78948E+18,11204,11.204,/dev/cu.usbserial-1120,/dev/cu.usbserial-A50285BI,18328833,,17346246,,263,016339A7B5F87528BB54FACF9E5BB67108B2B95591287F8EEC6FFD1BD397,2026-09-15T22:43:06.735406+08:00,2026-09-15T22:43:06.758188+08:00,1.78948E+18,1.78948E+18,22781.952,22.781952,10487.31931,10479.60623
2026-09-15T22:43:07.816449+08:00,2026-09-15T22:43:07.831445+08:00,1.78948E+18,1.78948E+18,14996,14.996,/dev/cu.usbserial-1120,/dev/cu.usbserial-A50285BI,18432103,,17449586,,264,01657A5BC1D8CD9333BEEB93F797931E6A0A0AAF7F6CEA566C01B15614F3,2026-09-15T22:43:07.818431+08:00,2026-09-15T22:43:07.841151+08:00,1.78948E+18,1.78948E+18,22718.976,22.718976,10487.31931,10479.60623
2026-09-15T22:43:08.358005+08:00,2026-09-15T22:43:08.370051+08:00,1.78948E+18,1.78948E+18,12046,12.046,/dev/cu.usbserial-1120,/dev/cu.usbserial-A50285BI,18483739,,17501262,,265,01660580370EC84D5C41E0BE7AD5C3F4686AC58F0BB621C639FDC94B6F50,2026-09-15T22:43:08.359955+08:00,2026-09-15T22:43:08.382695+08:00,1.78948E+18,1.78948E+18,22739.968,22.739968,10487.31931,10479.60623
2026-09-15T22:43:08.899591+08:00,2026-09-15T22:43:08.911346+08:00,1.78948E+18,1.78948E+18,11755,11.755,/dev/cu.usbserial-1120,/dev/cu.usbserial-A50285BI,18535373,,17552948,,266,0167EEDC38854DA957FA4069BB08803A2049BB3D858AD9EE518F0E444389,2026-09-15T22:43:08.901457+08:00,2026-09-15T22:43:08.924344+08:00,1.78948E+18,1.78948E+18,22886.656,22.886656,10487.31931,10479.60623
2026-09-15T22:43:09.441048+08:00,2026-09-15T22:43:09.452560+08:00,1.78948E+18,1.78948E+18,11512,11.512,/dev/cu.usbserial-1120,/dev/cu.usbserial-A50285BI,18587009,,17604609,,267,0168A08C1E5875051281643CE9ED3826F66783FFBED329E5632FA833D44B,2026-09-15T22:43:09.442980+08:00,2026-09-15T22:43:09.465730+08:00,1.78948E+18,1.78948E+18,22750.208,22.750208,10487.31931,10479.60623
2026-09-15T22:43:09.982527+08:00,2026-09-15T22:43:09.993730+08:00,1.78948E+18,1.78948E+18,11203,11.203,/dev/cu.usbserial-1120,/dev/cu.usbserial-A50285BI,18638640,,17656270,,268,0169289EB748461211D2A04ABB1D203285A00AFC2794C304EC2B67641D91,2026-09-15T22:43:09.984451+08:00,2026-09-15T22:43:10.007117+08:00,1.78948E+18,1.78948E+18,22666.496,22.666496,10487.31931,10479.60623
2026-09-15T22:43:10.524019+08:00,2026-09-15T22:43:10.534811+08:00,1.78948E+18,1.78948E+18,10792,10.792,/dev/cu.usbserial-1120,/dev/cu.usbserial-A50285BI,18690276,,17707937,,269,016A09572EA4C74FAA7295D4E076C7224B925B82C2CC0C6464C918414109,2026-09-15T22:43:10.525974+08:00,2026-09-15T22:43:10.548567+08:00,1.78948E+18,1.78948E+18,22593.024,22.593024,10487.31931,10479.60623
2026-09-15T22:43:11.606910+08:00,2026-09-15T22:43:11.621691+08:00,1.78948E+18,1.78948E+18,14781,14.781,/dev/cu.usbserial-1120,/dev/cu.usbserial-A50285BI,18793553,,17811280,,270,016C58AF5626B0CA7F6BE11AC208F58F74E68CEE701C656D7EE8AC11826A,2026-09-15T22:43:11.609073+08:00,2026-09-15T22:43:11.631561+08:00,1.78948E+18,1.78948E+18,22488.064,22.488064,10487.31931,10479.60623
2026-09-15T22:43:12.148417+08:00,2026-09-15T22:43:12.160262+08:00,1.78948E+18,1.78948E+18,11845,11.845,/dev/cu.usbserial-1120,/dev/cu.usbserial-A50285BI,18845186,,17862941,,271,016D05C865265C46C3376BA0595408A92C8434107AA1E436628E8DD05238,2026-09-15T22:43:12.150565+08:00,2026-09-15T22:43:12.172948+08:00,1.78948E+18,1.78948E+18,22383.104,22.383104,10487.31931,10479.60623
2026-09-15T22:43:13.772994+08:00,2026-09-15T22:43:13.784083+08:00,1.78948E+18,1.78948E+18,11089,11.089,/dev/cu.usbserial-1120,/dev/cu.usbserial-A50285BI,19000096,,18017967,,272,0170831290484667E63B6E4736D404599CDE73AB0861184EA59C8BAD0EC1,2026-09-15T22:43:13.775156+08:00,2026-09-15T22:43:13.797559+08:00,1.78948E+18,1.78948E+18,22404.096,22.404096,10487.31931,10479.60623
2026-09-15T22:43:15.397527+08:00,2026-09-15T22:43:15.412179+08:00,1.78948E+18,1.78948E+18,14652,14.652,/dev/cu.usbserial-1120,/dev/cu.usbserial-A50285BI,19154996,,18172980,,273,0173B7ECE971DDFE4695BC13A20AF5A679BD8BE07AFE31FAA9444D5756A5,2026-09-15T22:43:15.399641+08:00,2026-09-15T22:43:15.422035+08:00,1.78948E+18,1.78948E+18,22393.6,22.3936,10487.31931,10479.60623
2026-09-15T22:43:15.939279+08:00,2026-09-15T22:43:15.951516+08:00,1.78948E+18,1.78948E+18,12237,12.237,/dev/cu.usbserial-1120,/dev/cu.usbserial-A50285BI,19206645,,18224662,,274,0174CF5DC110B5178A505A8CDBC082DC54CF2520B933FEFF5DECD3104EFF,2026-09-15T22:43:15.941301+08:00,2026-09-15T22:43:15.963642+08:00,1.78948E+18,1.78948E+18,22340.864,22.340864,10487.31931,10479.60623
2026-09-15T22:43:17.022217+08:00,2026-09-15T22:43:17.034410+08:00,1.78948E+18,1.78948E+18,12193,12.193,/dev/cu.usbserial-1120,/dev/cu.usbserial-A50285BI,19309912,,18327997,,275,0176643184625AD2227157E8BE9DC77A450B314AED3445F72260A7D234E3,2026-09-15T22:43:17.024295+08:00,2026-09-15T22:43:17.046552+08:00,1.78948E+18,1.78948E+18,22257.152,22.257152,10487.31931,10479.60623
2026-09-15T22:43:17.563662+08:00,2026-09-15T22:43:17.575408+08:00,1.78948E+18,1.78948E+18,11746,11.746,/dev/cu.usbserial-1120,/dev/cu.usbserial-A50285BI,19361555,,18379673,,276,01777E80C11ABB54E42529691A623982F8AC8BA38F583C6C9BECF2386E9D,2026-09-15T22:43:17.565891+08:00,2026-09-15T22:43:17.588096+08:00,1.78948E+18,1.78948E+18,22204.672,22.204672,10487.31931,10479.60623
2026-09-15T22:43:18.105160+08:00,2026-09-15T22:43:18.116449+08:00,1.78948E+18,1.78948E+18,11289,11.289,/dev/cu.usbserial-1120,/dev/cu.usbserial-A50285BI,19413185,,18431334,,277,0178A9F99F8F3AD171CBB07105FF4B3240F950F57AE296BBEB3AD103D697,2026-09-15T22:43:18.107352+08:00,2026-09-15T22:43:18.129483+08:00,1.78948E+18,1.78948E+18,22131.456,22.131456,10487.31931,10479.60623
2026-09-15T22:43:18.646569+08:00,2026-09-15T22:43:18.657944+08:00,1.78948E+18,1.78948E+18,11375,11.375,/dev/cu.usbserial-1120,/dev/cu.usbserial-A50285BI,19464822,,18483001,,278,01799DE7731D4AF59DBC6ACE402D1B8180AA15A5AA707238DBF5413B72E9,2026-09-15T22:43:18.648885+08:00,2026-09-15T22:43:18.670933+08:00,1.78948E+18,1.78948E+18,22047.232,22.047232,10487.31931,10479.60623
2026-09-15T22:43:19.188009+08:00,2026-09-15T22:43:19.198876+08:00,1.78948E+18,1.78948E+18,10867,10.867,/dev/cu.usbserial-1120,/dev/cu.usbserial-A50285BI,19516455,,18534674,,279,017AC90937EF9D7B481864BEC72365EF4577D57BEDDCE03971FD7944B49E,2026-09-15T22:43:19.190377+08:00,2026-09-15T22:43:19.212445+08:00,1.78948E+18,1.78948E+18,22068.224,22.068224,10487.31931,10479.60623
2026-09-15T22:43:20.271057+08:00,2026-09-15T22:43:20.286038+08:00,1.78948E+18,1.78948E+18,14981,14.981,/dev/cu.usbserial-1120,/dev/cu.usbserial-A50285BI,19619728,,18638002,,280,017C3C109D95D350618E3E41CA81FC34C55F6094FF801C7A54A7920FFCB9,2026-09-15T22:43:20.273434+08:00,2026-09-15T22:43:20.295282+08:00,1.78948E+18,1.78948E+18,21848.064,21.848064,10487.31931,10479.60623
2026-09-15T22:43:21.354024+08:00,2026-09-15T22:43:21.365633+08:00,1.78948E+18,1.78948E+18,11609,11.609,/dev/cu.usbserial-1120,/dev/cu.usbserial-A50285BI,19722998,,18741339,,281,017E4698CED3BA6DE15F56C9FE4E02A419065CD21464D023A5315C3B0564,2026-09-15T22:43:21.356460+08:00,2026-09-15T22:43:21.378213+08:00,1.78948E+18,1.78948E+18,21753.6,21.7536,10487.31931,10479.60623
2026-09-15T22:43:21.895629+08:00,2026-09-15T22:43:21.906922+08:00,1.78948E+18,1.78948E+18,11293,11.293,/dev/cu.usbserial-1120,/dev/cu.usbserial-A50285BI,19774629,,18792994,,282,017F20325E1AA8ECF256FA370B785EA7A67FF030DEFEE6881ADFA23AF6DB,2026-09-15T22:43:21.897930+08:00,2026-09-15T22:43:21.919537+08:00,1.78948E+18,1.78948E+18,21606.912,21.606912,10487.31931,10479.60623
2026-09-15T22:43:22.437013+08:00,2026-09-15T22:43:22.447881+08:00,1.78948E+18,1.78948E+18,10868,10.868,/dev/cu.usbserial-1120,/dev/cu.usbserial-A50285BI,19826262,,18844658,,283,0180778AF2B53B0CDD399103FFF8F37A09C08224BDDD8DF55D13E37CD556,2026-09-15T22:43:22.439422+08:00,2026-09-15T22:43:22.460956+08:00,1.78948E+18,1.78948E+18,21533.696,21.533696,10487.31931,10479.60623
2026-09-15T22:43:23.519915+08:00,2026-09-15T22:43:23.530521+08:00,1.78948E+18,1.78948E+18,10606,10.606,/dev/cu.usbserial-1120,/dev/cu.usbserial-A50285BI,19929535,,18947992,,284,018229A7DE82CD01D2C71DF496AC5A11465A5457377C714DE3BD7EE19B05,2026-09-15T22:43:23.522479+08:00,2026-09-15T22:43:23.543855+08:00,1.78948E+18,1.78948E+18,21376.256,21.376256,10487.31931,10479.60623
2026-09-15T22:43:24.061366+08:00,2026-09-15T22:43:24.061854+08:00,1.78948E+18,1.78948E+18,488,0.488,/dev/cu.usbserial-1120,/dev/cu.usbserial-A50285BI,19981175,,18999647,,285,01833603EB739201CC19D6A18C7958007EC30F2D61CCDF8591CEA6CCF0E2,2026-09-15T22:43:24.064044+08:00,2026-09-15T22:43:24.085179+08:00,1.78948E+18,1.78948E+18,21135.104,21.135104,10487.31931,10479.60623
2026-09-15T22:43:24.602606+08:00,2026-09-15T22:43:24.615010+08:00,1.78948E+18,1.78948E+18,12404,12.404,/dev/cu.usbserial-1120,/dev/cu.usbserial-A50285BI,20032805,,19051317,,286,01840610923EF03E2B2EF58138D34D5EF09FA390E98CA6A58B1F50553520,2026-09-15T22:43:24.605505+08:00,2026-09-15T22:43:24.626661+08:00,1.78948E+18,1.78948E+18,21156.096,21.156096,10487.31931,10479.60623
2026-09-15T22:43:25.685531+08:00,2026-09-15T22:43:25.697547+08:00,1.78948E+18,1.78948E+18,12016,12.016,/dev/cu.usbserial-1120,/dev/cu.usbserial-A50285BI,20136076,,19154645,,287,018680BFBB2AB450BE9163E88691EC7111D40AD4EA95E1111122CA1EAB13,2026-09-15T22:43:25.688540+08:00,2026-09-15T22:43:25.709497+08:00,1.78948E+18,1.78948E+18,20956.928,20.956928,10487.31931,10479.60623
2026-09-15T22:43:26.227303+08:00,2026-09-15T22:43:26.238716+08:00,1.78948E+18,1.78948E+18,11413,11.413,/dev/cu.usbserial-1120,/dev/cu.usbserial-A50285BI,20187715,,19206312,,288,0187DF866A4845BCBAA43C43B18BE880B41CDD5AE82E6C975F0CAFF6FFF0,2026-09-15T22:43:26.230095+08:00,2026-09-15T22:43:26.250947+08:00,1.78948E+18,1.78948E+18,20851.968,20.851968,10487.31931,10479.60623
2026-09-15T22:43:26.768597+08:00,2026-09-15T22:43:26.780037+08:00,1.78948E+18,1.78948E+18,11440,11.44,/dev/cu.usbserial-1120,/dev/cu.usbserial-A50285BI,20239349,,19257976,,289,0188560C324230DF4F8D7944CB45E6F9203B718179DCE4C3222D2761B287,2026-09-15T22:43:26.771597+08:00,2026-09-15T22:43:26.792366+08:00,1.78948E+18,1.78948E+18,20768.256,20.768256,10487.31931,10479.60623
2026-09-15T22:43:27.310052+08:00,2026-09-15T22:43:27.321141+08:00,1.78948E+18,1.78948E+18,11089,11.089,/dev/cu.usbserial-1120,/dev/cu.usbserial-A50285BI,20290988,,19309647,,290,01894BD9F612525E9C02C474A494F34E86C709E723DBD6E26E8A5B22D709,2026-09-15T22:43:27.313152+08:00,2026-09-15T22:43:27.333857+08:00,1.78948E+18,1.78948E+18,20705.28,20.70528,10487.31931,10479.60623
2026-09-15T22:43:27.851387+08:00,2026-09-15T22:43:27.862675+08:00,1.78948E+18,1.78948E+18,11288,11.288,/dev/cu.usbserial-1120,/dev/cu.usbserial-A50285BI,20342631,,19361323,,291,018A15297BBD0B320DBE970D820CF4BD7F938BD283E1FD87D4A1EF9C2BDF,2026-09-15T22:43:27.854749+08:00,2026-09-15T22:43:27.875401+08:00,1.78948E+18,1.78948E+18,20652.8,20.6528,10487.31931,10479.60623
2026-09-15T22:43:28.393123+08:00,2026-09-15T22:43:28.393247+08:00,1.78948E+18,1.78948E+18,124,0.124,/dev/cu.usbserial-1120,/dev/cu.usbserial-A50285BI,20394261,,19412987,,292,018B99F21EFA0EE8516849775C2DFB107B191631F8C419C9594A1A5149C7,2026-09-15T22:43:28.396209+08:00,2026-09-15T22:43:28.416820+08:00,1.78948E+18,1.78948E+18,20610.816,20.610816,10487.31931,10479.60623
2026-09-15T22:43:29.475792+08:00,2026-09-15T22:43:29.487963+08:00,1.78948E+18,1.78948E+18,12171,12.171,/dev/cu.usbserial-1120,/dev/cu.usbserial-A50285BI,20497537,,19516339,,293,018DB8BC9B839FF95B59CBBEC5FB7D2887F99CAB063485F30917957B2898,2026-09-15T22:43:29.479297+08:00,2026-09-15T22:43:29.499908+08:00,1.78948E+18,1.78948E+18,20610.816,20.610816,10487.31931,10479.60623
2026-09-15T22:43:30.017485+08:00,2026-09-15T22:43:30.029163+08:00,1.78948E+18,1.78948E+18,11678,11.678,/dev/cu.usbserial-1120,/dev/cu.usbserial-A50285BI,20549177,,19568003,,294,018E78EEF3ED3040E10FE58CFFEF6FAC547BA39A164F618A903B5AC3CE79,2026-09-15T22:43:30.020863+08:00,2026-09-15T22:43:30.041326+08:00,1.78948E+18,1.78948E+18,20463.872,20.463872,10487.31931,10479.60623
2026-09-15T22:43:30.558920+08:00,2026-09-15T22:43:30.570460+08:00,1.78948E+18,1.78948E+18,11540,11.54,/dev/cu.usbserial-1120,/dev/cu.usbserial-A50285BI,20600811,,19619670,,295,018FA2410EABF90CE696D95634A13F57CA0C39E9D7F034E214FA0335B2E6,2026-09-15T22:43:30.562365+08:00,2026-09-15T22:43:30.582776+08:00,1.78948E+18,1.78948E+18,20411.648,20.411648,10487.31931,10479.60623
2026-09-15T22:43:31.100403+08:00,2026-09-15T22:43:31.111691+08:00,1.78948E+18,1.78948E+18,11288,11.288,/dev/cu.usbserial-1120,/dev/cu.usbserial-A50285BI,20652447,,19671347,,296,0190AFC806BD0113F2CFD07D13700B75AC728553556683ED639107F916B0,2026-09-15T22:43:31.103888+08:00,2026-09-15T22:43:31.124331+08:00,1.78948E+18,1.78948E+18,20442.88,20.44288,10487.31931,10479.60623
2026-09-15T22:43:33.266221+08:00,2026-09-15T22:43:33.280879+08:00,1.78948E+18,1.78948E+18,14658,14.658,/dev/cu.usbserial-1120,/dev/cu.usbserial-A50285BI,20858984,,19878018,,297,019451196517CD573AB47EC4314A114A134FE6474C019F2C576A6AD7E714,2026-09-15T22:43:33.269907+08:00,2026-09-15T22:43:33.290162+08:00,1.78948E+18,1.78948E+18,20254.208,20.254208,10487.31931,10479.60623
2026-09-15T22:43:33.807731+08:00,2026-09-15T22:43:33.820142+08:00,1.78948E+18,1.78948E+18,12411,12.411,/dev/cu.usbserial-1120,/dev/cu.usbserial-A50285BI,20910615,,19929682,,298,01950FB1DB8CB887DF998329E13ACAC53A602D00997064DAAF77C63F9D2B,2026-09-15T22:43:33.811378+08:00,2026-09-15T22:43:33.831580+08:00,1.78948E+18,1.78948E+18,20201.728,20.201728,10487.31931,10479.60623
2026-09-15T22:43:34.349422+08:00,2026-09-15T22:43:34.361560+08:00,1.78948E+18,1.78948E+18,12138,12.138,/dev/cu.usbserial-1120,/dev/cu.usbserial-A50285BI,20962254,,19981346,,299,0196986C1DA5160772E043FD10F1711B0B04906C421A365548847271151E,2026-09-15T22:43:34.352933+08:00,2026-09-15T22:43:34.372998+08:00,1.78948E+18,1.78948E+18,20065.536,20.065536,10487.31931,10479.60623
2026-09-15T22:43:34.890624+08:00,2026-09-15T22:43:34.902456+08:00,1.78948E+18,1.78948E+18,11832,11.832,/dev/cu.usbserial-1120,/dev/cu.usbserial-A50285BI,21013882,,20033010,,300,0197512D714C2C231CB6B837BEC3CB7492D7EFA4D04BA8B1DF3085BE37C4,2026-09-15T22:43:34.894372+08:00,2026-09-15T22:43:34.914417+08:00,1.78948E+18,1.78948E+18,20044.288,20.044288,10487.31931,10479.60623
2026-09-15T22:43:35.432126+08:00,2026-09-15T22:43:35.443768+08:00,1.78948E+18,1.78948E+18,11642,11.642,/dev/cu.usbserial-1120,/dev/cu.usbserial-A50285BI,21065512,,20084671,,301,0198E90518B0966FEC07FEF57DFF4AB9D66D27E3FA02533C4848EA8DA95A,2026-09-15T22:43:35.435833+08:00,2026-09-15T22:43:35.455804+08:00,1.78948E+18,1.78948E+18,19971.072,19.971072,10487.31931,10479.60623
2026-09-15T22:43:35.973726+08:00,2026-09-15T22:43:35.984907+08:00,1.78948E+18,1.78948E+18,11181,11.181,/dev/cu.usbserial-1120,/dev/cu.usbserial-A50285BI,21117155,,20136347,,302,019971B57F669F8D4DE4EF7C2693E7D9D7382503D4162E42E32CF65C8A31,2026-09-15T22:43:35.977429+08:00,2026-09-15T22:43:35.997348+08:00,1.78948E+18,1.78948E+18,19918.592,19.918592,10487.31931,10479.60623
2026-09-15T22:43:36.515364+08:00,2026-09-15T22:43:36.526173+08:00,1.78948E+18,1.78948E+18,10809,10.809,/dev/cu.usbserial-1120,/dev/cu.usbserial-A50285BI,21168788,,20188014,,303,019A2FF7395052B238A36E014F71B3CC3728BEC7C319A290CEF5BA8AE30B,2026-09-15T22:43:36.518921+08:00,2026-09-15T22:43:36.538798+08:00,1.78948E+18,1.78948E+18,19876.608,19.876608,10487.31931,10479.60623
2026-09-15T22:43:38.139803+08:00,2026-09-15T22:43:38.154372+08:00,1.78948E+18,1.78948E+18,14569,14.569,/dev/cu.usbserial-1120,/dev/cu.usbserial-A50285BI,21323689,,20343015,,304,019DDF4C183ABFB38BCCCC9801AA7A3C7D292478F62CDC9A0965F303614B,2026-09-15T22:43:38.143417+08:00,2026-09-15T22:43:38.163147+08:00,1.78948E+18,1.78948E+18,19729.92,19.72992,10487.31931,10479.60623
2026-09-15T22:43:39.222675+08:00,2026-09-15T22:43:39.234947+08:00,1.78948E+18,1.78948E+18,12272,12.272,/dev/cu.usbserial-1120,/dev/cu.usbserial-A50285BI,21426965,,20446350,,305,019FD411BC344649058BC1AF75F9F41EB204E453FE492F4B68381D5AB691,2026-09-15T22:43:39.226506+08:00,2026-09-15T22:43:39.246057+08:00,1.78948E+18,1.78948E+18,19551.744,19.551744,10487.31931,10479.60623
2026-09-15T22:43:39.764242+08:00,2026-09-15T22:43:39.776037+08:00,1.78948E+18,1.78948E+18,11795,11.795,/dev/cu.usbserial-1120,/dev/cu.usbserial-A50285BI,21478598,,20498023,,306,01A06C0B0DA2D8BB663D6CF4B17B8B8AC634BD78103A3B78F8583964130D,2026-09-15T22:43:39.767998+08:00,2026-09-15T22:43:39.787570+08:00,1.78948E+18,1.78948E+18,19572.48,19.57248,10487.31931,10479.60623
2026-09-15T22:43:40.305995+08:00,2026-09-15T22:43:40.317407+08:00,1.78948E+18,1.78948E+18,11412,11.412,/dev/cu.usbserial-1120,/dev/cu.usbserial-A50285BI,21530238,,20549690,,307,01A1F54F0A0884624D63577877A0907980640777A5F51A8A1775386C65DC,2026-09-15T22:43:40.309562+08:00,2026-09-15T22:43:40.329020+08:00,1.78948E+18,1.78948E+18,19457.28,19.45728,10487.31931,10479.60623
2026-09-15T22:43:41.930522+08:00,2026-09-15T22:43:41.945337+08:00,1.78948E+18,1.78948E+18,14815,14.815,/dev/cu.usbserial-1120,/dev/cu.usbserial-A50285BI,21685151,,20704697,,308,01A4F1B87BDD8AA2F822339504650DDFFD1E2D8322D228D5010C60D7A41C,2026-09-15T22:43:41.934185+08:00,2026-09-15T22:43:41.953432+08:00,1.78948E+18,1.78948E+18,19247.36,19.24736,10487.31931,10479.60623
2026-09-15T22:43:42.471718+08:00,2026-09-15T22:43:42.483643+08:00,1.78948E+18,1.78948E+18,11925,11.925,/dev/cu.usbserial-1120,/dev/cu.usbserial-A50285BI,21736781,,20756355,,309,01A511567B931BC4087A8DD44D54F5D8F5DA6ADA4571567CC06B04909D02,2026-09-15T22:43:42.475645+08:00,2026-09-15T22:43:42.494787+08:00,1.78948E+18,1.78948E+18,19142.4,19.1424,10487.31931,10479.60623
2026-09-15T22:43:43.013375+08:00,2026-09-15T22:43:43.024915+08:00,1.78948E+18,1.78948E+18,11540,11.54,/dev/cu.usbserial-1120,/dev/cu.usbserial-A50285BI,21788415,,20808022,,310,01A6ED76EA15C2397CA039689DFC98B675DC02513403840205C6DF09B246,2026-09-15T22:43:43.017147+08:00,2026-09-15T22:43:43.036237+08:00,1.78948E+18,1.78948E+18,19090.176,19.090176,10487.31931,10479.60623
2026-09-15T22:43:43.555234+08:00,2026-09-15T22:43:43.566499+08:00,1.78948E+18,1.78948E+18,11265,11.265,/dev/cu.usbserial-1120,/dev/cu.usbserial-A50285BI,21840054,,20859692,,311,01A713B61769B0C7489DDC85824C239DD21D01BF87F031F85998B4D05657,2026-09-15T22:43:43.558702+08:00,2026-09-15T22:43:43.577718+08:00,1.78948E+18,1.78948E+18,19016.704,19.016704,10487.31931,10479.60623
2026-09-15T22:43:44.637984+08:00,2026-09-15T22:43:44.648872+08:00,1.78948E+18,1.78948E+18,10888,10.888,/dev/cu.usbserial-1120,/dev/cu.usbserial-A50285BI,21943327,,20963039,,312,01A950BB4F5A71C1F1A12B25076A3861B33DAB39FB60BB987B195328CCA0,2026-09-15T22:43:44.641759+08:00,2026-09-15T22:43:44.660754+08:00,1.78948E+18,1.78948E+18,18995.712,18.995712,10487.31931,10479.60623
2026-09-15T22:43:45.720798+08:00,2026-09-15T22:43:45.735730+08:00,1.78948E+18,1.78948E+18,14932,14.932,/dev/cu.usbserial-1120,/dev/cu.usbserial-A50285BI,22046585,,21066379,,313,01ABEA772FABFBB5180F31CA9D9AA56B9FA430E293CEB965A4BC3F33A791,2026-09-15T22:43:45.724658+08:00,2026-09-15T22:43:45.743717+08:00,1.78948E+18,1.78948E+18,19058.432,19.058432,10487.31931,10479.60623
2026-09-15T22:43:46.803931+08:00,2026-09-15T22:43:46.816145+08:00,1.78948E+18,1.78948E+18,12214,12.214,/dev/cu.usbserial-1120,/dev/cu.usbserial-A50285BI,22149867,,21169740,,314,01AD8E972CA03403FE2AAEA4EC41A4DE4DFCE6EEAD4539C77C0FE1AD7957,2026-09-15T22:43:46.807810+08:00,2026-09-15T22:43:46.826900+08:00,1.78948E+18,1.78948E+18,19089.664,19.089664,10487.31931,10479.60623
2026-09-15T22:43:47.345686+08:00,2026-09-15T22:43:47.357528+08:00,1.78948E+18,1.78948E+18,11842,11.842,/dev/cu.usbserial-1120,/dev/cu.usbserial-A50285BI,22201501,,21221407,,315,01AEF292DCDC5733469D9FF269178B72773B58F44B31CC755ACF038358D8,2026-09-15T22:43:47.349312+08:00,2026-09-15T22:43:47.368349+08:00,1.78948E+18,1.78948E+18,19037.184,19.037184,10487.31931,10479.60623
2026-09-15T22:43:47.887014+08:00,2026-09-15T22:43:47.898709+08:00,1.78948E+18,1.78948E+18,11695,11.695,/dev/cu.usbserial-1120,/dev/cu.usbserial-A50285BI,22253141,,21273081,,316,01AFF7E3AAF4D0E48E73F1810CC2BF3A9CA92FAF944A160158DA30E8401C,2026-09-15T22:43:47.890877+08:00,2026-09-15T22:43:47.909872+08:00,1.78948E+18,1.78948E+18,18995.2,18.9952,10487.31931,10479.60623
2026-09-15T22:43:48.970092+08:00,2026-09-15T22:43:48.981125+08:00,1.78948E+18,1.78948E+18,11033,11.033,/dev/cu.usbserial-1120,/dev/cu.usbserial-A50285BI,22356414,,21376421,,317,01B169C27664D0F2E326534A00FA47D8184AF912FF607AB2B89F2D58E787,2026-09-15T22:43:48.973934+08:00,2026-09-15T22:43:48.992835+08:00,1.78948E+18,1.78948E+18,18900.992,18.900992,10487.31931,10479.60623
2026-09-15T22:43:49.511686+08:00,2026-09-15T22:43:49.526556+08:00,1.78948E+18,1.78948E+18,14870,14.87,/dev/cu.usbserial-1120,/dev/cu.usbserial-A50285BI,22408050,,21428088,,318,01B211DDFA66CF7815DF8393C11C4A6B55D3906A20FA16445C49C6D3D274,2026-09-15T22:43:49.515457+08:00,2026-09-15T22:43:49.534285+08:00,1.78948E+18,1.78948E+18,18827.52,18.82752,10487.31931,10479.60623
2026-09-15T22:43:50.053010+08:00,2026-09-15T22:43:50.064764+08:00,1.78948E+18,1.78948E+18,11754,11.754,/dev/cu.usbserial-1120,/dev/cu.usbserial-A50285BI,22459684,,21479755,,319,01B337B34C25FE9DBFBBBA8435C5DE727C3C3D1F90845756C9216508C539,2026-09-15T22:43:50.056959+08:00,2026-09-15T22:43:50.075735+08:00,1.78948E+18,1.78948E+18,18775.04,18.77504,10487.31931,10479.60623
2026-09-15T22:43:50.594649+08:00,2026-09-15T22:43:50.606184+08:00,1.78948E+18,1.78948E+18,11535,11.535,/dev/cu.usbserial-1120,/dev/cu.usbserial-A50285BI,22511323,,21531416,,320,01B4262D13CE675EA4B75534F263835EEE4DB984AA3E82DFCB467495AC78,2026-09-15T22:43:50.598514+08:00,2026-09-15T22:43:50.617121+08:00,1.78948E+18,1.78948E+18,18607.36,18.60736,10487.31931,10479.60623
2026-09-15T22:43:52.219122+08:00,2026-09-15T22:43:52.230476+08:00,1.78948E+18,1.78948E+18,11354,11.354,/dev/cu.usbserial-1120,/dev/cu.usbserial-A50285BI,22666230,,21686420,,321,01B766619CDD10E97F97E96C3C642F3CB63055EC4D5D47AD0E847B6B9BE9,2026-09-15T22:43:52.223073+08:00,2026-09-15T22:43:52.241503+08:00,1.78948E+18,1.78948E+18,18429.184,18.429184,10487.31931,10479.60623
2026-09-15T22:43:52.760875+08:00,2026-09-15T22:43:52.775458+08:00,1.78948E+18,1.78948E+18,14583,14.583,/dev/cu.usbserial-1120,/dev/cu.usbserial-A50285BI,22717863,,21738090,,322,01B8BCA7DBC0B513622340EF9FCE6C26C8A0502786D1938560F4B64DE7AC,2026-09-15T22:43:52.764565+08:00,2026-09-15T22:43:52.782984+08:00,1.78948E+18,1.78948E+18,18418.688,18.418688,10487.31931,10479.60623
2026-09-15T22:43:53.301961+08:00,2026-09-15T22:43:53.313854+08:00,1.78948E+18,1.78948E+18,11893,11.893,/dev/cu.usbserial-1120,/dev/cu.usbserial-A50285BI,22769497,,21789751,,323,01B9282BA62E083BC87AB8B0875926275915D9C9D9FBBD237691AFC5DD97,2026-09-15T22:43:53.306067+08:00,2026-09-15T22:43:53.324371+08:00,1.78948E+18,1.78948E+18,18303.232,18.303232,10487.31931,10479.60623
2026-09-15T22:43:53.843529+08:00,2026-09-15T22:43:53.855182+08:00,1.78948E+18,1.78948E+18,11653,11.653,/dev/cu.usbserial-1120,/dev/cu.usbserial-A50285BI,22821133,,21841418,,324,01BAC89C27C06A0FC22D0CDC21AEC5B123B79A8A442487CD86AD4F271D27,2026-09-15T22:43:53.847591+08:00,2026-09-15T22:43:53.865820+08:00,1.78948E+18,1.78948E+18,18229.76,18.22976,10487.31931,10479.60623
2026-09-15T22:43:54.385022+08:00,2026-09-15T22:43:54.396408+08:00,1.78948E+18,1.78948E+18,11386,11.386,/dev/cu.usbserial-1120,/dev/cu.usbserial-A50285BI,22872767,,21893089,,325,01BB0324DD80549164789A920720A0827D14368D4E77740FF9B3CEABE8EE,2026-09-15T22:43:54.389093+08:00,2026-09-15T22:43:54.407312+08:00,1.78948E+18,1.78948E+18,18219.264,18.219264,10487.31931,10479.60623
2026-09-15T22:43:55.468476+08:00,2026-09-15T22:43:55.483080+08:00,1.78948E+18,1.78948E+18,14604,14.604,/dev/cu.usbserial-1120,/dev/cu.usbserial-A50285BI,22976034,,21996423,,326,01BD06DB17F53E28F3B4B122C6FF3B4E38B4204E6ABDDABAA155A0B8AFFA,2026-09-15T22:43:55.472087+08:00,2026-09-15T22:43:55.490212+08:00,1.78948E+18,1.78948E+18,18125.056,18.125056,10487.31931,10479.60623
2026-09-15T22:43:56.009544+08:00,2026-09-15T22:43:56.021678+08:00,1.78948E+18,1.78948E+18,12134,12.134,/dev/cu.usbserial-1120,/dev/cu.usbserial-A50285BI,23027667,,22048090,,327,01BEBB61213188D32AFC4C16521CBAB0DE074606FEA72779B9D92F3C99A0,2026-09-15T22:43:56.013578+08:00,2026-09-15T22:43:56.031662+08:00,1.78948E+18,1.78948E+18,18083.072,18.083072,10487.31931,10479.60623
2026-09-15T22:43:56.551200+08:00,2026-09-15T22:43:56.562759+08:00,1.78948E+18,1.78948E+18,11559,11.559,/dev/cu.usbserial-1120,/dev/cu.usbserial-A50285BI,23079310,,22099766,,328,01BF4AF7162DD71DC38FAA0E3A3ADEECC8395B3DD9332A45221F7C2190C7,2026-09-15T22:43:56.555175+08:00,2026-09-15T22:43:56.573206+08:00,1.78948E+18,1.78948E+18,18030.592,18.030592,10487.31931,10479.60623
2026-09-15T22:43:57.092612+08:00,2026-09-15T22:43:57.103932+08:00,1.78948E+18,1.78948E+18,11320,11.32,/dev/cu.usbserial-1120,/dev/cu.usbserial-A50285BI,23130944,,22151430,,329,01C074A3F4FEB8F16BA0BADC8F4EC6015FE6CCA2EEC5EB42CFBCC1023CD3,2026-09-15T22:43:57.096677+08:00,2026-09-15T22:43:57.114624+08:00,1.78948E+18,1.78948E+18,17946.624,17.946624,10487.31931,10479.60623
2026-09-15T22:43:57.634191+08:00,2026-09-15T22:43:57.645367+08:00,1.78948E+18,1.78948E+18,11176,11.176,/dev/cu.usbserial-1120,/dev/cu.usbserial-A50285BI,23182574,,22203094,,330,01C175BE09C081E74B25401EC78D3B961C253326B03AEE315C76C236D7DA,2026-09-15T22:43:57.638138+08:00,2026-09-15T22:43:57.656043+08:00,1.78948E+18,1.78948E+18,17904.64,17.90464,10487.31931,10479.60623
2026-09-15T22:43:58.175696+08:00,2026-09-15T22:43:58.186341+08:00,1.78948E+18,1.78948E+18,10645,10.645,/dev/cu.usbserial-1120,/dev/cu.usbserial-A50285BI,23234214,,22254764,,331,01C2E336E37A6CC939FC2EFF35CE3CF7422A334103CB4AF5466C1D90A905,2026-09-15T22:43:58.179703+08:00,2026-09-15T22:43:58.197524+08:00,1.78948E+18,1.78948E+18,17820.928,17.820928,10487.31931,10479.60623
2026-09-15T22:43:58.717139+08:00,2026-09-15T22:43:58.727763+08:00,1.78948E+18,1.78948E+18,10624,10.624,/dev/cu.usbserial-1120,/dev/cu.usbserial-A50285BI,23285850,,22306431,,332,01C338920AC566D8B0CEB8B93BB354E34CB203F4F3B178D8DCFA61E539B6,2026-09-15T22:43:58.721226+08:00,2026-09-15T22:43:58.738973+08:00,1.78948E+18,1.78948E+18,17747.2,17.7472,10487.31931,10479.60623
2026-09-15T22:43:59.258833+08:00,2026-09-15T22:43:59.273609+08:00,1.78948E+18,1.78948E+18,14776,14.776,/dev/cu.usbserial-1120,/dev/cu.usbserial-A50285BI,23337487,,22358098,,333,01C42FB76F2AA6CD80B524E03B85B107251DCA8C2587ED8BF358E4503F68,2026-09-15T22:43:59.262760+08:00,2026-09-15T22:43:59.280423+08:00,1.78948E+18,1.78948E+18,17663.488,17.663488,10487.31931,10479.60623
2026-09-15T22:43:59.800224+08:00,2026-09-15T22:43:59.811954+08:00,1.78948E+18,1.78948E+18,11730,11.73,/dev/cu.usbserial-1120,/dev/cu.usbserial-A50285BI,23389126,,22409771,,334,01C5D26EA14EFE9F439E635F50E2F3471B59AF2A107168F15B0652375A58,2026-09-15T22:43:59.804315+08:00,2026-09-15T22:43:59.821936+08:00,1.78948E+18,1.78948E+18,17621.504,17.621504,10487.31931,10479.60623
2026-09-15T22:44:00.342075+08:00,2026-09-15T22:44:00.353257+08:00,1.78948E+18,1.78948E+18,11182,11.182,/dev/cu.usbserial-1120,/dev/cu.usbserial-A50285BI,23440769,,22461448,,335,01C64EA3C3CEF309956D6140C017C6C19383AD04E9000A9B13E9060B84E7,2026-09-15T22:44:00.345911+08:00,2026-09-15T22:44:00.363491+08:00,1.78948E+18,1.78948E+18,17579.52,17.57952,10487.31931,10479.60623
2026-09-15T22:44:00.883512+08:00,2026-09-15T22:44:00.894646+08:00,1.78948E+18,1.78948E+18,11134,11.134,/dev/cu.usbserial-1120,/dev/cu.usbserial-A50285BI,23492399,,22513112,,336,01C78A6D3FEA8EC901E51E2D2E4C31917C4E296A61D229103D331BD147BC,2026-09-15T22:44:00.887372+08:00,2026-09-15T22:44:00.904909+08:00,1.78948E+18,1.78948E+18,17537.536,17.537536,10487.31931,10479.60623
2026-09-15T22:44:01.424982+08:00,2026-09-15T22:44:01.435953+08:00,1.78948E+18,1.78948E+18,10971,10.971,/dev/cu.usbserial-1120,/dev/cu.usbserial-A50285BI,23544042,,22564797,,337,01C87DD139E2EEA7BB447CB99163AB538321448A10FBE4D3D1064062AFAA,2026-09-15T22:44:01.428968+08:00,2026-09-15T22:44:01.446548+08:00,1.78948E+18,1.78948E+18,17579.264,17.579264,10487.31931,10479.60623
2026-09-15T22:44:01.966810+08:00,2026-09-15T22:44:01.981692+08:00,1.78948E+18,1.78948E+18,14882,14.882,/dev/cu.usbserial-1120,/dev/cu.usbserial-A50285BI,23595676,,22616485,,338,01C93944C421A33B12AFD55DE69FF06B0A01F0F2AD25742413D64D74FD56,2026-09-15T22:44:01.970470+08:00,2026-09-15T22:44:01.988217+08:00,1.78948E+18,1.78948E+18,17746.944,17.746944,10487.31931,10479.60623
2026-09-15T22:44:02.508136+08:00,2026-09-15T22:44:02.520109+08:00,1.78948E+18,1.78948E+18,11973,11.973,/dev/cu.usbserial-1120,/dev/cu.usbserial-A50285BI,23647312,,22668165,,339,01CAC8F3D61EBC6DA2525242A6069706D833C3D805774683C49098561E97,2026-09-15T22:44:02.511994+08:00,2026-09-15T22:44:02.529804+08:00,1.78948E+18,1.78948E+18,17809.92,17.80992,10487.31931,10479.60623
2026-09-15T22:44:03.591348+08:00,2026-09-15T22:44:03.602715+08:00,1.78948E+18,1.78948E+18,11367,11.367,/dev/cu.usbserial-1120,/dev/cu.usbserial-A50285BI,23750579,,22771526,,340,01CC8819C9F58D3AE32E90AFA5D851BFDFF4A80662310C126FE6E2C1E0CB,2026-09-15T22:44:03.594988+08:00,2026-09-15T22:44:03.612986+08:00,1.78948E+18,1.78948E+18,17998.592,17.998592,10487.31931,10479.60623
2026-09-15T22:44:04.132748+08:00,2026-09-15T22:44:04.143896+08:00,1.78948E+18,1.78948E+18,11148,11.148,/dev/cu.usbserial-1120,/dev/cu.usbserial-A50285BI,23802216,,22823206,,341,01CD8758187B1C64ACAA1451CE267FCB7D8F14D86FD5FFB2B97670664475,2026-09-15T22:44:04.136521+08:00,2026-09-15T22:44:04.154572+08:00,1.78948E+18,1.78948E+18,18050.816,18.050816,10487.31931,10479.60623
2026-09-15T22:44:05.216166+08:00,2026-09-15T22:44:05.230566+08:00,1.78948E+18,1.78948E+18,14400,14.4,/dev/cu.usbserial-1120,/dev/cu.usbserial-A50285BI,23905483,,22926537,,342,01CF0F8C411D9B34E21F2D943FA1917378F5A83C0D43AB5707484043E8D1,2026-09-15T22:44:05.219515+08:00,2026-09-15T22:44:05.237440+08:00,1.78948E+18,1.78948E+18,17925.12,17.92512,10487.31931,10479.60623
2026-09-15T22:44:05.757442+08:00,2026-09-15T22:44:05.769053+08:00,1.78948E+18,1.78948E+18,11611,11.611,/dev/cu.usbserial-1120,/dev/cu.usbserial-A50285BI,23957131,,22978222,,343,01D03F7853F541FE7B15ECCD4D9501E35D57222892FC640190DA99B6E8BB,2026-09-15T22:44:05.761164+08:00,2026-09-15T22:44:05.779079+08:00,1.78948E+18,1.78948E+18,17914.368,17.914368,10487.31931,10479.60623
2026-09-15T22:44:06.298933+08:00,2026-09-15T22:44:06.310512+08:00,1.78948E+18,1.78948E+18,11579,11.579,/dev/cu.usbserial-1120,/dev/cu.usbserial-A50285BI,24008765,,23029886,,344,01D15A84025BD782C6A05E340D97ACF0CB33F7F5F8C4B744433838467615,2026-09-15T22:44:06.302666+08:00,2026-09-15T22:44:06.320497+08:00,1.78948E+18,1.78948E+18,17830.656,17.830656,10487.31931,10479.60623
2026-09-15T22:44:06.840304+08:00,2026-09-15T22:44:06.851632+08:00,1.78948E+18,1.78948E+18,11328,11.328,/dev/cu.usbserial-1120,/dev/cu.usbserial-A50285BI,24060395,,23081547,,345,01D2E11CA73241C32438DFF01CDCBEA50DDAB296F1B0663F282028C22463,2026-09-15T22:44:06.844127+08:00,2026-09-15T22:44:06.861884+08:00,1.78948E+18,1.78948E+18,17756.928,17.756928,10487.31931,10479.60623
2026-09-15T22:44:07.923615+08:00,2026-09-15T22:44:07.923233+08:00,1.78948E+18,1.78948E+18,-382,-0.382,/dev/cu.usbserial-1120,/dev/cu.usbserial-A50285BI,24163653,,23184878,,346,01D44E97CD33852DCA5ADFDA1E0BD819E3CB9FD9D3EBA81ABA82F0499C2B,2026-09-15T22:44:07.927027+08:00,2026-09-15T22:44:07.944752+08:00,1.78948E+18,1.78948E+18,17725.696,17.725696,10487.31931,10479.60623
2026-09-15T22:44:08.465070+08:00,2026-09-15T22:44:08.477119+08:00,1.78948E+18,1.78948E+18,12049,12.049,/dev/cu.usbserial-1120,/dev/cu.usbserial-A50285BI,24215293,,23236564,,347,01D50F61A684FFBED561AEBF68D4452306DE3621AFF10844652DE20D9657,2026-09-15T22:44:08.468592+08:00,2026-09-15T22:44:08.486401+08:00,1.78948E+18,1.78948E+18,17809.408,17.809408,10487.31931,10479.60623
2026-09-15T22:44:09.548284+08:00,2026-09-15T22:44:09.559718+08:00,1.78948E+18,1.78948E+18,11434,11.434,/dev/cu.usbserial-1120,/dev/cu.usbserial-A50285BI,24318566,,23339925,,348,01D7BF1C41CD68A60EC6BD08964367DB65B8BE7B048F196128E6D43F9A0E,2026-09-15T22:44:09.551649+08:00,2026-09-15T22:44:09.569584+08:00,1.78948E+18,1.78948E+18,17935.104,17.935104,10487.31931,10479.60623
2026-09-15T22:44:10.090016+08:00,2026-09-15T22:44:10.100595+08:00,1.78948E+18,1.78948E+18,10579,10.579,/dev/cu.usbserial-1120,/dev/cu.usbserial-A50285BI,24370209,,23391601,,349,01D822E0EAC097BED31D74606D6CB27A1592CDC31C505594323F3645918D,2026-09-15T22:44:10.093245+08:00,2026-09-15T22:44:10.111128+08:00,1.78948E+18,1.78948E+18,17882.624,17.882624,10487.31931,10479.60623
2026-09-15T22:44:10.631148+08:00,2026-09-15T22:44:10.646331+08:00,1.78948E+18,1.78948E+18,15183,15.183,/dev/cu.usbserial-1120,/dev/cu.usbserial-A50285BI,24421848,,23443275,,350,01D9C247E97583010E80C36C647DD76D064130F5B91F1FDB93266B746B1D,2026-09-15T22:44:10.634800+08:00,2026-09-15T22:44:10.652651+08:00,1.78948E+18,1.78948E+18,17851.136,17.851136,10487.31931,10479.60623
2026-09-15T22:44:11.173051+08:00,2026-09-15T22:44:11.184915+08:00,1.78948E+18,1.78948E+18,11864,11.864,/dev/cu.usbserial-1120,/dev/cu.usbserial-A50285BI,24473482,,23494942,,351,01DA95F8FF3FE694E8B73D4E3EDA9A9D0B2669C470FE8FF29923361B62F2,2026-09-15T22:44:11.176302+08:00,2026-09-15T22:44:11.194101+08:00,1.78948E+18,1.78948E+18,17798.656,17.798656,10487.31931,10479.60623
2026-09-15T22:44:11.714404+08:00,2026-09-15T22:44:11.726338+08:00,1.78948E+18,1.78948E+18,11934,11.934,/dev/cu.usbserial-1120,/dev/cu.usbserial-A50285BI,24525121,,23546612,,352,01DB5994C6600E710CB5969EB00B26C0128673C9E150005D455B27E8CFD6,2026-09-15T22:44:11.717857+08:00,2026-09-15T22:44:11.735582+08:00,1.78948E+18,1.78948E+18,17725.184,17.725184,10487.31931,10479.60623
2026-09-15T22:44:12.256011+08:00,2026-09-15T22:44:12.267303+08:00,1.78948E+18,1.78948E+18,11292,11.292,/dev/cu.usbserial-1120,/dev/cu.usbserial-A50285BI,24576758,,23598285,,353,01DCE97C216C756B5C3F79A94EA72CDE59AB184E213BA869FD3376311B10,2026-09-15T22:44:12.259390+08:00,2026-09-15T22:44:12.277095+08:00,1.78948E+18,1.78948E+18,17704.192,17.704192,10487.31931,10479.60623
2026-09-15T22:44:12.797172+08:00,2026-09-15T22:44:12.808664+08:00,1.78948E+18,1.78948E+18,11492,11.492,/dev/cu.usbserial-1120,/dev/cu.usbserial-A50285BI,24628391,,23649946,,354,01DD515071700FF5674C197245F4AF975ECEFFCCFACDEAF004B391F57807,2026-09-15T22:44:12.800882+08:00,2026-09-15T22:44:12.818482+08:00,1.78948E+18,1.78948E+18,17599.488,17.599488,10487.31931,10479.60623
2026-09-15T22:44:13.880129+08:00,2026-09-15T22:44:13.895431+08:00,1.78948E+18,1.78948E+18,15302,15.302,/dev/cu.usbserial-1120,/dev/cu.usbserial-A50285BI,24731658,,23753268,,355,01DF84E46A045B682C63B7535A391A11EA1D55EE6FBCD9764796BD8F867B,2026-09-15T22:44:13.883876+08:00,2026-09-15T22:44:13.901256+08:00,1.78948E+18,1.78948E+18,17379.328,17.379328,10487.31931,10479.60623
2026-09-15T22:44:14.421839+08:00,2026-09-15T22:44:14.433712+08:00,1.78948E+18,1.78948E+18,11873,11.873,/dev/cu.usbserial-1120,/dev/cu.usbserial-A50285BI,24783298,,23804932,,356,01E08F52A6C9DAAEEB627BBB976FA4DFD2D8ADA3587F9E53E03F7D5750A7,2026-09-15T22:44:14.425442+08:00,2026-09-15T22:44:14.442674+08:00,1.78948E+18,1.78948E+18,17232.384,17.232384,10487.31931,10479.60623
2026-09-15T22:44:14.963163+08:00,2026-09-15T22:44:14.974997+08:00,1.78948E+18,1.78948E+18,11834,11.834,/dev/cu.usbserial-1120,/dev/cu.usbserial-A50285BI,24834935,,23856590,,357,01E15854A276110294D6ECCC1259DA2964B483BD173E152EAD26CFC70477,2026-09-15T22:44:14.966975+08:00,2026-09-15T22:44:14.984030+08:00,1.78948E+18,1.78948E+18,17054.208,17.054208,10487.31931,10479.60623
2026-09-15T22:44:15.504819+08:00,2026-09-15T22:44:15.515957+08:00,1.78948E+18,1.78948E+18,11138,11.138,/dev/cu.usbserial-1120,/dev/cu.usbserial-A50285BI,24886571,,23908254,,358,01E24CCF86CD90A716D5D4A6B58611B5F8214EA92AE9AA6340A229AA81CC,2026-09-15T22:44:15.508498+08:00,2026-09-15T22:44:15.525448+08:00,1.78948E+18,1.78948E+18,16949.504,16.949504,10487.31931,10479.60623
2026-09-15T22:44:16.587967+08:00,2026-09-15T22:44:16.588154+08:00,1.78948E+18,1.78948E+18,187,0.187,/dev/cu.usbserial-1120,/dev/cu.usbserial-A50285BI,24989859,,24011603,,359,01E4C10D6D2745BEC3E7C762DD3537D6689A7AACF4ABF5C96003DAC00403,2026-09-15T22:44:16.591712+08:00,2026-09-15T22:44:16.608505+08:00,1.78948E+18,1.78948E+18,16792.064,16.792064,10487.31931,10479.60623
2026-09-15T22:44:17.129367+08:00,2026-09-15T22:44:17.141448+08:00,1.78948E+18,1.78948E+18,12081,12.081,/dev/cu.usbserial-1120,/dev/cu.usbserial-A50285BI,25041493,,24063267,,360,01E535EDA149B55209F13B318E8E246D2CE657A176710DFD419063E5128E,2026-09-15T22:44:17.133215+08:00,2026-09-15T22:44:17.149923+08:00,1.78948E+18,1.78948E+18,16708.096,16.708096,10487.31931,10479.60623
2026-09-15T22:44:17.670743+08:00,2026-09-15T22:44:17.682911+08:00,1.78948E+18,1.78948E+18,12168,12.168,/dev/cu.usbserial-1120,/dev/cu.usbserial-A50285BI,25093123,,24114937,,361,01E6A148485748C009FADD6EEDE078936DCA0BEF0A8C73DA3D8B412321F7,2026-09-15T22:44:17.674675+08:00,2026-09-15T22:44:17.691404+08:00,1.78948E+18,1.78948E+18,16729.088,16.729088,10487.31931,10479.60623
2026-09-15T22:44:18.753678+08:00,2026-09-15T22:44:18.765305+08:00,1.78948E+18,1.78948E+18,11627,11.627,/dev/cu.usbserial-1120,/dev/cu.usbserial-A50285BI,25196396,,24218299,,362,01E8EC162E99F296EAEE6A267428C1DBBE322B11EC112806C2E1D835CD93,2026-09-15T22:44:18.757732+08:00,2026-09-15T22:44:18.774597+08:00,1.78948E+18,1.78948E+18,16865.28,16.86528,10487.31931,10479.60623
2026-09-15T22:44:19.295241+08:00,2026-09-15T22:44:19.306292+08:00,1.78948E+18,1.78948E+18,11051,11.051,/dev/cu.usbserial-1120,/dev/cu.usbserial-A50285BI,25248030,,24269978,,363,01E904745468E8CDFE2CC21C40331B6C8C15D8123B28008736C24A07682B,2026-09-15T22:44:19.299234+08:00,2026-09-15T22:44:19.316173+08:00,1.78948E+18,1.78948E+18,16938.496,16.938496,10487.31931,10479.60623
2026-09-15T22:44:19.836892+08:00,2026-09-15T22:44:19.847776+08:00,1.78948E+18,1.78948E+18,10884,10.884,/dev/cu.usbserial-1120,/dev/cu.usbserial-A50285BI,25299660,,24321654,,364,01EA6EEAE46428C5D59B0C4029690DB5FDD1CB8EC7F9A05B45A669B62979,2026-09-15T22:44:19.840694+08:00,2026-09-15T22:44:19.857717+08:00,1.78948E+18,1.78948E+18,17022.464,17.022464,10487.31931,10479.60623
2026-09-15T22:44:21.461224+08:00,2026-09-15T22:44:21.475890+08:00,1.78948E+18,1.78948E+18,14666,14.666,/dev/cu.usbserial-1120,/dev/cu.usbserial-A50285BI,25454567,,24476680,,365,01EDA3016015571C65D9FEC56BAA0CEF19B024694CE5D9B4C24C42A58BF2,2026-09-15T22:44:21.465254+08:00,2026-09-15T22:44:21.482329+08:00,1.78948E+18,1.78948E+18,17074.688,17.074688,10487.31931,10479.60623
2026-09-15T22:44:22.002908+08:00,2026-09-15T22:44:22.015252+08:00,1.78948E+18,1.78948E+18,12344,12.344,/dev/cu.usbserial-1120,/dev/cu.usbserial-A50285BI,25506207,,24528362,,366,01EE40BF30A68E4EA0778D44DEF2CDD36C185BCE7621CDC0BFF30EC94C61,2026-09-15T22:44:22.006819+08:00,2026-09-15T22:44:22.023936+08:00,1.78948E+18,1.78948E+18,17116.416,17.116416,10487.31931,10479.60623
2026-09-15T22:44:22.544380+08:00,2026-09-15T22:44:22.556589+08:00,1.78948E+18,1.78948E+18,12209,12.209,/dev/cu.usbserial-1120,/dev/cu.usbserial-A50285BI,25557840,,24580045,,367,01EFEA3CD22458FAE19A8B8DCD40B7045FF1A49140DCF4E321463344AB05,2026-09-15T22:44:22.548311+08:00,2026-09-15T22:44:22.565553+08:00,1.78948E+18,1.78948E+18,17242.112,17.242112,10487.31931,10479.60623
2026-09-15T22:44:23.085887+08:00,2026-09-15T22:44:23.097800+08:00,1.78948E+18,1.78948E+18,11913,11.913,/dev/cu.usbserial-1120,/dev/cu.usbserial-A50285BI,25609480,,24631724,,368,01F0A3732AB8C53FF9C7A7E8AB1EF135FEA8AD54808DD976FF2CAE27B2D7,2026-09-15T22:44:23.089876+08:00,2026-09-15T22:44:23.107129+08:00,1.78948E+18,1.78948E+18,17252.608,17.252608,10487.31931,10479.60623
2026-09-15T22:44:23.627198+08:00,2026-09-15T22:44:23.638784+08:00,1.78948E+18,1.78948E+18,11586,11.586,/dev/cu.usbserial-1120,/dev/cu.usbserial-A50285BI,25661110,,24683400,,369,01F1AE6E285170A8F4092B251613047F28EA18BE4DE7472DD980C6FAC042,2026-09-15T22:44:23.631336+08:00,2026-09-15T22:44:23.648673+08:00,1.78948E+18,1.78948E+18,17336.576,17.336576,10487.31931,10479.60623
2026-09-15T22:44:24.169056+08:00,2026-09-15T22:44:24.180265+08:00,1.78948E+18,1.78948E+18,11209,11.209,/dev/cu.usbserial-1120,/dev/cu.usbserial-A50285BI,25712744,,24735079,,370,01F26391C08C97B54E114E63420B7566414047BAEEB658A1D0355E870181,2026-09-15T22:44:24.172838+08:00,2026-09-15T22:44:24.190248+08:00,1.78948E+18,1.78948E+18,17409.792,17.409792,10487.31931,10479.60623
2026-09-15T22:44:24.710484+08:00,2026-09-15T22:44:24.721537+08:00,1.78948E+18,1.78948E+18,11053,11.053,/dev/cu.usbserial-1120,/dev/cu.usbserial-A50285BI,25764380,,24786747,,371,01F3C2969C54EB19E41D4592347B1399AB78FA7B9385498E963A09569FCA,2026-09-15T22:44:24.714362+08:00,2026-09-15T22:44:24.731709+08:00,1.78948E+18,1.78948E+18,17347.072,17.347072,10487.31931,10479.60623
2026-09-15T22:44:25.251997+08:00,2026-09-15T22:44:25.263480+08:00,1.78948E+18,1.78948E+18,11483,11.483,/dev/cu.usbserial-1120,/dev/cu.usbserial-A50285BI,25816011,,24838417,,372,01F4C859914726C2AA9B1CB8B642107CF3C89945C70612DB241CE0F5B72D,2026-09-15T22:44:25.255832+08:00,2026-09-15T22:44:25.273190+08:00,1.78948E+18,1.78948E+18,17357.568,17.357568,10487.31931,10479.60623
2026-09-15T22:44:25.793256+08:00,2026-09-15T22:44:25.808332+08:00,1.78948E+18,1.78948E+18,15076,15.076,/dev/cu.usbserial-1120,/dev/cu.usbserial-A50285BI,25867647,,24890093,,373,01F58353D4DE5F9B218C48F5044FD065CDB350EBA331B75C306F15FF0C3C,2026-09-15T22:44:25.797356+08:00,2026-09-15T22:44:25.814734+08:00,1.78948E+18,1.78948E+18,17378.048,17.378048,10487.31931,10479.60623
2026-09-15T22:44:26.876501+08:00,2026-09-15T22:44:26.889079+08:00,1.78948E+18,1.78948E+18,12578,12.578,/dev/cu.usbserial-1120,/dev/cu.usbserial-A50285BI,25970923,,24993470,,374,01F75B5E621C325BC745340BCA6271519F6F2B51F6DF1DCB2D588F3B3432,2026-09-15T22:44:26.880444+08:00,2026-09-15T22:44:26.898084+08:00,1.78948E+18,1.78948E+18,17639.936,17.639936,10487.31931,10479.60623
2026-09-15T22:44:27.417891+08:00,2026-09-15T22:44:27.430000+08:00,1.78948E+18,1.78948E+18,12109,12.109,/dev/cu.usbserial-1120,/dev/cu.usbserial-A50285BI,26022557,,25045140,,375,01F81BB144AE3D703FF69C49E5D81AB5BD429DB5BE7D9B6AC02A6873A5FD,2026-09-15T22:44:27.421946+08:00,2026-09-15T22:44:27.439566+08:00,1.78948E+18,1.78948E+18,17619.2,17.6192,10487.31931,10479.60623
2026-09-15T22:44:27.959267+08:00,2026-09-15T22:44:27.971536+08:00,1.78948E+18,1.78948E+18,12269,12.269,/dev/cu.usbserial-1120,/dev/cu.usbserial-A50285BI,26074184,,25096810,,376,01F93F0A463B12DE1FF411AEBB01FCAADEBC2989748254693CE92A6B34C2,2026-09-15T22:44:27.963375+08:00,2026-09-15T22:44:27.981047+08:00,1.78948E+18,1.78948E+18,17671.68,17.67168,10487.31931,10479.60623
2026-09-15T22:44:28.500905+08:00,2026-09-15T22:44:28.512714+08:00,1.78948E+18,1.78948E+18,11809,11.809,/dev/cu.usbserial-1120,/dev/cu.usbserial-A50285BI,26125818,,25148480,,377,01FA940BC3CDC440A93F0057A7F4318FED742B7548A7BAFE08587066B26C,2026-09-15T22:44:28.504877+08:00,2026-09-15T22:44:28.522528+08:00,1.78948E+18,1.78948E+18,17650.688,17.650688,10487.31931,10479.60623
2026-09-15T22:44:29.042407+08:00,2026-09-15T22:44:29.053946+08:00,1.78948E+18,1.78948E+18,11539,11.539,/dev/cu.usbserial-1120,/dev/cu.usbserial-A50285BI,26177454,,25200153,,378,01FB31CB6ADF7B881F8276527476BF157266F48CEE88FFA3BB53238C90FE,2026-09-15T22:44:29.046401+08:00,2026-09-15T22:44:29.064041+08:00,1.78948E+18,1.78948E+18,17640.192,17.640192,10487.31931,10479.60623
2026-09-15T22:44:29.583846+08:00,2026-09-15T22:44:29.595108+08:00,1.78948E+18,1.78948E+18,11262,11.262,/dev/cu.usbserial-1120,/dev/cu.usbserial-A50285BI,26229091,,25251823,,379,01FCC8A3B8BC06027CB8F3E450D2ADBAC017260F1803B21CD676522BD076,2026-09-15T22:44:29.587934+08:00,2026-09-15T22:44:29.605522+08:00,1.78948E+18,1.78948E+18,17587.712,17.587712,10487.31931,10479.60623
2026-09-15T22:44:30.125460+08:00,2026-09-15T22:44:30.136178+08:00,1.78948E+18,1.78948E+18,10718,10.718,/dev/cu.usbserial-1120,/dev/cu.usbserial-A50285BI,26280724,,25303490,,380,01FDBEAC25AA3418E59203898087D616EF76C1F0A45C0D3E3281C4B8BC74,2026-09-15T22:44:30.129426+08:00,2026-09-15T22:44:30.146972+08:00,1.78948E+18,1.78948E+18,17545.472,17.545472,10487.31931,10479.60623
2026-09-15T22:44:30.667284+08:00,2026-09-15T22:44:30.681913+08:00,1.78948E+18,1.78948E+18,14629,14.629,/dev/cu.usbserial-1120,/dev/cu.usbserial-A50285BI,26332367,,25355167,,381,01FEFB051FCAE2D5DF958DBED2A67FD88F83FB1794270B6B397C4D995899,2026-09-15T22:44:30.671023+08:00,2026-09-15T22:44:30.688526+08:00,1.78948E+18,1.78948E+18,17503.744,17.503744,10487.31931,10479.60623
2026-09-15T22:44:31.208606+08:00,2026-09-15T22:44:31.220405+08:00,1.78948E+18,1.78948E+18,11799,11.799,/dev/cu.usbserial-1120,/dev/cu.usbserial-A50285BI,26384007,,25406849,,382,01FF80D7BABBD22A4005E780D6F7A98D17B0D266C0E43BDED69BE2A397AF,2026-09-15T22:44:31.212588+08:00,2026-09-15T22:44:31.230133+08:00,1.78948E+18,1.78948E+18,17545.472,17.545472,10487.31931,10479.60623
2026-09-15T22:44:31.750234+08:00,2026-09-15T22:44:31.761755+08:00,1.78948E+18,1.78948E+18,11521,11.521,/dev/cu.usbserial-1120,/dev/cu.usbserial-A50285BI,26435640,,25458531,,383,0200BC18220340F2E583B092CAE026242108627B4C6855AB2CE16C644F8B,2026-09-15T22:44:31.754080+08:00,2026-09-15T22:44:31.771740+08:00,1.78948E+18,1.78948E+18,17660.928,17.660928,10487.31931,10479.60623
2026-09-15T22:44:32.291632+08:00,2026-09-15T22:44:32.302794+08:00,1.78948E+18,1.78948E+18,11162,11.162,/dev/cu.usbserial-1120,/dev/cu.usbserial-A50285BI,26487280,,25510211,,384,02019E11D62C34B427775B8058046B335613F53AD9008F8308865E20EBB4,2026-09-15T22:44:32.295645+08:00,2026-09-15T22:44:32.313326+08:00,1.78948E+18,1.78948E+18,17681.664,17.681664,10487.31931,10479.60623
2026-09-15T22:44:32.833147+08:00,2026-09-15T22:44:32.833289+08:00,1.78948E+18,1.78948E+18,142,0.142,/dev/cu.usbserial-1120,/dev/cu.usbserial-A50285BI,26538913,,25561887,,385,020268A095AF972D0D2D8C6500AC29F92976DD087C56AE391517089AE4C1,2026-09-15T22:44:32.837137+08:00,2026-09-15T22:44:32.854871+08:00,1.78948E+18,1.78948E+18,17733.888,17.733888,10487.31931,10479.60623
2026-09-15T22:44:33.374709+08:00,2026-09-15T22:44:33.386785+08:00,1.78948E+18,1.78948E+18,12076,12.076,/dev/cu.usbserial-1120,/dev/cu.usbserial-A50285BI,26590556,,25613557,,386,0203473C1593068A40BF256D55E89C22455C03D67111DD06D361A899EF85,2026-09-15T22:44:33.378733+08:00,2026-09-15T22:44:33.396352+08:00,1.78948E+18,1.78948E+18,17618.688,17.618688,10487.31931,10479.60623
2026-09-15T22:44:34.999114+08:00,2026-09-15T22:44:35.010133+08:00,1.78948E+18,1.78948E+18,11019,11.019,/dev/cu.usbserial-1120,/dev/cu.usbserial-A50285BI,26745463,,25768567,,387,0206E76377AFBF5FD746ACF42658AD2D01AF1C1095A7BFC081AC8E538977,2026-09-15T22:44:35.003292+08:00,2026-09-15T22:44:35.020796+08:00,1.78948E+18,1.78948E+18,17503.232,17.503232,10487.31931,10479.60623
2026-09-15T22:44:35.541003+08:00,2026-09-15T22:44:35.540711+08:00,1.78948E+18,1.78948E+18,-292,-0.292,/dev/cu.usbserial-1120,/dev/cu.usbserial-A50285BI,26797093,,25820237,,388,020742710108A2B1F4628DB31709C6FD703C8297C6F2B365C7971247FC83,2026-09-15T22:44:35.544753+08:00,2026-09-15T22:44:35.562277+08:00,1.78948E+18,1.78948E+18,17524.224,17.524224,10487.31931,10479.60623
2026-09-15T22:44:36.081977+08:00,2026-09-15T22:44:36.094215+08:00,1.78948E+18,1.78948E+18,12238,12.238,/dev/cu.usbserial-1120,/dev/cu.usbserial-A50285BI,26848730,,25871914,,389,0208EFF26D3EB88C13764B0A02BCFB4A530264EFD3D5EF006D5A243F570A,2026-09-15T22:44:36.086286+08:00,2026-09-15T22:44:36.103831+08:00,1.78948E+18,1.78948E+18,17544.96,17.54496,10487.31931,10479.60623
2026-09-15T22:44:36.623734+08:00,2026-09-15T22:44:36.635462+08:00,1.78948E+18,1.78948E+18,11728,11.728,/dev/cu.usbserial-1120,/dev/cu.usbserial-A50285BI,26900366,,25923584,,390,0209B34BFF2D4075B418F2621526BA653A776399A46B5EC1E5DD4BE10E20,2026-09-15T22:44:36.627810+08:00,2026-09-15T22:44:36.645313+08:00,1.78948E+18,1.78948E+18,17503.232,17.503232,10487.31931,10479.60623
2026-09-15T22:44:37.165318+08:00,2026-09-15T22:44:37.176613+08:00,1.78948E+18,1.78948E+18,11295,11.295,/dev/cu.usbserial-1120,/dev/cu.usbserial-A50285BI,26951997,,25975251,,391,020A4799DDBAF844A3E259D4F7BB466B1D4EC7BA334A1C1A217B8C6C3E0A,2026-09-15T22:44:37.169280+08:00,2026-09-15T22:44:37.186763+08:00,1.78948E+18,1.78948E+18,17482.24,17.48224,10487.31931,10479.60623
2026-09-15T22:44:38.248509+08:00,2026-09-15T22:44:38.248214+08:00,1.78948E+18,1.78948E+18,-295,-0.295,/dev/cu.usbserial-1120,/dev/cu.usbserial-A50285BI,27055260,,26078597,,392,020CC7E7781530E9A2A103A629ADD2F72D4D4408D040A1F9A1EA1B34CB17,2026-09-15T22:44:38.252233+08:00,2026-09-15T22:44:38.269788+08:00,1.78948E+18,1.78948E+18,17555.456,17.555456,10487.31931,10479.60623
2026-09-15T22:44:38.789533+08:00,2026-09-15T22:44:38.801438+08:00,1.78948E+18,1.78948E+18,11905,11.905,/dev/cu.usbserial-1120,/dev/cu.usbserial-A50285BI,27106891,,26130267,,393,020DE291026EE62B29B76A00C3CC4D4B206117A14373C6CD9691576C4DCE,2026-09-15T22:44:38.793703+08:00,2026-09-15T22:44:38.811269+08:00,1.78948E+18,1.78948E+18,17565.952,17.565952,10487.31931,10479.60623
2026-09-15T22:44:39.872683+08:00,2026-09-15T22:44:39.883903+08:00,1.78948E+18,1.78948E+18,11220,11.22,/dev/cu.usbserial-1120,/dev/cu.usbserial-A50285BI,27210164,,26233632,,394,020F88F45F0A09388AE40C6DB59E30EB529B22AC2F13EFA7A6D309ED8AB8,2026-09-15T22:44:39.876760+08:00,2026-09-15T22:44:39.894494+08:00,1.78948E+18,1.78948E+18,17733.632,17.733632,10487.31931,10479.60623
2026-09-15T22:44:40.955653+08:00,2026-09-15T22:44:40.966345+08:00,1.78948E+18,1.78948E+18,10692,10.692,/dev/cu.usbserial-1120,/dev/cu.usbserial-A50285BI,27313431,,26336975,,395,0211667FEA479D666D60BC1C196E4F8530705B6FFCCA2B6E7A77D776C50D,2026-09-15T22:44:40.959754+08:00,2026-09-15T22:44:40.977488+08:00,1.78948E+18,1.78948E+18,17733.376,17.733376,10487.31931,10479.60623
2026-09-15T22:44:41.496926+08:00,2026-09-15T22:44:41.512036+08:00,1.78948E+18,1.78948E+18,15110,15.11,/dev/cu.usbserial-1120,/dev/cu.usbserial-A50285BI,27365065,,26388651,,396,0212993D4476CF4E9368CFED32A96FAEF0054FD4150AED6A528A662369CE,2026-09-15T22:44:41.501256+08:00,2026-09-15T22:44:41.519032+08:00,1.78948E+18,1.78948E+18,17775.36,17.77536,10487.31931,10479.60623
2026-09-15T22:44:42.038836+08:00,2026-09-15T22:44:42.050561+08:00,1.78948E+18,1.78948E+18,11725,11.725,/dev/cu.usbserial-1120,/dev/cu.usbserial-A50285BI,27416701,,26440309,,397,02130DF39C9AAD69D7E59ED39C558A10B27CFD338DD5AEDD7C7C8F5795B1,2026-09-15T22:44:42.042780+08:00,2026-09-15T22:44:42.060387+08:00,1.78948E+18,1.78948E+18,17607.424,17.607424,10487.31931,10479.60623
2026-09-15T22:44:42.580211+08:00,2026-09-15T22:44:42.591796+08:00,1.78948E+18,1.78948E+18,11585,11.585,/dev/cu.usbserial-1120,/dev/cu.usbserial-A50285BI,27468341,,26491995,,398,02149671600B491E467C0CCCB8082B851F44A5C78691BE2309164398FD7E,2026-09-15T22:44:42.584345+08:00,2026-09-15T22:44:42.602036+08:00,1.78948E+18,1.78948E+18,17691.392,17.691392,10487.31931,10479.60623
2026-09-15T22:44:43.121800+08:00,2026-09-15T22:44:43.132953+08:00,1.78948E+18,1.78948E+18,11153,11.153,/dev/cu.usbserial-1120,/dev/cu.usbserial-A50285BI,27519974,,26543677,,399,02159BADDD779250F7E6E571DBEA8D5E7E97CCDD326FF80B46A00AF77C00,2026-09-15T22:44:43.125837+08:00,2026-09-15T22:44:43.143643+08:00,1.78948E+18,1.78948E+18,17806.592,17.806592,10487.31931,10479.60623
2026-09-15T22:44:43.663219+08:00,2026-09-15T22:44:43.674032+08:00,1.78948E+18,1.78948E+18,10813,10.813,/dev/cu.usbserial-1120,/dev/cu.usbserial-A50285BI,27571614,,26595353,,400,0216E6FE2FC868E4411433B7C6163864721D0816C34ADA52ED0C5CD38A60,2026-09-15T22:44:43.667402+08:00,2026-09-15T22:44:43.685187+08:00,1.78948E+18,1.78948E+18,17785.6,17.7856,10487.31931,10479.60623
2026-09-15T22:44:44.204709+08:00,2026-09-15T22:44:44.219759+08:00,1.78948E+18,1.78948E+18,15050,15.05,/dev/cu.usbserial-1120,/dev/cu.usbserial-A50285BI,27623244,,26647020,,401,02173A27FECA6F06AB124E75DABF4F9F64559A6E244E55EC1CD9AE5D6A54,2026-09-15T22:44:44.208862+08:00,2026-09-15T22:44:44.226637+08:00,1.78948E+18,1.78948E+18,17775.104,17.775104,10487.31931,10479.60623
2026-09-15T22:44:44.746263+08:00,2026-09-15T22:44:44.758265+08:00,1.78948E+18,1.78948E+18,12002,12.002,/dev/cu.usbserial-1120,/dev/cu.usbserial-A50285BI,27674878,,26698694,,402,0218A718E98BA529A6AEB6A80914A5D8C0B2C0FF6A5A640708B34DD924FC,2026-09-15T22:44:44.750364+08:00,2026-09-15T22:44:44.768160+08:00,1.78948E+18,1.78948E+18,17796.096,17.796096,10487.31931,10479.60623
2026-09-15T22:44:45.287630+08:00,2026-09-15T22:44:45.299337+08:00,1.78948E+18,1.78948E+18,11707,11.707,/dev/cu.usbserial-1120,/dev/cu.usbserial-A50285BI,27726505,,26750370,,403,02199F75BF80B3D1FBD8A3778DE394DDE186C6830A245CCF70DCECA83885,2026-09-15T22:44:45.291793+08:00,2026-09-15T22:44:45.309705+08:00,1.78948E+18,1.78948E+18,17911.296,17.911296,10487.31931,10479.60623
2026-09-15T22:44:46.370537+08:00,2026-09-15T22:44:46.381822+08:00,1.78948E+18,1.78948E+18,11285,11.285,/dev/cu.usbserial-1120,/dev/cu.usbserial-A50285BI,27829769,,26853713,,404,021B8CC9C9FC9AD69CDD38AD535F6B819CB6B8D6771F71DF5D99C2972D64,2026-09-15T22:44:46.374756+08:00,2026-09-15T22:44:46.392698+08:00,1.78948E+18,1.78948E+18,17942.784,17.942784,10487.31931,10479.60623
2026-09-15T22:44:47.453493+08:00,2026-09-15T22:44:47.468573+08:00,1.78948E+18,1.78948E+18,15080,15.08,/dev/cu.usbserial-1120,/dev/cu.usbserial-A50285BI,27933027,,26957066,,405,021D4EEF35A3AC936F87716875BAB0CDEBAE66BB6A6A44A22BBD3A037C3F,2026-09-15T22:44:47.457655+08:00,2026-09-15T22:44:47.475797+08:00,1.78948E+18,1.78948E+18,18141.696,18.141696,10487.31931,10479.60623
2026-09-15T22:44:47.995070+08:00,2026-09-15T22:44:48.007092+08:00,1.78948E+18,1.78948E+18,12022,12.022,/dev/cu.usbserial-1120,/dev/cu.usbserial-A50285BI,27984660,,27008745,,406,021EC8CADF0D047102406AD5633266D6BF70A3B23F7D111F624CB82AA97B,2026-09-15T22:44:47.999147+08:00,2026-09-15T22:44:48.017373+08:00,1.78948E+18,1.78948E+18,18225.664,18.225664,10487.31931,10479.60623
2026-09-15T22:44:48.536529+08:00,2026-09-15T22:44:48.548258+08:00,1.78948E+18,1.78948E+18,11729,11.729,/dev/cu.usbserial-1120,/dev/cu.usbserial-A50285BI,28036297,,27060424,,407,021F40D204513C63FF763A94AC758B604FF2D3A4CCAA4F7DD12FE95FC361,2026-09-15T22:44:48.540681+08:00,2026-09-15T22:44:48.558948+08:00,1.78948E+18,1.78948E+18,18267.392,18.267392,10487.31931,10479.60623
2026-09-15T22:44:49.078127+08:00,2026-09-15T22:44:49.089955+08:00,1.78948E+18,1.78948E+18,11828,11.828,/dev/cu.usbserial-1120,/dev/cu.usbserial-A50285BI,28087930,,27112100,,408,0220FDF66AACE9BD5B03575F29A04AD04A78E92BCB800E4AB4A28E27397E,2026-09-15T22:44:49.082172+08:00,2026-09-15T22:44:49.100492+08:00,1.78948E+18,1.78948E+18,18319.872,18.319872,10487.31931,10479.60623
2026-09-15T22:44:50.702815+08:00,2026-09-15T22:44:50.717737+08:00,1.78948E+18,1.78948E+18,14922,14.922,/dev/cu.usbserial-1120,/dev/cu.usbserial-A50285BI,28242843,,27267135,,409,022353FB72A922F6E9CEF0024B011DA4321827D22810FC50D0CB00CED28C,2026-09-15T22:44:50.706795+08:00,2026-09-15T22:44:50.725198+08:00,1.78948E+18,1.78948E+18,18403.584,18.403584,10487.31931,10479.60623
2026-09-15T22:44:51.244580+08:00,2026-09-15T22:44:51.256110+08:00,1.78948E+18,1.78948E+18,11530,11.53,/dev/cu.usbserial-1120,/dev/cu.usbserial-A50285BI,28294483,,27318808,,410,0224DCBE8C2E0CF77A27270B6141ED683F121331F240CDDAAA761F861025,2026-09-15T22:44:51.248360+08:00,2026-09-15T22:44:51.266711+08:00,1.78948E+18,1.78948E+18,18351.104,18.351104,10487.31931,10479.60623
2026-09-15T22:44:52.868643+08:00,2026-09-15T22:44:52.879469+08:00,1.78948E+18,1.78948E+18,10826,10.826,/dev/cu.usbserial-1120,/dev/cu.usbserial-A50285BI,28449383,,27473809,,411,022782BE9AA5D9982E97B89154C64D76BBFAB317503144A26D5FA3BCBEE5,2026-09-15T22:44:52.872846+08:00,2026-09-15T22:44:52.891060+08:00,1.78948E+18,1.78948E+18,18214.656,18.214656,10487.31931,10479.60623
2026-09-15T22:44:53.410292+08:00,2026-09-15T22:44:53.425281+08:00,1.78948E+18,1.78948E+18,14989,14.989,/dev/cu.usbserial-1120,/dev/cu.usbserial-A50285BI,28501020,,27525480,,412,02288464F7D3428838DE1F653B20589F4392F024C44939C1D37322804C11,2026-09-15T22:44:53.414379+08:00,2026-09-15T22:44:53.432552+08:00,1.78948E+18,1.78948E+18,18172.672,18.172672,10487.31931,10479.60623
2026-09-15T22:44:54.493283+08:00,2026-09-15T22:44:54.505936+08:00,1.78948E+18,1.78948E+18,12653,12.653,/dev/cu.usbserial-1120,/dev/cu.usbserial-A50285BI,28604293,,27628823,,413,022A53FEC11F2BEA0C29390010FD422938ABB55D4B6ABCC1580E037A5F4B,2026-09-15T22:44:54.497436+08:00,2026-09-15T22:44:54.515546+08:00,1.78948E+18,1.78948E+18,18109.696,18.109696,10487.31931,10479.60623
2026-09-15T22:44:55.034977+08:00,2026-09-15T22:44:55.047140+08:00,1.78948E+18,1.78948E+18,12163,12.163,/dev/cu.usbserial-1120,/dev/cu.usbserial-A50285BI,28655929,,27680493,,414,022B4B52BFA7AD126340AF99AC4308C01D2833EEC9AEB67A7D9A2FC3AD2F,2026-09-15T22:44:55.038959+08:00,2026-09-15T22:44:55.057027+08:00,1.78948E+18,1.78948E+18,18067.712,18.067712,10487.31931,10479.60623
2026-09-15T22:44:55.576474+08:00,2026-09-15T22:44:55.588305+08:00,1.78948E+18,1.78948E+18,11831,11.831,/dev/cu.usbserial-1120,/dev/cu.usbserial-A50285BI,28707569,,27732163,,415,022C23111F6C862A59080AB4CC2E284EBDF9EF6CF7AE8FF632BBA4A04173,2026-09-15T22:44:55.580524+08:00,2026-09-15T22:44:55.598508+08:00,1.78948E+18,1.78948E+18,17983.744,17.983744,10487.31931,10479.60623
2026-09-15T22:44:56.659486+08:00,2026-09-15T22:44:56.670576+08:00,1.78948E+18,1.78948E+18,11090,11.09,/dev/cu.usbserial-1120,/dev/cu.usbserial-A50285BI,28810842,,27835494,,416,022E59C92FAC5205664DC7F180891B504E712A844D4E59A79014656B6DA6,2026-09-15T22:44:56.663581+08:00,2026-09-15T22:44:56.681376+08:00,1.78948E+18,1.78948E+18,17795.072,17.795072,10487.31931,10479.60623
2026-09-15T22:44:57.200894+08:00,2026-09-15T22:44:57.216030+08:00,1.78948E+18,1.78948E+18,15136,15.136,/dev/cu.usbserial-1120,/dev/cu.usbserial-A50285BI,28862470,,27887158,,417,022FE9B2E7CFACECDFFCB134F9BBFC2A4FF4248ED8E99DA197EFC23C83EA,2026-09-15T22:44:57.205021+08:00,2026-09-15T22:44:57.222795+08:00,1.78948E+18,1.78948E+18,17774.336,17.774336,10487.31931,10479.60623
2026-09-15T22:44:57.742559+08:00,2026-09-15T22:44:57.754680+08:00,1.78948E+18,1.78948E+18,12121,12.121,/dev/cu.usbserial-1120,/dev/cu.usbserial-A50285BI,28914100,,27938816,,418,0230A5AD398A975564477602E81DB90DD1073C33FF3ECC348D2E722D063D,2026-09-15T22:44:57.746481+08:00,2026-09-15T22:44:57.764151+08:00,1.78948E+18,1.78948E+18,17669.376,17.669376,10487.31931,10479.60623
2026-09-15T22:44:58.284054+08:00,2026-09-15T22:44:58.295880+08:00,1.78948E+18,1.78948E+18,11826,11.826,/dev/cu.usbserial-1120,/dev/cu.usbserial-A50285BI,28965740,,27990483,,419,023180B6473B5DBB32A70F1B17A78D02E3C5C207066B6105261D6CB98578,2026-09-15T22:44:58.288046+08:00,2026-09-15T22:44:58.305600+08:00,1.78948E+18,1.78948E+18,17554.176,17.554176,10487.31931,10479.60623
2026-09-15T22:44:59.367211+08:00,2026-09-15T22:44:59.378320+08:00,1.78948E+18,1.78948E+18,11109,11.109,/dev/cu.usbserial-1120,/dev/cu.usbserial-A50285BI,29069016,,28093836,,420,02335A96D7FFA371B5BC5B3BA02D941D056FC3F2820307A20E8E393FE656,2026-09-15T22:44:59.371135+08:00,2026-09-15T22:44:59.388699+08:00,1.78948E+18,1.78948E+18,17564.672,17.564672,10487.31931,10479.60623
2026-09-15T22:45:00.450258+08:00,2026-09-15T22:45:00.464948+08:00,1.78948E+18,1.78948E+18,14690,14.69,/dev/cu.usbserial-1120,/dev/cu.usbserial-A50285BI,29172292,,28197188,,421,0235566DC14F98DC596E8535ECA47D0E1B8AABF65BACCD51A7BFC3F7E8A2,2026-09-15T22:45:00.454223+08:00,2026-09-15T22:45:00.471787+08:00,1.78948E+18,1.78948E+18,17564.16,17.56416,10487.31931,10479.60623
2026-09-15T22:45:00.991949+08:00,2026-09-15T22:45:01.004426+08:00,1.78948E+18,1.78948E+18,12477,12.477,/dev/cu.usbserial-1120,/dev/cu.usbserial-A50285BI,29223925,,28248858,,422,0236D98C1F17D49D583EBE7F4FD571E8DF31E64A2EFB3BF39AAC86E662C6,2026-09-15T22:45:00.995715+08:00,2026-09-15T22:45:01.013268+08:00,1.78948E+18,1.78948E+18,17553.664,17.553664,10487.31931,10479.60623
2026-09-15T22:45:01.533573+08:00,2026-09-15T22:45:01.545514+08:00,1.78948E+18,1.78948E+18,11941,11.941,/dev/cu.usbserial-1120,/dev/cu.usbserial-A50285BI,29275565,,28300544,,423,02375C7615D81FA8BB2F0B46C45C00C3B46A0DD28CDCC0C5F76830A63A76,2026-09-15T22:45:01.537280+08:00,2026-09-15T22:45:01.554917+08:00,1.78948E+18,1.78948E+18,17637.376,17.637376,10487.31931,10479.60623
2026-09-15T22:45:02.074904+08:00,2026-09-15T22:45:02.086852+08:00,1.78948E+18,1.78948E+18,11948,11.948,/dev/cu.usbserial-1120,/dev/cu.usbserial-A50285BI,29327202,,28352229,,424,0238C617D857D0E90846C47FD81F54E11DE1359F22E5AF6C0CDBE5760E8A,2026-09-15T22:45:02.078814+08:00,2026-09-15T22:45:02.096556+08:00,1.78948E+18,1.78948E+18,17742.336,17.742336,10487.31931,10479.60623
2026-09-15T22:45:03.158082+08:00,2026-09-15T22:45:03.169250+08:00,1.78948E+18,1.78948E+18,11168,11.168,/dev/cu.usbserial-1120,/dev/cu.usbserial-A50285BI,29430469,,28455594,,425,023A2C550B17A90CFB4C412E58F7A98AA3AC873CF76778CAF500DE01736C,2026-09-15T22:45:03.161808+08:00,2026-09-15T22:45:03.179780+08:00,1.78948E+18,1.78948E+18,17972.736,17.972736,10487.31931,10479.60623
2026-09-15T22:45:04.782740+08:00,2026-09-15T22:45:04.797139+08:00,1.78948E+18,1.78948E+18,14399,14.399,/dev/cu.usbserial-1120,/dev/cu.usbserial-A50285BI,29585378,,28610635,,426,023D021AA05B7764032C620D268B3DBA5375EE2E4AF78D1EF069F3D4B66A,2026-09-15T22:45:04.786388+08:00,2026-09-15T22:45:04.804549+08:00,1.78948E+18,1.78948E+18,18161.408,18.161408,10487.31931,10479.60623
2026-09-15T22:45:05.324649+08:00,2026-09-15T22:45:05.336355+08:00,1.78948E+18,1.78948E+18,11706,11.706,/dev/cu.usbserial-1120,/dev/cu.usbserial-A50285BI,29637012,,28662302,,427,023E0786CA9FC873002A1AC37FEC501C2B7B7D04D6E27AF9261BB752444D,2026-09-15T22:45:05.327890+08:00,2026-09-15T22:45:05.345999+08:00,1.78948E+18,1.78948E+18,18108.928,18.108928,10487.31931,10479.60623
2026-09-15T22:45:06.407336+08:00,2026-09-15T22:45:06.419034+08:00,1.78948E+18,1.78948E+18,11698,11.698,/dev/cu.usbserial-1120,/dev/cu.usbserial-A50285BI,29740285,,28765633,,428,024051EA7CC4D50F4CE27123B2AE11E34F2744B1D5C7CB307682E3A10E7F,2026-09-15T22:45:06.410947+08:00,2026-09-15T22:45:06.428867+08:00,1.78948E+18,1.78948E+18,17920.256,17.920256,10487.31931,10479.60623
2026-09-15T22:45:07.490278+08:00,2026-09-15T22:45:07.500982+08:00,1.78948E+18,1.78948E+18,10704,10.704,/dev/cu.usbserial-1120,/dev/cu.usbserial-A50285BI,29843552,,28868958,,429,0242B9E6F2204E2C4D593627F8462317FC3E53AAA11D9E1950BF3F014A3A,2026-09-15T22:45:07.493941+08:00,2026-09-15T22:45:07.511672+08:00,1.78948E+18,1.78948E+18,17731.328,17.731328,10487.31931,10479.60623
2026-09-15T22:45:08.031677+08:00,2026-09-15T22:45:08.031503+08:00,1.78948E+18,1.78948E+18,-174,-0.174,/dev/cu.usbserial-1120,/dev/cu.usbserial-A50285BI,29895182,,28920619,,430,024362020BDD71197CEC1FBEDB1931BD6BC30FD4DBEE0E1177057AEA1051,2026-09-15T22:45:08.035401+08:00,2026-09-15T22:45:08.053059+08:00,1.78948E+18,1.78948E+18,17658.112,17.658112,10487.31931,10479.60623
2026-09-15T22:45:08.573271+08:00,2026-09-15T22:45:08.585289+08:00,1.78948E+18,1.78948E+18,12018,12.018,/dev/cu.usbserial-1120,/dev/cu.usbserial-A50285BI,29946822,,28972286,,431,02446719AC38353EEE36E432449D1D2CD20CFB9622B19EAD883E6FDB56AC,2026-09-15T22:45:08.576966+08:00,2026-09-15T22:45:08.594509+08:00,1.78948E+18,1.78948E+18,17542.656,17.542656,10487.31931,10479.60623
2026-09-15T22:45:09.114859+08:00,2026-09-15T22:45:09.126251+08:00,1.78948E+18,1.78948E+18,11392,11.392,/dev/cu.usbserial-1120,/dev/cu.usbserial-A50285BI,29998455,,29023953,,432,024530D4C5B2CA729E04D651AB4CE92AE1E9A0F04A6A6FADB4C928191C67,2026-09-15T22:45:09.118458+08:00,2026-09-15T22:45:09.135959+08:00,1.78948E+18,1.78948E+18,17500.928,17.500928,10487.31931,10479.60623
2026-09-15T22:45:09.656337+08:00,2026-09-15T22:45:09.667617+08:00,1.78948E+18,1.78948E+18,11280,11.28,/dev/cu.usbserial-1120,/dev/cu.usbserial-A50285BI,30050089,,29075623,,433,02464DFFD8CB1750861B4304B7569FB45B5758F9EC8A00825B6B62F7BBC3,2026-09-15T22:45:09.659960+08:00,2026-09-15T22:45:09.677440+08:00,1.78948E+18,1.78948E+18,17479.936,17.479936,10487.31931,10479.60623
2026-09-15T22:45:11.281272+08:00,2026-09-15T22:45:11.295780+08:00,1.78948E+18,1.78948E+18,14508,14.508,/dev/cu.usbserial-1120,/dev/cu.usbserial-A50285BI,30205005,,29230642,,434,0249B9EDA635290A823D1A832F294F3A152962DC06AD94BBE2A0556A0C65,2026-09-15T22:45:11.284614+08:00,2026-09-15T22:45:11.301978+08:00,1.78948E+18,1.78948E+18,17364.48,17.36448,10487.31931,10479.60623
2026-09-15T22:45:11.822758+08:00,2026-09-15T22:45:11.834958+08:00,1.78948E+18,1.78948E+18,12200,12.2,/dev/cu.usbserial-1120,/dev/cu.usbserial-A50285BI,30256647,,29282319,,435,024A921A9092C1B7106FADC2732D01ED4DE697780D587E4EE961CDDE8A3A,2026-09-15T22:45:11.826200+08:00,2026-09-15T22:45:11.843533+08:00,1.78948E+18,1.78948E+18,17332.736,17.332736,10487.31931,10479.60623
2026-09-15T22:45:12.364420+08:00,2026-09-15T22:45:12.376461+08:00,1.78948E+18,1.78948E+18,12041,12.041,/dev/cu.usbserial-1120,/dev/cu.usbserial-A50285BI,30308281,,29333989,,436,024B2ABA777319F242B2062F742B118E39DF9B42CB9494E89F9783A95234,2026-09-15T22:45:12.367702+08:00,2026-09-15T22:45:12.385014+08:00,1.78948E+18,1.78948E+18,17312,17.312,10487.31931,10479.60623
2026-09-15T22:45:12.905884+08:00,2026-09-15T22:45:12.917522+08:00,1.78948E+18,1.78948E+18,11638,11.638,/dev/cu.usbserial-1120,/dev/cu.usbserial-A50285BI,30359917,,29385659,,437,024C521252F2DFB34C8F437959BEE0CBE8A32D67690A41FBBF6B2083639E,2026-09-15T22:45:12.909225+08:00,2026-09-15T22:45:12.926496+08:00,1.78948E+18,1.78948E+18,17270.016,17.270016,10487.31931,10479.60623
2026-09-15T22:45:13.989071+08:00,2026-09-15T22:45:14.000061+08:00,1.78948E+18,1.78948E+18,10990,10.99,/dev/cu.usbserial-1120,/dev/cu.usbserial-A50285BI,30463184,,29488996,,438,024E1240F025A8FB1117A18AA19B467997CDDD71197AB45562A2EE1E6EB0,2026-09-15T22:45:13.992220+08:00,2026-09-15T22:45:14.009426+08:00,1.78948E+18,1.78948E+18,17206.784,17.206784,10487.31931,10479.60623
2026-09-15T22:45:14.531163+08:00,2026-09-15T22:45:14.530977+08:00,1.78948E+18,1.78948E+18,-186,-0.186,/dev/cu.usbserial-1120,/dev/cu.usbserial-A50285BI,30514821,,29540657,,439,024F0D776A744318DEE478E398971ABF58FDA9383D5FFED3F29A5E32989B,2026-09-15T22:45:14.533753+08:00,2026-09-15T22:45:14.550813+08:00,1.78948E+18,1.78948E+18,17060.096,17.060096,10487.31931,10479.60623
2026-09-15T22:45:15.072001+08:00,2026-09-15T22:45:15.084166+08:00,1.78948E+18,1.78948E+18,12165,12.165,/dev/cu.usbserial-1120,/dev/cu.usbserial-A50285BI,30566454,,29592321,,440,025042EC7299E42A52158902C7939193031540E58E5C4A7EADDE20C39086,2026-09-15T22:45:15.075245+08:00,2026-09-15T22:45:15.092232+08:00,1.78948E+18,1.78948E+18,16986.624,16.986624,10487.31931,10479.60623
2026-09-15T22:45:15.613372+08:00,2026-09-15T22:45:15.625458+08:00,1.78948E+18,1.78948E+18,12086,12.086,/dev/cu.usbserial-1120,/dev/cu.usbserial-A50285BI,30618091,,29643997,,441,0251FD153E2EAFA741DD262111C0BEF641EA4C866BCBEAF3DD7283C30082,2026-09-15T22:45:15.616779+08:00,2026-09-15T22:45:15.633776+08:00,1.78948E+18,1.78948E+18,16997.12,16.99712,10487.31931,10479.60623
2026-09-15T22:45:16.155172+08:00,2026-09-15T22:45:16.166736+08:00,1.78948E+18,1.78948E+18,11564,11.564,/dev/cu.usbserial-1120,/dev/cu.usbserial-A50285BI,30669737,,29695677,,442,02521D3A8CF6E9756E940C4674322BD3BEACB9EDE5A00031E8F0F0E1DBF5,2026-09-15T22:45:16.158407+08:00,2026-09-15T22:45:16.175362+08:00,1.78948E+18,1.78948E+18,16955.136,16.955136,10487.31931,10479.60623
2026-09-15T22:45:16.696721+08:00,2026-09-15T22:45:16.708018+08:00,1.78948E+18,1.78948E+18,11297,11.297,/dev/cu.usbserial-1120,/dev/cu.usbserial-A50285BI,30721370,,29747350,,443,0253AB804E83CC2F7EA17BCA3E0532C2A3524CB8721052DE4A6F050E92BB,2026-09-15T22:45:16.699899+08:00,2026-09-15T22:45:16.716875+08:00,1.78948E+18,1.78948E+18,16976.128,16.976128,10487.31931,10479.60623
2026-09-15T22:45:17.238004+08:00,2026-09-15T22:45:17.248994+08:00,1.78948E+18,1.78948E+18,10990,10.99,/dev/cu.usbserial-1120,/dev/cu.usbserial-A50285BI,30772998,,29799008,,444,02542BA8209E1A2CAE19059BFD410A8DC6B9F71266F3E049452661C20A0E,2026-09-15T22:45:17.241338+08:00,2026-09-15T22:45:17.258230+08:00,1.78948E+18,1.78948E+18,16892.416,16.892416,10487.31931,10479.60623
2026-09-15T22:45:18.321114+08:00,2026-09-15T22:45:18.335837+08:00,1.78948E+18,1.78948E+18,14723,14.723,/dev/cu.usbserial-1120,/dev/cu.usbserial-A50285BI,30876258,,29902339,,445,0256BF91BA34633DCA279C9EE3432E3307E476B5053C7E3B62CAC30F069B,2026-09-15T22:45:18.324259+08:00,2026-09-15T22:45:18.341098+08:00,1.78948E+18,1.78948E+18,16839.68,16.83968,10487.31931,10479.60623
2026-09-15T22:45:18.862600+08:00,2026-09-15T22:45:18.874235+08:00,1.78948E+18,1.78948E+18,11635,11.635,/dev/cu.usbserial-1120,/dev/cu.usbserial-A50285BI,30927898,,29954015,,446,0257C04DA6444241F59A6B7E8A3883BE8FAE827D2F895E54BD071516A597,2026-09-15T22:45:18.865824+08:00,2026-09-15T22:45:18.882643+08:00,1.78948E+18,1.78948E+18,16818.688,16.818688,10487.31931,10479.60623
2026-09-15T22:45:19.404158+08:00,2026-09-15T22:45:19.415483+08:00,1.78948E+18,1.78948E+18,11325,11.325,/dev/cu.usbserial-1120,/dev/cu.usbserial-A50285BI,30979532,,30005694,,447,025879AC1312BEB165BCC4CC51F925D1D6CFFE97E41F7E97CAA3304964A6,2026-09-15T22:45:19.407326+08:00,2026-09-15T22:45:19.424218+08:00,1.78948E+18,1.78948E+18,16892.16,16.89216,10487.31931,10479.60623
2026-09-15T22:45:19.945679+08:00,2026-09-15T22:45:19.956394+08:00,1.78948E+18,1.78948E+18,10715,10.715,/dev/cu.usbserial-1120,/dev/cu.usbserial-A50285BI,31031162,,30057361,,448,0259083E00872FFE15EB8E9FA2C51C2A6707E8ADC725E620784E79F8F06A,2026-09-15T22:45:19.948786+08:00,2026-09-15T22:45:19.965668+08:00,1.78948E+18,1.78948E+18,16881.664,16.881664,10487.31931,10479.60623
2026-09-15T22:45:20.487397+08:00,2026-09-15T22:45:20.502321+08:00,1.78948E+18,1.78948E+18,14924,14.924,/dev/cu.usbserial-1120,/dev/cu.usbserial-A50285BI,31082802,,30109038,,449,025AC48D8FD2B12C8DD1BDFCA2DE8A9177972252CF7D0C8B74721151E4F3,2026-09-15T22:45:20.490351+08:00,2026-09-15T22:45:20.507222+08:00,1.78948E+18,1.78948E+18,16871.168,16.871168,10487.31931,10479.60623
2026-09-15T22:45:21.028876+08:00,2026-09-15T22:45:21.040716+08:00,1.78948E+18,1.78948E+18,11840,11.84,/dev/cu.usbserial-1120,/dev/cu.usbserial-A50285BI,31134435,,30160711,,450,025BCB19B915F217D941665861AFFC9E52A309FFF96AAF3C2014EAE2F7EE,2026-09-15T22:45:21.031843+08:00,2026-09-15T22:45:21.048735+08:00,1.78948E+18,1.78948E+18,16892.16,16.89216,10487.31931,10479.60623
2026-09-15T22:45:21.570253+08:00,2026-09-15T22:45:21.581713+08:00,1.78948E+18,1.78948E+18,11460,11.46,/dev/cu.usbserial-1120,/dev/cu.usbserial-A50285BI,31186072,,30212387,,451,025C5923BFC6CD723CDE93E0D8AC81399758C3DDBFF26360437699E1F382,2026-09-15T22:45:21.573377+08:00,2026-09-15T22:45:21.590279+08:00,1.78948E+18,1.78948E+18,16902.656,16.902656,10487.31931,10479.60623
2026-09-15T22:45:22.653400+08:00,2026-09-15T22:45:22.664382+08:00,1.78948E+18,1.78948E+18,10982,10.982,/dev/cu.usbserial-1120,/dev/cu.usbserial-A50285BI,31289339,,30315749,,452,025EBA38E08030DDD9539D8825D63DA8D2A68A0C575647FB84E949112A0E,2026-09-15T22:45:22.656371+08:00,2026-09-15T22:45:22.673472+08:00,1.78948E+18,1.78948E+18,17101.312,17.101312,10487.31931,10479.60623
2026-09-15T22:45:23.194754+08:00,2026-09-15T22:45:23.209966+08:00,1.78948E+18,1.78948E+18,15212,15.212,/dev/cu.usbserial-1120,/dev/cu.usbserial-A50285BI,31340978,,30367428,,453,025F08DC8A19E93A7EC6497069AC490BE0825C77151591600805A1CC6C43,2026-09-15T22:45:23.197926+08:00,2026-09-15T22:45:23.215048+08:00,1.78948E+18,1.78948E+18,17122.304,17.122304,10487.31931,10479.60623
2026-09-15T22:45:23.736366+08:00,2026-09-15T22:45:23.748426+08:00,1.78948E+18,1.78948E+18,12060,12.06,/dev/cu.usbserial-1120,/dev/cu.usbserial-A50285BI,31392612,,30419107,,454,0260B8F55A4B04E8B720FEDE660C7B5D2E14710E6A3D8A5D73826BD3CE90,2026-09-15T22:45:23.739428+08:00,2026-09-15T22:45:23.756624+08:00,1.78948E+18,1.78948E+18,17195.776,17.195776,10487.31931,10479.60623
2026-09-15T22:45:24.277843+08:00,2026-09-15T22:45:24.289702+08:00,1.78948E+18,1.78948E+18,11859,11.859,/dev/cu.usbserial-1120,/dev/cu.usbserial-A50285BI,31444245,,30470786,,455,0261C13314471056A5F13AC60C40D21D30091E1C40C3EE8A5CBE20D20423,2026-09-15T22:45:24.280920+08:00,2026-09-15T22:45:24.298199+08:00,1.78948E+18,1.78948E+18,17279.488,17.279488,10487.31931,10479.60623
2026-09-15T22:45:26.985446+08:00,2026-09-15T22:45:27.000136+08:00,1.78948E+18,1.78948E+18,14690,14.69,/dev/cu.usbserial-1120,/dev/cu.usbserial-A50285BI,31702431,,30729128,,456,02666D800890F7A366A30A8E11DB5DA3211982BFB952F55DF009E86C848F,2026-09-15T22:45:26.988599+08:00,2026-09-15T22:45:27.005521+08:00,1.78948E+18,1.78948E+18,16922.88,16.92288,10487.31931,10479.60623
2026-09-15T22:45:28.609964+08:00,2026-09-15T22:45:28.621649+08:00,1.78948E+18,1.78948E+18,11685,11.685,/dev/cu.usbserial-1120,/dev/cu.usbserial-A50285BI,31857335,,30884126,,457,026910B9A278BAF79A76135E753946174479D798FFAD6C7A31485E1963B6,2026-09-15T22:45:28.613127+08:00,2026-09-15T22:45:28.629840+08:00,1.78948E+18,1.78948E+18,16713.216,16.713216,10487.31931,10479.60623
2026-09-15T22:45:29.692931+08:00,2026-09-15T22:45:29.703879+08:00,1.78948E+18,1.78948E+18,10948,10.948,/dev/cu.usbserial-1120,/dev/cu.usbserial-A50285BI,31960617,,30987466,,458,026B8DEAE9DF380A8BB3406B56922C741F04471E47D8E64EECE379F5D278,2026-09-15T22:45:29.696278+08:00,2026-09-15T22:45:29.712802+08:00,1.78948E+18,1.78948E+18,16524.544,16.524544,10487.31931,10479.60623
2026-09-15T22:45:30.234444+08:00,2026-09-15T22:45:30.234261+08:00,1.78948E+18,1.78948E+18,-183,-0.183,/dev/cu.usbserial-1120,/dev/cu.usbserial-A50285BI,32012250,,31039130,,459,026C54EA10A63B827A34AFF5D25EFB70AD4CFDF92756B50746FA8FDD2F99,2026-09-15T22:45:30.237769+08:00,2026-09-15T22:45:30.254220+08:00,1.78948E+18,1.78948E+18,16450.816,16.450816,10487.31931,10479.60623
2026-09-15T22:45:30.776081+08:00,2026-09-15T22:45:30.788018+08:00,1.78948E+18,1.78948E+18,11937,11.937,/dev/cu.usbserial-1120,/dev/cu.usbserial-A50285BI,32063887,,31090800,,460,026D70AA0BF48362B66AC05A2EEF41A6B6CC4432CD19FFA3D2FA27EB749C,2026-09-15T22:45:30.779303+08:00,2026-09-15T22:45:30.795702+08:00,1.78948E+18,1.78948E+18,16398.592,16.398592,10487.31931,10479.60623
2026-09-15T22:45:31.317735+08:00,2026-09-15T22:45:31.329061+08:00,1.78948E+18,1.78948E+18,11326,11.326,/dev/cu.usbserial-1120,/dev/cu.usbserial-A50285BI,32115527,,31142467,,461,026E3FAEDBEEA15898204DFB4DDC75E91C47C415D0B6722ACE300969BAA8,2026-09-15T22:45:31.320868+08:00,2026-09-15T22:45:31.337152+08:00,1.78948E+18,1.78948E+18,16283.136,16.283136,10487.31931,10479.60623
2026-09-15T22:45:32.400669+08:00,2026-09-15T22:45:32.411635+08:00,1.78948E+18,1.78948E+18,10966,10.966,/dev/cu.usbserial-1120,/dev/cu.usbserial-A50285BI,32218797,,31245811,,462,0270F34375187487BB4310F8D1580D811063176DA9AACB0E08AD021006DE,2026-09-15T22:45:32.403894+08:00,2026-09-15T22:45:32.420156+08:00,1.78948E+18,1.78948E+18,16262.144,16.262144,10487.31931,10479.60623
2026-09-15T22:45:32.942625+08:00,2026-09-15T22:45:32.957315+08:00,1.78948E+18,1.78948E+18,14690,14.69,/dev/cu.usbserial-1120,/dev/cu.usbserial-A50285BI,32270430,,31297490,,463,0271DD9AD120952A9B01002D05B8E2614ADDF9EB2CEAC6389F761D94362B,2026-09-15T22:45:32.945385+08:00,2026-09-15T22:45:32.961732+08:00,1.78948E+18,1.78948E+18,16346.112,16.346112,10487.31931,10479.60623
2026-09-15T22:45:33.483644+08:00,2026-09-15T22:45:33.495582+08:00,1.78948E+18,1.78948E+18,11938,11.938,/dev/cu.usbserial-1120,/dev/cu.usbserial-A50285BI,32322067,,31349160,,464,02726C8B518CCB030469C715C61DEEB0DE8E1AEC8DE27E2FFC017202E4CF,2026-09-15T22:45:33.486919+08:00,2026-09-15T22:45:33.503213+08:00,1.78948E+18,1.78948E+18,16293.632,16.293632,10487.31931,10479.60623
2026-09-15T22:45:34.025191+08:00,2026-09-15T22:45:34.036790+08:00,1.78948E+18,1.78948E+18,11599,11.599,/dev/cu.usbserial-1120,/dev/cu.usbserial-A50285BI,32373697,,31400830,,465,0273FEB1FF2628A43296FE8077DC62FD8C2398855DFC9092321FF4C598DF,2026-09-15T22:45:34.028379+08:00,2026-09-15T22:45:34.044694+08:00,1.78948E+18,1.78948E+18,16314.624,16.314624,10487.31931,10479.60623
2026-09-15T22:45:35.108844+08:00,2026-09-15T22:45:35.119304+08:00,1.78948E+18,1.78948E+18,10460,10.46,/dev/cu.usbserial-1120,/dev/cu.usbserial-A50285BI,32476976,,31504180,,466,0275B4231ABC1D78BD0CCE91C174F792159D939C80232FA24BCC7D0BB085,2026-09-15T22:45:35.111499+08:00,2026-09-15T22:45:35.127761+08:00,1.78948E+18,1.78948E+18,16261.888,16.261888,10487.31931,10479.60623
2026-09-15T22:45:35.649748+08:00,2026-09-15T22:45:35.660642+08:00,1.78948E+18,1.78948E+18,10894,10.894,/dev/cu.usbserial-1120,/dev/cu.usbserial-A50285BI,32528607,,31555841,,467,0276980C012015C498D0CD1482606D44EA36BA57470BA52A4567124F74DF,2026-09-15T22:45:35.652970+08:00,2026-09-15T22:45:35.669148+08:00,1.78948E+18,1.78948E+18,16178.176,16.178176,10487.31931,10479.60623
2026-09-15T22:45:36.191010+08:00,2026-09-15T22:45:36.201513+08:00,1.78948E+18,1.78948E+18,10503,10.503,/dev/cu.usbserial-1120,/dev/cu.usbserial-A50285BI,32580240,,31607502,,468,027768ABB30FD9D15A556E1D2A52DA91F621FB6F0E552F9A6EB55CADABB7,2026-09-15T22:45:36.194462+08:00,2026-09-15T22:45:36.210535+08:00,1.78948E+18,1.78948E+18,16073.216,16.073216,10487.31931,10479.60623
2026-09-15T22:45:36.732671+08:00,2026-09-15T22:45:36.747404+08:00,1.78948E+18,1.78948E+18,14733,14.733,/dev/cu.usbserial-1120,/dev/cu.usbserial-A50285BI,32631880,,31659169,,469,0278BED899BD6F7FBD11B89176A219A8EA7C1AE5B109D08944092E542452,2026-09-15T22:45:36.736027+08:00,2026-09-15T22:45:36.751985+08:00,1.78948E+18,1.78948E+18,15957.76,15.95776,10487.31931,10479.60623
2026-09-15T22:45:37.274178+08:00,2026-09-15T22:45:37.285697+08:00,1.78948E+18,1.78948E+18,11519,11.519,/dev/cu.usbserial-1120,/dev/cu.usbserial-A50285BI,32683513,,31710833,,470,0279119ECA490936521CE8FEE6C50D43EBBE6EDDEE84670A4DCE440BA58A,2026-09-15T22:45:37.277519+08:00,2026-09-15T22:45:37.293403+08:00,1.78948E+18,1.78948E+18,15884.544,15.884544,10487.31931,10479.60623
2026-09-15T22:45:37.815577+08:00,2026-09-15T22:45:37.826976+08:00,1.78948E+18,1.78948E+18,11399,11.399,/dev/cu.usbserial-1120,/dev/cu.usbserial-A50285BI,32735153,,31762497,,471,027A8F7CFF9C1B74B955CD6136B52DA04561B0DF5263C3334FA497F86029,2026-09-15T22:45:37.819084+08:00,2026-09-15T22:45:37.834822+08:00,1.78948E+18,1.78948E+18,15737.6,15.7376,10487.31931,10479.60623
2026-09-15T22:45:38.357082+08:00,2026-09-15T22:45:38.368058+08:00,1.78948E+18,1.78948E+18,10976,10.976,/dev/cu.usbserial-1120,/dev/cu.usbserial-A50285BI,32786780,,31814164,,472,027BAF6C49102B0A9849D2A89115E14FDE4095DEF31E7A5D434772222412,2026-09-15T22:45:38.360513+08:00,2026-09-15T22:45:38.376272+08:00,1.78948E+18,1.78948E+18,15758.848,15.758848,10487.31931,10479.60623
2026-09-15T22:45:38.898734+08:00,2026-09-15T22:45:38.909484+08:00,1.78948E+18,1.78948E+18,10750,10.75,/dev/cu.usbserial-1120,/dev/cu.usbserial-A50285BI,32838417,,31865837,,473,027C84A683D26A2547D3D9F786138EB16AC01DFBE176792F083542B75523,2026-09-15T22:45:38.902046+08:00,2026-09-15T22:45:38.917784+08:00,1.78948E+18,1.78948E+18,15737.856,15.737856,10487.31931,10479.60623
2026-09-15T22:45:39.440173+08:00,2026-09-15T22:45:39.455145+08:00,1.78948E+18,1.78948E+18,14972,14.972,/dev/cu.usbserial-1120,/dev/cu.usbserial-A50285BI,32890056,,31917504,,474,027DD2238607050C4D81CCADB80B713A62B0A7075C8E595AD90D2F0C9BDC,2026-09-15T22:45:39.443601+08:00,2026-09-15T22:45:39.459234+08:00,1.78948E+18,1.78948E+18,15632.896,15.632896,10487.31931,10479.60623
2026-09-15T22:45:40.523231+08:00,2026-09-15T22:45:40.535636+08:00,1.78948E+18,1.78948E+18,12405,12.405,/dev/cu.usbserial-1120,/dev/cu.usbserial-A50285BI,32993317,,32020823,,475,027F11ECC54C2CD83EA40539516724E339D1E50B52B9BFA44347527DE972,2026-09-15T22:45:40.526532+08:00,2026-09-15T22:45:40.541977+08:00,1.78948E+18,1.78948E+18,15444.224,15.444224,10487.31931,10479.60623
2026-09-15T22:45:41.064786+08:00,2026-09-15T22:45:41.076867+08:00,1.78948E+18,1.78948E+18,12081,12.081,/dev/cu.usbserial-1120,/dev/cu.usbserial-A50285BI,33044960,,32072496,,476,02803217024176479EBDFE9046B8883EE94172428AE24DD1ACA026BB79B0,2026-09-15T22:45:41.068129+08:00,2026-09-15T22:45:41.083489+08:00,1.78948E+18,1.78948E+18,15360.512,15.360512,10487.31931,10479.60623
2026-09-15T22:45:42.147828+08:00,2026-09-15T22:45:42.159114+08:00,1.78948E+18,1.78948E+18,11286,11.286,/dev/cu.usbserial-1120,/dev/cu.usbserial-A50285BI,33148230,,32175827,,477,0282D608FBCD91C8F9822C451B9C2951BC82962971201A95F762C2C3DC6E,2026-09-15T22:45:42.151155+08:00,2026-09-15T22:45:42.166357+08:00,1.78948E+18,1.78948E+18,15202.816,15.202816,10487.31931,10479.60623
2026-09-15T22:45:42.689502+08:00,2026-09-15T22:45:42.700324+08:00,1.78948E+18,1.78948E+18,10822,10.822,/dev/cu.usbserial-1120,/dev/cu.usbserial-A50285BI,33199867,,32227497,,478,028389E4EEA4A9846456A4AACE4711B3BCE527EF31460BF8C6E4D9D69E19,2026-09-15T22:45:42.692688+08:00,2026-09-15T22:45:42.707839+08:00,1.78948E+18,1.78948E+18,15150.592,15.150592,10487.31931,10479.60623
2026-09-15T22:45:43.230860+08:00,2026-09-15T22:45:43.245964+08:00,1.78948E+18,1.78948E+18,15104,15.104,/dev/cu.usbserial-1120,/dev/cu.usbserial-A50285BI,33251500,,32279164,,479,028474D40D590E20073176264A0325A94B7E06A6E2E009E8B4EB666A64A8,2026-09-15T22:45:43.234180+08:00,2026-09-15T22:45:43.249289+08:00,1.78948E+18,1.78948E+18,15108.608,15.108608,10487.31931,10479.60623
2026-09-15T22:45:44.314143+08:00,2026-09-15T22:45:44.326650+08:00,1.78948E+18,1.78948E+18,12507,12.507,/dev/cu.usbserial-1120,/dev/cu.usbserial-A50285BI,33354770,,32382505,,480,02867F77E424FBDEA0EB257075109D58A27B5FBDF0A8CDE0A12682F818CB,2026-09-15T22:45:44.317205+08:00,2026-09-15T22:45:44.332261+08:00,1.78948E+18,1.78948E+18,15056.128,15.056128,10487.31931,10479.60623
2026-09-15T22:45:44.855582+08:00,2026-09-15T22:45:44.867691+08:00,1.78948E+18,1.78948E+18,12109,12.109,/dev/cu.usbserial-1120,/dev/cu.usbserial-A50285BI,33406401,,32434172,,481,0287D5CD47B82F16DD100D932D77D4EADD4C584353A72AA2DF11A507A806,2026-09-15T22:45:44.858676+08:00,2026-09-15T22:45:44.873711+08:00,1.78948E+18,1.78948E+18,15035.136,15.035136,10487.31931,10479.60623
2026-09-15T22:45:45.938791+08:00,2026-09-15T22:45:45.950171+08:00,1.78948E+18,1.78948E+18,11380,11.38,/dev/cu.usbserial-1120,/dev/cu.usbserial-A50285BI,33509665,,32537503,,482,02894B2CB9395EFB7C1E4FC035A8B0EB9D17EEBBD4EB16100B1F6B0FF626,2026-09-15T22:45:45.941639+08:00,2026-09-15T22:45:45.956579+08:00,1.78948E+18,1.78948E+18,14940.672,14.940672,10487.31931,10479.60623
2026-09-15T22:45:46.480279+08:00,2026-09-15T22:45:46.491287+08:00,1.78948E+18,1.78948E+18,11008,11.008,/dev/cu.usbserial-1120,/dev/cu.usbserial-A50285BI,33561301,,32589179,,483,028AA878EFA715C7EAF74C0C1C5AC88A6AF9321294A36C1D1E445AAC0226,2026-09-15T22:45:46.483162+08:00,2026-09-15T22:45:46.498123+08:00,1.78948E+18,1.78948E+18,14961.664,14.961664,10487.31931,10479.60623
2026-09-15T22:45:47.021790+08:00,2026-09-15T22:45:47.032385+08:00,1.78948E+18,1.78948E+18,10595,10.595,/dev/cu.usbserial-1120,/dev/cu.usbserial-A50285BI,33612935,,32640843,,484,028B73E017E90A583F435D4E53785A71D09835803E7CABAB647E13A92DFB,2026-09-15T22:45:47.024664+08:00,2026-09-15T22:45:47.039542+08:00,1.78948E+18,1.78948E+18,14877.952,14.877952,10487.31931,10479.60623
2026-09-15T22:45:48.104881+08:00,2026-09-15T22:45:48.119130+08:00,1.78948E+18,1.78948E+18,14249,14.249,/dev/cu.usbserial-1120,/dev/cu.usbserial-A50285BI,33716205,,32744177,,485,028D3BD6194A5DCDA60438B1728E4DDD69B8C30631A33818D2FB48CE21F4,2026-09-15T22:45:48.107689+08:00,2026-09-15T22:45:48.122442+08:00,1.78948E+18,1.78948E+18,14752,14.752,10487.31931,10479.60623
2026-09-15T22:45:48.646358+08:00,2026-09-15T22:45:48.658527+08:00,1.78948E+18,1.78948E+18,12169,12.169,/dev/cu.usbserial-1120,/dev/cu.usbserial-A50285BI,33767838,,32795844,,486,028EDE14F1053D1CF967CD42844CA6A0DBE0DE7172019326D5BDB74A508F,2026-09-15T22:45:48.649181+08:00,2026-09-15T22:45:48.663892+08:00,1.78948E+18,1.78948E+18,14710.272,14.710272,10487.31931,10479.60623
2026-09-15T22:45:49.729373+08:00,2026-09-15T22:45:49.740939+08:00,1.78948E+18,1.78948E+18,11566,11.566,/dev/cu.usbserial-1120,/dev/cu.usbserial-A50285BI,33871108,,32899178,,487,0290B6B14305486AA0CF0AE6066C2CD5F8EFC1CD4F264FE69E9A16146645,2026-09-15T22:45:49.732207+08:00,2026-09-15T22:45:49.746791+08:00,1.78948E+18,1.78948E+18,14584.064,14.584064,10487.31931,10479.60623
2026-09-15T22:45:50.270938+08:00,2026-09-15T22:45:50.282378+08:00,1.78948E+18,1.78948E+18,11440,11.44,/dev/cu.usbserial-1120,/dev/cu.usbserial-A50285BI,33922745,,32950848,,488,02912147FF110D4441159C41F58FF943FE9FC93847C9F6D46B283A2B2773,2026-09-15T22:45:50.273741+08:00,2026-09-15T22:45:50.288272+08:00,1.78948E+18,1.78948E+18,14531.584,14.531584,10487.31931,10479.60623
2026-09-15T22:45:50.812383+08:00,2026-09-15T22:45:50.823545+08:00,1.78948E+18,1.78948E+18,11162,11.162,/dev/cu.usbserial-1120,/dev/cu.usbserial-A50285BI,33974375,,33002516,,489,02926D1381B18F37B4BC95FBE277F41479CFEEE361729F94EA52C6FA78D8,2026-09-15T22:45:50.815201+08:00,2026-09-15T22:45:50.829733+08:00,1.78948E+18,1.78948E+18,14531.84,14.53184,10487.31931,10479.60623
2026-09-15T22:45:51.353925+08:00,2026-09-15T22:45:51.354056+08:00,1.78948E+18,1.78948E+18,131,0.131,/dev/cu.usbserial-1120,/dev/cu.usbserial-A50285BI,34026012,,33054189,,490,02935529EBE9B7D1D199E35D4BB225CFC0E3A75A43C8C2BCC59E0762FAC2,2026-09-15T22:45:51.356735+08:00,2026-09-15T22:45:51.371245+08:00,1.78948E+18,1.78948E+18,14510.848,14.510848,10487.31931,10479.60623
2026-09-15T22:45:51.895534+08:00,2026-09-15T22:45:51.907639+08:00,1.78948E+18,1.78948E+18,12105,12.105,/dev/cu.usbserial-1120,/dev/cu.usbserial-A50285BI,34077645,,33105865,,491,02940B3A0CEEF6550233CB45EFB67431DA2A95B871110D8B6CB24CC9C2D9,2026-09-15T22:45:51.898226+08:00,2026-09-15T22:45:51.912789+08:00,1.78948E+18,1.78948E+18,14563.072,14.563072,10487.31931,10479.60623
2026-09-15T22:45:52.437177+08:00,2026-09-15T22:45:52.448870+08:00,1.78948E+18,1.78948E+18,11693,11.693,/dev/cu.usbserial-1120,/dev/cu.usbserial-A50285BI,34129288,,33157541,,492,029558198F519C89C022772A848B806772BE9B297A5EBDAD8DB97F200CC5,2026-09-15T22:45:52.439823+08:00,2026-09-15T22:45:52.454334+08:00,1.78948E+18,1.78948E+18,14510.592,14.510592,10487.31931,10479.60623
2026-09-15T22:45:55.144693+08:00,2026-09-15T22:45:55.159300+08:00,1.78948E+18,1.78948E+18,14607,14.607,/dev/cu.usbserial-1120,/dev/cu.usbserial-A50285BI,34387462,,33415876,,493,029A8E225975E8E381D9705D157B94B60E0A31E380179DC2849471F6E70E,2026-09-15T22:45:55.147376+08:00,2026-09-15T22:45:55.161583+08:00,1.78948E+18,1.78948E+18,14206.464,14.206464,10487.31931,10479.60623
2026-09-15T22:45:55.686549+08:00,2026-09-15T22:45:55.698203+08:00,1.78948E+18,1.78948E+18,11654,11.654,/dev/cu.usbserial-1120,/dev/cu.usbserial-A50285BI,34439101,,33467553,,494,029B178694AA1734C1E1209FDCFBD918344C65446831B87690CA9DC92D74,2026-09-15T22:45:55.688931+08:00,2026-09-15T22:45:55.703137+08:00,1.78948E+18,1.78948E+18,14206.464,14.206464,10487.31931,10479.60623
2026-09-15T22:45:56.227874+08:00,2026-09-15T22:45:56.239635+08:00,1.78948E+18,1.78948E+18,11761,11.761,/dev/cu.usbserial-1120,/dev/cu.usbserial-A50285BI,34490735,,33519220,,495,029C8300D10D0B1F8DE752C51F88FE50D8280AAF4FE85205C8D2DD036194,2026-09-15T22:45:56.230433+08:00,2026-09-15T22:45:56.244587+08:00,1.78948E+18,1.78948E+18,14153.984,14.153984,10487.31931,10479.60623
2026-09-15T22:45:57.311013+08:00,2026-09-15T22:45:57.321669+08:00,1.78948E+18,1.78948E+18,10656,10.656,/dev/cu.usbserial-1120,/dev/cu.usbserial-A50285BI,34594008,,33622560,,496,029E79838D2FE8E51C631C9614362096D1583E431B6B087313832553D85C,2026-09-15T22:45:57.313490+08:00,2026-09-15T22:45:57.327549+08:00,1.78948E+18,1.78948E+18,14059.52,14.05952,10487.31931,10479.60623
2026-09-15T22:45:57.852749+08:00,2026-09-15T22:45:57.867682+08:00,1.78948E+18,1.78948E+18,14933,14.933,/dev/cu.usbserial-1120,/dev/cu.usbserial-A50285BI,34645641,,33674221,,497,029FDC03FC5E62EDAA51E4E993E052129DCFF1664AFCA020EA17E5D58121,2026-09-15T22:45:57.854982+08:00,2026-09-15T22:45:57.868937+08:00,1.78948E+18,1.78948E+18,13954.816,13.954816,10487.31931,10479.60623
2026-09-15T22:45:58.394079+08:00,2026-09-15T22:45:58.406043+08:00,1.78948E+18,1.78948E+18,11964,11.964,/dev/cu.usbserial-1120,/dev/cu.usbserial-A50285BI,34697281,,33725882,,498,02A0BF5076A52A2E00B9723A50B438867EAC454E36B6128C1FDD135A0FDE,2026-09-15T22:45:58.396547+08:00,2026-09-15T22:45:58.410323+08:00,1.78948E+18,1.78948E+18,13776.64,13.77664,10487.31931,10479.60623
2026-09-15T22:45:59.477116+08:00,2026-09-15T22:45:59.488267+08:00,1.78948E+18,1.78948E+18,11151,11.151,/dev/cu.usbserial-1120,/dev/cu.usbserial-A50285BI,34800545,,33829228,,499,02A271EC217A0790775543775DEE903854B3645A9A184D6D1312C0E7F64E,2026-09-15T22:45:59.479509+08:00,2026-09-15T22:45:59.493349+08:00,1.78948E+18,1.78948E+18,13839.616,13.839616,10487.31931,10479.60623
2026-09-15T22:46:00.560564+08:00,2026-09-15T22:46:00.575325+08:00,1.78948E+18,1.78948E+18,14761,14.761,/dev/cu.usbserial-1120,/dev/cu.usbserial-A50285BI,34903830,,33932602,,500,02A4F7344E6FBFBCAC1D4CF26E0CFD6230F62850729EA25003D00EA52B1D,2026-09-15T22:46:00.562692+08:00,2026-09-15T22:46:00.576668+08:00,1.78948E+18,1.78948E+18,13975.552,13.975552,10487.31931,10479.60623
2026-09-15T22:46:01.102033+08:00,2026-09-15T22:46:01.113511+08:00,1.78948E+18,1.78948E+18,11478,11.478,/dev/cu.usbserial-1120,/dev/cu.usbserial-A50285BI,34955461,,33984266,,501,02A5E65A9B534B2215BE8DF0DB217856D973649F925AFBABCB69C88DF818,2026-09-15T22:46:01.104163+08:00,2026-09-15T22:46:01.118086+08:00,1.78948E+18,1.78948E+18,13923.072,13.923072,10487.31931,10479.60623
2026-09-15T22:46:02.184939+08:00,2026-09-15T22:46:02.196226+08:00,1.78948E+18,1.78948E+18,11287,11.287,/dev/cu.usbserial-1120,/dev/cu.usbserial-A50285BI,35058743,,34087609,,502,02A72235CDD132D9C381C50DD630A7BF54C695DFCA6188BB3115C219D764,2026-09-15T22:46:02.187314+08:00,2026-09-15T22:46:02.201080+08:00,1.78948E+18,1.78948E+18,13765.632,13.765632,10487.31931,10479.60623
2026-09-15T22:46:02.726640+08:00,2026-09-15T22:46:02.737340+08:00,1.78948E+18,1.78948E+18,10700,10.7,/dev/cu.usbserial-1120,/dev/cu.usbserial-A50285BI,35110373,,34139273,,503,02A899160E7C06C19733EC77CDC32AFC92455F5EFAEF808AB90D1BAB4DC0,2026-09-15T22:46:02.728774+08:00,2026-09-15T22:46:02.742498+08:00,1.78948E+18,1.78948E+18,13723.904,13.723904,10487.31931,10479.60623
2026-09-15T22:46:03.267826+08:00,2026-09-15T22:46:03.282952+08:00,1.78948E+18,1.78948E+18,15126,15.126,/dev/cu.usbserial-1120,/dev/cu.usbserial-A50285BI,35162010,,34190940,,504,02A96846EA7A14162A35CEA871768EB72205A8458369947E70257A4CC3B5,2026-09-15T22:46:03.270308+08:00,2026-09-15T22:46:03.283948+08:00,1.78948E+18,1.78948E+18,13639.68,13.63968,10487.31931,10479.60623
2026-09-15T22:46:04.351105+08:00,2026-09-15T22:46:04.363677+08:00,1.78948E+18,1.78948E+18,12572,12.572,/dev/cu.usbserial-1120,/dev/cu.usbserial-A50285BI,35265283,,34294275,,505,02ABDB9DFF938FDE5E625DD96CDD9C844C9C6669B07EE2FE076850C363BD,2026-09-15T22:46:04.353365+08:00,2026-09-15T22:46:04.366858+08:00,1.78948E+18,1.78948E+18,13492.992,13.492992,10487.31931,10479.60623
2026-09-15T22:46:04.892490+08:00,2026-09-15T22:46:04.904854+08:00,1.78948E+18,1.78948E+18,12364,12.364,/dev/cu.usbserial-1120,/dev/cu.usbserial-A50285BI,35316913,,34345936,,506,02ACD11E2C9CFCF687DD211184C95B2E0A9B58E282BAE73346B446F6C8FA,2026-09-15T22:46:04.894825+08:00,2026-09-15T22:46:04.908245+08:00,1.78948E+18,1.78948E+18,13419.776,13.419776,10487.31931,10479.60623
2026-09-15T22:46:05.433983+08:00,2026-09-15T22:46:05.446091+08:00,1.78948E+18,1.78948E+18,12108,12.108,/dev/cu.usbserial-1120,/dev/cu.usbserial-A50285BI,35368547,,34397603,,507,02AD29E8825E8A8FA14D34CF71CC0D4B87342681B0AC84A49C6BAC384AAB,2026-09-15T22:46:05.436328+08:00,2026-09-15T22:46:05.449695+08:00,1.78948E+18,1.78948E+18,13367.296,13.367296,10487.31931,10479.60623
2026-09-15T22:46:05.975609+08:00,2026-09-15T22:46:05.987275+08:00,1.78948E+18,1.78948E+18,11666,11.666,/dev/cu.usbserial-1120,/dev/cu.usbserial-A50285BI,35420186,,34449264,,508,02AEF070336C7C4736EE1F6046EBDB9ED5982B83FF5A164A7749F8C23265,2026-09-15T22:46:05.977882+08:00,2026-09-15T22:46:05.991082+08:00,1.78948E+18,1.78948E+18,13199.616,13.199616,10487.31931,10479.60623
2026-09-15T22:46:07.058591+08:00,2026-09-15T22:46:07.069129+08:00,1.78948E+18,1.78948E+18,10538,10.538,/dev/cu.usbserial-1120,/dev/cu.usbserial-A50285BI,35523453,,34552592,,509,02B08C35DC625ED4FFBB76CB65CFED91BBBA3E047FD2D6046FA75DCFB2BB,2026-09-15T22:46:07.060876+08:00,2026-09-15T22:46:07.073919+08:00,1.78948E+18,1.78948E+18,13042.432,13.042432,10487.31931,10479.60623
2026-09-15T22:46:08.141890+08:00,2026-09-15T22:46:08.156508+08:00,1.78948E+18,1.78948E+18,14618,14.618,/dev/cu.usbserial-1120,/dev/cu.usbserial-A50285BI,35626727,,34655929,,510,02B222D21B663713808E76F9CA403DFF8E6F36D05F526360B4E1EECA9710,2026-09-15T22:46:08.143944+08:00,2026-09-15T22:46:08.156850+08:00,1.78948E+18,1.78948E+18,12905.984,12.905984,10487.31931,10479.60623
2026-09-15T22:46:09.766192+08:00,2026-09-15T22:46:09.778172+08:00,1.78948E+18,1.78948E+18,11980,11.98,/dev/cu.usbserial-1120,/dev/cu.usbserial-A50285BI,35781633,,34810933,,511,02B59E75DF25EE714E66230982C03DF3BBED06DE1097DE4F1B94433C64E3,2026-09-15T22:46:09.768492+08:00,2026-09-15T22:46:09.781231+08:00,1.78948E+18,1.78948E+18,12738.048,12.738048,10487.31931,10479.60623
2026-09-15T22:46:10.307749+08:00,2026-09-15T22:46:10.319762+08:00,1.78948E+18,1.78948E+18,12013,12.013,/dev/cu.usbserial-1120,/dev/cu.usbserial-A50285BI,35833276,,34862606,,512,02B623698E66E186435D2905E0A674BDE1B75A400B579BFC5C1FEB14B2B4,2026-09-15T22:46:10.310089+08:00,2026-09-15T22:46:10.322743+08:00,1.78948E+18,1.78948E+18,12654.08,12.65408,10487.31931,10479.60623
2026-09-15T22:46:10.849464+08:00,2026-09-15T22:46:10.860277+08:00,1.78948E+18,1.78948E+18,10813,10.813,/dev/cu.usbserial-1120,/dev/cu.usbserial-A50285BI,35884912,,34914276,,513,02B781FC3DC25ED7A6B75E90FC4400BA6394F4287B4A6A4C913D155088F3,2026-09-15T22:46:10.851612+08:00,2026-09-15T22:46:10.864224+08:00,1.78948E+18,1.78948E+18,12612.096,12.612096,10487.31931,10479.60623
2026-09-15T22:46:11.391000+08:00,2026-09-15T22:46:11.401800+08:00,1.78948E+18,1.78948E+18,10800,10.8,/dev/cu.usbserial-1120,/dev/cu.usbserial-A50285BI,35936543,,34965943,,514,02B801F686DE1A305E59787FC0606B0C22124B876DE8FCC368B3430EE557,2026-09-15T22:46:11.393083+08:00,2026-09-15T22:46:11.405674+08:00,1.78948E+18,1.78948E+18,12591.36,12.59136,10487.31931,10479.60623
2026-09-15T22:46:11.932500+08:00,2026-09-15T22:46:11.947371+08:00,1.78948E+18,1.78948E+18,14871,14.871,/dev/cu.usbserial-1120,/dev/cu.usbserial-A50285BI,35988182,,35017614,,515,02B9CC52AE49F7ED2DCA6650DDE1475974196271CDFFE265975AE305C028,2026-09-15T22:46:11.934638+08:00,2026-09-15T22:46:11.947166+08:00,1.78948E+18,1.78948E+18,12528.384,12.528384,10487.31931,10479.60623
2026-09-15T22:46:12.473920+08:00,2026-09-15T22:46:12.485631+08:00,1.78948E+18,1.78948E+18,11711,11.711,/dev/cu.usbserial-1120,/dev/cu.usbserial-A50285BI,36039819,,35069287,,516,02BABF7E9F5D1878E35BA5EF3F30BDD2D391A55E599A9A3714439D4B79A2,2026-09-15T22:46:12.476171+08:00,2026-09-15T22:46:12.488679+08:00,1.78948E+18,1.78948E+18,12507.392,12.507392,10487.31931,10479.60623
2026-09-15T22:46:13.015414+08:00,2026-09-15T22:46:13.027217+08:00,1.78948E+18,1.78948E+18,11803,11.803,/dev/cu.usbserial-1120,/dev/cu.usbserial-A50285BI,36091452,,35120951,,517,02BB01679AE3B5955607523D425FE4F756C7783157A36985089B6BD71016,2026-09-15T22:46:13.017663+08:00,2026-09-15T22:46:13.030097+08:00,1.78948E+18,1.78948E+18,12433.92,12.43392,10487.31931,10479.60623
2026-09-15T22:46:14.098680+08:00,2026-09-15T22:46:14.109601+08:00,1.78948E+18,1.78948E+18,10921,10.921,/dev/cu.usbserial-1120,/dev/cu.usbserial-A50285BI,36194732,,35224294,,518,02BD2DC8D9B0E011C3934268360670971E27EC7DD92171F3EE6D77606DCA,2026-09-15T22:46:14.100794+08:00,2026-09-15T22:46:14.113091+08:00,1.78948E+18,1.78948E+18,12297.472,12.297472,10487.31931,10479.60623
2026-09-15T22:46:15.723244+08:00,2026-09-15T22:46:15.737540+08:00,1.78948E+18,1.78948E+18,14296,14.296,/dev/cu.usbserial-1120,/dev/cu.usbserial-A50285BI,36349635,,35379298,,519,02C05FA0B479229CDD1458DA85FE8B35EF57EC306CB9DA8ECD3934B1901C,2026-09-15T22:46:15.725311+08:00,2026-09-15T22:46:15.737472+08:00,1.78948E+18,1.78948E+18,12161.28,12.16128,10487.31931,10479.60623
2026-09-15T22:46:16.264656+08:00,2026-09-15T22:46:16.276936+08:00,1.78948E+18,1.78948E+18,12280,12.28,/dev/cu.usbserial-1120,/dev/cu.usbserial-A50285BI,36401275,,35430962,,520,02C15FB3C6591646C5D3F54C9353C3350D47821CDA3C38A1131D7C84B029,2026-09-15T22:46:16.266876+08:00,2026-09-15T22:46:16.278891+08:00,1.78948E+18,1.78948E+18,12014.592,12.014592,10487.31931,10479.60623
2026-09-15T22:46:17.889303+08:00,2026-09-15T22:46:17.900260+08:00,1.78948E+18,1.78948E+18,10957,10.957,/dev/cu.usbserial-1120,/dev/cu.usbserial-A50285BI,36556181,,35585964,,521,02C4CEEB9A35F31F0CA8D4F5FDA5B9C230EC5D11CECB7F3FCD1429D61EE0,2026-09-15T22:46:17.891425+08:00,2026-09-15T22:46:17.903250+08:00,1.78948E+18,1.78948E+18,11825.664,11.825664,10487.31931,10479.60623
2026-09-15T22:46:18.430653+08:00,2026-09-15T22:46:18.441341+08:00,1.78948E+18,1.78948E+18,10688,10.688,/dev/cu.usbserial-1120,/dev/cu.usbserial-A50285BI,36607812,,35637628,,522,02C5BFAA9907C7B5A95A7AB4B7A70E7E576AC1273553A5D8BD7C2E6C8D66,2026-09-15T22:46:18.432895+08:00,2026-09-15T22:46:18.444669+08:00,1.78948E+18,1.78948E+18,11773.184,11.773184,10487.31931,10479.60623
2026-09-15T22:46:18.972415+08:00,2026-09-15T22:46:18.987245+08:00,1.78948E+18,1.78948E+18,14830,14.83,/dev/cu.usbserial-1120,/dev/cu.usbserial-A50285BI,36659445,,35689292,,523,02C67DCB9CB96A0727B854385F86A817D41A325D9F0326D952DDED54A18F,2026-09-15T22:46:18.974387+08:00,2026-09-15T22:46:18.986087+08:00,1.78948E+18,1.78948E+18,11699.968,11.699968,10487.31931,10479.60623
2026-09-15T22:46:19.513972+08:00,2026-09-15T22:46:19.525683+08:00,1.78948E+18,1.78948E+18,11711,11.711,/dev/cu.usbserial-1120,/dev/cu.usbserial-A50285BI,36711097,,35740971,,524,02C7B125CD4AA793D4411FED5A284D6B556FD5C37C3B188B6D294151A0C1,2026-09-15T22:46:19.516078+08:00,2026-09-15T22:46:19.527663+08:00,1.78948E+18,1.78948E+18,11584.256,11.584256,10487.31931,10479.60623
2026-09-15T22:46:20.055382+08:00,2026-09-15T22:46:20.066684+08:00,1.78948E+18,1.78948E+18,11302,11.302,/dev/cu.usbserial-1120,/dev/cu.usbserial-A50285BI,36762728,,35792638,,525,02C80E7C10BC5FE1A3F67F245E3136D5498F8B4623CE592EC64198FF5892,2026-09-15T22:46:20.057549+08:00,2026-09-15T22:46:20.069112+08:00,1.78948E+18,1.78948E+18,11563.264,11.563264,10487.31931,10479.60623
2026-09-15T22:46:20.596789+08:00,2026-09-15T22:46:20.607832+08:00,1.78948E+18,1.78948E+18,11043,11.043,/dev/cu.usbserial-1120,/dev/cu.usbserial-A50285BI,36814358,,35844308,,526,02C969073739DE49A2BB8F1828A3DE79D14105360E25E4C2615A8CD0CB63,2026-09-15T22:46:20.599009+08:00,2026-09-15T22:46:20.610594+08:00,1.78948E+18,1.78948E+18,11584.512,11.584512,10487.31931,10479.60623
2026-09-15T22:46:21.138628+08:00,2026-09-15T22:46:21.148990+08:00,1.78948E+18,1.78948E+18,10362,10.362,/dev/cu.usbserial-1120,/dev/cu.usbserial-A50285BI,36865989,,35895987,,527,02CA8BB2FAF7F5722F7C37B2F1449B4373899A88C629E589BE2232D6A6CD,2026-09-15T22:46:21.140480+08:00,2026-09-15T22:46:21.152169+08:00,1.78948E+18,1.78948E+18,11689.216,11.689216,10487.31931,10479.60623
2026-09-15T22:46:21.679773+08:00,2026-09-15T22:46:21.694873+08:00,1.78948E+18,1.78948E+18,15100,15.1,/dev/cu.usbserial-1120,/dev/cu.usbserial-A50285BI,36917619,,35947661,,528,02CBC722A3DBC89BE910400A9FC1F0AF930EDBDA9DE08D49D5A22F4574BE,2026-09-15T22:46:21.681941+08:00,2026-09-15T22:46:21.693692+08:00,1.78948E+18,1.78948E+18,11751.936,11.751936,10487.31931,10479.60623
2026-09-15T22:46:22.762775+08:00,2026-09-15T22:46:22.775532+08:00,1.78948E+18,1.78948E+18,12757,12.757,/dev/cu.usbserial-1120,/dev/cu.usbserial-A50285BI,37020892,,36051007,,529,02CD3AE246310AA8A745B2B32BA97FF00F3E6BA34A35E347324A5229EEC1,2026-09-15T22:46:22.764997+08:00,2026-09-15T22:46:22.776718+08:00,1.78948E+18,1.78948E+18,11720.448,11.720448,10487.31931,10479.60623
2026-09-15T22:46:23.846050+08:00,2026-09-15T22:46:23.857837+08:00,1.78948E+18,1.78948E+18,11787,11.787,/dev/cu.usbserial-1120,/dev/cu.usbserial-A50285BI,37124168,,36154341,,530,02CF3BD244BB1B6C8B99F3A1A17CD37BE7F4D9A31D6A80BF8DDCAC92F755,2026-09-15T22:46:23.848086+08:00,2026-09-15T22:46:23.859617+08:00,1.78948E+18,1.78948E+18,11531.776,11.531776,10487.31931,10479.60623
2026-09-15T22:46:25.470480+08:00,2026-09-15T22:46:25.481149+08:00,1.78948E+18,1.78948E+18,10669,10.669,/dev/cu.usbserial-1120,/dev/cu.usbserial-A50285BI,37279081,,36309348,,531,02D28AC821A9C19667E06A0D7C78C9711F6EF0B48880CA9358B0E9704177,2026-09-15T22:46:25.472708+08:00,2026-09-15T22:46:25.484030+08:00,1.78948E+18,1.78948E+18,11321.856,11.321856,10487.31931,10479.60623
2026-09-15T22:46:26.012152+08:00,2026-09-15T22:46:26.027046+08:00,1.78948E+18,1.78948E+18,14894,14.894,/dev/cu.usbserial-1120,/dev/cu.usbserial-A50285BI,37330714,,36361021,,532,02D30AEE75CA6E4ED0CED88CC45A643908300E1700FBFE76EB089551CFC5,2026-09-15T22:46:26.014199+08:00,2026-09-15T22:46:26.025542+08:00,1.78948E+18,1.78948E+18,11342.848,11.342848,10487.31931,10479.60623
2026-09-15T22:46:27.095110+08:00,2026-09-15T22:46:27.107351+08:00,1.78948E+18,1.78948E+18,12241,12.241,/dev/cu.usbserial-1120,/dev/cu.usbserial-A50285BI,37433984,,36464346,,533,02D588390A38133066DAD230BA152C36EE2BD4BA40CF9187F35FCB5EB6E1,2026-09-15T22:46:27.097225+08:00,2026-09-15T22:46:27.108348+08:00,1.78948E+18,1.78948E+18,11122.944,11.122944,10487.31931,10479.60623
2026-09-15T22:46:27.636630+08:00,2026-09-15T22:46:27.648990+08:00,1.78948E+18,1.78948E+18,12360,12.36,/dev/cu.usbserial-1120,/dev/cu.usbserial-A50285BI,37485618,,36516017,,534,02D6D54AD5BFFCC221425380A0D03C24F5E6B7878ED36AE0903A74998245,2026-09-15T22:46:27.638727+08:00,2026-09-15T22:46:27.649840+08:00,1.78948E+18,1.78948E+18,11112.448,11.112448,10487.31931,10479.60623
2026-09-15T22:46:28.719463+08:00,2026-09-15T22:46:28.731029+08:00,1.78948E+18,1.78948E+18,11566,11.566,/dev/cu.usbserial-1120,/dev/cu.usbserial-A50285BI,37588891,,36619357,,535,02D8FFE8EC551413A74B44A8E676C99847FC5FDB5CDFD70A13F65ABEE6B0,2026-09-15T22:46:28.721784+08:00,2026-09-15T22:46:28.732802+08:00,1.78948E+18,1.78948E+18,11017.728,11.017728,10487.31931,10479.60623
2026-09-15T22:46:29.261303+08:00,2026-09-15T22:46:29.272281+08:00,1.78948E+18,1.78948E+18,10978,10.978,/dev/cu.usbserial-1120,/dev/cu.usbserial-A50285BI,37640528,,36671018,,536,02D97EA6C8880A6ACB47894391FD915779BDD1D5851BDCD50D67B7ED25A6,2026-09-15T22:46:29.263318+08:00,2026-09-15T22:46:29.274189+08:00,1.78948E+18,1.78948E+18,10871.04,10.87104,10487.31931,10479.60623
2026-09-15T22:46:30.344308+08:00,2026-09-15T22:46:30.358897+08:00,1.78948E+18,1.78948E+18,14589,14.589,/dev/cu.usbserial-1120,/dev/cu.usbserial-A50285BI,37743801,,36774352,,537,02DB6E0E5BBB072E56BD6681C34301ED42B1CEA5C2748E8BACBCDC4CCFF7,2026-09-15T22:46:30.346375+08:00,2026-09-15T22:46:30.357089+08:00,1.78948E+18,1.78948E+18,10713.6,10.7136,10487.31931,10479.60623
2026-09-15T22:46:30.885847+08:00,2026-09-15T22:46:30.897301+08:00,1.78948E+18,1.78948E+18,11454,11.454,/dev/cu.usbserial-1120,/dev/cu.usbserial-A50285BI,37795443,,36826031,,538,02DCF93A0E1054E8CB6CDC8712A1060386F49DDD0C994DC739A9ED017CE3,2026-09-15T22:46:30.887961+08:00,2026-09-15T22:46:30.898664+08:00,1.78948E+18,1.78948E+18,10703.104,10.703104,10487.31931,10479.60623
2026-09-15T22:46:31.427165+08:00,2026-09-15T22:46:31.438651+08:00,1.78948E+18,1.78948E+18,11486,11.486,/dev/cu.usbserial-1120,/dev/cu.usbserial-A50285BI,37847074,,36877710,,539,02DD90760B234A958EA2C2F08EF37C979CB9E333412919E1A9437FD40ECF,2026-09-15T22:46:31.429432+08:00,2026-09-15T22:46:31.440240+08:00,1.78948E+18,1.78948E+18,10807.808,10.807808,10487.31931,10479.60623
2026-09-15T22:46:31.968989+08:00,2026-09-15T22:46:31.979784+08:00,1.78948E+18,1.78948E+18,10795,10.795,/dev/cu.usbserial-1120,/dev/cu.usbserial-A50285BI,37898704,,36929384,,540,02DE03A9E51A2C89CB6EE7012E520FA1BB86BE568BBD56870D184DF2B167,2026-09-15T22:46:31.970892+08:00,2026-09-15T22:46:31.981763+08:00,1.78948E+18,1.78948E+18,10870.784,10.870784,10487.31931,10479.60623
2026-09-15T22:46:32.510553+08:00,2026-09-15T22:46:32.525341+08:00,1.78948E+18,1.78948E+18,14788,14.788,/dev/cu.usbserial-1120,/dev/cu.usbserial-A50285BI,37950344,,36981069,,541,02DFBC455A1EA77C81190AFD2910A87586D893706C5F7ABB7965B57901FB,2026-09-15T22:46:32.512457+08:00,2026-09-15T22:46:32.523401+08:00,1.78948E+18,1.78948E+18,10944.256,10.944256,10487.31931,10479.60623
2026-09-15T22:46:33.593546+08:00,2026-09-15T22:46:33.606058+08:00,1.78948E+18,1.78948E+18,12512,12.512,/dev/cu.usbserial-1120,/dev/cu.usbserial-A50285BI,38053617,,37084437,,542,02E15A8137083E1966FCB931B517F981AD4FEAEA1938F756BC45A04EB4BE,2026-09-15T22:46:33.595514+08:00,2026-09-15T22:46:33.606657+08:00,1.78948E+18,1.78948E+18,11143.168,11.143168,10487.31931,10479.60623
2026-09-15T22:46:34.135137+08:00,2026-09-15T22:46:34.147447+08:00,1.78948E+18,1.78948E+18,12310,12.31,/dev/cu.usbserial-1120,/dev/cu.usbserial-A50285BI,38105254,,37136116,,543,02E2C058AC809C16C578AB1F42DE289CF53158A36DF59B53DD2F35B4CA9D,2026-09-15T22:46:34.137048+08:00,2026-09-15T22:46:34.148233+08:00,1.78948E+18,1.78948E+18,11185.152,11.185152,10487.31931,10479.60623
2026-09-15T22:46:34.676573+08:00,2026-09-15T22:46:34.688424+08:00,1.78948E+18,1.78948E+18,11851,11.851,/dev/cu.usbserial-1120,/dev/cu.usbserial-A50285BI,38156896,,37187804,,544,02E3DA4B7CB6FB802264D3B1C3833012E919024B0C53A5CFBF44EEFD9D5D,2026-09-15T22:46:34.678634+08:00,2026-09-15T22:46:34.689903+08:00,1.78948E+18,1.78948E+18,11268.864,11.268864,10487.31931,10479.60623
2026-09-15T22:46:35.218249+08:00,2026-09-15T22:46:35.229438+08:00,1.78948E+18,1.78948E+18,11189,11.189,/dev/cu.usbserial-1120,/dev/cu.usbserial-A50285BI,38208530,,37239481,,545,02E4F7F9F1AAAA4927D2102FF6CC57C94B62A5E9F4679FB511B7B8FE3BF3,2026-09-15T22:46:35.220136+08:00,2026-09-15T22:46:35.231457+08:00,1.78948E+18,1.78948E+18,11321.088,11.321088,10487.31931,10479.60623
2026-09-15T22:46:35.759665+08:00,2026-09-15T22:46:35.770674+08:00,1.78948E+18,1.78948E+18,11009,11.009,/dev/cu.usbserial-1120,/dev/cu.usbserial-A50285BI,38260166,,37291160,,546,02E53A6171F91520C7266ABECD4BD75CC07081D6734BE29DFB7E58521D94,2026-09-15T22:46:35.761659+08:00,2026-09-15T22:46:35.773033+08:00,1.78948E+18,1.78948E+18,11373.568,11.373568,10487.31931,10479.60623
2026-09-15T22:46:36.301034+08:00,2026-09-15T22:46:36.311746+08:00,1.78948E+18,1.78948E+18,10712,10.712,/dev/cu.usbserial-1120,/dev/cu.usbserial-A50285BI,38311800,,37342842,,547,02E6692779B9D7F6733D671EE4C77122855928001707A7515477C0249617,2026-09-15T22:46:36.303162+08:00,2026-09-15T22:46:36.314640+08:00,1.78948E+18,1.78948E+18,11478.272,11.478272,10487.31931,10479.60623
2026-09-15T22:46:36.842735+08:00,2026-09-15T22:46:36.857564+08:00,1.78948E+18,1.78948E+18,14829,14.829,/dev/cu.usbserial-1120,/dev/cu.usbserial-A50285BI,38363436,,37394522,,548,02E7839B4821904310501D35B95FC6EEE24618ED6834DB12944B23B1051E,2026-09-15T22:46:36.844685+08:00,2026-09-15T22:46:36.856226+08:00,1.78948E+18,1.78948E+18,11540.992,11.540992,10487.31931,10479.60623
2026-09-15T22:46:37.384370+08:00,2026-09-15T22:46:37.396160+08:00,1.78948E+18,1.78948E+18,11790,11.79,/dev/cu.usbserial-1120,/dev/cu.usbserial-A50285BI,38415070,,37446204,,549,02E815795CEB7A08A9980549996E64955C990985575BB5988E14C98ACFF2,2026-09-15T22:46:37.386187+08:00,2026-09-15T22:46:37.397833+08:00,1.78948E+18,1.78948E+18,11645.696,11.645696,10487.31931,10479.60623
2026-09-15T22:46:37.926054+08:00,2026-09-15T22:46:37.937613+08:00,1.78948E+18,1.78948E+18,11559,11.559,/dev/cu.usbserial-1120,/dev/cu.usbserial-A50285BI,38466703,,37497889,,550,02E94C6F9F77BB92E6B0940F592FA132ABCD058E732108DDDCBFA29B0E30,2026-09-15T22:46:37.927679+08:00,2026-09-15T22:46:37.939471+08:00,1.78948E+18,1.78948E+18,11792.384,11.792384,10487.31931,10479.60623
2026-09-15T22:46:38.467546+08:00,2026-09-15T22:46:38.478621+08:00,1.78948E+18,1.78948E+18,11075,11.075,/dev/cu.usbserial-1120,/dev/cu.usbserial-A50285BI,38518343,,37549562,,551,02EAC96160B67A023ABC8967CB1F292B701F3BF5DF23579917309BEE0828,2026-09-15T22:46:38.469244+08:00,2026-09-15T22:46:38.480984+08:00,1.78948E+18,1.78948E+18,11739.904,11.739904,10487.31931,10479.60623
2026-09-15T22:46:39.008994+08:00,2026-09-15T22:46:39.019828+08:00,1.78948E+18,1.78948E+18,10834,10.834,/dev/cu.usbserial-1120,/dev/cu.usbserial-A50285BI,38569973,,37601236,,552,02EB366D02C2B38EDE4D06E2EE2458F1A5F092D106A0AB8BCD2AB22D60FF,2026-09-15T22:46:39.010704+08:00,2026-09-15T22:46:39.022507+08:00,1.78948E+18,1.78948E+18,11802.88,11.80288,10487.31931,10479.60623
2026-09-15T22:46:39.550256+08:00,2026-09-15T22:46:39.565413+08:00,1.78948E+18,1.78948E+18,15157,15.157,/dev/cu.usbserial-1120,/dev/cu.usbserial-A50285BI,38621607,,37652912,,553,02EC9AAF744FC9867F015F0AE2704688D2E7FE270ADB257B32EBC9EB0D98,2026-09-15T22:46:39.552207+08:00,2026-09-15T22:46:39.564051+08:00,1.78948E+18,1.78948E+18,11844.864,11.844864,10487.31931,10479.60623
2026-09-15T22:46:40.091861+08:00,2026-09-15T22:46:40.103958+08:00,1.78948E+18,1.78948E+18,12097,12.097,/dev/cu.usbserial-1120,/dev/cu.usbserial-A50285BI,38673243,,37704594,,554,02ED6EC366C4DE18B8ECB35FA025A5CC03D7946CFF3C550192983CA10D36,2026-09-15T22:46:40.093730+08:00,2026-09-15T22:46:40.105658+08:00,1.78948E+18,1.78948E+18,11928.576,11.928576,10487.31931,10479.60623
2026-09-15T22:46:40.633298+08:00,2026-09-15T22:46:40.645009+08:00,1.78948E+18,1.78948E+18,11711,11.711,/dev/cu.usbserial-1120,/dev/cu.usbserial-A50285BI,38724877,,37756273,,555,02EE6E0D3626E3D240B83D226CB74C6F7B655ECDDA3B47058C5D3378D7DF,2026-09-15T22:46:40.635232+08:00,2026-09-15T22:46:40.647234+08:00,1.78948E+18,1.78948E+18,12002.048,12.002048,10487.31931,10479.60623
2026-09-15T22:46:41.174850+08:00,2026-09-15T22:46:41.186441+08:00,1.78948E+18,1.78948E+18,11591,11.591,/dev/cu.usbserial-1120,/dev/cu.usbserial-A50285BI,38776516,,37807947,,556,02EF2EBAAEBA70EAE18C6AD3071391C42767ED2F29FB6004FF52B7CB9280,2026-09-15T22:46:41.176787+08:00,2026-09-15T22:46:41.188757+08:00,1.78948E+18,1.78948E+18,11970.56,11.97056,10487.31931,10479.60623
2026-09-15T22:46:41.716279+08:00,2026-09-15T22:46:41.727645+08:00,1.78948E+18,1.78948E+18,11366,11.366,/dev/cu.usbserial-1120,/dev/cu.usbserial-A50285BI,38828144,,37859614,,557,02F072846F68533E2EAFA979A6825A3DD20DB1F782B6ED16C11D85690AD5,2026-09-15T22:46:41.718226+08:00,2026-09-15T22:46:41.730207+08:00,1.78948E+18,1.78948E+18,11980.8,11.9808,10487.31931,10479.60623
2026-09-15T22:46:42.257891+08:00,2026-09-15T22:46:42.268833+08:00,1.78948E+18,1.78948E+18,10942,10.942,/dev/cu.usbserial-1120,/dev/cu.usbserial-A50285BI,38879774,,37911281,,558,02F13C3729DFE91CF2EA04A6A54DF0B31DC00A88BBDE76B2145BA49D5D05,2026-09-15T22:46:42.259686+08:00,2026-09-15T22:46:42.271657+08:00,1.78948E+18,1.78948E+18,11970.304,11.970304,10487.31931,10479.60623
2026-09-15T22:46:42.799225+08:00,2026-09-15T22:46:42.810123+08:00,1.78948E+18,1.78948E+18,10898,10.898,/dev/cu.usbserial-1120,/dev/cu.usbserial-A50285BI,38931411,,37962954,,559,02F2A4F5927C2FC069B07138FA1F97692BCC1D8FDDFED52DD8BEB6ED760E,2026-09-15T22:46:42.801220+08:00,2026-09-15T22:46:42.813169+08:00,1.78948E+18,1.78948E+18,11949.312,11.949312,10487.31931,10479.60623
2026-09-15T22:46:43.882453+08:00,2026-09-15T22:46:43.896897+08:00,1.78948E+18,1.78948E+18,14444,14.444,/dev/cu.usbserial-1120,/dev/cu.usbserial-A50285BI,39034678,,38066316,,560,02F44BA140869768FB0231607B15BB0B428C10DEF47EC8E2C24C8A0F9A5A,2026-09-15T22:46:43.884214+08:00,2026-09-15T22:46:43.896363+08:00,1.78948E+18,1.78948E+18,12148.48,12.14848,10487.31931,10479.60623
2026-09-15T22:46:44.423966+08:00,2026-09-15T22:46:44.436382+08:00,1.78948E+18,1.78948E+18,12416,12.416,/dev/cu.usbserial-1120,/dev/cu.usbserial-A50285BI,39086314,,38118007,,561,02F51463108A0BC60A7D849D2E884E300D7806BC0C06D8571619158803BE,2026-09-15T22:46:44.425737+08:00,2026-09-15T22:46:44.438064+08:00,1.78948E+18,1.78948E+18,12326.4,12.3264,10487.31931,10479.60623
2026-09-15T22:46:44.965677+08:00,2026-09-15T22:46:44.977484+08:00,1.78948E+18,1.78948E+18,11807,11.807,/dev/cu.usbserial-1120,/dev/cu.usbserial-A50285BI,39137945,,38169695,,562,02F67AA2C7E73AE45BE7D0526BA98752C4B4C6057CDF1D6BDED310351C45,2026-09-15T22:46:44.967208+08:00,2026-09-15T22:46:44.979734+08:00,1.78948E+18,1.78948E+18,12525.568,12.525568,10487.31931,10479.60623
2026-09-15T22:46:45.506925+08:00,2026-09-15T22:46:45.518697+08:00,1.78948E+18,1.78948E+18,11772,11.772,/dev/cu.usbserial-1120,/dev/cu.usbserial-A50285BI,39189578,,38221378,,563,02F7A669B4F1AFB89E55D99F3A327240FCC4FAFDD5BC70DA6001598FD22B,2026-09-15T22:46:45.508700+08:00,2026-09-15T22:46:45.521351+08:00,1.78948E+18,1.78948E+18,12651.264,12.651264,10487.31931,10479.60623
2026-09-15T22:46:46.048598+08:00,2026-09-15T22:46:46.060311+08:00,1.78948E+18,1.78948E+18,11713,11.713,/dev/cu.usbserial-1120,/dev/cu.usbserial-A50285BI,39241215,,38273066,,564,02F890709EBCD1FDEB1C0449B65B490BC7A5C7855584341978D924A45398,2026-09-15T22:46:46.050234+08:00,2026-09-15T22:46:46.063021+08:00,1.78948E+18,1.78948E+18,12787.456,12.787456,10487.31931,10479.60623
2026-09-15T22:46:46.590021+08:00,2026-09-15T22:46:46.601178+08:00,1.78948E+18,1.78948E+18,11157,11.157,/dev/cu.usbserial-1120,/dev/cu.usbserial-A50285BI,39292851,,38324758,,565,02F913A1FD4631FF3434F0BDC0794E4BA9B0E2A11876A91B0DA28E1BC643,2026-09-15T22:46:46.591757+08:00,2026-09-15T22:46:46.604733+08:00,1.78948E+18,1.78948E+18,12976.128,12.976128,10487.31931,10479.60623
2026-09-15T22:46:47.131545+08:00,2026-09-15T22:46:47.143258+08:00,1.78948E+18,1.78948E+18,11713,11.713,/dev/cu.usbserial-1120,/dev/cu.usbserial-A50285BI,39344485,,38376437,,566,02FABB5DEB5BA2197A5CC9DA75665A214D3E66B90C0EFDD846DFEEFABDD6,2026-09-15T22:46:47.133259+08:00,2026-09-15T22:46:47.146309+08:00,1.78948E+18,1.78948E+18,13049.6,13.0496,10487.31931,10479.60623
2026-09-15T22:46:47.673187+08:00,2026-09-15T22:46:47.687976+08:00,1.78948E+18,1.78948E+18,14789,14.789,/dev/cu.usbserial-1120,/dev/cu.usbserial-A50285BI,39396118,,38428119,,567,02FB5E7DD7320BFDC0015E6D5FA532FAFA0A67A0A8A425887A2BF0286816,2026-09-15T22:46:47.674751+08:00,2026-09-15T22:46:47.687916+08:00,1.78948E+18,1.78948E+18,13164.8,13.1648,10487.31931,10479.60623
2026-09-15T22:46:48.214567+08:00,2026-09-15T22:46:48.226426+08:00,1.78948E+18,1.78948E+18,11859,11.859,/dev/cu.usbserial-1120,/dev/cu.usbserial-A50285BI,39447755,,38479808,,568,02FC7019FDD9FEB7C2DDEE7A6C439F17C55943565AD86FB2EAE462B289C1,2026-09-15T22:46:48.216285+08:00,2026-09-15T22:46:48.229596+08:00,1.78948E+18,1.78948E+18,13311.488,13.311488,10487.31931,10479.60623
2026-09-15T22:46:49.297860+08:00,2026-09-15T22:46:49.308739+08:00,1.78948E+18,1.78948E+18,10879,10.879,/dev/cu.usbserial-1120,/dev/cu.usbserial-A50285BI,39551034,,38583163,,569,02FEF52FD286C3F5EBD289F88C270B90894CCAF2A47C114C72E1BEA40FD2,2026-09-15T22:46:49.299404+08:00,2026-09-15T22:46:49.312716+08:00,1.78948E+18,1.78948E+18,13311.232,13.311232,10487.31931,10479.60623
2026-09-15T22:46:49.839162+08:00,2026-09-15T22:46:49.850106+08:00,1.78948E+18,1.78948E+18,10944,10.944,/dev/cu.usbserial-1120,/dev/cu.usbserial-A50285BI,39602668,,38634824,,570,02FFD17181CDB6F6ED3352627CC6CFA90BE32820957F73DB60E2F2C6EA26,2026-09-15T22:46:49.840907+08:00,2026-09-15T22:46:49.854103+08:00,1.78948E+18,1.78948E+18,13195.776,13.195776,10487.31931,10479.60623
2026-09-15T22:46:50.380677+08:00,2026-09-15T22:46:50.395632+08:00,1.78948E+18,1.78948E+18,14955,14.955,/dev/cu.usbserial-1120,/dev/cu.usbserial-A50285BI,39654295,,38686491,,571,0300D886926EDB0D07E77DFF71801AC86169B27A794D7467DB4E0F8252C4,2026-09-15T22:46:50.382335+08:00,2026-09-15T22:46:50.395552+08:00,1.78948E+18,1.78948E+18,13216.768,13.216768,10487.31931,10479.60623
2026-09-15T22:46:50.922131+08:00,2026-09-15T22:46:50.934028+08:00,1.78948E+18,1.78948E+18,11897,11.897,/dev/cu.usbserial-1120,/dev/cu.usbserial-A50285BI,39705926,,38738158,,572,0301B87643B6F9845214401DD3BA2343F72574A0B3F309636F1C48DE74F3,2026-09-15T22:46:50.923806+08:00,2026-09-15T22:46:50.937002+08:00,1.78948E+18,1.78948E+18,13196.032,13.196032,10487.31931,10479.60623
2026-09-15T22:46:51.463724+08:00,2026-09-15T22:46:51.474914+08:00,1.78948E+18,1.78948E+18,11190,11.19,/dev/cu.usbserial-1120,/dev/cu.usbserial-A50285BI,39757562,,38789835,,573,030275E012DABBD494C8FB96E57C5819FF7E7FB917DAB7618A9CAC5C850A,2026-09-15T22:46:51.465329+08:00,2026-09-15T22:46:51.478557+08:00,1.78948E+18,1.78948E+18,13227.264,13.227264,10487.31931,10479.60623
2026-09-15T22:46:52.005174+08:00,2026-09-15T22:46:52.016036+08:00,1.78948E+18,1.78948E+18,10862,10.862,/dev/cu.usbserial-1120,/dev/cu.usbserial-A50285BI,39809199,,38841508,,574,0303FBFC77A47CED38DC5356F696B6B5E35E7B77A06B695A68573B83FD9C,2026-09-15T22:46:52.006863+08:00,2026-09-15T22:46:52.020069+08:00,1.78948E+18,1.78948E+18,13206.272,13.206272,10487.31931,10479.60623
2026-09-15T22:46:52.547167+08:00,2026-09-15T22:46:52.546870+08:00,1.78948E+18,1.78948E+18,-297,-0.297,/dev/cu.usbserial-1120,/dev/cu.usbserial-A50285BI,39860832,,38893175,,575,0304735E53CEE53AFD9BFEA05B82D976815600D8E67202B2D1B9B91D8354,2026-09-15T22:46:52.548355+08:00,2026-09-15T22:46:52.561519+08:00,1.78948E+18,1.78948E+18,13164.544,13.164544,10487.31931,10479.60623
2026-09-15T22:46:53.088364+08:00,2026-09-15T22:46:53.100351+08:00,1.78948E+18,1.78948E+18,11987,11.987,/dev/cu.usbserial-1120,/dev/cu.usbserial-A50285BI,39912472,,38944845,,576,0305587F252B376170205E0F1E0ED3F11484A3AC4C41B2F8846F443FA8A0,2026-09-15T22:46:53.089920+08:00,2026-09-15T22:46:53.103001+08:00,1.78948E+18,1.78948E+18,13080.576,13.080576,10487.31931,10479.60623
2026-09-15T22:46:53.629865+08:00,2026-09-15T22:46:53.641339+08:00,1.78948E+18,1.78948E+18,11474,11.474,/dev/cu.usbserial-1120,/dev/cu.usbserial-A50285BI,39964114,,38996518,,577,030647FB008966CC1981CE5C75B7BEF3F236D1D9FB9A0B6F7090A50C560F,2026-09-15T22:46:53.631506+08:00,2026-09-15T22:46:53.644513+08:00,1.78948E+18,1.78948E+18,13007.104,13.007104,10487.31931,10479.60623
2026-09-15T22:46:54.171445+08:00,2026-09-15T22:46:54.182757+08:00,1.78948E+18,1.78948E+18,11312,11.312,/dev/cu.usbserial-1120,/dev/cu.usbserial-A50285BI,40015745,,39048176,,578,030799993E58ECEB77AEBEE3F3D51247FA4D5E5F904BD24FA77C68380579,2026-09-15T22:46:54.172977+08:00,2026-09-15T22:46:54.185869+08:00,1.78948E+18,1.78948E+18,12891.648,12.891648,10487.31931,10479.60623
2026-09-15T22:46:55.796025+08:00,2026-09-15T22:46:55.810594+08:00,1.78948E+18,1.78948E+18,14569,14.569,/dev/cu.usbserial-1120,/dev/cu.usbserial-A50285BI,40170655,,39203174,,579,030A3AC7B18362B9E0FC6EB3F1E97A196895CEDAA4ECEB90CBFD575C7631,2026-09-15T22:46:55.797568+08:00,2026-09-15T22:46:55.810187+08:00,1.78948E+18,1.78948E+18,12619.008,12.619008,10487.31931,10479.60623
2026-09-15T22:46:56.337499+08:00,2026-09-15T22:46:56.349788+08:00,1.78948E+18,1.78948E+18,12289,12.289,/dev/cu.usbserial-1120,/dev/cu.usbserial-A50285BI,40222288,,39254841,,580,030B277F1B4951B93E19AF625706D24982408C50E9C03CC3F101D77D277E,2026-09-15T22:46:56.339059+08:00,2026-09-15T22:46:56.351636+08:00,1.78948E+18,1.78948E+18,12577.024,12.577024,10487.31931,10479.60623
2026-09-15T22:46:56.879177+08:00,2026-09-15T22:46:56.891172+08:00,1.78948E+18,1.78948E+18,11995,11.995,/dev/cu.usbserial-1120,/dev/cu.usbserial-A50285BI,40273922,,39306508,,581,030CBBB9E9EE34B9D442CA19F15A50F09E8BAEAC3ED269AAA0D4F798309D,2026-09-15T22:46:56.880562+08:00,2026-09-15T22:46:56.893086+08:00,1.78948E+18,1.78948E+18,12524.8,12.5248,10487.31931,10479.60623
2026-09-15T22:46:57.420629+08:00,2026-09-15T22:46:57.432363+08:00,1.78948E+18,1.78948E+18,11734,11.734,/dev/cu.usbserial-1120,/dev/cu.usbserial-A50285BI,40325561,,39358178,,582,030DC58BE01504DFD44137D2D03F7EDF62009FDCCFC3D9D2BE5569A0A60A,2026-09-15T22:46:57.422116+08:00,2026-09-15T22:46:57.434568+08:00,1.78948E+18,1.78948E+18,12451.328,12.451328,10487.31931,10479.60623
2026-09-15T22:46:57.962084+08:00,2026-09-15T22:46:57.973411+08:00,1.78948E+18,1.78948E+18,11327,11.327,/dev/cu.usbserial-1120,/dev/cu.usbserial-A50285BI,40377192,,39409842,,583,030ED94EF9790B320DFB09C5CFE38A42267A430428C1F49DFFE62DB69982,2026-09-15T22:46:57.963587+08:00,2026-09-15T22:46:57.975986+08:00,1.78948E+18,1.78948E+18,12398.848,12.398848,10487.31931,10479.60623
2026-09-15T22:46:58.503531+08:00,2026-09-15T22:46:58.514620+08:00,1.78948E+18,1.78948E+18,11089,11.089,/dev/cu.usbserial-1120,/dev/cu.usbserial-A50285BI,40428825,,39461516,,584,030FE4A91398B9DFE34E03EBC869A263718A8482EF2AF37FDC57A5AB492B,2026-09-15T22:46:58.505079+08:00,2026-09-15T22:46:58.517509+08:00,1.78948E+18,1.78948E+18,12430.336,12.430336,10487.31931,10479.60623
2026-09-15T22:46:59.045178+08:00,2026-09-15T22:46:59.060072+08:00,1.78948E+18,1.78948E+18,14894,14.894,/dev/cu.usbserial-1120,/dev/cu.usbserial-A50285BI,40480456,,39513180,,585,0310824D6911333EFEB76F4387D2042D2695A7B253EF7D0A438765491678,2026-09-15T22:46:59.046550+08:00,2026-09-15T22:46:59.058928+08:00,1.78948E+18,1.78948E+18,12377.856,12.377856,10487.31931,10479.60623
2026-09-15T22:46:59.586562+08:00,2026-09-15T22:46:59.598609+08:00,1.78948E+18,1.78948E+18,12047,12.047,/dev/cu.usbserial-1120,/dev/cu.usbserial-A50285BI,40532089,,39564844,,586,03110C7FC3CCAE91C4BAACD681A0D3717DBE667142B8F1AA0DCACD513AC8,2026-09-15T22:46:59.588042+08:00,2026-09-15T22:46:59.600346+08:00,1.78948E+18,1.78948E+18,12304.384,12.304384,10487.31931,10479.60623
2026-09-15T22:47:00.669687+08:00,2026-09-15T22:47:00.681023+08:00,1.78948E+18,1.78948E+18,11336,11.336,/dev/cu.usbserial-1120,/dev/cu.usbserial-A50285BI,40635362,,39668175,,587,0313CCCFEB27F0A87B3E5858AAFEEFFF7D3A81F0A9AB060CBDAFAEDD0FC3,2026-09-15T22:47:00.671098+08:00,2026-09-15T22:47:00.683214+08:00,1.78948E+18,1.78948E+18,12115.712,12.115712,10487.31931,10479.60623
2026-09-15T22:47:01.211338+08:00,2026-09-15T22:47:01.222178+08:00,1.78948E+18,1.78948E+18,10840,10.84,/dev/cu.usbserial-1120,/dev/cu.usbserial-A50285BI,40686993,,39719833,,588,0314B07268C2D3FD6FDBB92DD653EE4C4600B4180B818C637F3E856A3823,2026-09-15T22:47:01.212569+08:00,2026-09-15T22:47:01.224570+08:00,1.78948E+18,1.78948E+18,12000.512,12.000512,10487.31931,10479.60623
2026-09-15T22:47:02.836102+08:00,2026-09-15T22:47:02.850027+08:00,1.78948E+18,1.78948E+18,13925,13.925,/dev/cu.usbserial-1120,/dev/cu.usbserial-A50285BI,40841902,,39874834,,589,03179C6A2797851BDA9B0B412288E74519228252DA2340B3A8FA90EADF46,2026-09-15T22:47:02.837149+08:00,2026-09-15T22:47:02.848919+08:00,1.78948E+18,1.78948E+18,11769.856,11.769856,10487.31931,10479.60623
2026-09-15T22:47:03.919081+08:00,2026-09-15T22:47:03.931519+08:00,1.78948E+18,1.78948E+18,12438,12.438,/dev/cu.usbserial-1120,/dev/cu.usbserial-A50285BI,40945188,,39978177,,590,03198B444E836AAA688F99BF6B537D3703F297D386104939990D6891A2FE,2026-09-15T22:47:03.920342+08:00,2026-09-15T22:47:03.931913+08:00,1.78948E+18,1.78948E+18,11570.432,11.570432,10487.31931,10479.60623
2026-09-15T22:47:04.460700+08:00,2026-09-15T22:47:04.472882+08:00,1.78948E+18,1.78948E+18,12182,12.182,/dev/cu.usbserial-1120,/dev/cu.usbserial-A50285BI,40996818,,40029838,,591,031A85DFF170FB23ADDBB83280E8CC520263B399E7FE6202E7CB14547077,2026-09-15T22:47:04.461803+08:00,2026-09-15T22:47:04.473300+08:00,1.78948E+18,1.78948E+18,11497.216,11.497216,10487.31931,10479.60623
2026-09-15T22:47:05.002287+08:00,2026-09-15T22:47:05.013759+08:00,1.78948E+18,1.78948E+18,11472,11.472,/dev/cu.usbserial-1120,/dev/cu.usbserial-A50285BI,41048455,,40081505,,592,031BD1B30E47C30396D438001687761E7CD2422109332F7C73EAA76BDD75,2026-09-15T22:47:05.003336+08:00,2026-09-15T22:47:05.014750+08:00,1.78948E+18,1.78948E+18,11413.248,11.413248,10487.31931,10479.60623
2026-09-15T22:47:05.543831+08:00,2026-09-15T22:47:05.554790+08:00,1.78948E+18,1.78948E+18,10959,10.959,/dev/cu.usbserial-1120,/dev/cu.usbserial-A50285BI,41100091,,40133181,,593,031CBBCF77D0AACDF56E3325B1F59B529FBD7D67F40754A496FDC9DB426D,2026-09-15T22:47:05.544860+08:00,2026-09-15T22:47:05.556294+08:00,1.78948E+18,1.78948E+18,11434.24,11.43424,10487.31931,10479.60623
2026-09-15T22:47:06.627372+08:00,2026-09-15T22:47:06.627086+08:00,1.78948E+18,1.78948E+18,-286,-0.286,/dev/cu.usbserial-1120,/dev/cu.usbserial-A50285BI,41203367,,40236519,,594,031E59ACEA41FDC9E675FEC7742A0AC792310944A74A2F3873AAC2EDB72D,2026-09-15T22:47:06.627948+08:00,2026-09-15T22:47:06.639235+08:00,1.78948E+18,1.78948E+18,11287.296,11.287296,10487.31931,10479.60623
2026-09-15T22:47:07.168525+08:00,2026-09-15T22:47:07.180623+08:00,1.78948E+18,1.78948E+18,12098,12.098,/dev/cu.usbserial-1120,/dev/cu.usbserial-A50285BI,41255004,,40288207,,595,031FA8A3A45BB8E7041CBDAE2A3B4A349B9D4097793D2032B3EF11BAEED0,2026-09-15T22:47:07.169482+08:00,2026-09-15T22:47:07.180906+08:00,1.78948E+18,1.78948E+18,11423.488,11.423488,10487.31931,10479.60623
2026-09-15T22:47:08.251437+08:00,2026-09-15T22:47:08.262704+08:00,1.78948E+18,1.78948E+18,11267,11.267,/dev/cu.usbserial-1120,/dev/cu.usbserial-A50285BI,41358274,,40391560,,596,03217892EA624885891C8A10EC3D3F7DEDCB213CA86D6EC62EA37335EEC6,2026-09-15T22:47:08.252507+08:00,2026-09-15T22:47:08.264004+08:00,1.78948E+18,1.78948E+18,11496.704,11.496704,10487.31931,10479.60623
2026-09-15T22:47:09.334642+08:00,2026-09-15T22:47:09.345391+08:00,1.78948E+18,1.78948E+18,10749,10.749,/dev/cu.usbserial-1120,/dev/cu.usbserial-A50285BI,41461544,,40494900,,597,03231FF4ADB2311138643623C4A7CEEF2992B8AB3062205CBC3AABF0B89A,2026-09-15T22:47:09.335533+08:00,2026-09-15T22:47:09.346967+08:00,1.78948E+18,1.78948E+18,11433.728,11.433728,10487.31931,10479.60623
2026-09-15T22:47:09.876433+08:00,2026-09-15T22:47:09.890990+08:00,1.78948E+18,1.78948E+18,14557,14.557,/dev/cu.usbserial-1120,/dev/cu.usbserial-A50285BI,41513174,,40546561,,598,0324421BC0A1A2F18F02A0482BC83DCBD2C96EDEA2ECA8360C1A2D33F705,2026-09-15T22:47:09.876993+08:00,2026-09-15T22:47:09.888354+08:00,1.78948E+18,1.78948E+18,11360.512,11.360512,10487.31931,10479.60623
2026-09-15T22:47:10.417297+08:00,2026-09-15T22:47:10.429408+08:00,1.78948E+18,1.78948E+18,12111,12.111,/dev/cu.usbserial-1120,/dev/cu.usbserial-A50285BI,41564802,,40598213,,599,03251904B39B2B79A44954A7ABF0023E53A829A9C03716EA584FF3342E8B,2026-09-15T22:47:10.418432+08:00,2026-09-15T22:47:10.429646+08:00,1.78948E+18,1.78948E+18,11213.568,11.213568,10487.31931,10479.60623
2026-09-15T22:47:12.584034+08:00,2026-09-15T22:47:12.598570+08:00,1.78948E+18,1.78948E+18,14536,14.536,/dev/cu.usbserial-1120,/dev/cu.usbserial-A50285BI,41771336,,40804881,,600,0329BC33C071AE69CEE767922E64808AE1D1EE73CFD5C8997314D6064628,2026-09-15T22:47:12.584420+08:00,2026-09-15T22:47:12.595445+08:00,1.78948E+18,1.78948E+18,11025.152,11.025152,10487.31931,10479.60623
2026-09-15T22:47:13.125143+08:00,2026-09-15T22:47:13.137026+08:00,1.78948E+18,1.78948E+18,11883,11.883,/dev/cu.usbserial-1120,/dev/cu.usbserial-A50285BI,41822966,,40856542,,601,032ADDE5ED60AD97213BE79762A28F0E5BE955351484A36EDA896522EEE9,2026-09-15T22:47:13.125881+08:00,2026-09-15T22:47:13.136832+08:00,1.78948E+18,1.78948E+18,10951.424,10.951424,10487.31931,10479.60623
2026-09-15T22:47:13.666500+08:00,2026-09-15T22:47:13.678529+08:00,1.78948E+18,1.78948E+18,12029,12.029,/dev/cu.usbserial-1120,/dev/cu.usbserial-A50285BI,41874603,,40908206,,602,032B9C59F06EA21A09743B88DB675FB92A00C955473E3FF34027A033C93C,2026-09-15T22:47:13.667414+08:00,2026-09-15T22:47:13.678251+08:00,1.78948E+18,1.78948E+18,10836.224,10.836224,10487.31931,10479.60623
2026-09-15T22:47:14.208237+08:00,2026-09-15T22:47:14.219560+08:00,1.78948E+18,1.78948E+18,11323,11.323,/dev/cu.usbserial-1120,/dev/cu.usbserial-A50285BI,41926239,,40959882,,603,032CAF9BE9BDA23264A168DFEC53BE7F062EF0C7BDB770E00A9D18BCFE71,2026-09-15T22:47:14.208938+08:00,2026-09-15T22:47:14.219795+08:00,1.78948E+18,1.78948E+18,10857.216,10.857216,10487.31931,10479.60623
2026-09-15T22:47:14.749888+08:00,2026-09-15T22:47:14.760670+08:00,1.78948E+18,1.78948E+18,10782,10.782,/dev/cu.usbserial-1120,/dev/cu.usbserial-A50285BI,41977879,,41011555,,604,032D3F39B5257DFDFB463E0CBBF909292BB78EF3B9C871BBB481D926BB3D,2026-09-15T22:47:14.750503+08:00,2026-09-15T22:47:14.761308+08:00,1.78948E+18,1.78948E+18,10804.736,10.804736,10487.31931,10479.60623
2026-09-15T22:47:15.291650+08:00,2026-09-15T22:47:15.306402+08:00,1.78948E+18,1.78948E+18,14752,14.752,/dev/cu.usbserial-1120,/dev/cu.usbserial-A50285BI,42029519,,41063244,,605,032EB787E61CD7F9B67EA73FBD3ECA5D0DAE5CF26157035C0D6DBB8AA714,2026-09-15T22:47:15.292068+08:00,2026-09-15T22:47:15.302988+08:00,1.78948E+18,1.78948E+18,10919.936,10.919936,10487.31931,10479.60623
2026-09-15T22:47:15.833120+08:00,2026-09-15T22:47:15.844804+08:00,1.78948E+18,1.78948E+18,11684,11.684,/dev/cu.usbserial-1120,/dev/cu.usbserial-A50285BI,42081152,,41114929,,606,032F5D9F7355F44C90DFC0EAE37D065AC75B9D9D71F8393225EA76331A55,2026-09-15T22:47:15.833560+08:00,2026-09-15T22:47:15.844626+08:00,1.78948E+18,1.78948E+18,11066.624,11.066624,10487.31931,10479.60623
2026-09-15T22:47:16.374575+08:00,2026-09-15T22:47:16.386076+08:00,1.78948E+18,1.78948E+18,11501,11.501,/dev/cu.usbserial-1120,/dev/cu.usbserial-A50285BI,42132789,,41166605,,607,0330A42E2E2955C44A1FA70493715285555C7045B0561044000F79E00E2A,2026-09-15T22:47:16.375093+08:00,2026-09-15T22:47:16.386171+08:00,1.78948E+18,1.78948E+18,11077.12,11.07712,10487.31931,10479.60623
2026-09-15T22:47:16.916070+08:00,2026-09-15T22:47:16.927253+08:00,1.78948E+18,1.78948E+18,11183,11.183,/dev/cu.usbserial-1120,/dev/cu.usbserial-A50285BI,42184422,,41218269,,608,03313EEFF8B8069EE079180C57D1A9A6888CE5412451BFF911E879CBD22B,2026-09-15T22:47:16.916585+08:00,2026-09-15T22:47:16.927589+08:00,1.78948E+18,1.78948E+18,11003.648,11.003648,10487.31931,10479.60623
2026-09-15T22:47:19.623576+08:00,2026-09-15T22:47:19.638484+08:00,1.78948E+18,1.78948E+18,14908,14.908,/dev/cu.usbserial-1120,/dev/cu.usbserial-A50285BI,42442602,,41476620,,609,03369CB7ACA51FDFDE6CC4FB2268A702932CFEA798A32B76CD8381B3B292,2026-09-15T22:47:19.624201+08:00,2026-09-15T22:47:19.635006+08:00,1.78948E+18,1.78948E+18,10804.48,10.80448,10487.31931,10479.60623
2026-09-15T22:47:20.165370+08:00,2026-09-15T22:47:20.176964+08:00,1.78948E+18,1.78948E+18,11594,11.594,/dev/cu.usbserial-1120,/dev/cu.usbserial-A50285BI,42494232,,41528284,,610,0337D6F2169CCD76422FE04AE41D3021C2AF0CEE1BA94343DB022A6B8760,2026-09-15T22:47:20.165662+08:00,2026-09-15T22:47:20.176424+08:00,1.78948E+18,1.78948E+18,10762.24,10.76224,10487.31931,10479.60623
2026-09-15T22:47:20.706720+08:00,2026-09-15T22:47:20.718205+08:00,1.78948E+18,1.78948E+18,11485,11.485,/dev/cu.usbserial-1120,/dev/cu.usbserial-A50285BI,42545875,,41579948,,611,03386C46E35594E7645C5BEE5991B3A7D73490DF69DC798A747AD2166C15,2026-09-15T22:47:20.707258+08:00,2026-09-15T22:47:20.717842+08:00,1.78948E+18,1.78948E+18,10584.32,10.58432,10487.31931,10479.60623
2026-09-15T22:47:21.248312+08:00,2026-09-15T22:47:21.259125+08:00,1.78948E+18,1.78948E+18,10813,10.813,/dev/cu.usbserial-1120,/dev/cu.usbserial-A50285BI,42597505,,41631615,,612,0339E68DB93FB76D675A8547908D201A8983EE6DCFEABC2EB0A6454DB9D9,2026-09-15T22:47:21.248719+08:00,2026-09-15T22:47:21.259292+08:00,1.78948E+18,1.78948E+18,10573.568,10.573568,10487.31931,10479.60623
2026-09-15T22:47:21.789740+08:00,2026-09-15T22:47:21.800402+08:00,1.78948E+18,1.78948E+18,10662,10.662,/dev/cu.usbserial-1120,/dev/cu.usbserial-A50285BI,42649136,,41683279,,613,033A8218E394B7557C5A3A21D759028BB367F3EF6CBDEB14E3768C052EC7,2026-09-15T22:47:21.790189+08:00,2026-09-15T22:47:21.800711+08:00,1.78948E+18,1.78948E+18,10521.344,10.521344,10487.31931,10479.60623
2026-09-15T22:47:22.331032+08:00,2026-09-15T22:47:22.346240+08:00,1.78948E+18,1.78948E+18,15208,15.208,/dev/cu.usbserial-1120,/dev/cu.usbserial-A50285BI,42700778,,41734949,,614,033BC8B000FC2D40D737F63AE8E7CD59CA09612AE421AC6898F701152C12,2026-09-15T22:47:22.331775+08:00,2026-09-15T22:47:22.342192+08:00,1.78948E+18,1.78948E+18,10416.384,10.416384,10487.31931,10479.60623
2026-09-15T22:47:22.872823+08:00,2026-09-15T22:47:22.884555+08:00,1.78948E+18,1.78948E+18,11732,11.732,/dev/cu.usbserial-1120,/dev/cu.usbserial-A50285BI,42752415,,41786616,,615,033CD85D7DF65A2A621DAB86E1B6F9B5141F490ED924FC9D3CF5247AA5E9,2026-09-15T22:47:22.873309+08:00,2026-09-15T22:47:22.883641+08:00,1.78948E+18,1.78948E+18,10332.416,10.332416,10487.31931,10479.60623
2026-09-15T22:47:23.955981+08:00,2026-09-15T22:47:23.966932+08:00,1.78948E+18,1.78948E+18,10951,10.951,/dev/cu.usbserial-1120,/dev/cu.usbserial-A50285BI,42855688,,41889950,,616,033E311F2D4BD903BC57466DE85D0C44D6347C4E9627B04A0F7158CDAA77,2026-09-15T22:47:23.956366+08:00,2026-09-15T22:47:23.966541+08:00,1.78948E+18,1.78948E+18,10175.232,10.175232,10487.31931,10479.60623
2026-09-15T22:47:24.497599+08:00,2026-09-15T22:47:24.508754+08:00,1.78948E+18,1.78948E+18,11155,11.155,/dev/cu.usbserial-1120,/dev/cu.usbserial-A50285BI,42907331,,41941620,,617,033F43DDC1C8AD4FC6D54BE0336F17163505DBD5189B80C0718A14550DFA,2026-09-15T22:47:24.497963+08:00,2026-09-15T22:47:24.508023+08:00,1.78948E+18,1.78948E+18,10059.776,10.059776,10487.31931,10479.60623
2026-09-15T22:47:25.580643+08:00,2026-09-15T22:47:25.595105+08:00,1.78948E+18,1.78948E+18,14462,14.462,/dev/cu.usbserial-1120,/dev/cu.usbserial-A50285BI,43010601,,42044964,,618,03419CD52C0E291D0A12970A009E4F2D8D40F2BFF7A62581F7D820532438,2026-09-15T22:47:25.580988+08:00,2026-09-15T22:47:25.591027+08:00,1.78948E+18,1.78948E+18,10038.784,10.038784,10487.31931,10479.60623
2026-09-15T22:47:27.205457+08:00,2026-09-15T22:47:27.217678+08:00,1.78948E+18,1.78948E+18,12221,12.221,/dev/cu.usbserial-1120,/dev/cu.usbserial-A50285BI,43165507,,42199977,,619,0344652E3823E270DB09F527669C85C73DBCEFFB2AD49041C1DA14419504,2026-09-15T22:47:27.205537+08:00,2026-09-15T22:47:27.215502+08:00,1.78948E+18,1.78948E+18,9965.312,9.965312,10487.31931,10479.60623
2026-09-15T22:47:27.746919+08:00,2026-09-15T22:47:27.758727+08:00,1.78948E+18,1.78948E+18,11808,11.808,/dev/cu.usbserial-1120,/dev/cu.usbserial-A50285BI,43217141,,42251644,,620,03457DF01D4BF36963A14E8672F163417DDB12CDCF2C0C74771F652FAF55,2026-09-15T22:47:27.747039+08:00,2026-09-15T22:47:27.756952+08:00,1.78948E+18,1.78948E+18,9912.832,9.912832,10487.31931,10479.60623
2026-09-15T22:47:28.829802+08:00,2026-09-15T22:47:28.841130+08:00,1.78948E+18,1.78948E+18,11328,11.328,/dev/cu.usbserial-1120,/dev/cu.usbserial-A50285BI,43320414,,42354978,,621,03478C289CE2FC1FC557E875F87E2380CAE7F31791D857F08D0B1CBAD52C,2026-09-15T22:47:28.830096+08:00,2026-09-15T22:47:28.839852+08:00,1.78948E+18,1.78948E+18,9755.392,9.755392,10487.31931,10479.60623
2026-09-15T22:47:29.371421+08:00,2026-09-15T22:47:29.382214+08:00,1.78948E+18,1.78948E+18,10793,10.793,/dev/cu.usbserial-1120,/dev/cu.usbserial-A50285BI,43372051,,42406655,,622,03489EFA03115FA69FB749824C00C33EB42F764C351FDC8348468D75B56D,2026-09-15T22:47:29.371630+08:00,2026-09-15T22:47:29.381406+08:00,1.78948E+18,1.78948E+18,9776.384,9.776384,10487.31931,10479.60623
2026-09-15T22:47:29.912999+08:00,2026-09-15T22:47:29.928054+08:00,1.78948E+18,1.78948E+18,15055,15.055,/dev/cu.usbserial-1120,/dev/cu.usbserial-A50285BI,43423690,,42458334,,623,03494990792DC4F77229351ED10D9D283C49D700C68E64398F05F4A63A52,2026-09-15T22:47:29.913184+08:00,2026-09-15T22:47:29.922982+08:00,1.78948E+18,1.78948E+18,9797.376,9.797376,10487.31931,10479.60623
2026-09-15T22:47:30.454459+08:00,2026-09-15T22:47:30.466508+08:00,1.78948E+18,1.78948E+18,12049,12.049,/dev/cu.usbserial-1120,/dev/cu.usbserial-A50285BI,43475321,,42510010,,624,034AB4B9144C5A9CFD78F2111E4B660A491CCE082EEB7D3444D4C73E7151,2026-09-15T22:47:30.454655+08:00,2026-09-15T22:47:30.464526+08:00,1.78948E+18,1.78948E+18,9870.592,9.870592,10487.31931,10479.60623
2026-09-15T22:47:31.537372+08:00,2026-09-15T22:47:31.548609+08:00,1.78948E+18,1.78948E+18,11237,11.237,/dev/cu.usbserial-1120,/dev/cu.usbserial-A50285BI,43578578,,42613359,,625,034C765473BA13F32F203A5BD15C8E3409D0C67A888C391C6E452C577715,2026-09-15T22:47:31.537544+08:00,2026-09-15T22:47:31.547583+08:00,1.78948E+18,1.78948E+18,10038.272,10.038272,10487.31931,10479.60623
2026-09-15T22:47:32.079039+08:00,2026-09-15T22:47:32.090000+08:00,1.78948E+18,1.78948E+18,10961,10.961,/dev/cu.usbserial-1120,/dev/cu.usbserial-A50285BI,43630212,,42665045,,626,034DDCCFE5F54A722DFAC90D615248AA60FE5FB0BF4D1CBA761C8C334BCF,2026-09-15T22:47:32.079047+08:00,2026-09-15T22:47:32.089232+08:00,1.78948E+18,1.78948E+18,10184.96,10.18496,10487.31931,10479.60623
2026-09-15T22:47:32.620604+08:00,2026-09-15T22:47:32.635569+08:00,1.78948E+18,1.78948E+18,14965,14.965,/dev/cu.usbserial-1120,/dev/cu.usbserial-A50285BI,43681855,,42716742,,627,034E08B6FE0E4527393F199036C80EBE2E02A89885FB7642B7F4DBF50095,2026-09-15T22:47:32.620643+08:00,2026-09-15T22:47:32.630996+08:00,1.78948E+18,1.78948E+18,10352.64,10.35264,10487.31931,10479.60623
2026-09-15T22:47:33.162228+08:00,2026-09-15T22:47:33.173770+08:00,1.78948E+18,1.78948E+18,11542,11.542,/dev/cu.usbserial-1120,/dev/cu.usbserial-A50285BI,43733491,,42768428,,628,034F999CCEF2222FE73E9FD05A51BDA727DB3A7EAE66321CD80D2A6107FE,2026-09-15T22:47:33.162167+08:00,2026-09-15T22:47:33.172645+08:00,1.78948E+18,1.78948E+18,10478.336,10.478336,10487.31931,10479.60623
2026-09-15T22:47:33.703569+08:00,2026-09-15T22:47:33.715042+08:00,1.78948E+18,1.78948E+18,11473,11.473,/dev/cu.usbserial-1120,/dev/cu.usbserial-A50285BI,43785122,,42820104,,629,0350D926BEB1BAD210E553BBCA5F42435F620CAF98EDA6C6F8B7BF2EF0EB,2026-09-15T22:47:33.703637+08:00,2026-09-15T22:47:33.714189+08:00,1.78948E+18,1.78948E+18,10551.552,10.551552,10487.31931,10479.60623
2026-09-15T22:47:34.245010+08:00,2026-09-15T22:47:34.256451+08:00,1.78948E+18,1.78948E+18,11441,11.441,/dev/cu.usbserial-1120,/dev/cu.usbserial-A50285BI,43836764,,42871789,,630,0351D386C7A3F0424726464A28E272523E2887F761AAE09F20B4A80D252D,2026-09-15T22:47:34.245224+08:00,2026-09-15T22:47:34.255827+08:00,1.78948E+18,1.78948E+18,10604.032,10.604032,10487.31931,10479.60623
2026-09-15T22:47:35.328242+08:00,2026-09-15T22:47:35.328581+08:00,1.78948E+18,1.78948E+18,339,0.339,/dev/cu.usbserial-1120,/dev/cu.usbserial-A50285BI,43940037,,42975130,,631,03539ACC4C003FDED2EA65BFFB9FC7211DFF00E63ED6DA7E3B915404BCBE,2026-09-15T22:47:35.328280+08:00,2026-09-15T22:47:35.338800+08:00,1.78948E+18,1.78948E+18,10520.064,10.520064,10487.31931,10479.60623
2026-09-15T22:47:36.411317+08:00,2026-09-15T22:47:36.423536+08:00,1.78948E+18,1.78948E+18,12219,12.219,/dev/cu.usbserial-1120,/dev/cu.usbserial-A50285BI,44043313,,43078482,,632,03558C4D44FAE691377EAC90EC9DE767EABAEBAE11A61E5142E0872FCE8E,2026-09-15T22:47:36.411369+08:00,2026-09-15T22:47:36.421889+08:00,1.78948E+18,1.78948E+18,10519.808,10.519808,10487.31931,10479.60623
2026-09-15T22:47:38.036032+08:00,2026-09-15T22:47:38.047394+08:00,1.78948E+18,1.78948E+18,11362,11.362,/dev/cu.usbserial-1120,/dev/cu.usbserial-A50285BI,44198223,,43233511,,633,0358B69376889AE699CAF4F42AE39CCF6819F08F838E5FED0B3AB5A219AA,2026-09-15T22:47:38.035959+08:00,2026-09-15T22:47:38.046532+08:00,1.78948E+18,1.78948E+18,10572.288,10.572288,10487.31931,10479.60623
2026-09-15T22:47:38.577502+08:00,2026-09-15T22:47:38.588598+08:00,1.78948E+18,1.78948E+18,11096,11.096,/dev/cu.usbserial-1120,/dev/cu.usbserial-A50285BI,44249863,,43285190,,634,0359247D3F7A16473193B557302536F33A63E96DF30202FA516F25510BD3,2026-09-15T22:47:38.577524+08:00,2026-09-15T22:47:38.588107+08:00,1.78948E+18,1.78948E+18,10582.528,10.582528,10487.31931,10479.60623
2026-09-15T22:47:39.660359+08:00,2026-09-15T22:47:39.675253+08:00,1.78948E+18,1.78948E+18,14894,14.894,/dev/cu.usbserial-1120,/dev/cu.usbserial-A50285BI,44353127,,43388552,,635,035B4174AD504BB48328961BD5C637ABE2AFC3BA3B6E9D4AE754FF2657EF,2026-09-15T22:47:39.660487+08:00,2026-09-15T22:47:39.671300+08:00,1.78948E+18,1.78948E+18,10813.184,10.813184,10487.31931,10479.60623
2026-09-15T22:47:40.201793+08:00,2026-09-15T22:47:40.213686+08:00,1.78948E+18,1.78948E+18,11893,11.893,/dev/cu.usbserial-1120,/dev/cu.usbserial-A50285BI,44404757,,43440228,,636,035CC9C10D4B0CCE0AEB569EFC85BB3E2481A84C0930679DDECC7191B434,2026-09-15T22:47:40.201947+08:00,2026-09-15T22:47:40.212844+08:00,1.78948E+18,1.78948E+18,10896.896,10.896896,10487.31931,10479.60623
2026-09-15T22:47:40.743207+08:00,2026-09-15T22:47:40.754971+08:00,1.78948E+18,1.78948E+18,11764,11.764,/dev/cu.usbserial-1120,/dev/cu.usbserial-A50285BI,44456388,,43491898,,637,035D773160642F0D2AB6DFD83ADAAAC0C3969D8EEC3F798283F33EEC619B,2026-09-15T22:47:40.743418+08:00,2026-09-15T22:47:40.754325+08:00,1.78948E+18,1.78948E+18,10907.392,10.907392,10487.31931,10479.60623
2026-09-15T22:47:41.284725+08:00,2026-09-15T22:47:41.296277+08:00,1.78948E+18,1.78948E+18,11552,11.552,/dev/cu.usbserial-1120,/dev/cu.usbserial-A50285BI,44508015,,43543550,,638,035E7C8A9BA459A56D7861EAE7BF11095557210F6F13958445378244E9B0,2026-09-15T22:47:41.284847+08:00,2026-09-15T22:47:41.295618+08:00,1.78948E+18,1.78948E+18,10771.2,10.7712,10487.31931,10479.60623
2026-09-15T22:47:41.826216+08:00,2026-09-15T22:47:41.837344+08:00,1.78948E+18,1.78948E+18,11128,11.128,/dev/cu.usbserial-1120,/dev/cu.usbserial-A50285BI,44559642,,43595220,,639,035FA11ED913952E335CFCFA9863374FDB1DF9D97298928599B4F99747A2,2026-09-15T22:47:41.826276+08:00,2026-09-15T22:47:41.837099+08:00,1.78948E+18,1.78948E+18,10823.424,10.823424,10487.31931,10479.60623
2026-09-15T22:47:42.367660+08:00,2026-09-15T22:47:42.378512+08:00,1.78948E+18,1.78948E+18,10852,10.852,/dev/cu.usbserial-1120,/dev/cu.usbserial-A50285BI,44611276,,43646902,,640,03609B8AD21EE6AB616C94741514B8A9F75D8A34A08AF2C1AAD7D519D931,2026-09-15T22:47:42.367778+08:00,2026-09-15T22:47:42.378706+08:00,1.78948E+18,1.78948E+18,10928.384,10.928384,10487.31931,10479.60623
2026-09-15T22:47:42.908913+08:00,2026-09-15T22:47:42.923998+08:00,1.78948E+18,1.78948E+18,15085,15.085,/dev/cu.usbserial-1120,/dev/cu.usbserial-A50285BI,44662912,,43698575,,641,0361234009B99D4DD7F7670C0FDE5154D984E529A29D3092CCBC5139144A,2026-09-15T22:47:42.909301+08:00,2026-09-15T22:47:42.920219+08:00,1.78948E+18,1.78948E+18,10917.888,10.917888,10487.31931,10479.60623
2026-09-15T22:47:43.450576+08:00,2026-09-15T22:47:43.462586+08:00,1.78948E+18,1.78948E+18,12010,12.01,/dev/cu.usbserial-1120,/dev/cu.usbserial-A50285BI,44714549,,43750255,,642,0362C3C4C7426AF6A4B25F8490F27BB8FCA1A5C81664DCF3B35D0361F76D,2026-09-15T22:47:43.450835+08:00,2026-09-15T22:47:43.461805+08:00,1.78948E+18,1.78948E+18,10970.112,10.970112,10487.31931,10479.60623
2026-09-15T22:47:45.075143+08:00,2026-09-15T22:47:45.086262+08:00,1.78948E+18,1.78948E+18,11119,11.119,/dev/cu.usbserial-1120,/dev/cu.usbserial-A50285BI,44869462,,43905302,,643,0365844361398D2FAD284AAC7411F8FB921C5E18791F9594E0DD9A312BFF,2026-09-15T22:47:45.075457+08:00,2026-09-15T22:47:45.086637+08:00,1.78948E+18,1.78948E+18,11179.52,11.17952,10487.31931,10479.60623
2026-09-15T22:47:47.783011+08:00,2026-09-15T22:47:47.796333+08:00,1.78948E+18,1.78948E+18,13322,13.322,/dev/cu.usbserial-1120,/dev/cu.usbserial-A50285BI,45127648,,44163686,,644,036ABE4426466BC875B5902225E2000D322E3B51F4207AE008DE7CB20067,2026-09-15T22:47:47.783136+08:00,2026-09-15T22:47:47.794399+08:00,1.78948E+18,1.78948E+18,11263.232,11.263232,10487.31931,10479.60623
2026-09-15T22:47:48.324727+08:00,2026-09-15T22:47:48.336598+08:00,1.78948E+18,1.78948E+18,11871,11.871,/dev/cu.usbserial-1120,/dev/cu.usbserial-A50285BI,45179281,,44215359,,645,036B0E60CA965D82E1D7FCCA35A6B3DDDBCC0DF57459A0385F601AD59E75,2026-09-15T22:47:48.324628+08:00,2026-09-15T22:47:48.335912+08:00,1.78948E+18,1.78948E+18,11284.224,11.284224,10487.31931,10479.60623
2026-09-15T22:47:48.866289+08:00,2026-09-15T22:47:48.877788+08:00,1.78948E+18,1.78948E+18,11499,11.499,/dev/cu.usbserial-1120,/dev/cu.usbserial-A50285BI,45230918,,44267026,,646,036C10E489E786FB35BD3E8FA173C111A6712FC49D50C660CECC33699B87,2026-09-15T22:47:48.866162+08:00,2026-09-15T22:47:48.877362+08:00,1.78948E+18,1.78948E+18,11200,11.2,10487.31931,10479.60623
2026-09-15T22:47:49.949207+08:00,2026-09-15T22:47:49.960156+08:00,1.78948E+18,1.78948E+18,10949,10.949,/dev/cu.usbserial-1120,/dev/cu.usbserial-A50285BI,45334188,,44370372,,647,036ECCDC424E56BC98405DB93A8154668A7427F494AF4C4FFB7A8EF8A406,2026-09-15T22:47:49.949187+08:00,2026-09-15T22:47:49.960387+08:00,1.78948E+18,1.78948E+18,11200,11.2,10487.31931,10479.60623
2026-09-15T22:47:50.491054+08:00,2026-09-15T22:47:50.505768+08:00,1.78948E+18,1.78948E+18,14714,14.714,/dev/cu.usbserial-1120,/dev/cu.usbserial-A50285BI,45385824,,44422046,,648,036F98A1246D448AEA6DA19E2CE4C64C920B5A26A572DF3CF6BFC1360E26,2026-09-15T22:47:50.490710+08:00,2026-09-15T22:47:50.501910+08:00,1.78948E+18,1.78948E+18,11200,11.2,10487.31931,10479.60623
2026-09-15T22:47:51.032129+08:00,2026-09-15T22:47:51.044181+08:00,1.78948E+18,1.78948E+18,12052,12.052,/dev/cu.usbserial-1120,/dev/cu.usbserial-A50285BI,45437458,,44473719,,649,0370223419A76366510B726A2C9CD66944A77BF00AB33E8E2B7E3833BEBB,2026-09-15T22:47:51.032212+08:00,2026-09-15T22:47:51.043423+08:00,1.78948E+18,1.78948E+18,11210.496,11.210496,10487.31931,10479.60623
2026-09-15T22:47:51.573598+08:00,2026-09-15T22:47:51.585431+08:00,1.78948E+18,1.78948E+18,11833,11.833,/dev/cu.usbserial-1120,/dev/cu.usbserial-A50285BI,45489094,,44525386,,650,0371CB43328E6E7DFAC3388FF5D22E759F934C95FAC1559C3A305A1633CE,2026-09-15T22:47:51.573736+08:00,2026-09-15T22:47:51.584873+08:00,1.78948E+18,1.78948E+18,11137.024,11.137024,10487.31931,10479.60623
2026-09-15T22:47:52.115370+08:00,2026-09-15T22:47:52.126383+08:00,1.78948E+18,1.78948E+18,11013,11.013,/dev/cu.usbserial-1120,/dev/cu.usbserial-A50285BI,45540728,,44577050,,651,03720CD0835BC3ED7FE84ACADE11719327FA50A2DC0A5B9B646A2A48B93C,2026-09-15T22:47:52.115238+08:00,2026-09-15T22:47:52.126291+08:00,1.78948E+18,1.78948E+18,11053.312,11.053312,10487.31931,10479.60623
2026-09-15T22:47:52.656843+08:00,2026-09-15T22:47:52.667825+08:00,1.78948E+18,1.78948E+18,10982,10.982,/dev/cu.usbserial-1120,/dev/cu.usbserial-A50285BI,45592361,,44628714,,652,03730635D69B330BDE5700AD0C6D8F145E4864EB01BAB0EA7BB95BF29ADA,2026-09-15T22:47:52.656730+08:00,2026-09-15T22:47:52.667709+08:00,1.78948E+18,1.78948E+18,10979.84,10.97984,10487.31931,10479.60623
2026-09-15T22:47:53.198475+08:00,2026-09-15T22:47:53.213368+08:00,1.78948E+18,1.78948E+18,14893,14.893,/dev/cu.usbserial-1120,/dev/cu.usbserial-A50285BI,45644001,,44680381,,653,0374D4ED208E98642B1E83DD6667D9FAF256145212226B0E994C27441358,2026-09-15T22:47:53.198295+08:00,2026-09-15T22:47:53.209159+08:00,1.78948E+18,1.78948E+18,10864.64,10.86464,10487.31931,10479.60623
2026-09-15T22:47:53.739875+08:00,2026-09-15T22:47:53.751846+08:00,1.78948E+18,1.78948E+18,11971,11.971,/dev/cu.usbserial-1120,/dev/cu.usbserial-A50285BI,45695637,,44732057,,654,0375A513B6482A8307DD69194C8DD63DB543A94D49D9B17D9156DD7507E7,2026-09-15T22:47:53.739818+08:00,2026-09-15T22:47:53.750704+08:00,1.78948E+18,1.78948E+18,10885.632,10.885632,10487.31931,10479.60623
2026-09-15T22:47:54.281364+08:00,2026-09-15T22:47:54.293037+08:00,1.78948E+18,1.78948E+18,11673,11.673,/dev/cu.usbserial-1120,/dev/cu.usbserial-A50285BI,45747271,,44783736,,655,03768BA83D9F9075CEEE040005E3D2CF4F21032461A2C51D282F3E8C759B,2026-09-15T22:47:54.281320+08:00,2026-09-15T22:47:54.292279+08:00,1.78948E+18,1.78948E+18,10958.592,10.958592,10487.31931,10479.60623
2026-09-15T22:47:55.364543+08:00,2026-09-15T22:47:55.375242+08:00,1.78948E+18,1.78948E+18,10699,10.699,/dev/cu.usbserial-1120,/dev/cu.usbserial-A50285BI,45850556,,44887113,,656,0378937753AA63ECC9177F70A704A8DE54BEA495A9EFC9185D984B6432CE,2026-09-15T22:47:55.364503+08:00,2026-09-15T22:47:55.375629+08:00,1.78948E+18,1.78948E+18,11126.272,11.126272,10487.31931,10479.60623
2026-09-15T22:47:55.906471+08:00,2026-09-15T22:47:55.921279+08:00,1.78948E+18,1.78948E+18,14808,14.808,/dev/cu.usbserial-1120,/dev/cu.usbserial-A50285BI,45902190,,44938790,,657,03794515E1348837C63C27ED4B1DBFC4169287D5F2591B9D7E67079B98EB,2026-09-15T22:47:55.906005+08:00,2026-09-15T22:47:55.917184+08:00,1.78948E+18,1.78948E+18,11178.752,11.178752,10487.31931,10479.60623
2026-09-15T22:47:56.447723+08:00,2026-09-15T22:47:56.459627+08:00,1.78948E+18,1.78948E+18,11904,11.904,/dev/cu.usbserial-1120,/dev/cu.usbserial-A50285BI,45953829,,44990466,,658,037A16AE8709592DEA53F6C46407B611050B4C0277A966EDED0A756CCB74,2026-09-15T22:47:56.447560+08:00,2026-09-15T22:47:56.458728+08:00,1.78948E+18,1.78948E+18,11168,11.168,10487.31931,10479.60623
2026-09-15T22:47:56.989215+08:00,2026-09-15T22:47:57.000524+08:00,1.78948E+18,1.78948E+18,11309,11.309,/dev/cu.usbserial-1120,/dev/cu.usbserial-A50285BI,46005472,,45042148,,659,037B3DFE15431C5F99A91AA3DC25B415C6C468D10D1A002361FF9F9E5C0A,2026-09-15T22:47:56.989157+08:00,2026-09-15T22:47:57.000335+08:00,1.78948E+18,1.78948E+18,11178.496,11.178496,10487.31931,10479.60623
2026-09-15T22:47:57.530716+08:00,2026-09-15T22:47:57.541903+08:00,1.78948E+18,1.78948E+18,11187,11.187,/dev/cu.usbserial-1120,/dev/cu.usbserial-A50285BI,46057102,,45093800,,660,037C8CFC28CFC2B9EED8336E0264E0EECFE29A22842B95A47B83B21E6E4E,2026-09-15T22:47:57.530617+08:00,2026-09-15T22:47:57.541628+08:00,1.78948E+18,1.78948E+18,11010.816,11.010816,10487.31931,10479.60623
2026-09-15T22:47:58.072182+08:00,2026-09-15T22:47:58.083046+08:00,1.78948E+18,1.78948E+18,10864,10.864,/dev/cu.usbserial-1120,/dev/cu.usbserial-A50285BI,46108742,,45145464,,661,037D8861589238452C30ED4339E235D358F30386DBC180E435F49603697C,2026-09-15T22:47:58.072182+08:00,2026-09-15T22:47:58.083046+08:00,1.78948E+18,1.78948E+18,10864.128,10.864128,10487.31931,10479.60623