tx_time,rx_time,tx_time_ns,rx_time_ns,latency_us,latency_ms,tx_port,rx_port,rx_seq,data_hex
2026-09-15T21:27:19.779088+08:00,2026-09-15T21:27:19.808251+08:00,1789478839779088000,1789478839808251000,29163.000,29.163000,/dev/cu.usbserial-1120,/dev/cu.usbserial-A50285BI,440,112C1AE9ABE8E268B8BF56F4691DB1EBC5DBC1835600766394B92CFF1219
2026-09-15T21:27:20.321132+08:00,2026-09-15T21:27:20.339616+08:00,1789478840321132000,1789478840339616000,18484.000,18.484000,/dev/cu.usbserial-1120,/dev/cu.usbserial-A50285BI,441,112DB8B46A9134A7E92D8B5DFB94C31A55BD0DFBE5718ED27986EBC531D5
2026-09-15T21:27:20.863415+08:00,2026-09-15T21:27:20.893261+08:00,1789478840863415000,1789478840893261000,29846.000,29.846000,/dev/cu.usbserial-1120,/dev/cu.usbserial-A50285BI,442,112E97A6A600DC10D7E5AA45D7E023CA39C5E2BF37990F00A51323FE98D5
2026-09-15T21:27:21.405540+08:00,2026-09-15T21:27:21.424687+08:00,1789478841405540000,1789478841424687000,19147.000,19.147000,/dev/cu.usbserial-1120,/dev/cu.usbserial-A50285BI,443,112F7C5BD56AA047FBFE519D70E155BC0DBA0226898B8BDBA6680D731DF7
2026-09-15T21:27:21.947767+08:00,2026-09-15T21:27:21.977496+08:00,1789478841947767000,1789478841977496000,29729.000,29.729000,/dev/cu.usbserial-1120,/dev/cu.usbserial-A50285BI,444,113059FE4AA67F9C98AF1FDBAACD6FD34EBB0B03237180EA041E97653BE4
2026-09-15T21:27:22.489891+08:00,2026-09-15T21:27:22.508749+08:00,1789478842489891000,1789478842508749000,18858.000,18.858000,/dev/cu.usbserial-1120,/dev/cu.usbserial-A50285BI,445,113161CB675507CA29B14E0091DEED594B238F2B89ADA613B0BEF58DC2B6
2026-09-15T21:27:23.032144+08:00,2026-09-15T21:27:23.062494+08:00,1789478843032144000,1789478843062494000,30350.000,30.350000,/dev/cu.usbserial-1120,/dev/cu.usbserial-A50285BI,446,1132DC558EC362819967045BCBAF4000D92DE0BA76BA071D39EDFDE34C59
2026-09-15T21:27:23.574137+08:00,2026-09-15T21:27:23.593699+08:00,1789478843574137000,1789478843593699000,19562.000,19.562000,/dev/cu.usbserial-1120,/dev/cu.usbserial-A50285BI,447,1133BA87DA8A34A436BE680CCC642AA8C856AE1388D5D2F5C248311F75B4
2026-09-15T21:27:24.116399+08:00,2026-09-15T21:27:24.146564+08:00,1789478844116399000,1789478844146564000,30165.000,30.165000,/dev/cu.usbserial-1120,/dev/cu.usbserial-A50285BI,448,1134E86B91FB265165D4764ACC8ECCE5178451AAB95FEEB2B50E9A02C886
2026-09-15T21:27:24.658455+08:00,2026-09-15T21:27:24.677885+08:00,1789478844658455000,1789478844677885000,19430.000,19.430000,/dev/cu.usbserial-1120,/dev/cu.usbserial-A50285BI,449,113564AC563A3FA4155A91637BCB7A3DE8E9E48393FF4F5836825A547911
2026-09-15T21:27:25.200663+08:00,2026-09-15T21:27:25.230598+08:00,1789478845200663000,1789478845230598000,29935.000,29.935000,/dev/cu.usbserial-1120,/dev/cu.usbserial-A50285BI,450,113610DA202DF839F3B8DB85712F533433A7187822880A5E580CFEABD777
2026-09-15T21:27:25.742890+08:00,2026-09-15T21:27:25.761898+08:00,1789478845742890000,1789478845761898000,19008.000,19.008000,/dev/cu.usbserial-1120,/dev/cu.usbserial-A50285BI,451,11374871EC140D7561F34541666493073C31C53CA79F29F0112395EF7EE5
2026-09-15T21:27:26.285090+08:00,2026-09-15T21:27:26.315653+08:00,1789478846285090000,1789478846315653000,30563.000,30.563000,/dev/cu.usbserial-1120,/dev/cu.usbserial-A50285BI,452,1138349A33F61282265067C92491A439C4773E210F1A3DF4ECED839F4E73
2026-09-15T21:27:26.827231+08:00,2026-09-15T21:27:26.846843+08:00,1789478846827231000,1789478846846843000,19612.000,19.612000,/dev/cu.usbserial-1120,/dev/cu.usbserial-A50285BI,453,1139DDAD1CC0CB1DE3B610FF3EFDF8D101BF6C9B2829B7CC82A115D31DC7
2026-09-15T21:27:27.369429+08:00,2026-09-15T21:27:27.399659+08:00,1789478847369429000,1789478847399659000,30230.000,30.230000,/dev/cu.usbserial-1120,/dev/cu.usbserial-A50285BI,454,113A007D702E3B114BD79B2D7F71985F4D5397828F35F5DFA8B2D3FF2D7E
2026-09-15T21:27:27.911510+08:00,2026-09-15T21:27:27.930999+08:00,1789478847911510000,1789478847930999000,19489.000,19.489000,/dev/cu.usbserial-1120,/dev/cu.usbserial-A50285BI,455,113BA45150677781110D059223607AC19FDE041A6A8A1CD767AB977C5D4A
2026-09-15T21:27:28.453606+08:00,2026-09-15T21:27:28.483894+08:00,1789478848453606000,1789478848483894000,30288.000,30.288000,/dev/cu.usbserial-1120,/dev/cu.usbserial-A50285BI,456,113C6BB3A76842E79E03C1A3C6C795A9BB9542D2DAB5AAA9AFD95FC521D9
2026-09-15T21:27:28.995768+08:00,2026-09-15T21:27:29.015115+08:00,1789478848995768000,1789478849015115000,19347.000,19.347000,/dev/cu.usbserial-1120,/dev/cu.usbserial-A50285BI,457,113DAAEA5F2858DF8919470D1FD4B4DC2A1642CD2CACC957C8ADE483327A
2026-09-15T21:27:29.537768+08:00,2026-09-15T21:27:29.567955+08:00,1789478849537768000,1789478849567955000,30187.000,30.187000,/dev/cu.usbserial-1120,/dev/cu.usbserial-A50285BI,458,113E3946557787A2C586717B6B480C3AEA122A23D3B164778EDEE9490380
2026-09-15T21:27:30.080046+08:00,2026-09-15T21:27:30.099147+08:00,1789478850080046000,1789478850099147000,19101.000,19.101000,/dev/cu.usbserial-1120,/dev/cu.usbserial-A50285BI,459,113F09200BA481529A3C841BA89B8E80E4ACE8E618F6F9715A50531EF863
2026-09-15T21:27:30.622301+08:00,2026-09-15T21:27:30.652987+08:00,1789478850622301000,1789478850652987000,30686.000,30.686000,/dev/cu.usbserial-1120,/dev/cu.usbserial-A50285BI,460,1140799F21E472F9538E0FE088E2FBCE209E87E58DFF338AC1B6FBBD57AA
2026-09-15T21:27:31.164366+08:00,2026-09-15T21:27:31.184163+08:00,1789478851164366000,1789478851184163000,19797.000,19.797000,/dev/cu.usbserial-1120,/dev/cu.usbserial-A50285BI,461,1141673A83735251BB9275862272BBE8B920433245C934A3FEF7459DFC8B
2026-09-15T21:27:31.706573+08:00,2026-09-15T21:27:31.737032+08:00,1789478851706573000,1789478851737032000,30459.000,30.459000,/dev/cu.usbserial-1120,/dev/cu.usbserial-A50285BI,462,114208006179F94447464A5868436C3E90875D63C3ADB4BF2E526EB1CE4D
2026-09-15T21:27:32.248705+08:00,2026-09-15T21:27:32.268220+08:00,1789478852248705000,1789478852268220000,19515.000,19.515000,/dev/cu.usbserial-1120,/dev/cu.usbserial-A50285BI,463,11437698E2ADF631117360B35B143BACC2ADAE99B404CD483F43A7EEF373
2026-09-15T21:27:32.790913+08:00,2026-09-15T21:27:32.821164+08:00,1789478852790913000,1789478852821164000,30251.000,30.251000,/dev/cu.usbserial-1120,/dev/cu.usbserial-A50285BI,464,11440C0896B91EF28B549E48FF52F400D915FC435F899310A822E490C598
2026-09-15T21:27:33.332966+08:00,2026-09-15T21:27:33.352324+08:00,1789478853332966000,1789478853352324000,19358.000,19.358000,/dev/cu.usbserial-1120,/dev/cu.usbserial-A50285BI,465,11457237AE62E69FEEF496230EB7D93EC3CC0DA2D6816518D78F731A811A
2026-09-15T21:27:33.874986+08:00,2026-09-15T21:27:33.905195+08:00,1789478853874986000,1789478853905195000,30209.000,30.209000,/dev/cu.usbserial-1120,/dev/cu.usbserial-A50285BI,466,11467932EC656F107558D46E6DB435A484107E0AF49B04116D904E20C377
2026-09-15T21:27:34.417272+08:00,2026-09-15T21:27:34.436380+08:00,1789478854417272000,1789478854436380000,19108.000,19.108000,/dev/cu.usbserial-1120,/dev/cu.usbserial-A50285BI,467,1147A6305A2264264D63F5F4618EAE6EACB253ED059665A52B752FC6B479
2026-09-15T21:27:34.959424+08:00,2026-09-15T21:27:34.989237+08:00,1789478854959424000,1789478854989237000,29813.000,29.813000,/dev/cu.usbserial-1120,/dev/cu.usbserial-A50285BI,468,11488F55BBF985C949737D6580485C58893A4C9643A64874A8806706FF13
2026-09-15T21:27:35.501717+08:00,2026-09-15T21:27:35.520177+08:00,1789478855501717000,1789478855520177000,18460.000,18.460000,/dev/cu.usbserial-1120,/dev/cu.usbserial-A50285BI,469,1149E839C47601AF57CD675E67459DE71CCDFDB7079587DFCA486DB48708
2026-09-15T21:27:36.043812+08:00,2026-09-15T21:27:36.074310+08:00,1789478856043812000,1789478856074310000,30498.000,30.498000,/dev/cu.usbserial-1120,/dev/cu.usbserial-A50285BI,470,114A5A26092D86E1B5BE7B252EABA466CBD09AA3BAAA2E86F1D73640D84F
2026-09-15T21:27:36.585931+08:00,2026-09-15T21:27:36.605498+08:00,1789478856585931000,1789478856605498000,19567.000,19.567000,/dev/cu.usbserial-1120,/dev/cu.usbserial-A50285BI,471,114B1822B76518FCE17B61369E88D5AFD94B94598E4C4E91F297493F5F38
2026-09-15T21:27:37.128010+08:00,2026-09-15T21:27:37.158418+08:00,1789478857128010000,1789478857158418000,30408.000,30.408000,/dev/cu.usbserial-1120,/dev/cu.usbserial-A50285BI,472,114C31B20675A33853CE78801FB5D1B1980EE746F0658FB0C8F190AA5B4C
2026-09-15T21:27:37.670092+08:00,2026-09-15T21:27:37.689619+08:00,1789478857670092000,1789478857689619000,19527.000,19.527000,/dev/cu.usbserial-1120,/dev/cu.usbserial-A50285BI,473,114DA55A6BF0502CEB71656E717C52AB5A932FC9BA8689E20BB0EEE291F7
2026-09-15T21:27:38.212236+08:00,2026-09-15T21:27:38.242507+08:00,1789478858212236000,1789478858242507000,30271.000,30.271000,/dev/cu.usbserial-1120,/dev/cu.usbserial-A50285BI,474,114E38E58E819A4E2A376CA621FBB63B2AA87E752BCDD1F71E299479C1E6
2026-09-15T21:27:38.754421+08:00,2026-09-15T21:27:38.773611+08:00,1789478858754421000,1789478858773611000,19190.000,19.190000,/dev/cu.usbserial-1120,/dev/cu.usbserial-A50285BI,475,114F086800961E3A23EE8093B7445B193ECAEE189688D4D5291B11B2DA2F
2026-09-15T21:27:39.296548+08:00,2026-09-15T21:27:39.326644+08:00,1789478859296548000,1789478859326644000,30096.000,30.096000,/dev/cu.usbserial-1120,/dev/cu.usbserial-A50285BI,476,1150DE06AABE35B92E061BA2B14BB0A22851F77DDA98667BCC552DC3EE35
2026-09-15T21:27:39.838680+08:00,2026-09-15T21:27:39.857789+08:00,1789478859838680000,1789478859857789000,19109.000,19.109000,/dev/cu.usbserial-1120,/dev/cu.usbserial-A50285BI,477,1151467206D1417E60EFCD4E337E0615D15080F2979517C98F1B75DFE547
2026-09-15T21:27:40.380616+08:00,2026-09-15T21:27:40.410707+08:00,1789478860380616000,1789478860410707000,30091.000,30.091000,/dev/cu.usbserial-1120,/dev/cu.usbserial-A50285BI,478,1152603710D3C9B0BC4594DB7933289E2638B68A1BB44AFC194793F5F30D
2026-09-15T21:27:40.922947+08:00,2026-09-15T21:27:40.941996+08:00,1789478860922947000,1789478860941996000,19049.000,19.049000,/dev/cu.usbserial-1120,/dev/cu.usbserial-A50285BI,479,115372B9F897452B27ACF0E312C4B0158E409F21206A06F927316537C9A1
2026-09-15T21:27:41.464918+08:00,2026-09-15T21:27:41.495819+08:00,1789478861464918000,1789478861495819000,30901.000,30.901000,/dev/cu.usbserial-1120,/dev/cu.usbserial-A50285BI,480,115444FA9E24B8841F7BB494CD7A158421866B2336CF8850394ECB5B8C7E
2026-09-15T21:27:42.007276+08:00,2026-09-15T21:27:42.026914+08:00,1789478862007276000,1789478862026914000,19638.000,19.638000,/dev/cu.usbserial-1120,/dev/cu.usbserial-A50285BI,481,11552A1BBDDA00CF2A199CB5702C856C98F38F0A00C39FFD0B993DA2881A
2026-09-15T21:27:42.549474+08:00,2026-09-15T21:27:42.579699+08:00,1789478862549474000,1789478862579699000,30225.000,30.225000,/dev/cu.usbserial-1120,/dev/cu.usbserial-A50285BI,482,1156DEA7E352EF210E29A16C2DA477C604E191AB20D1B6EEC8B3239CA354
2026-09-15T21:27:43.091688+08:00,2026-09-15T21:27:43.111013+08:00,1789478863091688000,1789478863111013000,19325.000,19.325000,/dev/cu.usbserial-1120,/dev/cu.usbserial-A50285BI,483,11571590260818D6C3660EC1D3C7FECA3F7EA22FF2D4AF48FFCAE2A7918E
2026-09-15T21:27:43.634015+08:00,2026-09-15T21:27:43.663849+08:00,1789478863634015000,1789478863663849000,29834.000,29.834000,/dev/cu.usbserial-1120,/dev/cu.usbserial-A50285BI,484,1158CFF796B969912B4E50DFC673DD7125EDEFE1FA5D7467533CB63BCB97
2026-09-15T21:27:44.175998+08:00,2026-09-15T21:27:44.195067+08:00,1789478864175998000,1789478864195067000,19069.000,19.069000,/dev/cu.usbserial-1120,/dev/cu.usbserial-A50285BI,485,11596BAE738B7B077D808F1EAE255EBA822FB6AC1CD14DA8F4FA45E63F51
2026-09-15T21:27:44.718152+08:00,2026-09-15T21:27:44.748812+08:00,1789478864718152000,1789478864748812000,30660.000,30.660000,/dev/cu.usbserial-1120,/dev/cu.usbserial-A50285BI,486,115A817D1DF1AA7A85E4FFC3F061E1AEC8C51A608F53F1E7D0ACEE17C60D
2026-09-15T21:27:45.260403+08:00,2026-09-15T21:27:45.279986+08:00,1789478865260403000,1789478865279986000,19583.000,19.583000,/dev/cu.usbserial-1120,/dev/cu.usbserial-A50285BI,487,115B6D25CD4AE5058C8EF683E0D034238714B5BA91675CC98797E49D58B6
2026-09-15T21:27:45.802520+08:00,2026-09-15T21:27:45.832842+08:00,1789478865802520000,1789478865832842000,30322.000,30.322000,/dev/cu.usbserial-1120,/dev/cu.usbserial-A50285BI,488,115CAC27074E449B1661BBCBB127A7429B86F120D95165B92141FDEC00B4
2026-09-15T21:27:46.344750+08:00,2026-09-15T21:27:46.364069+08:00,1789478866344750000,1789478866364069000,19319.000,19.319000,/dev/cu.usbserial-1120,/dev/cu.usbserial-A50285BI,489,115DE843CD275ECF507423C132CDDCC92474152ECF400EB27FD049238F8C
2026-09-15T21:27:46.886830+08:00,2026-09-15T21:27:46.916890+08:00,1789478866886830000,1789478866916890000,30060.000,30.060000,/dev/cu.usbserial-1120,/dev/cu.usbserial-A50285BI,490,115ED4C1926056534637DC083939610E39C51FF47D2D98C0943463D01148
2026-09-15T21:27:47.429083+08:00,2026-09-15T21:27:47.448093+08:00,1789478867429083000,1789478867448093000,19010.000,19.010000,/dev/cu.usbserial-1120,/dev/cu.usbserial-A50285BI,491,115FB771F480B941D7548545DD1EFEC95A5456FB42825C46530A886F029C
2026-09-15T21:27:47.971224+08:00,2026-09-15T21:27:48.001924+08:00,1789478867971224000,1789478868001924000,30700.000,30.700000,/dev/cu.usbserial-1120,/dev/cu.usbserial-A50285BI,492,1160C8722773081A675484636548CD90A8149C0A4A7D5AFF663D6BB63FC3
2026-09-15T21:27:48.513441+08:00,2026-09-15T21:27:48.533136+08:00,1789478868513441000,1789478868533136000,19695.000,19.695000,/dev/cu.usbserial-1120,/dev/cu.usbserial-A50285BI,493,11613EB430AE16915808959701420D1FD5F386ACBF518FC4A26BC592BD2C
2026-09-15T21:27:49.055659+08:00,2026-09-15T21:27:49.085801+08:00,1789478869055659000,1789478869085801000,30142.000,30.142000,/dev/cu.usbserial-1120,/dev/cu.usbserial-A50285BI,494,1162253DD910110637A323243CBEB55FDA812D6EBE0F09123C0CAEEFFAD8
2026-09-15T21:27:49.597743+08:00,2026-09-15T21:27:49.617239+08:00,1789478869597743000,1789478869617239000,19496.000,19.496000,/dev/cu.usbserial-1120,/dev/cu.usbserial-A50285BI,495,1163F02D5E8860D2B8A959DE2FB3C9246D4FC0EB0A49BA48B953AD39357F
2026-09-15T21:27:50.139986+08:00,2026-09-15T21:27:50.170047+08:00,1789478870139986000,1789478870170047000,30061.000,30.061000,/dev/cu.usbserial-1120,/dev/cu.usbserial-A50285BI,496,1164D182E97A32476289F66E75456EB32F17DF8881710FB2A8D18EA45E77
2026-09-15T21:27:50.682189+08:00,2026-09-15T21:27:50.701249+08:00,1789478870682189000,1789478870701249000,19060.000,19.060000,/dev/cu.usbserial-1120,/dev/cu.usbserial-A50285BI,497,1165C99AC2E1D075080BE259E067BE08A89EA9FD51053E4811DEF82CCD53
2026-09-15T21:27:51.224398+08:00,2026-09-15T21:27:51.254182+08:00,1789478871224398000,1789478871254182000,29784.000,29.784000,/dev/cu.usbserial-1120,/dev/cu.usbserial-A50285BI,498,1166807A4532B8ACFD6983C1EF415BDAF25A9099E86B6135AAB6BC5DB44C
2026-09-15T21:27:51.766561+08:00,2026-09-15T21:27:51.785443+08:00,1789478871766561000,1789478871785443000,18882.000,18.882000,/dev/cu.usbserial-1120,/dev/cu.usbserial-A50285BI,499,1167D5D2910569C3053ECFE7FC51C35D35D5F243AE9A4518CE63EDD25562
2026-09-15T21:27:52.308751+08:00,2026-09-15T21:27:52.339253+08:00,1789478872308751000,1789478872339253000,30502.000,30.502000,/dev/cu.usbserial-1120,/dev/cu.usbserial-A50285BI,500,116833BE0474FD1C0B211F76375167C4D8CF6741737F000B2C5FB37DF240
2026-09-15T21:27:52.850944+08:00,2026-09-15T21:27:52.870591+08:00,1789478872850944000,1789478872870591000,19647.000,19.647000,/dev/cu.usbserial-1120,/dev/cu.usbserial-A50285BI,501,1169A74D68407A64970EC88054DD7C8C7225D9BBA81C476641F8DEAB86E1
2026-09-15T21:27:53.393154+08:00,2026-09-15T21:27:53.423330+08:00,1789478873393154000,1789478873423330000,30176.000,30.176000,/dev/cu.usbserial-1120,/dev/cu.usbserial-A50285BI,502,116AB4C1EBB8E71DFC8A694605D28E79847257FC4F707C4285713BC436F6
2026-09-15T21:27:53.935240+08:00,2026-09-15T21:27:53.954586+08:00,1789478873935240000,1789478873954586000,19346.000,19.346000,/dev/cu.usbserial-1120,/dev/cu.usbserial-A50285BI,503,116BE39AD2581FDB528403BA2877D85DE779A77CB31988BF66EBA8D48704
2026-09-15T21:27:54.477404+08:00,2026-09-15T21:27:54.507388+08:00,1789478874477404000,1789478874507388000,29984.000,29.984000,/dev/cu.usbserial-1120,/dev/cu.usbserial-A50285BI,504,116C1B52EC32675029FCCCC4BF5D559D053F9FA0D5B96C04F808E7CC4F4F
2026-09-15T21:27:55.019602+08:00,2026-09-15T21:27:55.038796+08:00,1789478875019602000,1789478875038796000,19194.000,19.194000,/dev/cu.usbserial-1120,/dev/cu.usbserial-A50285BI,505,116DB5E6C60EC008F864C246A2049373CAF9333EAB199708674A34866B78
2026-09-15T21:27:55.561800+08:00,2026-09-15T21:27:55.592341+08:00,1789478875561800000,1789478875592341000,30541.000,30.541000,/dev/cu.usbserial-1120,/dev/cu.usbserial-A50285BI,506,116E4C1BA152FBF359C700DFF5444CF356AA4DE10A11F714323F978C34E6
2026-09-15T21:27:56.104039+08:00,2026-09-15T21:27:56.123624+08:00,1789478876104039000,1789478876123624000,19585.000,19.585000,/dev/cu.usbserial-1120,/dev/cu.usbserial-A50285BI,507,116F577C26A190A5F5ADD3705967B5CE79895ED05D24D005185DF897B1E7
2026-09-15T21:27:56.646170+08:00,2026-09-15T21:27:56.676379+08:00,1789478876646170000,1789478876676379000,30209.000,30.209000,/dev/cu.usbserial-1120,/dev/cu.usbserial-A50285BI,508,11707724D5442D5D3FBB8A61E31893D7DE26B6CE1DED4F54CFACF6D88B95
2026-09-15T21:27:57.188345+08:00,2026-09-15T21:27:57.207597+08:00,1789478877188345000,1789478877207597000,19252.000,19.252000,/dev/cu.usbserial-1120,/dev/cu.usbserial-A50285BI,509,11718F40414B0FC9E21C0EA2CFFE1248034B95A0FF3CDCD6782777F8C378
2026-09-15T21:27:57.730482+08:00,2026-09-15T21:27:57.760350+08:00,1789478877730482000,1789478877760350000,29868.000,29.868000,/dev/cu.usbserial-1120,/dev/cu.usbserial-A50285BI,510,11729651FC711286FAA13772F32653C3EEA20051ECFE3042D5E1FDDE24EF
2026-09-15T21:27:58.272730+08:00,2026-09-15T21:27:58.291597+08:00,1789478878272730000,1789478878291597000,18867.000,18.867000,/dev/cu.usbserial-1120,/dev/cu.usbserial-A50285BI,511,11732E3352C2896803A9DBE2F323C8189F195336B3DF2C7536E9BD35774D
2026-09-15T21:27:58.814927+08:00,2026-09-15T21:27:58.845412+08:00,1789478878814927000,1789478878845412000,30485.000,30.485000,/dev/cu.usbserial-1120,/dev/cu.usbserial-A50285BI,512,1174F3DFB7FCCC7D93C0A51638F541CB450798B27EAF667637EC6FAB7BC4
2026-09-15T21:27:59.357213+08:00,2026-09-15T21:27:59.376352+08:00,1789478879357213000,1789478879376352000,19139.000,19.139000,/dev/cu.usbserial-1120,/dev/cu.usbserial-A50285BI,513,117592F2FFB894D1C908AA4FA0ABC452320C9CB9088681392A9EE4F89103
2026-09-15T21:27:59.899326+08:00,2026-09-15T21:27:59.929510+08:00,1789478879899326000,1789478879929510000,30184.000,30.184000,/dev/cu.usbserial-1120,/dev/cu.usbserial-A50285BI,514,11769FEB514609F08359BAAAF4C91F208FBBBC158AA8442553D85BA439A0
2026-09-15T21:28:00.441451+08:00,2026-09-15T21:28:00.460770+08:00,1789478880441451000,1789478880460770000,19319.000,19.319000,/dev/cu.usbserial-1120,/dev/cu.usbserial-A50285BI,515,11772536DB5B962E512979A81C6A3D65CEF9826978286756D88092863F35
2026-09-15T21:28:00.983652+08:00,2026-09-15T21:28:01.013601+08:00,1789478880983652000,1789478881013601000,29949.000,29.949000,/dev/cu.usbserial-1120,/dev/cu.usbserial-A50285BI,516,1178FCEB446B82A82B2B2B6B12243A91E121F3F7EF4E2EA1752A9D0DB34B
2026-09-15T21:28:01.525765+08:00,2026-09-15T21:28:01.544978+08:00,1789478881525765000,1789478881544978000,19213.000,19.213000,/dev/cu.usbserial-1120,/dev/cu.usbserial-A50285BI,517,1179DC55E4D53D07E3B851C599AD369B2EEEA423EBB8B65BF18178419CF9
2026-09-15T21:28:02.067904+08:00,2026-09-15T21:28:02.097650+08:00,1789478882067904000,1789478882097650000,29746.000,29.746000,/dev/cu.usbserial-1120,/dev/cu.usbserial-A50285BI,518,117A3433B4C37C0959F0F7F0AD40EC053F1790B53A410FD752655C866A4B
2026-09-15T21:28:02.610093+08:00,2026-09-15T21:28:02.628968+08:00,1789478882610093000,1789478882628968000,18875.000,18.875000,/dev/cu.usbserial-1120,/dev/cu.usbserial-A50285BI,519,117BB9C005CD05C0739EC91BB8BE019D3BB9AAE133A310B2D1D3D4252D62
2026-09-15T21:28:03.152376+08:00,2026-09-15T21:28:03.182723+08:00,1789478883152376000,1789478883182723000,30347.000,30.347000,/dev/cu.usbserial-1120,/dev/cu.usbserial-A50285BI,520,117CBF72F2624A96CADEE9AB87961B021677330624DCE3D08D878D89895D
2026-09-15T21:28:03.694524+08:00,2026-09-15T21:28:03.714047+08:00,1789478883694524000,1789478883714047000,19523.000,19.523000,/dev/cu.usbserial-1120,/dev/cu.usbserial-A50285BI,521,117D4A8396E5B617237F823C0164B7EC8A61CB378E5365230261F04B67FC
2026-09-15T21:28:04.236665+08:00,2026-09-15T21:28:04.266679+08:00,1789478884236665000,1789478884266679000,30014.000,30.014000,/dev/cu.usbserial-1120,/dev/cu.usbserial-A50285BI,522,117EE133FB98C96CA2271A6B935AB92AC397477C11B82F3136896FEE6A00
2026-09-15T21:28:04.778942+08:00,2026-09-15T21:28:04.798178+08:00,1789478884778942000,1789478884798178000,19236.000,19.236000,/dev/cu.usbserial-1120,/dev/cu.usbserial-A50285BI,523,117F27C9D73AE4A7BF3AA9556C60C169DBAB47D727AE7252B754A1682753
2026-09-15T21:28:05.321056+08:00,2026-09-15T21:28:05.352224+08:00,1789478885321056000,1789478885352224000,31168.000,31.168000,/dev/cu.usbserial-1120,/dev/cu.usbserial-A50285BI,524,11802A5CF771E2C2F6796CDD6CFC42B90AC88507922A84BB46E30E6712EB
2026-09-15T21:28:05.863205+08:00,2026-09-15T21:28:05.882831+08:00,1789478885863205000,1789478885882831000,19626.000,19.626000,/dev/cu.usbserial-1120,/dev/cu.usbserial-A50285BI,525,1181785579E86D673F6C78AFDBF253CE9B96ED0D95973D3D528FC94F386C
2026-09-15T21:28:06.405391+08:00,2026-09-15T21:28:06.435880+08:00,1789478886405391000,1789478886435880000,30489.000,30.489000,/dev/cu.usbserial-1120,/dev/cu.usbserial-A50285BI,526,1182F5B2BB360C6F437F1007DCA94108A0DB6F71E4C001CB2505C103B091
2026-09-15T21:28:06.947536+08:00,2026-09-15T21:28:06.967026+08:00,1789478886947536000,1789478886967026000,19490.000,19.490000,/dev/cu.usbserial-1120,/dev/cu.usbserial-A50285BI,527,11836D0A1583FE2B49EDB52F9E52EB3263DF96445A6C9ABFDE32D66BD14A
2026-09-15T21:28:07.489704+08:00,2026-09-15T21:28:07.519870+08:00,1789478887489704000,1789478887519870000,30166.000,30.166000,/dev/cu.usbserial-1120,/dev/cu.usbserial-A50285BI,528,1184E95347EAC864F45E01CB56C8CC0CA197D6E36FC8CDDB24DFABAF22A4
2026-09-15T21:28:08.031903+08:00,2026-09-15T21:28:08.051303+08:00,1789478888031903000,1789478888051303000,19400.000,19.400000,/dev/cu.usbserial-1120,/dev/cu.usbserial-A50285BI,529,1185C464B29E8E22AD5132D6EE37D68A787FA87F6687AA0F961B4046146B
2026-09-15T21:28:08.573954+08:00,2026-09-15T21:28:08.603977+08:00,1789478888573954000,1789478888603977000,30023.000,30.023000,/dev/cu.usbserial-1120,/dev/cu.usbserial-A50285BI,530,11867B3A48CE232EE039866A7B7D03D81A44555E47C9A1FF035B3EB1718F
2026-09-15T21:28:09.116197+08:00,2026-09-15T21:28:09.135218+08:00,1789478889116197000,1789478889135218000,19021.000,19.021000,/dev/cu.usbserial-1120,/dev/cu.usbserial-A50285BI,531,118746FC4348E057E8684B427253AB22492894E192BE57425C600F059049
2026-09-15T21:28:09.658378+08:00,2026-09-15T21:28:09.689037+08:00,1789478889658378000,1789478889689037000,30659.000,30.659000,/dev/cu.usbserial-1120,/dev/cu.usbserial-A50285BI,532,118869BE97DE3775C9AEB4FE992A95178123D443AE083B696CDDB32B4FFB
2026-09-15T21:28:10.200515+08:00,2026-09-15T21:28:10.220274+08:00,1789478890200515000,1789478890220274000,19759.000,19.759000,/dev/cu.usbserial-1120,/dev/cu.usbserial-A50285BI,533,11894A08278A0630A1BE6C2ABDD4CE28F4CB582625E3D9C543D752E9C0D9
2026-09-15T21:28:10.742698+08:00,2026-09-15T21:28:10.773139+08:00,1789478890742698000,1789478890773139000,30441.000,30.441000,/dev/cu.usbserial-1120,/dev/cu.usbserial-A50285BI,534,118A4113B852AA80DE56EAFF27E93B9338F406CC9005ECE675CA939EA04B
2026-09-15T21:28:11.284811+08:00,2026-09-15T21:28:11.304321+08:00,1789478891284811000,1789478891304321000,19510.000,19.510000,/dev/cu.usbserial-1120,/dev/cu.usbserial-A50285BI,535,118B30D8A8EAD9F22E1C88E6CEE5EE22C115FE27524434E3068EA9CF8A0F
2026-09-15T21:28:11.826964+08:00,2026-09-15T21:28:11.857210+08:00,1789478891826964000,1789478891857210000,30246.000,30.246000,/dev/cu.usbserial-1120,/dev/cu.usbserial-A50285BI,536,118CD8C85C1D2EAF3A4853BF4B133BB10E6FEB9106FB0C5E22FE3164EE20
2026-09-15T21:28:12.369198+08:00,2026-09-15T21:28:12.388257+08:00,1789478892369198000,1789478892388257000,19059.000,19.059000,/dev/cu.usbserial-1120,/dev/cu.usbserial-A50285BI,537,118DE85A7CEB823B1006A2E58E2B8872A4ED1B5AB72CB8458F53BDB1C158
2026-09-15T21:28:12.911419+08:00,2026-09-15T21:28:12.941204+08:00,1789478892911419000,1789478892941204000,29785.000,29.785000,/dev/cu.usbserial-1120,/dev/cu.usbserial-A50285BI,538,118ED348E071FFFF629768EE54BCE6F2BECB4F04D4648058E1542D35F3D6
2026-09-15T21:28:13.453572+08:00,2026-09-15T21:28:13.472491+08:00,1789478893453572000,1789478893472491000,18919.000,18.919000,/dev/cu.usbserial-1120,/dev/cu.usbserial-A50285BI,539,118F6997478BF486733B4834564962D9BFF8514FE0607F6D712EC223A41E
2026-09-15T21:28:13.995800+08:00,2026-09-15T21:28:14.026161+08:00,1789478893995800000,1789478894026161000,30361.000,30.361000,/dev/cu.usbserial-1120,/dev/cu.usbserial-A50285BI,540,1190225ACC3A6889CBD06B1740341A746E3A48F5EB723B740D22F3A31404
2026-09-15T21:28:14.537968+08:00,2026-09-15T21:28:14.557452+08:00,1789478894537968000,1789478894557452000,19484.000,19.484000,/dev/cu.usbserial-1120,/dev/cu.usbserial-A50285BI,541,11913A3417C470ABB03813FE665D10F2DF15CD34C2A3F33A6DE2FCD75C48
2026-09-15T21:28:15.080123+08:00,2026-09-15T21:28:15.110152+08:00,1789478895080123000,1789478895110152000,30029.000,30.029000,/dev/cu.usbserial-1120,/dev/cu.usbserial-A50285BI,542,119280A1549E3F03537DED213788C16F306BBC0FE796BAEF6BBA3A9EE000
2026-09-15T21:28:15.622272+08:00,2026-09-15T21:28:15.641460+08:00,1789478895622272000,1789478895641460000,19188.000,19.188000,/dev/cu.usbserial-1120,/dev/cu.usbserial-A50285BI,543,1193ECF3E60CFF5CCAB429076F8073B3FBE1CA5341324567F170371A81B8
2026-09-15T21:28:16.164410+08:00,2026-09-15T21:28:16.195221+08:00,1789478896164410000,1789478896195221000,30811.000,30.811000,/dev/cu.usbserial-1120,/dev/cu.usbserial-A50285BI,544,1194F41CDA84643DC3A449CE0EFF50B88407D95992FD8622B0EA85F19559
2026-09-15T21:28:16.706642+08:00,2026-09-15T21:28:16.726558+08:00,1789478896706642000,1789478896726558000,19916.000,19.916000,/dev/cu.usbserial-1120,/dev/cu.usbserial-A50285BI,545,11959E2F1CD5FBA9F425BB2F0A4A35EFB8350C8FAA48F70C94934D5596CB
2026-09-15T21:28:17.248749+08:00,2026-09-15T21:28:17.279322+08:00,1789478897248749000,1789478897279322000,30573.000,30.573000,/dev/cu.usbserial-1120,/dev/cu.usbserial-A50285BI,546,119653A66A0A46A65349273FC59D4941D5349BB65F0FB603F97DA5C39B5B
2026-09-15T21:28:17.791015+08:00,2026-09-15T21:28:17.810523+08:00,1789478897791015000,1789478897810523000,19508.000,19.508000,/dev/cu.usbserial-1120,/dev/cu.usbserial-A50285BI,547,119778630A0D877D093A87F63F4B4ED6E7A366EA3A9C531B9C44A48D88DC
2026-09-15T21:28:18.333166+08:00,2026-09-15T21:28:18.363407+08:00,1789478898333166000,1789478898363407000,30241.000,30.241000,/dev/cu.usbserial-1120,/dev/cu.usbserial-A50285BI,548,1198BC773D0C5EC526E8FA6F0AA3B997F8154A65F0EE6AA251B83617068E
2026-09-15T21:28:18.875439+08:00,2026-09-15T21:28:18.894624+08:00,1789478898875439000,1789478898894624000,19185.000,19.185000,/dev/cu.usbserial-1120,/dev/cu.usbserial-A50285BI,549,119930A4709E131F136057F20093827304FC350295DEF2E47838AEE233C1
2026-09-15T21:28:19.417559+08:00,2026-09-15T21:28:19.448420+08:00,1789478899417559000,1789478899448420000,30861.000,30.861000,/dev/cu.usbserial-1120,/dev/cu.usbserial-A50285BI,550,119A1AA137A4B1C0C9FB82B4B40DBB63B048F98191FD51AE2FDE1E4C1937
2026-09-15T21:28:19.959938+08:00,2026-09-15T21:28:19.979562+08:00,1789478899959938000,1789478899979562000,19624.000,19.624000,/dev/cu.usbserial-1120,/dev/cu.usbserial-A50285BI,551,119B8822F8EFD9B2C53E805AAA2CE12DB9CDE28F4F3E3692465E6714DE4C
2026-09-15T21:28:20.502218+08:00,2026-09-15T21:28:20.532423+08:00,1789478900502218000,1789478900532423000,30205.000,30.205000,/dev/cu.usbserial-1120,/dev/cu.usbserial-A50285BI,552,119CA69469A552D8B87A4A414813F3E92C670882BA5624EEF5AC119EBED6
2026-09-15T21:28:21.044341+08:00,2026-09-15T21:28:21.063516+08:00,1789478901044341000,1789478901063516000,19175.000,19.175000,/dev/cu.usbserial-1120,/dev/cu.usbserial-A50285BI,553,119DCEABB96262B50038637F8A9A45475ADD64E667E5CFAC4F62DAF9BACC
2026-09-15T21:28:21.586713+08:00,2026-09-15T21:28:21.616412+08:00,1789478901586713000,1789478901616412000,29699.000,29.699000,/dev/cu.usbserial-1120,/dev/cu.usbserial-A50285BI,554,119E629B8F1FDEEBD9562BA678A9148C8787A3BB915229C873DE0FA20FA7
2026-09-15T21:28:22.128619+08:00,2026-09-15T21:28:22.147830+08:00,1789478902128619000,1789478902147830000,19211.000,19.211000,/dev/cu.usbserial-1120,/dev/cu.usbserial-A50285BI,555,119F5B27B5D4028452EFF04D5662D86067B1BB79C7793A95862C9C086789
2026-09-15T21:28:22.670838+08:00,2026-09-15T21:28:22.700624+08:00,1789478902670838000,1789478902700624000,29786.000,29.786000,/dev/cu.usbserial-1120,/dev/cu.usbserial-A50285BI,556,11A09F5D93DEFFF100FDC74E9F005A4948BC40DA6606B2BE62A8E4CED021
2026-09-15T21:28:23.213084+08:00,2026-09-15T21:28:23.231932+08:00,1789478903213084000,1789478903231932000,18848.000,18.848000,/dev/cu.usbserial-1120,/dev/cu.usbserial-A50285BI,557,11A1151D5C2057D572BF1ECEB0808BF30D087655C69D3E0C0C6150D26F4C
2026-09-15T21:28:23.755135+08:00,2026-09-15T21:28:23.785700+08:00,1789478903755135000,1789478903785700000,30565.000,30.565000,/dev/cu.usbserial-1120,/dev/cu.usbserial-A50285BI,558,11A2785D08EBEA8069DA0F0046021137E093256B35C09BECE93EA7EFF27A
2026-09-15T21:28:24.297377+08:00,2026-09-15T21:28:24.316880+08:00,1789478904297377000,1789478904316880000,19503.000,19.503000,/dev/cu.usbserial-1120,/dev/cu.usbserial-A50285BI,559,11A3ED2D069CCE3BC64075A8A7EFA0D8A55F2EA3A66F6DADAEE12183C8D5
2026-09-15T21:28:24.839489+08:00,2026-09-15T21:28:24.869645+08:00,1789478904839489000,1789478904869645000,30156.000,30.156000,/dev/cu.usbserial-1120,/dev/cu.usbserial-A50285BI,560,11A4547BB009E14841D2BE5FA1D90C0D2E96E055278ECF8B1B4C3CB11221
2026-09-15T21:28:25.381731+08:00,2026-09-15T21:28:25.400818+08:00,1789478905381731000,1789478905400818000,19087.000,19.087000,/dev/cu.usbserial-1120,/dev/cu.usbserial-A50285BI,561,11A561957C9B1EA6DDC6849A362521C2336E09281609A96E66474B665662
2026-09-15T21:28:25.923837+08:00,2026-09-15T21:28:25.953694+08:00,1789478905923837000,1789478905953694000,29857.000,29.857000,/dev/cu.usbserial-1120,/dev/cu.usbserial-A50285BI,562,11A66870F739B1971DC8DC6B13692F9CFECCCD5B11B7C370767ED21BF842
2026-09-15T21:28:26.465988+08:00,2026-09-15T21:28:26.484943+08:00,1789478906465988000,1789478906484943000,18955.000,18.955000,/dev/cu.usbserial-1120,/dev/cu.usbserial-A50285BI,563,11A7FAAC70E9CBE1F5E16B03C39466BFE7A939C5B0019C22D66C935E672F
2026-09-15T21:28:27.008290+08:00,2026-09-15T21:28:27.038774+08:00,1789478907008290000,1789478907038774000,30484.000,30.484000,/dev/cu.usbserial-1120,/dev/cu.usbserial-A50285BI,564,11A83355753735D681193CFDA6D1E6518537949CF440FA8E66FA65101845
2026-09-15T21:28:27.550353+08:00,2026-09-15T21:28:27.570040+08:00,1789478907550353000,1789478907570040000,19687.000,19.687000,/dev/cu.usbserial-1120,/dev/cu.usbserial-A50285BI,565,11A9CF690152A41377DD525BA12A93BBA0C17AF87CE93FFAD0E5CA6E36F0
2026-09-15T21:28:28.092504+08:00,2026-09-15T21:28:28.122818+08:00,1789478908092504000,1789478908122818000,30314.000,30.314000,/dev/cu.usbserial-1120,/dev/cu.usbserial-A50285BI,566,11AA011D70FAD10A5B21FE4E94EEABB4E754A9147C697F70C0E13DD0144F
2026-09-15T21:28:28.634436+08:00,2026-09-15T21:28:28.654057+08:00,1789478908634436000,1789478908654057000,19621.000,19.621000,/dev/cu.usbserial-1120,/dev/cu.usbserial-A50285BI,567,11AB01DD381C46407643F0B88ED218FD652097586CCF54FFD1804E326859
2026-09-15T21:28:29.176853+08:00,2026-09-15T21:28:29.206994+08:00,1789478909176853000,1789478909206994000,30141.000,30.141000,/dev/cu.usbserial-1120,/dev/cu.usbserial-A50285BI,568,11AC68165838F85485B40E71C1D884ECB29ECA19812D6EC048D26E7438C0
2026-09-15T21:28:29.719074+08:00,2026-09-15T21:28:29.738343+08:00,1789478909719074000,1789478909738343000,19269.000,19.269000,/dev/cu.usbserial-1120,/dev/cu.usbserial-A50285BI,569,11AD3DB58D8897C53356054A35F12FA9EA71E51DDEBDEC9981CB88639297
2026-09-15T21:28:30.260972+08:00,2026-09-15T21:28:30.291080+08:00,1789478910260972000,1789478910291080000,30108.000,30.108000,/dev/cu.usbserial-1120,/dev/cu.usbserial-A50285BI,570,11AECE6C49E0A67247A5A2D43E638238600B83DF89C56CC32B675676FDB4
2026-09-15T21:28:30.803282+08:00,2026-09-15T21:28:30.822470+08:00,1789478910803282000,1789478910822470000,19188.000,19.188000,/dev/cu.usbserial-1120,/dev/cu.usbserial-A50285BI,571,11AF3EB963554CDF9C97E0E0ADEA623C1115C6951D3AE20B358E6F57B1D4
2026-09-15T21:28:31.345303+08:00,2026-09-15T21:28:31.375248+08:00,1789478911345303000,1789478911375248000,29945.000,29.945000,/dev/cu.usbserial-1120,/dev/cu.usbserial-A50285BI,572,11B0E1A68D9EE73BD243C0C3C89F4477D98DADF443252ADA85B622268782
2026-09-15T21:28:31.887702+08:00,2026-09-15T21:28:31.906820+08:00,1789478911887702000,1789478911906820000,19118.000,19.118000,/dev/cu.usbserial-1120,/dev/cu.usbserial-A50285BI,573,11B14850873C6324C842DB61F99B021366AF28B0E0C85DF56D4C047EB0B7
2026-09-15T21:28:32.429712+08:00,2026-09-15T21:28:32.460414+08:00,1789478912429712000,1789478912460414000,30702.000,30.702000,/dev/cu.usbserial-1120,/dev/cu.usbserial-A50285BI,574,11B21C28175B4E27C6D7B6E6475972A1EE93EBC40D7EE603DDD149362740
2026-09-15T21:28:32.971826+08:00,2026-09-15T21:28:32.991642+08:00,1789478912971826000,1789478912991642000,19816.000,19.816000,/dev/cu.usbserial-1120,/dev/cu.usbserial-A50285BI,575,11B3AEFAB575A9087CCFD95386DDB1E4A1990476CA6452D057C5D4E6E6E1
2026-09-15T21:28:33.513997+08:00,2026-09-15T21:28:33.544551+08:00,1789478913513997000,1789478913544551000,30554.000,30.554000,/dev/cu.usbserial-1120,/dev/cu.usbserial-A50285BI,576,11B449AF08BA7FC5AE28A0BE4F97424CDF862C1770BBE955A4460F2FDA3D
2026-09-15T21:28:34.056355+08:00,2026-09-15T21:28:34.076084+08:00,1789478914056355000,1789478914076084000,19729.000,19.729000,/dev/cu.usbserial-1120,/dev/cu.usbserial-A50285BI,577,11B54CD414313559AA72CF57B007D943286CDF8BE80900764A777AB89572
2026-09-15T21:28:34.598469+08:00,2026-09-15T21:28:34.628949+08:00,1789478914598469000,1789478914628949000,30480.000,30.480000,/dev/cu.usbserial-1120,/dev/cu.usbserial-A50285BI,578,11B6FAD82E9CA6427EF7E62BA220F629D64C2D8E9F040A88BAA003F9C785
2026-09-15T21:28:35.140532+08:00,2026-09-15T21:28:35.159876+08:00,1789478915140532000,1789478915159876000,19344.000,19.344000,/dev/cu.usbserial-1120,/dev/cu.usbserial-A50285BI,579,11B70E17B51EECC3ED9B38AB3E6C331E8B7C4CB2362E72984B181ABA6C82
2026-09-15T21:28:35.682894+08:00,2026-09-15T21:28:35.713019+08:00,1789478915682894000,1789478915713019000,30125.000,30.125000,/dev/cu.usbserial-1120,/dev/cu.usbserial-A50285BI,580,11B80F99819DFDE91C83BBE9ADF25B8469C8F429FB3E2A6BE9E48258C560
2026-09-15T21:28:36.224970+08:00,2026-09-15T21:28:36.244437+08:00,1789478916224970000,1789478916244437000,19467.000,19.467000,/dev/cu.usbserial-1120,/dev/cu.usbserial-A50285BI,581,11B9679918E6FB4E0E769FA6E1D94142065968471A4301458B1DE7CB06A8
2026-09-15T21:28:36.767038+08:00,2026-09-15T21:28:36.797249+08:00,1789478916767038000,1789478916797249000,30211.000,30.211000,/dev/cu.usbserial-1120,/dev/cu.usbserial-A50285BI,582,11BA34C6A4944A9ED4069F0F06CA4CC71D5855C49288B66C67153269D3D3
2026-09-15T21:28:37.309116+08:00,2026-09-15T21:28:37.328419+08:00,1789478917309116000,1789478917328419000,19303.000,19.303000,/dev/cu.usbserial-1120,/dev/cu.usbserial-A50285BI,583,11BBDB4BA7B060DB816C1940B818D4D403505DC4E738CF69E7379D6A6976
2026-09-15T21:28:37.851246+08:00,2026-09-15T21:28:37.881079+08:00,1789478917851246000,1789478917881079000,29833.000,29.833000,/dev/cu.usbserial-1120,/dev/cu.usbserial-A50285BI,584,11BC5F8E6A175E62E135DE8EF4A02EF7DE5570969BBF291358B087299D1E
2026-09-15T21:28:38.393376+08:00,2026-09-15T21:28:38.412253+08:00,1789478918393376000,1789478918412253000,18877.000,18.877000,/dev/cu.usbserial-1120,/dev/cu.usbserial-A50285BI,585,11BD76B9389E61ABE9A0C888CF7086D895E8E03D5CF64D4C67D1072E88FA
2026-09-15T21:28:38.935692+08:00,2026-09-15T21:28:38.966364+08:00,1789478918935692000,1789478918966364000,30672.000,30.672000,/dev/cu.usbserial-1120,/dev/cu.usbserial-A50285BI,586,11BE56FB4EF597D2EBC40FB8E7287236879731B1FBFC87874A3142EEFE3D
2026-09-15T21:28:39.478068+08:00,2026-09-15T21:28:39.497641+08:00,1789478919478068000,1789478919497641000,19573.000,19.573000,/dev/cu.usbserial-1120,/dev/cu.usbserial-A50285BI,587,11BF528D8F4D13D890735A2C9B2241AEFE65B2E322E3B60FBF937B4FC23F
2026-09-15T21:28:40.020106+08:00,2026-09-15T21:28:40.050460+08:00,1789478920020106000,1789478920050460000,30354.000,30.354000,/dev/cu.usbserial-1120,/dev/cu.usbserial-A50285BI,588,11C02775F9BA5FA784E095B6FC52163F60EFCF84C411E208B88CEDEC7967
2026-09-15T21:28:40.562329+08:00,2026-09-15T21:28:40.581801+08:00,1789478920562329000,1789478920581801000,19472.000,19.472000,/dev/cu.usbserial-1120,/dev/cu.usbserial-A50285BI,589,11C1140CDA58D4D9F00187F580EDB7902949238552629133D1E2591C60CA
2026-09-15T21:28:41.104515+08:00,2026-09-15T21:28:41.134718+08:00,1789478921104515000,1789478921134718000,30203.000,30.203000,/dev/cu.usbserial-1120,/dev/cu.usbserial-A50285BI,590,11C2AE40C02FAB37ABB422117BCB23EE9BAB4E5CB10FD97388B560B2BF92
2026-09-15T21:28:41.646568+08:00,2026-09-15T21:28:41.666045+08:00,1789478921646568000,1789478921666045000,19477.000,19.477000,/dev/cu.usbserial-1120,/dev/cu.usbserial-A50285BI,591,11C3709833D5D1022DA297474C8BE71531CE8A0AEC5133122A5E90831A1E
2026-09-15T21:28:42.188688+08:00,2026-09-15T21:28:42.218699+08:00,1789478922188688000,1789478922218699000,30011.000,30.011000,/dev/cu.usbserial-1120,/dev/cu.usbserial-A50285BI,592,11C413FA24D77DF349E52F2A587A30B5D615FDDEABC314C28C183FAA2CEC
2026-09-15T21:28:42.730827+08:00,2026-09-15T21:28:42.749928+08:00,1789478922730827000,1789478922749928000,19101.000,19.101000,/dev/cu.usbserial-1120,/dev/cu.usbserial-A50285BI,593,11C5A12C22D68202996ADAA5B9329FB1D96DCEF8618A3B638062198D9339
2026-09-15T21:28:43.272952+08:00,2026-09-15T21:28:43.303065+08:00,1789478923272952000,1789478923303065000,30113.000,30.113000,/dev/cu.usbserial-1120,/dev/cu.usbserial-A50285BI,594,11C6491E507363E7B61685C2B503DE279CF4F88F4734C9890421799D4A63
2026-09-15T21:28:43.815137+08:00,2026-09-15T21:28:43.834529+08:00,1789478923815137000,1789478923834529000,19392.000,19.392000,/dev/cu.usbserial-1120,/dev/cu.usbserial-A50285BI,595,11C7F2E418EA29632EA92E2CEF14F433115AE1F10A6215BA3A887ADFD914
2026-09-15T21:28:44.357338+08:00,2026-09-15T21:28:44.387465+08:00,1789478924357338000,1789478924387465000,30127.000,30.127000,/dev/cu.usbserial-1120,/dev/cu.usbserial-A50285BI,596,11C890839F7EF53E3564B7735E475A71E509A84C45273B7A1BB6CB2D4C1F
2026-09-15T21:28:44.899439+08:00,2026-09-15T21:28:44.918663+08:00,1789478924899439000,1789478924918663000,19224.000,19.224000,/dev/cu.usbserial-1120,/dev/cu.usbserial-A50285BI,597,11C93872F69A560E176B7C13FFDFCB4677053F30AF2D7706E822443AE627
2026-09-15T21:28:45.441821+08:00,2026-09-15T21:28:45.471849+08:00,1789478925441821000,1789478925471849000,30028.000,30.028000,/dev/cu.usbserial-1120,/dev/cu.usbserial-A50285BI,598,11CAF3DD13B25BBB73EAA5354CE2DEDC91933ED2129B36E166B83B589403
2026-09-15T21:28:45.983867+08:00,2026-09-15T21:28:46.002775+08:00,1789478925983867000,1789478926002775000,18908.000,18.908000,/dev/cu.usbserial-1120,/dev/cu.usbserial-A50285BI,599,11CB55AA84EC66C428F93B31693E54F0D49B731101B8E712C7C195FB21E2
2026-09-15T21:28:46.526127+08:00,2026-09-15T21:28:46.556892+08:00,1789478926526127000,1789478926556892000,30765.000,30.765000,/dev/cu.usbserial-1120,/dev/cu.usbserial-A50285BI,600,11CCCB3BDF82C5410C3FFBDA22AC304DF0CC3B38474E942968869EFB2D2F
2026-09-15T21:28:47.068257+08:00,2026-09-15T21:28:47.088239+08:00,1789478927068257000,1789478927088239000,19982.000,19.982000,/dev/cu.usbserial-1120,/dev/cu.usbserial-A50285BI,601,11CDB6F7FAE3FFA66156EC7797568A169B83938620CE33043FB2979CDE35
2026-09-15T21:28:47.610515+08:00,2026-09-15T21:28:47.641057+08:00,1789478927610515000,1789478927641057000,30542.000,30.542000,/dev/cu.usbserial-1120,/dev/cu.usbserial-A50285BI,602,11CE3B88DD9DF04B07F3B092B33922C53D6AEB702936BA55107A124D5281
2026-09-15T21:28:48.152618+08:00,2026-09-15T21:28:48.172189+08:00,1789478928152618000,1789478928172189000,19571.000,19.571000,/dev/cu.usbserial-1120,/dev/cu.usbserial-A50285BI,603,11CFD6E37AFD96AE6FC39C72604AB5F56DE2BFA316B4F7E1647DFF31D909
2026-09-15T21:28:48.694682+08:00,2026-09-15T21:28:48.725222+08:00,1789478928694682000,1789478928725222000,30540.000,30.540000,/dev/cu.usbserial-1120,/dev/cu.usbserial-A50285BI,604,11D0B20A1972A875551688677B5910E21F1FE5CA27081C88396A8460E60F
2026-09-15T21:28:49.237154+08:00,2026-09-15T21:28:49.256340+08:00,1789478929237154000,1789478929256340000,19186.000,19.186000,/dev/cu.usbserial-1120,/dev/cu.usbserial-A50285BI,605,11D1B99393B3EA342B3C65CA86B7E7AB9817A6135AAC1A0778658FECBFC5
2026-09-15T21:28:49.779017+08:00,2026-09-15T21:28:49.809554+08:00,1789478929779017000,1789478929809554000,30537.000,30.537000,/dev/cu.usbserial-1120,/dev/cu.usbserial-A50285BI,606,11D26CE645A641F155B192C22199655B271A8D715FB4B57D29282CA4F9AF
2026-09-15T21:28:50.321452+08:00,2026-09-15T21:28:50.341018+08:00,1789478930321452000,1789478930341018000,19566.000,19.566000,/dev/cu.usbserial-1120,/dev/cu.usbserial-A50285BI,607,11D37248C0FD866A19F9EDC6383982AC933F01A04E7551B167EA959AA6CA
2026-09-15T21:28:50.863342+08:00,2026-09-15T21:28:50.893881+08:00,1789478930863342000,1789478930893881000,30539.000,30.539000,/dev/cu.usbserial-1120,/dev/cu.usbserial-A50285BI,608,11D4F19A429F1C13534AAAE5FCBF1788548493EB19E7901013020C644970
2026-09-15T21:28:51.405539+08:00,2026-09-15T21:28:51.425204+08:00,1789478931405539000,1789478931425204000,19665.000,19.665000,/dev/cu.usbserial-1120,/dev/cu.usbserial-A50285BI,609,11D59EDFE7CC43E0EAEEE6C691E4B14E84B216AFC1CA9B774A49692390F7
2026-09-15T21:28:51.947733+08:00,2026-09-15T21:28:51.978066+08:00,1789478931947733000,1789478931978066000,30333.000,30.333000,/dev/cu.usbserial-1120,/dev/cu.usbserial-A50285BI,610,11D694819DFD28C60564F86E8A5226D89203719D498842B496437446BF1E
2026-09-15T21:28:52.489842+08:00,2026-09-15T21:28:52.509266+08:00,1789478932489842000,1789478932509266000,19424.000,19.424000,/dev/cu.usbserial-1120,/dev/cu.usbserial-A50285BI,611,11D7E652DB8EC301FB4B8CC617CCEA3DBA8436C16DDFC4CBE5FBF30EEC26
2026-09-15T21:28:53.032041+08:00,2026-09-15T21:28:53.062207+08:00,1789478933032041000,1789478933062207000,30166.000,30.166000,/dev/cu.usbserial-1120,/dev/cu.usbserial-A50285BI,612,11D8F5530F1C5F140CFD70DBFA102158363AF045123C6DFA3BB081CFEEC1
2026-09-15T21:28:53.574323+08:00,2026-09-15T21:28:53.593459+08:00,1789478933574323000,1789478933593459000,19136.000,19.136000,/dev/cu.usbserial-1120,/dev/cu.usbserial-A50285BI,613,11D98135DAADF693D4FC2AE23D7D730733053FF47AE7E37D293223FA14AD
2026-09-15T21:28:54.116415+08:00,2026-09-15T21:28:54.146715+08:00,1789478934116415000,1789478934146715000,30300.000,30.300000,/dev/cu.usbserial-1120,/dev/cu.usbserial-A50285BI,614,11DA80A2FD9345A2790F5000A476A1338446A47E3EE23E10FB0B99DD971E
2026-09-15T21:28:54.658761+08:00,2026-09-15T21:28:54.678211+08:00,1789478934658761000,1789478934678211000,19450.000,19.450000,/dev/cu.usbserial-1120,/dev/cu.usbserial-A50285BI,615,11DBB03A1010993BA92A96CDE183D99217421B80FA91DB38B2607626D0DE
2026-09-15T21:28:55.200870+08:00,2026-09-15T21:28:55.231108+08:00,1789478935200870000,1789478935231108000,30238.000,30.238000,/dev/cu.usbserial-1120,/dev/cu.usbserial-A50285BI,616,11DCEC5EF6B86C324610A5938B3CCB2D2A436B40C718F03FB694F12B2835
2026-09-15T21:28:55.742888+08:00,2026-09-15T21:28:55.762443+08:00,1789478935742888000,1789478935762443000,19555.000,19.555000,/dev/cu.usbserial-1120,/dev/cu.usbserial-A50285BI,617,11DD40AE1298B3F7DCB8B058CFE47AA13B823F3A6B86DD024AAF78EBD188
2026-09-15T21:28:56.285061+08:00,2026-09-15T21:28:56.315077+08:00,1789478936285061000,1789478936315077000,30016.000,30.016000,/dev/cu.usbserial-1120,/dev/cu.usbserial-A50285BI,618,11DEBD52381AF31FD871C6A1E2D6D326C2C6F25D51B4476DBD8307D138C1
2026-09-15T21:28:56.827450+08:00,2026-09-15T21:28:56.846389+08:00,1789478936827450000,1789478936846389000,18939.000,18.939000,/dev/cu.usbserial-1120,/dev/cu.usbserial-A50285BI,619,11DF0BFA63A517A279C7E7F23CA1FD53A0C92D1438ECE4C0648A3C3D3873
2026-09-15T21:28:57.369669+08:00,2026-09-15T21:28:57.400086+08:00,1789478937369669000,1789478937400086000,30417.000,30.417000,/dev/cu.usbserial-1120,/dev/cu.usbserial-A50285BI,620,11E0C2A52B0502E48422D71684F4749D54603005AD4B1699498F29C20DBC
2026-09-15T21:28:57.911612+08:00,2026-09-15T21:28:57.931440+08:00,1789478937911612000,1789478937931440000,19828.000,19.828000,/dev/cu.usbserial-1120,/dev/cu.usbserial-A50285BI,621,11E17722F38FE474B933B3224B39D5A3F159F29B38E638B0A213E62D0DE8
2026-09-15T21:28:58.453994+08:00,2026-09-15T21:28:58.484245+08:00,1789478938453994000,1789478938484245000,30251.000,30.251000,/dev/cu.usbserial-1120,/dev/cu.usbserial-A50285BI,622,11E29759E4014F96070D47397B02782BD121EA4357ADB962026BEC4C16D8
2026-09-15T21:28:58.995895+08:00,2026-09-15T21:28:59.015363+08:00,1789478938995895000,1789478939015363000,19468.000,19.468000,/dev/cu.usbserial-1120,/dev/cu.usbserial-A50285BI,623,11E3F6499B2D088080131C0E8C26C2E9082CA9782E12ECEE50AA226AC826
2026-09-15T21:28:59.538057+08:00,2026-09-15T21:28:59.568489+08:00,1789478939538057000,1789478939568489000,30432.000,30.432000,/dev/cu.usbserial-1120,/dev/cu.usbserial-A50285BI,624,11E424D0A3549C650C97522C7AA9360499122D7EF9679C807943B59B7107
2026-09-15T21:29:00.080246+08:00,2026-09-15T21:29:00.099704+08:00,1789478940080246000,1789478940099704000,19458.000,19.458000,/dev/cu.usbserial-1120,/dev/cu.usbserial-A50285BI,625,11E5842BA251B834DF3D32F7785E4F58697BF6EF470960F0E66CAABBCBEE
2026-09-15T21:29:00.622302+08:00,2026-09-15T21:29:00.652771+08:00,1789478940622302000,1789478940652771000,30469.000,30.469000,/dev/cu.usbserial-1120,/dev/cu.usbserial-A50285BI,626,11E61C42557B371FAA228171624C0F7AF6BAD7F9E740B248AE43343667F4
2026-09-15T21:29:01.164378+08:00,2026-09-15T21:29:01.183960+08:00,1789478941164378000,1789478941183960000,19582.000,19.582000,/dev/cu.usbserial-1120,/dev/cu.usbserial-A50285BI,627,11E72CA23C49F9DC92C093BBF6D3557EC63A8C639FE3C0098AB2C486E5F8
2026-09-15T21:29:01.706589+08:00,2026-09-15T21:29:01.736927+08:00,1789478941706589000,1789478941736927000,30338.000,30.338000,/dev/cu.usbserial-1120,/dev/cu.usbserial-A50285BI,628,11E87F4813B579ACE38E2560C18CF1799F9A0E53A1BDFF2C8B11E480EB87
2026-09-15T21:29:02.248931+08:00,2026-09-15T21:29:02.268361+08:00,1789478942248931000,1789478942268361000,19430.000,19.430000,/dev/cu.usbserial-1120,/dev/cu.usbserial-A50285BI,629,11E9832205601B1F8368E952D9F377C77A99A7D0BCB183E98C8EC24DD17C
2026-09-15T21:29:02.791160+08:00,2026-09-15T21:29:02.821416+08:00,1789478942791160000,1789478942821416000,30256.000,30.256000,/dev/cu.usbserial-1120,/dev/cu.usbserial-A50285BI,630,11EA1954A179489326B3DFB24EC5D40B36B1C608549D0F39664E8C381E65
2026-09-15T21:29:03.333184+08:00,2026-09-15T21:29:03.352428+08:00,1789478943333184000,1789478943352428000,19244.000,19.244000,/dev/cu.usbserial-1120,/dev/cu.usbserial-A50285BI,631,11EB2C3D8A5B3980453E69526029A4FA0E8493501101EC1BE852802CB5AA
2026-09-15T21:29:03.875449+08:00,2026-09-15T21:29:03.905452+08:00,1789478943875449000,1789478943905452000,30003.000,30.003000,/dev/cu.usbserial-1120,/dev/cu.usbserial-A50285BI,632,11EC0137F0FA9574CEE81BFA6F8F3FD6CAF940EE595D7C988319C1F9CD6E
2026-09-15T21:29:04.417698+08:00,2026-09-15T21:29:04.436590+08:00,1789478944417698000,1789478944436590000,18892.000,18.892000,/dev/cu.usbserial-1120,/dev/cu.usbserial-A50285BI,633,11ED521FC1FDBBDE9A05556BB45A98BAB62423977D5D8D86C708E95CA432
2026-09-15T21:29:04.959827+08:00,2026-09-15T21:29:04.989565+08:00,1789478944959827000,1789478944989565000,29738.000,29.738000,/dev/cu.usbserial-1120,/dev/cu.usbserial-A50285BI,634,11EE1B9A9DAADE8CA1809026B33EC49956E886B8B4B56C0E908C61BBF23D
2026-09-15T21:29:05.501694+08:00,2026-09-15T21:29:05.520723+08:00,1789478945501694000,1789478945520723000,19029.000,19.029000,/dev/cu.usbserial-1120,/dev/cu.usbserial-A50285BI,635,11EF31138C84D4F5EEBE7AEB6E695A06D55D3B77C9CCBFEDFEFB72B21DBD
2026-09-15T21:29:06.044131+08:00,2026-09-15T21:29:06.074698+08:00,1789478946044131000,1789478946074698000,30567.000,30.567000,/dev/cu.usbserial-1120,/dev/cu.usbserial-A50285BI,636,11F0968570B4AC355247C202596280B340F1F077961A117C283C1A512FAC
2026-09-15T21:29:06.586437+08:00,2026-09-15T21:29:06.605831+08:00,1789478946586437000,1789478946605831000,19394.000,19.394000,/dev/cu.usbserial-1120,/dev/cu.usbserial-A50285BI,637,11F18EFC3A2A03DBD925B33B0FB3BFBA754E475D2E4F2B708E2C9E218972
2026-09-15T21:29:07.128583+08:00,2026-09-15T21:29:07.158650+08:00,1789478947128583000,1789478947158650000,30067.000,30.067000,/dev/cu.usbserial-1120,/dev/cu.usbserial-A50285BI,638,11F26FDBDD811663FF0981B5C7479C9CDA00A314DB3A275F51BDE1E9564D
2026-09-15T21:29:07.670788+08:00,2026-09-15T21:29:07.689901+08:00,1789478947670788000,1789478947689901000,19113.000,19.113000,/dev/cu.usbserial-1120,/dev/cu.usbserial-A50285BI,639,11F33ADD05A49683A13164608693E60CD0D4C1D1CD66440823DE7834C072
2026-09-15T21:29:08.213058+08:00,2026-09-15T21:29:08.243722+08:00,1789478948213058000,1789478948243722000,30664.000,30.664000,/dev/cu.usbserial-1120,/dev/cu.usbserial-A50285BI,640,11F4ECDB86343D28B40B67421376CF6AE5010CD78D837951FD1C7B8FE4F2
2026-09-15T21:29:08.755229+08:00,2026-09-15T21:29:08.774950+08:00,1789478948755229000,1789478948774950000,19721.000,19.721000,/dev/cu.usbserial-1120,/dev/cu.usbserial-A50285BI,641,11F5935295A6233EB698007BADE0BB0FCA07AFFA3489CA0E950B1C95855C
2026-09-15T21:29:09.297454+08:00,2026-09-15T21:29:09.327745+08:00,1789478949297454000,1789478949327745000,30291.000,30.291000,/dev/cu.usbserial-1120,/dev/cu.usbserial-A50285BI,642,11F621A1B72DCE31E6915E087D33D94D095969E35F9C5C868D64F8AB8126
2026-09-15T21:29:09.839450+08:00,2026-09-15T21:29:09.859132+08:00,1789478949839450000,1789478949859132000,19682.000,19.682000,/dev/cu.usbserial-1120,/dev/cu.usbserial-A50285BI,643,11F702147B5D0D3534498349CC6A753474BB2217E0AF49B56AEC2F8906CA
2026-09-15T21:29:10.381594+08:00,2026-09-15T21:29:10.411820+08:00,1789478950381594000,1789478950411820000,30226.000,30.226000,/dev/cu.usbserial-1120,/dev/cu.usbserial-A50285BI,644,11F86EA3E98A8446F8561743F3FD09145E6B40B733E93250491A337E82B1
2026-09-15T21:29:10.923735+08:00,2026-09-15T21:29:10.943190+08:00,1789478950923735000,1789478950943190000,19455.000,19.455000,/dev/cu.usbserial-1120,/dev/cu.usbserial-A50285BI,645,11F97E79B7F305F065F0F8A4148117C48B00B807B5CA988C517662715DD2
2026-09-15T21:29:11.465960+08:00,2026-09-15T21:29:11.496254+08:00,1789478951465960000,1789478951496254000,30294.000,30.294000,/dev/cu.usbserial-1120,/dev/cu.usbserial-A50285BI,646,11FAFF3540A2A3CEBA1794898C11B8A6E614E6AF950CE99CE9C153A86718
2026-09-15T21:29:12.007993+08:00,2026-09-15T21:29:12.027599+08:00,1789478952007993000,1789478952027599000,19606.000,19.606000,/dev/cu.usbserial-1120,/dev/cu.usbserial-A50285BI,647,11FB08F1340F86D23C76F501256EF267F7A31BC288495AFDA8D7F24A1186
2026-09-15T21:29:12.550358+08:00,2026-09-15T21:29:12.580642+08:00,1789478952550358000,1789478952580642000,30284.000,30.284000,/dev/cu.usbserial-1120,/dev/cu.usbserial-A50285BI,648,11FC4B050D887E49E5099F4E0DE6CC891130F9813D5F7A730F564DA55E1B
2026-09-15T21:29:13.092557+08:00,2026-09-15T21:29:13.111863+08:00,1789478953092557000,1789478953111863000,19306.000,19.306000,/dev/cu.usbserial-1120,/dev/cu.usbserial-A50285BI,649,11FD2D8A4752589BDB7E1AF089F722A04CAB81DE959481D0F8FD2B2E9674
2026-09-15T21:29:13.634635+08:00,2026-09-15T21:29:13.664656+08:00,1789478953634635000,1789478953664656000,30021.000,30.021000,/dev/cu.usbserial-1120,/dev/cu.usbserial-A50285BI,650,11FE969F4D8EF1D4A05D506168B2375E3813E7C1917B6A79CBD4604BBE35
2026-09-15T21:29:14.176578+08:00,2026-09-15T21:29:14.195551+08:00,1789478954176578000,1789478954195551000,18973.000,18.973000,/dev/cu.usbserial-1120,/dev/cu.usbserial-A50285BI,651,11FF886D33DB0DE40DE9969E37E00C4F4DDC2A0C0994C6A8740FE1D2C827
2026-09-15T21:29:14.718730+08:00,2026-09-15T21:29:14.748522+08:00,1789478954718730000,1789478954748522000,29792.000,29.792000,/dev/cu.usbserial-1120,/dev/cu.usbserial-A50285BI,652,120070EB27BFE8A8FFC38B6C38E475622211655E21B44C7116B1974E8C1F
2026-09-15T21:29:15.260669+08:00,2026-09-15T21:29:15.280125+08:00,1789478955260669000,1789478955280125000,19456.000,19.456000,/dev/cu.usbserial-1120,/dev/cu.usbserial-A50285BI,653,12013D60A7C487A7CD53A3561165E62E6437E4987A2932857DF2F60674A4
2026-09-15T21:29:15.802839+08:00,2026-09-15T21:29:15.832970+08:00,1789478955802839000,1789478955832970000,30131.000,30.131000,/dev/cu.usbserial-1120,/dev/cu.usbserial-A50285BI,654,120233AA7263D69B7EE57F7746A911EF82F7F822299A3DB757604BBDF94E
2026-09-15T21:29:16.345012+08:00,2026-09-15T21:29:16.364195+08:00,1789478956345012000,1789478956364195000,19183.000,19.183000,/dev/cu.usbserial-1120,/dev/cu.usbserial-A50285BI,655,12037E423EA371B5BD9304FC66C030542A788AEC6AB1984121C5D738D0EE
2026-09-15T21:29:16.887079+08:00,2026-09-15T21:29:16.917327+08:00,1789478956887079000,1789478956917327000,30248.000,30.248000,/dev/cu.usbserial-1120,/dev/cu.usbserial-A50285BI,656,120488FD2D7F3E9D8AE82966076720FA778F7035137A67C5E1CD9E82E270
2026-09-15T21:29:17.429365+08:00,2026-09-15T21:29:17.448444+08:00,1789478957429365000,1789478957448444000,19079.000,19.079000,/dev/cu.usbserial-1120,/dev/cu.usbserial-A50285BI,657,12050A91FE0AC23DB03F8E9071A933B5E597810DC88818139766FEF0FE82
2026-09-15T21:29:17.971510+08:00,2026-09-15T21:29:18.002183+08:00,1789478957971510000,1789478958002183000,30673.000,30.673000,/dev/cu.usbserial-1120,/dev/cu.usbserial-A50285BI,658,1206E3DD05532E3DF9EECF761B45C4930B1F689BF2DB7EAF72E401E54FF3
2026-09-15T21:29:18.513704+08:00,2026-09-15T21:29:18.533406+08:00,1789478958513704000,1789478958533406000,19702.000,19.702000,/dev/cu.usbserial-1120,/dev/cu.usbserial-A50285BI,659,1207A9E7DA083D4C21269CB2D8D1899F0548391D6F839E0FC4EB72558DDB
2026-09-15T21:29:19.055774+08:00,2026-09-15T21:29:19.086270+08:00,1789478959055774000,1789478959086270000,30496.000,30.496000,/dev/cu.usbserial-1120,/dev/cu.usbserial-A50285BI,660,120802A4D2DBBF228D9786C4CFA1AB68B4EBC7B1080246A6B60BAF0AF47F
2026-09-15T21:29:19.597798+08:00,2026-09-15T21:29:19.617325+08:00,1789478959597798000,1789478959617325000,19527.000,19.527000,/dev/cu.usbserial-1120,/dev/cu.usbserial-A50285BI,661,1209B27930A6F347B9D499182E66953FA77BB2D7A57361A4BA2942A7F7F0
2026-09-15T21:29:20.140006+08:00,2026-09-15T21:29:20.170505+08:00,1789478960140006000,1789478960170505000,30499.000,30.499000,/dev/cu.usbserial-1120,/dev/cu.usbserial-A50285BI,662,120A72831A4E9792747BACC69C988D42D6AF42B4416E0B79C2A3306EB376
2026-09-15T21:29:20.682084+08:00,2026-09-15T21:29:20.701639+08:00,1789478960682084000,1789478960701639000,19555.000,19.555000,/dev/cu.usbserial-1120,/dev/cu.usbserial-A50285BI,663,120B85974C6ABF72CD127A197193061A13DDF5179CA8651C34310EC324B1
2026-09-15T21:29:21.224405+08:00,2026-09-15T21:29:21.254811+08:00,1789478961224405000,1789478961254811000,30406.000,30.406000,/dev/cu.usbserial-1120,/dev/cu.usbserial-A50285BI,664,120C0A098DA267EFCBB16FD0A681B2853F26D83BB55C280F9A8BD76E197B
2026-09-15T21:29:21.766433+08:00,2026-09-15T21:29:21.785955+08:00,1789478961766433000,1789478961785955000,19522.000,19.522000,/dev/cu.usbserial-1120,/dev/cu.usbserial-A50285BI,665,120D112FE3D7C96DDE6341268DFD58953D55974FF56CF91F1BCD7EA3E68E
2026-09-15T21:29:22.308598+08:00,2026-09-15T21:29:22.338837+08:00,1789478962308598000,1789478962338837000,30239.000,30.239000,/dev/cu.usbserial-1120,/dev/cu.usbserial-A50285BI,666,120E6EA387056E34174B44913F726AB4A98654B82A4481EEAC9C44C1DCE8
2026-09-15T21:29:22.850597+08:00,2026-09-15T21:29:22.870013+08:00,1789478962850597000,1789478962870013000,19416.000,19.416000,/dev/cu.usbserial-1120,/dev/cu.usbserial-A50285BI,667,120F4F4A99EA04B217887B4BD746536E4787391238833A310407C8DB7BF0
2026-09-15T21:29:23.392707+08:00,2026-09-15T21:29:23.423090+08:00,1789478963392707000,1789478963423090000,30383.000,30.383000,/dev/cu.usbserial-1120,/dev/cu.usbserial-A50285BI,668,12108E169265F47DCAD8709461BA92EC3C01CEFA8F5A08B8522EE2F96457
2026-09-15T21:29:23.934764+08:00,2026-09-15T21:29:23.954388+08:00,1789478963934764000,1789478963954388000,19624.000,19.624000,/dev/cu.usbserial-1120,/dev/cu.usbserial-A50285BI,669,1211C58D7B9FB019D3FDC3B3928E8A40FD540B8D5DB28E30AFA32F1D0EBE
2026-09-15T21:29:24.476854+08:00,2026-09-15T21:29:24.507290+08:00,1789478964476854000,1789478964507290000,30436.000,30.436000,/dev/cu.usbserial-1120,/dev/cu.usbserial-A50285BI,670,12122407E1EACF7CC4E083BF3765166409452BAE820F3CA853926A063F1A
2026-09-15T21:29:25.018855+08:00,2026-09-15T21:29:25.038641+08:00,1789478965018855000,1789478965038641000,19786.000,19.786000,/dev/cu.usbserial-1120,/dev/cu.usbserial-A50285BI,671,121304B9856AD95414793E216EEDDE0258584409473529D789A17FB536D9
2026-09-15T21:29:25.561523+08:00,2026-09-15T21:29:25.591861+08:00,1789478965561523000,1789478965591861000,30338.000,30.338000,/dev/cu.usbserial-1120,/dev/cu.usbserial-A50285BI,672,12143974D677E104CF6CD7D795BC6AF390FD98DACC8DA51A63965EB2AAC3
2026-09-15T21:29:26.103338+08:00,2026-09-15T21:29:26.123009+08:00,1789478966103338000,1789478966123009000,19671.000,19.671000,/dev/cu.usbserial-1120,/dev/cu.usbserial-A50285BI,673,12152A2B1EBFD6720D721C7804FAF888FC6BAB6B43478C3D2BBC920D76A0
2026-09-15T21:29:26.645410+08:00,2026-09-15T21:29:26.676213+08:00,1789478966645410000,1789478966676213000,30803.000,30.803000,/dev/cu.usbserial-1120,/dev/cu.usbserial-A50285BI,674,1216A1387C2D9783227C16F97BC20F8A3B4E1360E03E5A009F048F260F9D
2026-09-15T21:29:27.187509+08:00,2026-09-15T21:29:27.207143+08:00,1789478967187509000,1789478967207143000,19634.000,19.634000,/dev/cu.usbserial-1120,/dev/cu.usbserial-A50285BI,675,1217615D978BCA6099971D335B48D201B92112B48D9E0157DAEDCD2BBB6D
2026-09-15T21:29:27.729870+08:00,2026-09-15T21:29:27.760307+08:00,1789478967729870000,1789478967760307000,30437.000,30.437000,/dev/cu.usbserial-1120,/dev/cu.usbserial-A50285BI,676,12187B8A0EE76C80DF8FB22396B815B6E15AE3815F467B6E112398638130
2026-09-15T21:29:28.271965+08:00,2026-09-15T21:29:28.291424+08:00,1789478968271965000,1789478968291424000,19459.000,19.459000,/dev/cu.usbserial-1120,/dev/cu.usbserial-A50285BI,677,12195E63B0B82664C1540AEE66E32F780E4AD582CBEC207105E8A32FE116
2026-09-15T21:29:28.813926+08:00,2026-09-15T21:29:28.844441+08:00,1789478968813926000,1789478968844441000,30515.000,30.515000,/dev/cu.usbserial-1120,/dev/cu.usbserial-A50285BI,678,121AB27F6FBF6421961E6AA9BF9A931F44C11B579704B70F323561CA42C1
2026-09-15T21:29:29.356243+08:00,2026-09-15T21:29:29.375725+08:00,1789478969356243000,1789478969375725000,19482.000,19.482000,/dev/cu.usbserial-1120,/dev/cu.usbserial-A50285BI,679,121BE36F13AD25A03A5138DB84D71E53A1735F8C90604DB9CA9E12D52E6C
2026-09-15T21:29:29.898207+08:00,2026-09-15T21:29:29.928673+08:00,1789478969898207000,1789478969928673000,30466.000,30.466000,/dev/cu.usbserial-1120,/dev/cu.usbserial-A50285BI,680,121C7E83AF8792A7BF21CBC07AA0300C931B1B5AFF95C7AD63F79D953ECF
2026-09-15T21:29:30.440196+08:00,2026-09-15T21:29:30.459669+08:00,1789478970440196000,1789478970459669000,19473.000,19.473000,/dev/cu.usbserial-1120,/dev/cu.usbserial-A50285BI,681,121D3E4ED6CB4F95E4F4084EFFAA7CD7C963A62ADB2237B571B921F9D5C0
2026-09-15T21:29:31.524467+08:00,2026-09-15T21:29:31.555889+08:00,1789478971524467000,1789478971555889000,31422.000,31.422000,/dev/cu.usbserial-1120,/dev/cu.usbserial-A50285BI,682,121FC7E8FDF1F79D4CDA69328DDD6FA2049EAACB95DB5BC7EE24680E7459
2026-09-15T21:29:32.066605+08:00,2026-09-15T21:29:32.096862+08:00,1789478972066605000,1789478972096862000,30257.000,30.257000,/dev/cu.usbserial-1120,/dev/cu.usbserial-A50285BI,683,12203148EFE810F3F4C3B2B91624198ECC006D8D204C86901DF33991F692
2026-09-15T21:29:32.608765+08:00,2026-09-15T21:29:32.628074+08:00,1789478972608765000,1789478972628074000,19309.000,19.309000,/dev/cu.usbserial-1120,/dev/cu.usbserial-A50285BI,684,122166C4F6F9BE702B625591D26FEB2F81E5FA7C172B7FB0648088A597FF
2026-09-15T21:29:33.150729+08:00,2026-09-15T21:29:33.180930+08:00,1789478973150729000,1789478973180930000,30201.000,30.201000,/dev/cu.usbserial-1120,/dev/cu.usbserial-A50285BI,685,122282326B544047113CCBCDDCBEEC3BAE2B7AF826D6647487947D0467F2
2026-09-15T21:29:33.693229+08:00,2026-09-15T21:29:33.712565+08:00,1789478973693229000,1789478973712565000,19336.000,19.336000,/dev/cu.usbserial-1120,/dev/cu.usbserial-A50285BI,686,12230A811C390DA0E6235010DC5A305698B42F68A230370B9DB0AFEC3374
2026-09-15T21:29:34.234997+08:00,2026-09-15T21:29:34.265226+08:00,1789478974234997000,1789478974265226000,30229.000,30.229000,/dev/cu.usbserial-1120,/dev/cu.usbserial-A50285BI,687,12243F81C25A649DC3D8B3D6FEB5EC97708AC603F7FC7490C3B6FB607D29
2026-09-15T21:29:34.777283+08:00,2026-09-15T21:29:34.796603+08:00,1789478974777283000,1789478974796603000,19320.000,19.320000,/dev/cu.usbserial-1120,/dev/cu.usbserial-A50285BI,688,1225335E34039E1D0C70EC71A5134AC94CC36E53E40664CD934E152C2CF5
2026-09-15T21:29:35.319343+08:00,2026-09-15T21:29:35.349489+08:00,1789478975319343000,1789478975349489000,30146.000,30.146000,/dev/cu.usbserial-1120,/dev/cu.usbserial-A50285BI,689,12269CF05FFA4942A27971D3DEECFC73DA24AC7368052DBC5204E2AC0262
2026-09-15T21:29:35.861560+08:00,2026-09-15T21:29:35.880786+08:00,1789478975861560000,1789478975880786000,19226.000,19.226000,/dev/cu.usbserial-1120,/dev/cu.usbserial-A50285BI,690,12276AB4F325F4B2DBDB470F950E9098D086EA1D7A41B0CCEA33824BD0BE
2026-09-15T21:29:36.945649+08:00,2026-09-15T21:29:36.976871+08:00,1789478976945649000,1789478976976871000,31222.000,31.222000,/dev/cu.usbserial-1120,/dev/cu.usbserial-A50285BI,691,1229C377766ADE86BBAF8C65FE3826AEFFAD61456875133573F3C6485983
2026-09-15T21:29:37.487757+08:00,2026-09-15T21:29:37.518076+08:00,1789478977487757000,1789478977518076000,30319.000,30.319000,/dev/cu.usbserial-1120,/dev/cu.usbserial-A50285BI,692,122AFE687E334AB85E410D723559097F718BB0D8D80E2B9F79B726FC5437
2026-09-15T21:29:38.029838+08:00,2026-09-15T21:29:38.049661+08:00,1789478978029838000,1789478978049661000,19823.000,19.823000,/dev/cu.usbserial-1120,/dev/cu.usbserial-A50285BI,693,122B62B8C817F89CC1756E889E7C7B52E3A49A64A3AF5114AB5F3EC26EF7
2026-09-15T21:29:38.572113+08:00,2026-09-15T21:29:38.602554+08:00,1789478978572113000,1789478978602554000,30441.000,30.441000,/dev/cu.usbserial-1120,/dev/cu.usbserial-A50285BI,694,122CE6B3B5783DB00398F55EC982875C4E51021F5C4A968DABDBE05A0F57
2026-09-15T21:29:39.114102+08:00,2026-09-15T21:29:39.134088+08:00,1789478979114102000,1789478979134088000,19986.000,19.986000,/dev/cu.usbserial-1120,/dev/cu.usbserial-A50285BI,695,122DF326606F2A532D70B0A8203FCCA72F14EDAE88F979D039015671A349
2026-09-15T21:29:39.656128+08:00,2026-09-15T21:29:39.686907+08:00,1789478979656128000,1789478979686907000,30779.000,30.779000,/dev/cu.usbserial-1120,/dev/cu.usbserial-A50285BI,696,122E34A39DB0A1436756CAD355D512163742556E8BE2F9F562ACB95D1283
2026-09-15T21:29:40.198383+08:00,2026-09-15T21:29:40.218273+08:00,1789478980198383000,1789478980218273000,19890.000,19.890000,/dev/cu.usbserial-1120,/dev/cu.usbserial-A50285BI,697,122F3088A13028E7EC21A0939AE39F2CC561BB7562DA68AC74A301AAF4A2
2026-09-15T21:29:40.740515+08:00,2026-09-15T21:29:40.771258+08:00,1789478980740515000,1789478980771258000,30743.000,30.743000,/dev/cu.usbserial-1120,/dev/cu.usbserial-A50285BI,698,123098BF7F867E4BBDC7911C9561488B13507F5514CA033AB73FDD588311
2026-09-15T21:29:41.282640+08:00,2026-09-15T21:29:41.302426+08:00,1789478981282640000,1789478981302426000,19786.000,19.786000,/dev/cu.usbserial-1120,/dev/cu.usbserial-A50285BI,699,12315F445813F0ED17C397311148483D302AF2A5E7D34447DBC943DF4EA9
2026-09-15T21:29:41.824701+08:00,2026-09-15T21:29:41.855413+08:00,1789478981824701000,1789478981855413000,30712.000,30.712000,/dev/cu.usbserial-1120,/dev/cu.usbserial-A50285BI,700,12328D6A50E26A3CA43798E073F2D3B3B3E9263F5532F45831A5C5F9B216
2026-09-15T21:29:42.366602+08:00,2026-09-15T21:29:42.386426+08:00,1789478982366602000,1789478982386426000,19824.000,19.824000,/dev/cu.usbserial-1120,/dev/cu.usbserial-A50285BI,701,1233D2DC414F4FDB72D07A09F146688F2ACC8A48BBE3021C9B32A81D07FF
2026-09-15T21:29:42.908663+08:00,2026-09-15T21:29:42.939628+08:00,1789478982908663000,1789478982939628000,30965.000,30.965000,/dev/cu.usbserial-1120,/dev/cu.usbserial-A50285BI,702,1234DA63306907A8A66BFBA28291E824567738F3D6071469436EB4CC9BE3
2026-09-15T21:29:43.450996+08:00,2026-09-15T21:29:43.470613+08:00,1789478983450996000,1789478983470613000,19617.000,19.617000,/dev/cu.usbserial-1120,/dev/cu.usbserial-A50285BI,703,1235656C82175C7EEE7A3CBB963469B818DE0A04ED04E0030D5CCA8D61C3
2026-09-15T21:29:43.993329+08:00,2026-09-15T21:29:44.023758+08:00,1789478983993329000,1789478984023758000,30429.000,30.429000,/dev/cu.usbserial-1120,/dev/cu.usbserial-A50285BI,704,12361446EDFB83BBB92621418401C98E28E27114CC703A21CB2439B86783
2026-09-15T21:29:44.535214+08:00,2026-09-15T21:29:44.554918+08:00,1789478984535214000,1789478984554918000,19704.000,19.704000,/dev/cu.usbserial-1120,/dev/cu.usbserial-A50285BI,705,1237032D2E18FA8228335A84C66403A58AB6049875ACEBAF35FDCFF40B0E
2026-09-15T21:29:45.077489+08:00,2026-09-15T21:29:45.108108+08:00,1789478985077489000,1789478985108108000,30619.000,30.619000,/dev/cu.usbserial-1120,/dev/cu.usbserial-A50285BI,706,12381A097E3317C0C1A63F79E543433FBF09D9A19751475295CCB080EC3E
2026-09-15T21:29:45.619544+08:00,2026-09-15T21:29:45.639262+08:00,1789478985619544000,1789478985639262000,19718.000,19.718000,/dev/cu.usbserial-1120,/dev/cu.usbserial-A50285BI,707,123921F4C3FC5BEEE8265EBE33A5BA22BCE39563BC4D7B2E448AE833A078
2026-09-15T21:29:46.161766+08:00,2026-09-15T21:29:46.192252+08:00,1789478986161766000,1789478986192252000,30486.000,30.486000,/dev/cu.usbserial-1120,/dev/cu.usbserial-A50285BI,708,123A977F88EB899A0C24D4603D1330A09C4D437644CBA869D668C1432819
2026-09-15T21:29:46.704020+08:00,2026-09-15T21:29:46.723947+08:00,1789478986704020000,1789478986723947000,19927.000,19.927000,/dev/cu.usbserial-1120,/dev/cu.usbserial-A50285BI,709,123B41B4ADEA78A5A2BC5D5DFEC05D5617B2E6DD14D6B26C16B3D4C72592
2026-09-15T21:29:47.246082+08:00,2026-09-15T21:29:47.276541+08:00,1789478987246082000,1789478987276541000,30459.000,30.459000,/dev/cu.usbserial-1120,/dev/cu.usbserial-A50285BI,710,123C83D9DCB5AA4CD5582BEAD269F7B6B006CFC90CBAD7EEB277DFFDCA53
2026-09-15T21:29:47.788144+08:00,2026-09-15T21:29:47.807778+08:00,1789478987788144000,1789478987807778000,19634.000,19.634000,/dev/cu.usbserial-1120,/dev/cu.usbserial-A50285BI,711,123D71F8C1039AE7F81879732FFB8945B0A9AE1C3B2F00B0B5E55B4A8F6A
2026-09-15T21:29:48.330302+08:00,2026-09-15T21:29:48.360959+08:00,1789478988330302000,1789478988360959000,30657.000,30.657000,/dev/cu.usbserial-1120,/dev/cu.usbserial-A50285BI,712,123EA320F763D872C1F3DD6514F807A2D50B68AED336DA08B774CA04A9E9
2026-09-15T21:29:48.872508+08:00,2026-09-15T21:29:48.892254+08:00,1789478988872508000,1789478988892254000,19746.000,19.746000,/dev/cu.usbserial-1120,/dev/cu.usbserial-A50285BI,713,123FCA6AC3E6D4CD369B5FAD3E99244CC70FAD50DDC1A21ED4C7D3F03B0B
2026-09-15T21:29:49.414724+08:00,2026-09-15T21:29:49.445166+08:00,1789478989414724000,1789478989445166000,30442.000,30.442000,/dev/cu.usbserial-1120,/dev/cu.usbserial-A50285BI,714,124004BC81807CC565224CFD1FB26021502F4793AA13C2F65F530E8C4B14
2026-09-15T21:29:49.957060+08:00,2026-09-15T21:29:49.976596+08:00,1789478989957060000,1789478989976596000,19536.000,19.536000,/dev/cu.usbserial-1120,/dev/cu.usbserial-A50285BI,715,1241F14FE02D87D0D560CAD38E58E2A84A6232480FEB1E3355BE9E0B75FA
2026-09-15T21:29:50.499108+08:00,2026-09-15T21:29:50.529337+08:00,1789478990499108000,1789478990529337000,30229.000,30.229000,/dev/cu.usbserial-1120,/dev/cu.usbserial-A50285BI,716,124284F0CFD48D9BBE1229393D430A0D56BF6FC44E612D97920782235FC6
2026-09-15T21:29:51.041529+08:00,2026-09-15T21:29:51.060526+08:00,1789478991041529000,1789478991060526000,18997.000,18.997000,/dev/cu.usbserial-1120,/dev/cu.usbserial-A50285BI,717,1243990835EEDD43F9C1FE4CEDF2C4EF50DF96EBD48EC94CC469AA88F2B9
2026-09-15T21:29:51.583634+08:00,2026-09-15T21:29:51.613327+08:00,1789478991583634000,1789478991613327000,29693.000,29.693000,/dev/cu.usbserial-1120,/dev/cu.usbserial-A50285BI,718,12444A5C61E40C64B767EF7D61919CDB84052FE9A7EDC5E321FECA354430
2026-09-15T21:29:52.125880+08:00,2026-09-15T21:29:52.144704+08:00,1789478992125880000,1789478992144704000,18824.000,18.824000,/dev/cu.usbserial-1120,/dev/cu.usbserial-A50285BI,719,1245FF92463B4ED5F3D04D98159C94959EFEBFBF9B82421FD925F0705548
2026-09-15T21:29:52.668021+08:00,2026-09-15T21:29:52.698442+08:00,1789478992668021000,1789478992698442000,30421.000,30.421000,/dev/cu.usbserial-1120,/dev/cu.usbserial-A50285BI,720,124649796570862EA7C36686AD42B61B65C7A3834ABEBF704CA3D58A803F
2026-09-15T21:29:53.210238+08:00,2026-09-15T21:29:53.229599+08:00,1789478993210238000,1789478993229599000,19361.000,19.361000,/dev/cu.usbserial-1120,/dev/cu.usbserial-A50285BI,721,12476D0787A21E10C0DF96D42D8A6A6826F29E65C01FF440FA8AF567AD9F
2026-09-15T21:29:53.752254+08:00,2026-09-15T21:29:53.782471+08:00,1789478993752254000,1789478993782471000,30217.000,30.217000,/dev/cu.usbserial-1120,/dev/cu.usbserial-A50285BI,722,1248C02132F39622D04521F1EC3687FAF0C83372F7985EEF3DDC5FC3491A
2026-09-15T21:29:54.294398+08:00,2026-09-15T21:29:54.313744+08:00,1789478994294398000,1789478994313744000,19346.000,19.346000,/dev/cu.usbserial-1120,/dev/cu.usbserial-A50285BI,723,1249B81CD7AEDCDC87F9C13948692A14832DB21A07B5979DB7EC4C30F535
2026-09-15T21:29:54.836588+08:00,2026-09-15T21:29:54.866612+08:00,1789478994836588000,1789478994866612000,30024.000,30.024000,/dev/cu.usbserial-1120,/dev/cu.usbserial-A50285BI,724,124ABD04CD276006E20700B4190948C3074612721B7D6DAC8B8970E0FFA6
2026-09-15T21:29:55.378726+08:00,2026-09-15T21:29:55.397893+08:00,1789478995378726000,1789478995397893000,19167.000,19.167000,/dev/cu.usbserial-1120,/dev/cu.usbserial-A50285BI,725,124BC2A10064E4FD1F67459DE5E404A17EDB83382414B0024CDC1227937C
2026-09-15T21:29:55.920602+08:00,2026-09-15T21:29:55.950706+08:00,1789478995920602000,1789478995950706000,30104.000,30.104000,/dev/cu.usbserial-1120,/dev/cu.usbserial-A50285BI,726,124C9534677E16B9759FAEA3D693BF5AF97BC0994E27C811B80BDCBDB003
2026-09-15T21:29:56.462695+08:00,2026-09-15T21:29:56.481991+08:00,1789478996462695000,1789478996481991000,19296.000,19.296000,/dev/cu.usbserial-1120,/dev/cu.usbserial-A50285BI,727,124DF80439C6DF90872CA2F06E1FF2F08C6327B435050C9723A470C6DA63
2026-09-15T21:29:57.005116+08:00,2026-09-15T21:29:57.035733+08:00,1789478997005116000,1789478997035733000,30617.000,30.617000,/dev/cu.usbserial-1120,/dev/cu.usbserial-A50285BI,728,124E6E9ADDAA77B9939F24EDF667BDBF011D89DBD78ED323B3BBC191930C
2026-09-15T21:29:57.547189+08:00,2026-09-15T21:29:57.567103+08:00,1789478997547189000,1789478997567103000,19914.000,19.914000,/dev/cu.usbserial-1120,/dev/cu.usbserial-A50285BI,729,124FD4CDA4543E926C88E7C1B93F3E424DE9C09E46CF495D4FCE1D2089D3
2026-09-15T21:29:58.089415+08:00,2026-09-15T21:29:58.119720+08:00,1789478998089415000,1789478998119720000,30305.000,30.305000,/dev/cu.usbserial-1120,/dev/cu.usbserial-A50285BI,730,1250B67F37154BA02B16259CF457A192C5DE038724680104566E0C6D8DDA
2026-09-15T21:29:58.631525+08:00,2026-09-15T21:29:58.650964+08:00,1789478998631525000,1789478998650964000,19439.000,19.439000,/dev/cu.usbserial-1120,/dev/cu.usbserial-A50285BI,731,12515C23D086C259A6792DB78AE0F9B00ECEFBA4CDB34DB5129EDA694932
2026-09-15T21:29:59.173632+08:00,2026-09-15T21:29:59.203823+08:00,1789478999173632000,1789478999203823000,30191.000,30.191000,/dev/cu.usbserial-1120,/dev/cu.usbserial-A50285BI,732,1252A804296AE9A39F0CC01879EED389D7EC94C752A54F6FE9F8F4C3B041
2026-09-15T21:29:59.715783+08:00,2026-09-15T21:29:59.734947+08:00,1789478999715783000,1789478999734947000,19164.000,19.164000,/dev/cu.usbserial-1120,/dev/cu.usbserial-A50285BI,733,1253A2463754F719BB351A180F9D85B4482E938F2B70CDD95893F46D33E4
2026-09-15T21:30:00.258000+08:00,2026-09-15T21:30:00.287816+08:00,1789479000258000000,1789479000287816000,29816.000,29.816000,/dev/cu.usbserial-1120,/dev/cu.usbserial-A50285BI,734,1254CEAA960BB112370AD1A5DAF549FB3871EA24ABEFC73F9EA67DDDB752
2026-09-15T21:30:00.800083+08:00,2026-09-15T21:30:00.818980+08:00,1789479000800083000,1789479000818980000,18897.000,18.897000,/dev/cu.usbserial-1120,/dev/cu.usbserial-A50285BI,735,12554313C1AEB5615BB25F46628D0C9F2061CDC331C0C86039EAC61447C4
2026-09-15T21:30:01.342091+08:00,2026-09-15T21:30:01.371957+08:00,1789479001342091000,1789479001371957000,29866.000,29.866000,/dev/cu.usbserial-1120,/dev/cu.usbserial-A50285BI,736,12567ACB089892DBAC8F7FE198EF0559D01482FF2230FEE913C2F6618BD8
2026-09-15T21:30:01.884282+08:00,2026-09-15T21:30:01.903328+08:00,1789479001884282000,1789479001903328000,19046.000,19.046000,/dev/cu.usbserial-1120,/dev/cu.usbserial-A50285BI,737,1257E88440049E9BE21F3B3C0BC00621E57AF9C399D909BE7B1B34E4F6AF
2026-09-15T21:30:02.426274+08:00,2026-09-15T21:30:02.456246+08:00,1789479002426274000,1789479002456246000,29972.000,29.972000,/dev/cu.usbserial-1120,/dev/cu.usbserial-A50285BI,738,12584C1E396F85079E9CBF47DF9D94AFF7772119D90B95FDD4137BD3C1DB
2026-09-15T21:30:02.968606+08:00,2026-09-15T21:30:02.987567+08:00,1789479002968606000,1789479002987567000,18961.000,18.961000,/dev/cu.usbserial-1120,/dev/cu.usbserial-A50285BI,739,1259C72DF2BFA290DA68F5167CC5B7C494CBF7AC88EDA9C20D5A307F99FA
2026-09-15T21:30:03.510663+08:00,2026-09-15T21:30:03.540609+08:00,1789479003510663000,1789479003540609000,29946.000,29.946000,/dev/cu.usbserial-1120,/dev/cu.usbserial-A50285BI,740,125AAF378D26103B1E2AD0AE077B9128F0B75E0C9C62BBA9D65A7413191F
2026-09-15T21:30:04.052775+08:00,2026-09-15T21:30:04.072163+08:00,1789479004052775000,1789479004072163000,19388.000,19.388000,/dev/cu.usbserial-1120,/dev/cu.usbserial-A50285BI,741,125B23BF02C57EE176B566869327AF715760B0B513AB8A168D183920F8F7
2026-09-15T21:30:04.594762+08:00,2026-09-15T21:30:04.624846+08:00,1789479004594762000,1789479004624846000,30084.000,30.084000,/dev/cu.usbserial-1120,/dev/cu.usbserial-A50285BI,742,125C5C059512C43825AEBECA1540208768F016D064CFAA36FCD715DB00A6
2026-09-15T21:30:05.137073+08:00,2026-09-15T21:30:05.156065+08:00,1789479005137073000,1789479005156065000,18992.000,18.992000,/dev/cu.usbserial-1120,/dev/cu.usbserial-A50285BI,743,125DC78907FA388F18EB6D5F1BEC49E9027F99B5B7BBDDC3C47FD723C474
2026-09-15T21:30:05.679367+08:00,2026-09-15T21:30:05.710224+08:00,1789479005679367000,1789479005710224000,30857.000,30.857000,/dev/cu.usbserial-1120,/dev/cu.usbserial-A50285BI,744,125ED5538DC4BF5B1A9CE0AA3B6274AFFBB6F637D52A268995C2DC43102A
2026-09-15T21:30:06.221335+08:00,2026-09-15T21:30:06.241297+08:00,1789479006221335000,1789479006241297000,19962.000,19.962000,/dev/cu.usbserial-1120,/dev/cu.usbserial-A50285BI,745,125F8FF283BAA474CC2A780F4B152C4D952F339DDF459DAB25F9207A1D3B
2026-09-15T21:30:06.763667+08:00,2026-09-15T21:30:06.794132+08:00,1789479006763667000,1789479006794132000,30465.000,30.465000,/dev/cu.usbserial-1120,/dev/cu.usbserial-A50285BI,746,1260EB47DF872B1E51E05A3854904A1BB09CF570C00901A3DCD2163D8BA4
2026-09-15T21:30:07.305783+08:00,2026-09-15T21:30:07.325432+08:00,1789479007305783000,1789479007325432000,19649.000,19.649000,/dev/cu.usbserial-1120,/dev/cu.usbserial-A50285BI,747,1261E001655FE3C8CA4D021C4520CD97BDAE8DFA616B110C51AA37390D93
2026-09-15T21:30:07.847936+08:00,2026-09-15T21:30:07.878199+08:00,1789479007847936000,1789479007878199000,30263.000,30.263000,/dev/cu.usbserial-1120,/dev/cu.usbserial-A50285BI,748,126239E69EE3BD9586679BBD69366C6778B1D688A13C9A2278B95A19E3C9
2026-09-15T21:30:08.389900+08:00,2026-09-15T21:30:08.409371+08:00,1789479008389900000,1789479008409371000,19471.000,19.471000,/dev/cu.usbserial-1120,/dev/cu.usbserial-A50285BI,749,12632BD688C1DF9DF86E0FAE9889EB1F53F8C17402CB4E0496F1C80B0BBE
2026-09-15T21:30:08.932202+08:00,2026-09-15T21:30:08.962369+08:00,1789479008932202000,1789479008962369000,30167.000,30.167000,/dev/cu.usbserial-1120,/dev/cu.usbserial-A50285BI,750,1264A78E0C1D37F26694DF5B2FFD2EC5B3FEABE5214D59BDFAA50C023587
2026-09-15T21:30:09.474358+08:00,2026-09-15T21:30:09.493510+08:00,1789479009474358000,1789479009493510000,19152.000,19.152000,/dev/cu.usbserial-1120,/dev/cu.usbserial-A50285BI,751,12656E2D32B1D063655FB206BF441117DB477352EEFEB3076BEB8DBA7979
2026-09-15T21:30:10.016459+08:00,2026-09-15T21:30:10.046419+08:00,1789479010016459000,1789479010046419000,29960.000,29.960000,/dev/cu.usbserial-1120,/dev/cu.usbserial-A50285BI,752,1266E87A15B5E60207CCAE918648F489AA0A4DC9960634CC61C1DB7EC98C
2026-09-15T21:30:10.558576+08:00,2026-09-15T21:30:10.577521+08:00,1789479010558576000,1789479010577521000,18945.000,18.945000,/dev/cu.usbserial-1120,/dev/cu.usbserial-A50285BI,753,1267B3E2967DBA65D03288FFA045170F068E55F3401B6B6AF6F0CBAB267F
2026-09-15T21:30:11.100569+08:00,2026-09-15T21:30:11.130562+08:00,1789479011100569000,1789479011130562000,29993.000,29.993000,/dev/cu.usbserial-1120,/dev/cu.usbserial-A50285BI,754,1268FC42D2E625AD6BEB5BBAFBB8AA9E1656E5D57FEA2EBE99B244F294BF
2026-09-15T21:30:11.642577+08:00,2026-09-15T21:30:11.661670+08:00,1789479011642577000,1789479011661670000,19093.000,19.093000,/dev/cu.usbserial-1120,/dev/cu.usbserial-A50285BI,755,12698F685370ED491FB23A940EF9A17231FDA6568035EFDC8614D55FCC06
2026-09-15T21:30:12.184676+08:00,2026-09-15T21:30:12.214737+08:00,1789479012184676000,1789479012214737000,30061.000,30.061000,/dev/cu.usbserial-1120,/dev/cu.usbserial-A50285BI,756,126AAF580729D97A01CC868E48A84A0E98E0668408BAD3A0F71B0D1CB6C4
2026-09-15T21:30:12.726846+08:00,2026-09-15T21:30:12.745867+08:00,1789479012726846000,1789479012745867000,19021.000,19.021000,/dev/cu.usbserial-1120,/dev/cu.usbserial-A50285BI,757,126BA450F34F8494E8E8FF5947CB9F06E480AE9420D981E819A889F49341
2026-09-15T21:30:13.269116+08:00,2026-09-15T21:30:13.299098+08:00,1789479013269116000,1789479013299098000,29982.000,29.982000,/dev/cu.usbserial-1120,/dev/cu.usbserial-A50285BI,758,126C178CA5B3F20823C59B9FCFB25A7E3EA411AB8CF2BC9DBF1ACB97FC7D
2026-09-15T21:30:13.811003+08:00,2026-09-15T21:30:13.830340+08:00,1789479013811003000,1789479013830340000,19337.000,19.337000,/dev/cu.usbserial-1120,/dev/cu.usbserial-A50285BI,759,126D20C86CDDE624EC971700779FCC7053404361FE91B275D7B6CEA18DDC
2026-09-15T21:30:14.353159+08:00,2026-09-15T21:30:14.383307+08:00,1789479014353159000,1789479014383307000,30148.000,30.148000,/dev/cu.usbserial-1120,/dev/cu.usbserial-A50285BI,760,126E1A8948F2F096992851DD22286CB00517EF000E4A11799FC85C5B5F84
2026-09-15T21:30:14.895438+08:00,2026-09-15T21:30:14.914595+08:00,1789479014895438000,1789479014914595000,19157.000,19.157000,/dev/cu.usbserial-1120,/dev/cu.usbserial-A50285BI,761,126F3B19A25747B496BF52D6335A2FAEE020478EE663DD4695881C3E3883
2026-09-15T21:30:15.437577+08:00,2026-09-15T21:30:15.467821+08:00,1789479015437577000,1789479015467821000,30244.000,30.244000,/dev/cu.usbserial-1120,/dev/cu.usbserial-A50285BI,762,1270E655BA145B7D15C32B137E9C9CFF52AB5A90BE36021431BD6D3A83B2
2026-09-15T21:30:15.979668+08:00,2026-09-15T21:30:15.998999+08:00,1789479015979668000,1789479015998999000,19331.000,19.331000,/dev/cu.usbserial-1120,/dev/cu.usbserial-A50285BI,763,1271BD29E2F8285C811E8744FF589D9B9741288A0D53AA7A5422F4BAFF5B
2026-09-15T21:30:16.521805+08:00,2026-09-15T21:30:16.551961+08:00,1789479016521805000,1789479016551961000,30156.000,30.156000,/dev/cu.usbserial-1120,/dev/cu.usbserial-A50285BI,764,127277D56E804AB1B561FA684B5915E6774E75477A664DED7D8AF564399B
2026-09-15T21:30:17.063945+08:00,2026-09-15T21:30:17.083327+08:00,1789479017063945000,1789479017083327000,19382.000,19.382000,/dev/cu.usbserial-1120,/dev/cu.usbserial-A50285BI,765,127375F76877D30FEFAA1D4EC8F4356FB17F5FDC96DD8C0CBFC364A3BA87
2026-09-15T21:30:17.606276+08:00,2026-09-15T21:30:17.636296+08:00,1789479017606276000,1789479017636296000,30020.000,30.020000,/dev/cu.usbserial-1120,/dev/cu.usbserial-A50285BI,766,12741547065BDE4384475ADE9EE88D7934EAB06B4B47BC9D743CB8E4FE10
2026-09-15T21:30:18.148430+08:00,2026-09-15T21:30:18.167742+08:00,1789479018148430000,1789479018167742000,19312.000,19.312000,/dev/cu.usbserial-1120,/dev/cu.usbserial-A50285BI,767,1275C322DB84E11B531985176A04E23D12F2F2AA117C4354B06884A229A5
2026-09-15T21:30:18.690619+08:00,2026-09-15T21:30:18.720492+08:00,1789479018690619000,1789479018720492000,29873.000,29.873000,/dev/cu.usbserial-1120,/dev/cu.usbserial-A50285BI,768,1276D3C7CE05C4E2F9B831D7B78CC4EB33E64521E47FA45876E0C621799B
2026-09-15T21:30:19.232811+08:00,2026-09-15T21:30:19.251881+08:00,1789479019232811000,1789479019251881000,19070.000,19.070000,/dev/cu.usbserial-1120,/dev/cu.usbserial-A50285BI,769,12771062CC4FB4ACC859BE5B2C5ADD73CB6DF235F7255A84AC49FCFB7C4F
2026-09-15T21:30:19.775036+08:00,2026-09-15T21:30:19.805631+08:00,1789479019775036000,1789479019805631000,30595.000,30.595000,/dev/cu.usbserial-1120,/dev/cu.usbserial-A50285BI,770,127811CB3E99B6557671338B83C609078BA4BDE827756770CDF9F95E0107
2026-09-15T21:30:20.317173+08:00,2026-09-15T21:30:20.336825+08:00,1789479020317173000,1789479020336825000,19652.000,19.652000,/dev/cu.usbserial-1120,/dev/cu.usbserial-A50285BI,771,1279500C3B01FC499718D0F43F45285D9802FD5B2FCCAA2D625A7B11CE9A
2026-09-15T21:30:20.859361+08:00,2026-09-15T21:30:20.889604+08:00,1789479020859361000,1789479020889604000,30243.000,30.243000,/dev/cu.usbserial-1120,/dev/cu.usbserial-A50285BI,772,127AFBA67C70FA02CA2E60931BD1B5B63E016C199FC7F2D1300C7B3A15D5
2026-09-15T21:30:21.401399+08:00,2026-09-15T21:30:21.420617+08:00,1789479021401399000,1789479021420617000,19218.000,19.218000,/dev/cu.usbserial-1120,/dev/cu.usbserial-A50285BI,773,127B879212403655B53E5156430E14A2637DBD148CDFD5B830CB41E0A59A
2026-09-15T21:30:21.943637+08:00,2026-09-15T21:30:21.973776+08:00,1789479021943637000,1789479021973776000,30139.000,30.139000,/dev/cu.usbserial-1120,/dev/cu.usbserial-A50285BI,774,127C0708D89EE16BB02384614327AD7FBBD8F06D07D2408541153D31E2C8
2026-09-15T21:30:22.485763+08:00,2026-09-15T21:30:22.505206+08:00,1789479022485763000,1789479022505206000,19443.000,19.443000,/dev/cu.usbserial-1120,/dev/cu.usbserial-A50285BI,775,127D4101A8AF298F426EE313C17BBCC5BFE467F64DC6CCED9E89968274DC
2026-09-15T21:30:23.027992+08:00,2026-09-15T21:30:23.058308+08:00,1789479023027992000,1789479023058308000,30316.000,30.316000,/dev/cu.usbserial-1120,/dev/cu.usbserial-A50285BI,776,127E7B7C4E744AAC4E84B6C6ECFBE4025D80B676C12ED5320F0F8119C15A
2026-09-15T21:30:23.570190+08:00,2026-09-15T21:30:23.589432+08:00,1789479023570190000,1789479023589432000,19242.000,19.242000,/dev/cu.usbserial-1120,/dev/cu.usbserial-A50285BI,777,127F18823F6C67920C88B457B24F87A56EFE3CB19C694A6FE1BB51AB1AEB
2026-09-15T21:30:24.112453+08:00,2026-09-15T21:30:24.142545+08:00,1789479024112453000,1789479024142545000,30092.000,30.092000,/dev/cu.usbserial-1120,/dev/cu.usbserial-A50285BI,778,1280E5E907FD1DFEB7FDDA6BB3BCD77CEA497525602E4497957051A5B644
2026-09-15T21:30:24.654571+08:00,2026-09-15T21:30:24.673602+08:00,1789479024654571000,1789479024673602000,19031.000,19.031000,/dev/cu.usbserial-1120,/dev/cu.usbserial-A50285BI,779,128132DA8691D2560A2AFD6DF7C8AAFEDCC80C930FAA573D5945522D61CB
2026-09-15T21:30:25.196855+08:00,2026-09-15T21:30:25.226672+08:00,1789479025196855000,1789479025226672000,29817.000,29.817000,/dev/cu.usbserial-1120,/dev/cu.usbserial-A50285BI,780,1282A112D981D0366A3B1F58609810471503B1431F65AA1339AA05E6F2FA
2026-09-15T21:30:25.738854+08:00,2026-09-15T21:30:25.757730+08:00,1789479025738854000,1789479025757730000,18876.000,18.876000,/dev/cu.usbserial-1120,/dev/cu.usbserial-A50285BI,781,1283C0EA17B414AEE12A8338DF1FA4E6A201AE052AE6C633134908757F81
2026-09-15T21:30:26.281098+08:00,2026-09-15T21:30:26.311819+08:00,1789479026281098000,1789479026311819000,30721.000,30.721000,/dev/cu.usbserial-1120,/dev/cu.usbserial-A50285BI,782,12845717C205E547D061817067F7A457FC763AF8671C301E4EABC1C5512C
2026-09-15T21:30:26.823237+08:00,2026-09-15T21:30:26.842922+08:00,1789479026823237000,1789479026842922000,19685.000,19.685000,/dev/cu.usbserial-1120,/dev/cu.usbserial-A50285BI,783,1285812FFA6726C8631D19BBA40CC15003A08A0CDB79B78748A1ED0B9889
2026-09-15T21:30:27.365629+08:00,2026-09-15T21:30:27.395696+08:00,1789479027365629000,1789479027395696000,30067.000,30.067000,/dev/cu.usbserial-1120,/dev/cu.usbserial-A50285BI,784,12867BF171C86ABCC29448F26AFCB5BEABEBAA474DDD8CCE925EF58ADD47
2026-09-15T21:30:27.907522+08:00,2026-09-15T21:30:27.926955+08:00,1789479027907522000,1789479027926955000,19433.000,19.433000,/dev/cu.usbserial-1120,/dev/cu.usbserial-A50285BI,785,12873D4321B8CAB00AD41C92EE3F978D72590FC9FC37164CDC650515395E
2026-09-15T21:30:28.449939+08:00,2026-09-15T21:30:28.479903+08:00,1789479028449939000,1789479028479903000,29964.000,29.964000,/dev/cu.usbserial-1120,/dev/cu.usbserial-A50285BI,786,1288CBF9BDC8783F007088FAB608F02997A2EA8F11EB8153B028DB5849F2
2026-09-15T21:30:28.991872+08:00,2026-09-15T21:30:29.011129+08:00,1789479028991872000,1789479029011129000,19257.000,19.257000,/dev/cu.usbserial-1120,/dev/cu.usbserial-A50285BI,787,12894A5AEAB111CD81DAF6764FE88CC60A1C3DF9D5F419F3E06B62D5DFF6
2026-09-15T21:30:29.534251+08:00,2026-09-15T21:30:29.563838+08:00,1789479029534251000,1789479029563838000,29587.000,29.587000,/dev/cu.usbserial-1120,/dev/cu.usbserial-A50285BI,788,128AD3622C3BB415BB8F9FFEC1360F60245AAE0CA1C75B7CBF6CFDAE7792
2026-09-15T21:30:30.076187+08:00,2026-09-15T21:30:30.095305+08:00,1789479030076187000,1789479030095305000,19118.000,19.118000,/dev/cu.usbserial-1120,/dev/cu.usbserial-A50285BI,789,128B0AC6A0D9D6631CF79CBDC5304E8315951C7697FCC6C511C3A2276E44
2026-09-15T21:30:30.618565+08:00,2026-09-15T21:30:30.648988+08:00,1789479030618565000,1789479030648988000,30423.000,30.423000,/dev/cu.usbserial-1120,/dev/cu.usbserial-A50285BI,790,128C6CBB6E16D19F0C09BA52B2E059CA1FCCF45414AD7430C208ACE8F3C6
2026-09-15T21:30:31.160580+08:00,2026-09-15T21:30:31.180346+08:00,1789479031160580000,1789479031180346000,19766.000,19.766000,/dev/cu.usbserial-1120,/dev/cu.usbserial-A50285BI,791,128D6B74FAB2400F5CB010D73BBE592786AC43B5E29B6B6A57376F04BBB4
2026-09-15T21:30:31.702933+08:00,2026-09-15T21:30:31.733428+08:00,1789479031702933000,1789479031733428000,30495.000,30.495000,/dev/cu.usbserial-1120,/dev/cu.usbserial-A50285BI,792,128E396EDF8A0CDA7BEF50A4D9191DE7443089DB3015B2F526D58ABC76EB
2026-09-15T21:30:32.244979+08:00,2026-09-15T21:30:32.264750+08:00,1789479032244979000,1789479032264750000,19771.000,19.771000,/dev/cu.usbserial-1120,/dev/cu.usbserial-A50285BI,793,128F656D9A39444E6CC5DFD2083474727F0752464097246547D1FE0203B2
2026-09-15T21:30:32.787268+08:00,2026-09-15T21:30:32.817679+08:00,1789479032787268000,1789479032817679000,30411.000,30.411000,/dev/cu.usbserial-1120,/dev/cu.usbserial-A50285BI,794,129029430881AFE079D0A58033303BD4BAB7856FE433066C472B01BE6399
2026-09-15T21:30:33.329399+08:00,2026-09-15T21:30:33.348872+08:00,1789479033329399000,1789479033348872000,19473.000,19.473000,/dev/cu.usbserial-1120,/dev/cu.usbserial-A50285BI,795,12918055906A21F6A6B1A3D76EAF34FDCB847856A8B15996A15591D27123
2026-09-15T21:30:33.871413+08:00,2026-09-15T21:30:33.901494+08:00,1789479033871413000,1789479033901494000,30081.000,30.081000,/dev/cu.usbserial-1120,/dev/cu.usbserial-A50285BI,796,1292F9DD1E268F66E63448CEE7339BCA920FCABDCE77EED2EB5ACADD4D25
2026-09-15T21:30:34.413577+08:00,2026-09-15T21:30:34.432684+08:00,1789479034413577000,1789479034432684000,19107.000,19.107000,/dev/cu.usbserial-1120,/dev/cu.usbserial-A50285BI,797,12934CEFD5B9E2BB0E2E83AC1C4A78C265BFEE30FC283DB7D2C2F6C09BEA
2026-09-15T21:30:34.955771+08:00,2026-09-15T21:30:34.985715+08:00,1789479034955771000,1789479034985715000,29944.000,29.944000,/dev/cu.usbserial-1120,/dev/cu.usbserial-A50285BI,798,1294AF3C815A8D3C8C23964FCC6AB49F4BE288CAB60DF481C53267E3701D
2026-09-15T21:30:35.497760+08:00,2026-09-15T21:30:35.516986+08:00,1789479035497760000,1789479035516986000,19226.000,19.226000,/dev/cu.usbserial-1120,/dev/cu.usbserial-A50285BI,799,1295E797D099E0ABD5AEAE30AD9BEC92EF927AB88B3650DF73D506360565
2026-09-15T21:30:36.039978+08:00,2026-09-15T21:30:36.070094+08:00,1789479036039978000,1789479036070094000,30116.000,30.116000,/dev/cu.usbserial-1120,/dev/cu.usbserial-A50285BI,800,12961F3A3F4019D0A19F3524E1D806435157BC7A115E2E6EF47CA9F833CE
2026-09-15T21:30:36.582150+08:00,2026-09-15T21:30:36.601461+08:00,1789479036582150000,1789479036601461000,19311.000,19.311000,/dev/cu.usbserial-1120,/dev/cu.usbserial-A50285BI,801,12977AC6D4F93DB3D8E3E4E12734869C3C90EDEE9091DE02C88626399DED
2026-09-15T21:30:37.124343+08:00,2026-09-15T21:30:37.154428+08:00,1789479037124343000,1789479037154428000,30085.000,30.085000,/dev/cu.usbserial-1120,/dev/cu.usbserial-A50285BI,802,1298690E8FB2AAAA49269946D3BEA0457A90AC0D7F8DBCA9827F2A20ACC2
2026-09-15T21:30:37.666511+08:00,2026-09-15T21:30:37.685727+08:00,1789479037666511000,1789479037685727000,19216.000,19.216000,/dev/cu.usbserial-1120,/dev/cu.usbserial-A50285BI,803,1299BC929FC26A181F38ED597D230CECC788A672B1EA7E6E4289C9EB3E5A
2026-09-15T21:30:38.208626+08:00,2026-09-15T21:30:38.238702+08:00,1789479038208626000,1789479038238702000,30076.000,30.076000,/dev/cu.usbserial-1120,/dev/cu.usbserial-A50285BI,804,129A79CC57C947F11231830F7A179B4C882A6D9D4DFB4CE0E57CD4B81C3A
2026-09-15T21:30:38.750721+08:00,2026-09-15T21:30:38.769964+08:00,1789479038750721000,1789479038769964000,19243.000,19.243000,/dev/cu.usbserial-1120,/dev/cu.usbserial-A50285BI,805,129B6E2CDD5AA2FF5F5520CD0D738CEA39090CFA81729350FDCEEC072E7D
2026-09-15T21:30:39.292933+08:00,2026-09-15T21:30:39.323071+08:00,1789479039292933000,1789479039323071000,30138.000,30.138000,/dev/cu.usbserial-1120,/dev/cu.usbserial-A50285BI,806,129C86E3A65A02E577B77DB05C1D9D9EAAC05DA1F4C499DC813259FD6FB8
2026-09-15T21:30:39.835013+08:00,2026-09-15T21:30:39.854310+08:00,1789479039835013000,1789479039854310000,19297.000,19.297000,/dev/cu.usbserial-1120,/dev/cu.usbserial-A50285BI,807,129DDD60A3246CE5789FDD8D23A9E2D7E8D818DDFE50CF2D43019968A0A4
2026-09-15T21:30:40.377165+08:00,2026-09-15T21:30:40.407230+08:00,1789479040377165000,1789479040407230000,30065.000,30.065000,/dev/cu.usbserial-1120,/dev/cu.usbserial-A50285BI,808,129E949D3A7377635DAB5FB829C2579DFA68A96D9940E701245BB886BD79
2026-09-15T21:30:40.919416+08:00,2026-09-15T21:30:40.938782+08:00,1789479040919416000,1789479040938782000,19366.000,19.366000,/dev/cu.usbserial-1120,/dev/cu.usbserial-A50285BI,809,129F6419F5FE1D27F7B5138774483654527BC98C142CAB6A070B64833219
2026-09-15T21:30:41.461825+08:00,2026-09-15T21:30:41.491955+08:00,1789479041461825000,1789479041491955000,30130.000,30.130000,/dev/cu.usbserial-1120,/dev/cu.usbserial-A50285BI,810,12A0F2A2FBE252659979CD943D3807440035C9B08B8389D2882DBFC5CCF3
2026-09-15T21:30:42.003917+08:00,2026-09-15T21:30:42.023162+08:00,1789479042003917000,1789479042023162000,19245.000,19.245000,/dev/cu.usbserial-1120,/dev/cu.usbserial-A50285BI,811,12A1E7DA41C2547C95F5BBC4A44E7BDBA6B2AD1318A8F0C46B90F1E86FA3
2026-09-15T21:30:42.545946+08:00,2026-09-15T21:30:42.576224+08:00,1789479042545946000,1789479042576224000,30278.000,30.278000,/dev/cu.usbserial-1120,/dev/cu.usbserial-A50285BI,812,12A2BD767EAEC67F688EB609226AF7AF2DB3FFF5C8DD5C6CD5DA83898B5B
2026-09-15T21:30:43.088080+08:00,2026-09-15T21:30:43.107285+08:00,1789479043088080000,1789479043107285000,19205.000,19.205000,/dev/cu.usbserial-1120,/dev/cu.usbserial-A50285BI,813,12A35846E1C57D76B6F55BE9C0B4F1433BF95F9D4DE131D93B6F6CC54E03
2026-09-15T21:30:43.630320+08:00,2026-09-15T21:30:43.660457+08:00,1789479043630320000,1789479043660457000,30137.000,30.137000,/dev/cu.usbserial-1120,/dev/cu.usbserial-A50285BI,814,12A45BF7839C1662F5CDD7BC0B80FC90616EDB22785A4A061C10E97F9921
2026-09-15T21:30:44.172420+08:00,2026-09-15T21:30:44.191584+08:00,1789479044172420000,1789479044191584000,19164.000,19.164000,/dev/cu.usbserial-1120,/dev/cu.usbserial-A50285BI,815,12A536989D5B4E04EB0B84B7C5F2A341160803ED63F24E9D70451063B278
2026-09-15T21:30:45.256622+08:00,2026-09-15T21:30:45.287694+08:00,1789479045256622000,1789479045287694000,31072.000,31.072000,/dev/cu.usbserial-1120,/dev/cu.usbserial-A50285BI,816,12A7092C26514DF370C5548B1778EAE16952CCE6F372F3E5AEEAA1A7E83C
2026-09-15T21:30:45.798809+08:00,2026-09-15T21:30:45.829089+08:00,1789479045798809000,1789479045829089000,30280.000,30.280000,/dev/cu.usbserial-1120,/dev/cu.usbserial-A50285BI,817,12A82C48F4988DD791D3A8B11B27599A73AD42A0AF9B57B0823D26F56AB5
2026-09-15T21:30:46.341014+08:00,2026-09-15T21:30:46.360040+08:00,1789479046341014000,1789479046360040000,19026.000,19.026000,/dev/cu.usbserial-1120,/dev/cu.usbserial-A50285BI,818,12A9E7F49C724869AF71F5DF0A36E9110F89770304F117E0C6F2F1922C05
2026-09-15T21:30:46.883272+08:00,2026-09-15T21:30:46.913040+08:00,1789479046883272000,1789479046913040000,29768.000,29.768000,/dev/cu.usbserial-1120,/dev/cu.usbserial-A50285BI,819,12AA2B233C5BF3D710524B0586B498B9ABB2E80CE5A3063EE27C4098440E
2026-09-15T21:30:47.425372+08:00,2026-09-15T21:30:47.444654+08:00,1789479047425372000,1789479047444654000,19282.000,19.282000,/dev/cu.usbserial-1120,/dev/cu.usbserial-A50285BI,820,12ABF3040903DB68BC961CC75D150F171118CDE0897F7E99342D5FC22486
2026-09-15T21:30:47.967480+08:00,2026-09-15T21:30:47.997376+08:00,1789479047967480000,1789479047997376000,29896.000,29.896000,/dev/cu.usbserial-1120,/dev/cu.usbserial-A50285BI,821,12AC94C0C1A9B37D306D0CBC811DBA3C9BF46B94E757EFC9BFD481B095DE
2026-09-15T21:30:48.509643+08:00,2026-09-15T21:30:48.528722+08:00,1789479048509643000,1789479048528722000,19079.000,19.079000,/dev/cu.usbserial-1120,/dev/cu.usbserial-A50285BI,822,12ADD807E346ED51D6798B75BA7C981524A825AFE1253776A22753EE63EB
2026-09-15T21:30:49.051799+08:00,2026-09-15T21:30:49.082557+08:00,1789479049051799000,1789479049082557000,30758.000,30.758000,/dev/cu.usbserial-1120,/dev/cu.usbserial-A50285BI,823,12AECB4AA070CB8537F623421B38D265BF68566D3CEEB69848E14BB5D742
2026-09-15T21:30:49.594033+08:00,2026-09-15T21:30:49.613752+08:00,1789479049594033000,1789479049613752000,19719.000,19.719000,/dev/cu.usbserial-1120,/dev/cu.usbserial-A50285BI,824,12AF52C78EFB335EEC9A8FB538CC0C8C289CE0C456691EBC63A9C36EE860
2026-09-15T21:30:50.136169+08:00,2026-09-15T21:30:50.166725+08:00,1789479050136169000,1789479050166725000,30556.000,30.556000,/dev/cu.usbserial-1120,/dev/cu.usbserial-A50285BI,825,12B08048215E45CB583B92E513137D0FFD028226955E0D0A98B7C9F92F90
2026-09-15T21:30:50.678356+08:00,2026-09-15T21:30:50.697946+08:00,1789479050678356000,1789479050697946000,19590.000,19.590000,/dev/cu.usbserial-1120,/dev/cu.usbserial-A50285BI,826,12B1A6A9D8DAAC2716348372D8E5BED6AB95EB0A9ECE5B09F936B2B19D8A
2026-09-15T21:30:51.220491+08:00,2026-09-15T21:30:51.250807+08:00,1789479051220491000,1789479051250807000,30316.000,30.316000,/dev/cu.usbserial-1120,/dev/cu.usbserial-A50285BI,827,12B22D1C395AB6C23287A94B4F7C6435282F912A4CD6331E356A712CECDD
2026-09-15T21:30:51.762648+08:00,2026-09-15T21:30:51.781965+08:00,1789479051762648000,1789479051781965000,19317.000,19.317000,/dev/cu.usbserial-1120,/dev/cu.usbserial-A50285BI,828,12B3252E7C1A241E18C04B300B9E4EAB64EE408B5D52E2D88F90ABC4D80C
2026-09-15T21:30:52.304734+08:00,2026-09-15T21:30:52.334834+08:00,1789479052304734000,1789479052334834000,30100.000,30.100000,/dev/cu.usbserial-1120,/dev/cu.usbserial-A50285BI,829,12B49B870809C0FB4E9F85F7657BBE6B7E597340EC4270ED928689D90C79
2026-09-15T21:30:52.846877+08:00,2026-09-15T21:30:52.866143+08:00,1789479052846877000,1789479052866143000,19266.000,19.266000,/dev/cu.usbserial-1120,/dev/cu.usbserial-A50285BI,830,12B5AD74A0EDB213E373DA8F2B50289DB84165ECA1EFF10180304AD2DD04
2026-09-15T21:30:53.931153+08:00,2026-09-15T21:30:53.961905+08:00,1789479053931153000,1789479053961905000,30752.000,30.752000,/dev/cu.usbserial-1120,/dev/cu.usbserial-A50285BI,831,12B728B2570239B113BBADCEFE4C039C38E1ECEE651B9536CFD1B49F5A8B
2026-09-15T21:30:54.473284+08:00,2026-09-15T21:30:54.502946+08:00,1789479054473284000,1789479054502946000,29662.000,29.662000,/dev/cu.usbserial-1120,/dev/cu.usbserial-A50285BI,832,12B854E82BBA610617B9F379CD845A6AC43BEE8AE25493A9F1A30E18C20B
2026-09-15T21:30:55.015265+08:00,2026-09-15T21:30:55.034317+08:00,1789479055015265000,1789479055034317000,19052.000,19.052000,/dev/cu.usbserial-1120,/dev/cu.usbserial-A50285BI,833,12B90BC01F02EAFF72C64D4636616373215DF1EF0E482587ACE61A0BE939
2026-09-15T21:30:55.557695+08:00,2026-09-15T21:30:55.588137+08:00,1789479055557695000,1789479055588137000,30442.000,30.442000,/dev/cu.usbserial-1120,/dev/cu.usbserial-A50285BI,834,12BA2AA91C31F707F5333822254C45E9CC326198A6FEC9D5F5AB808D2E4E
2026-09-15T21:30:56.099772+08:00,2026-09-15T21:30:56.119093+08:00,1789479056099772000,1789479056119093000,19321.000,19.321000,/dev/cu.usbserial-1120,/dev/cu.usbserial-A50285BI,835,12BBD88D6313C0E073FBD1EBF3571749DB049F67F164C5DFF61F3A95919E
2026-09-15T21:30:56.641978+08:00,2026-09-15T21:30:56.672184+08:00,1789479056641978000,1789479056672184000,30206.000,30.206000,/dev/cu.usbserial-1120,/dev/cu.usbserial-A50285BI,836,12BCD894FF4425A6786AA9B56021F0E433A75D6D2DA5B539BC2E6741A678
2026-09-15T21:30:57.184099+08:00,2026-09-15T21:30:57.203338+08:00,1789479057184099000,1789479057203338000,19239.000,19.239000,/dev/cu.usbserial-1120,/dev/cu.usbserial-A50285BI,837,12BD9CA7FA580393B87F5ACE4077BB217B5BAC6BCB59E485B3E9DED646CA
2026-09-15T21:30:57.726206+08:00,2026-09-15T21:30:57.756234+08:00,1789479057726206000,1789479057756234000,30028.000,30.028000,/dev/cu.usbserial-1120,/dev/cu.usbserial-A50285BI,838,12BE20B551C148824711DB82F1B9CD7ED270D01B5B615DF8D3A6838A0486
2026-09-15T21:30:58.268391+08:00,2026-09-15T21:30:58.287535+08:00,1789479058268391000,1789479058287535000,19144.000,19.144000,/dev/cu.usbserial-1120,/dev/cu.usbserial-A50285BI,839,12BF72B6A66FC6338DB2959E9200375A41A8D82E478EBE9C99EB5B0265C6
2026-09-15T21:30:58.810621+08:00,2026-09-15T21:30:58.841330+08:00,1789479058810621000,1789479058841330000,30709.000,30.709000,/dev/cu.usbserial-1120,/dev/cu.usbserial-A50285BI,840,12C01273BA36C953F65433B4F302DB73F05FEF124106D254B6095F9BCDB0
2026-09-15T21:30:59.352716+08:00,2026-09-15T21:30:59.372329+08:00,1789479059352716000,1789479059372329000,19613.000,19.613000,/dev/cu.usbserial-1120,/dev/cu.usbserial-A50285BI,841,12C1FE0197F169386AAF3C224CB33E2F1A6B727A7C65DCA38989136B3919
2026-09-15T21:30:59.894871+08:00,2026-09-15T21:30:59.925351+08:00,1789479059894871000,1789479059925351000,30480.000,30.480000,/dev/cu.usbserial-1120,/dev/cu.usbserial-A50285BI,842,12C28B118E6A9F6E826061D2AFAA229DC0C3C09D9BA4B22B4C49D404B0EA
2026-09-15T21:31:00.436912+08:00,2026-09-15T21:31:00.456789+08:00,1789479060436912000,1789479060456789000,19877.000,19.877000,/dev/cu.usbserial-1120,/dev/cu.usbserial-A50285BI,843,12C3F3E8E6F618F575CF95C03D48D0381FE0D23B6CBB8FF50E64F3FD7945
2026-09-15T21:31:00.979297+08:00,2026-09-15T21:31:01.009511+08:00,1789479060979297000,1789479061009511000,30214.000,30.214000,/dev/cu.usbserial-1120,/dev/cu.usbserial-A50285BI,844,12C4B12E4FE2CB45D6D8E03F1A993870E1E490635307A67566D485300B65
2026-09-15T21:31:01.521556+08:00,2026-09-15T21:31:01.540485+08:00,1789479061521556000,1789479061540485000,18929.000,18.929000,/dev/cu.usbserial-1120,/dev/cu.usbserial-A50285BI,845,12C58E681A8F4A18FE27F1FA20F7B9E8147EE0F5866B784AE3D8F6C2C747
2026-09-15T21:31:02.063629+08:00,2026-09-15T21:31:02.093636+08:00,1789479062063629000,1789479062093636000,30007.000,30.007000,/dev/cu.usbserial-1120,/dev/cu.usbserial-A50285BI,846,12C67845295DDAE5486077BA5472BF7EDD8B7DE7FC38E5C8441561E6660B
2026-09-15T21:31:02.605555+08:00,2026-09-15T21:31:02.624597+08:00,1789479062605555000,1789479062624597000,19042.000,19.042000,/dev/cu.usbserial-1120,/dev/cu.usbserial-A50285BI,847,12C7189BA64A422D01052FEC1BF0100DEA7B8C4925CB03356A7DA060321A
2026-09-15T21:31:03.147884+08:00,2026-09-15T21:31:03.177966+08:00,1789479063147884000,1789479063177966000,30082.000,30.082000,/dev/cu.usbserial-1120,/dev/cu.usbserial-A50285BI,848,12C8212E755866771C16BBDF2B15E5F3AB78EE0858FAB0D40FF124C9F606
2026-09-15T21:31:03.690078+08:00,2026-09-15T21:31:03.709077+08:00,1789479063690078000,1789479063709077000,18999.000,18.999000,/dev/cu.usbserial-1120,/dev/cu.usbserial-A50285BI,849,12C9683569B1921BA87737CF41E3B9533E4654740F2EE7A436A78496B434
2026-09-15T21:31:04.232216+08:00,2026-09-15T21:31:04.262839+08:00,1789479064232216000,1789479064262839000,30623.000,30.623000,/dev/cu.usbserial-1120,/dev/cu.usbserial-A50285BI,850,12CAB69C378B95C000148AA49620E31A2CE91682D34ED5E7604BD5D81B3A
2026-09-15T21:31:04.774354+08:00,2026-09-15T21:31:04.793998+08:00,1789479064774354000,1789479064793998000,19644.000,19.644000,/dev/cu.usbserial-1120,/dev/cu.usbserial-A50285BI,851,12CB5E082CCB93A5C6C47F781079E3C1D80BC2D0F760A86382E6BEC3B507
2026-09-15T21:31:05.316634+08:00,2026-09-15T21:31:05.347031+08:00,1789479065316634000,1789479065347031000,30397.000,30.397000,/dev/cu.usbserial-1120,/dev/cu.usbserial-A50285BI,852,12CC8F9DA06A98A18FF092DC3A697ED6B11A756B06EF2C6AB88049EFE2C6
2026-09-15T21:31:05.858702+08:00,2026-09-15T21:31:05.877988+08:00,1789479065858702000,1789479065877988000,19286.000,19.286000,/dev/cu.usbserial-1120,/dev/cu.usbserial-A50285BI,853,12CD6980289AEEEA5CF189DAF4D98B3A2D32EB51FB2D1699B7867A5F8781
2026-09-15T21:31:06.400840+08:00,2026-09-15T21:31:06.431077+08:00,1789479066400840000,1789479066431077000,30237.000,30.237000,/dev/cu.usbserial-1120,/dev/cu.usbserial-A50285BI,854,12CED11D8CA62D97CF3BC8B8E986892A74BF56B734D71C6205EC9F448487
2026-09-15T21:31:06.942872+08:00,2026-09-15T21:31:06.962314+08:00,1789479066942872000,1789479066962314000,19442.000,19.442000,/dev/cu.usbserial-1120,/dev/cu.usbserial-A50285BI,855,12CF02287D9B16E6183E6380C224F7FEDDE0F10926DBCB4AEA106B80E88D
2026-09-15T21:31:07.484950+08:00,2026-09-15T21:31:07.515607+08:00,1789479067484950000,1789479067515607000,30657.000,30.657000,/dev/cu.usbserial-1120,/dev/cu.usbserial-A50285BI,856,12D0E96305A91E3CB206F1411E4561B21B8C52B4D0B917F02463C3EBE595
2026-09-15T21:31:08.027090+08:00,2026-09-15T21:31:08.046683+08:00,1789479068027090000,1789479068046683000,19593.000,19.593000,/dev/cu.usbserial-1120,/dev/cu.usbserial-A50285BI,857,12D12F23BC49CBEFD1A626143EF93B26357581A5F0ABB1D35CC755568490
2026-09-15T21:31:08.569280+08:00,2026-09-15T21:31:08.599661+08:00,1789479068569280000,1789479068599661000,30381.000,30.381000,/dev/cu.usbserial-1120,/dev/cu.usbserial-A50285BI,858,12D21592BE1DC1C498581DDF8234702738AECB8EF5851AD159B8EC5217C4
2026-09-15T21:31:09.111405+08:00,2026-09-15T21:31:09.130983+08:00,1789479069111405000,1789479069130983000,19578.000,19.578000,/dev/cu.usbserial-1120,/dev/cu.usbserial-A50285BI,859,12D302B45E9A99390D6277DB96F2B72BAD0D55EDB95B7971F82C84AF70ED
2026-09-15T21:31:09.653527+08:00,2026-09-15T21:31:09.684203+08:00,1789479069653527000,1789479069684203000,30676.000,30.676000,/dev/cu.usbserial-1120,/dev/cu.usbserial-A50285BI,860,12D4DB2A99667681CCB927D5691BABDFCB4F72CCEDE72EDFD93A1DC5D424
2026-09-15T21:31:10.195784+08:00,2026-09-15T21:31:10.215256+08:00,1789479070195784000,1789479070215256000,19472.000,19.472000,/dev/cu.usbserial-1120,/dev/cu.usbserial-A50285BI,861,12D517B74B8057527C660936E42597606BFFB44852A725BAD87B5275AF81
2026-09-15T21:31:10.737845+08:00,2026-09-15T21:31:10.768081+08:00,1789479070737845000,1789479070768081000,30236.000,30.236000,/dev/cu.usbserial-1120,/dev/cu.usbserial-A50285BI,862,12D6908522232B6003AB36C3567D144ABE16C2D2ABC8EA8E4132A7EC0781
2026-09-15T21:31:11.280093+08:00,2026-09-15T21:31:11.299472+08:00,1789479071280093000,1789479071299472000,19379.000,19.379000,/dev/cu.usbserial-1120,/dev/cu.usbserial-A50285BI,863,12D71925546AA8A67AE31922AFA45274BF61ED3674C47F21C12CA52BB128
2026-09-15T21:31:11.822117+08:00,2026-09-15T21:31:11.852584+08:00,1789479071822117000,1789479071852584000,30467.000,30.467000,/dev/cu.usbserial-1120,/dev/cu.usbserial-A50285BI,864,12D8D25A12B2DB6AE02B3F22731A387668A4835D51CBEE701C67A64844E4
2026-09-15T21:31:12.364132+08:00,2026-09-15T21:31:12.383908+08:00,1789479072364132000,1789479072383908000,19776.000,19.776000,/dev/cu.usbserial-1120,/dev/cu.usbserial-A50285BI,865,12D93D94B9C17EFC90C4F1B96AFD2CF1A681E0D446E49F77A2736E73CF36
2026-09-15T21:31:12.906322+08:00,2026-09-15T21:31:12.936984+08:00,1789479072906322000,1789479072936984000,30662.000,30.662000,/dev/cu.usbserial-1120,/dev/cu.usbserial-A50285BI,866,12DA0F3DCDA90B43723481CC1A70B18C0C18480AABD169B2619A7FB94B11
2026-09-15T21:31:13.448478+08:00,2026-09-15T21:31:13.468137+08:00,1789479073448478000,1789479073468137000,19659.000,19.659000,/dev/cu.usbserial-1120,/dev/cu.usbserial-A50285BI,867,12DBC5B5A46B92F8F33165B0F4BBB5BF486E755BDBB5696519C02B8AD0FF
2026-09-15T21:31:13.990595+08:00,2026-09-15T21:31:14.021501+08:00,1789479073990595000,1789479074021501000,30906.000,30.906000,/dev/cu.usbserial-1120,/dev/cu.usbserial-A50285BI,868,12DCFC1CE35D4CAEB43D07714F35A551578DF0CFB175949DF20A69FB8907
2026-09-15T21:31:14.532652+08:00,2026-09-15T21:31:14.552577+08:00,1789479074532652000,1789479074552577000,19925.000,19.925000,/dev/cu.usbserial-1120,/dev/cu.usbserial-A50285BI,869,12DD7FD4AC4BED97030F59D717E347A1796D23A1B2E10CF4EE3F66CA6750
2026-09-15T21:31:15.074872+08:00,2026-09-15T21:31:15.104761+08:00,1789479075074872000,1789479075104761000,29889.000,29.889000,/dev/cu.usbserial-1120,/dev/cu.usbserial-A50285BI,870,12DE1EC3935EBC070CB62A2343DE46A7E5972980099135161EF0E1249783
2026-09-15T21:31:15.616911+08:00,2026-09-15T21:31:15.635916+08:00,1789479075616911000,1789479075635916000,19005.000,19.005000,/dev/cu.usbserial-1120,/dev/cu.usbserial-A50285BI,871,12DF445B53BF62B6CE7D3A9B0A788BB73B846A96358F850596593428B3F3
2026-09-15T21:31:16.159061+08:00,2026-09-15T21:31:16.189194+08:00,1789479076159061000,1789479076189194000,30133.000,30.133000,/dev/cu.usbserial-1120,/dev/cu.usbserial-A50285BI,872,12E0455A43F984C7CD8E0CCBD31C5109BCC9E94C82B81D1D20043328B97D
2026-09-15T21:31:16.701242+08:00,2026-09-15T21:31:16.720322+08:00,1789479076701242000,1789479076720322000,19080.000,19.080000,/dev/cu.usbserial-1120,/dev/cu.usbserial-A50285BI,873,12E1794F8820118B8B588087EFF7F5FB3AF359C93AE01AD8B131B7B4BD2F
2026-09-15T21:31:17.243442+08:00,2026-09-15T21:31:17.273481+08:00,1789479077243442000,1789479077273481000,30039.000,30.039000,/dev/cu.usbserial-1120,/dev/cu.usbserial-A50285BI,874,12E20CE209B55B04B6B01EB2075A8F12CF31F33D9ABAAA529EF7F85660A9
2026-09-15T21:31:17.785655+08:00,2026-09-15T21:31:17.804783+08:00,1789479077785655000,1789479077804783000,19128.000,19.128000,/dev/cu.usbserial-1120,/dev/cu.usbserial-A50285BI,875,12E391D22646E62A20B932BF55DC43C44EB509E18574E0898C289D1CFE45
2026-09-15T21:31:18.327674+08:00,2026-09-15T21:31:18.357669+08:00,1789479078327674000,1789479078357669000,29995.000,29.995000,/dev/cu.usbserial-1120,/dev/cu.usbserial-A50285BI,876,12E45ABC26D602EF71829BF9944056F77CDA58BBFA23466B2BF793D8A8F7
2026-09-15T21:31:18.869859+08:00,2026-09-15T21:31:18.888857+08:00,1789479078869859000,1789479078888857000,18998.000,18.998000,/dev/cu.usbserial-1120,/dev/cu.usbserial-A50285BI,877,12E5899F730118029C726284B61B0246FD04202444E3368FA05A9F28D7F4
2026-09-15T21:31:19.411973+08:00,2026-09-15T21:31:19.441961+08:00,1789479079411973000,1789479079441961000,29988.000,29.988000,/dev/cu.usbserial-1120,/dev/cu.usbserial-A50285BI,878,12E6E42286DEC65414650B215A3309080F49F30AF5BBE6BFC52FB337DB14
2026-09-15T21:31:19.954217+08:00,2026-09-15T21:31:19.973092+08:00,1789479079954217000,1789479079973092000,18875.000,18.875000,/dev/cu.usbserial-1120,/dev/cu.usbserial-A50285BI,879,12E76A91A1A1AB5DBD94ACB3FAA70910F7D24FF49244473C121F023F16F6
2026-09-15T21:31:20.496369+08:00,2026-09-15T21:31:20.526132+08:00,1789479080496369000,1789479080526132000,29763.000,29.763000,/dev/cu.usbserial-1120,/dev/cu.usbserial-A50285BI,880,12E8A9AB4107011EA338C184E6D394333D01ECC70C088CBF5744D4D4ECE6
2026-09-15T21:31:21.038481+08:00,2026-09-15T21:31:21.057531+08:00,1789479081038481000,1789479081057531000,19050.000,19.050000,/dev/cu.usbserial-1120,/dev/cu.usbserial-A50285BI,881,12E9CB1D5070EEE46BECBB46F3EFFC8C9851D44CF4A98B3F318B19E17881
2026-09-15T21:31:21.580684+08:00,2026-09-15T21:31:21.610553+08:00,1789479081580684000,1789479081610553000,29869.000,29.869000,/dev/cu.usbserial-1120,/dev/cu.usbserial-A50285BI,882,12EA74CB1DCA99D08BD55DD9F17BF181A9FF366F6DC7C67738D9BE70FD14
2026-09-15T21:31:22.122758+08:00,2026-09-15T21:31:22.141906+08:00,1789479082122758000,1789479082141906000,19148.000,19.148000,/dev/cu.usbserial-1120,/dev/cu.usbserial-A50285BI,883,12EB4DD30B33FE183B81C5D1DF5CCB836A6CF947DFA14625FBEEC12B21C7
2026-09-15T21:31:22.664894+08:00,2026-09-15T21:31:22.694894+08:00,1789479082664894000,1789479082694894000,30000.000,30.000000,/dev/cu.usbserial-1120,/dev/cu.usbserial-A50285BI,884,12EC5D510A5B800D29914AB4DFC4A597633F11D96F772D12AB0B04A5DA7C
2026-09-15T21:31:23.207656+08:00,2026-09-15T21:31:23.226249+08:00,1789479083207656000,1789479083226249000,18593.000,18.593000,/dev/cu.usbserial-1120,/dev/cu.usbserial-A50285BI,885,12ED1DE1C7AC41DAED180A05E9D53096A04C939A30B508D39854E4572676
2026-09-15T21:31:23.749138+08:00,2026-09-15T21:31:23.779362+08:00,1789479083749138000,1789479083779362000,30224.000,30.224000,/dev/cu.usbserial-1120,/dev/cu.usbserial-A50285BI,886,12EE49E7A42A331041C0410441034436643589B717CFE6535DF5876A7CBB
2026-09-15T21:31:24.291389+08:00,2026-09-15T21:31:24.310600+08:00,1789479084291389000,1789479084310600000,19211.000,19.211000,/dev/cu.usbserial-1120,/dev/cu.usbserial-A50285BI,887,12EF7690671AEBE4EFB05931A83B35C69CD48415B2EB2B0EDC06F6390439
2026-09-15T21:31:24.833567+08:00,2026-09-15T21:31:24.863567+08:00,1789479084833567000,1789479084863567000,30000.000,30.000000,/dev/cu.usbserial-1120,/dev/cu.usbserial-A50285BI,888,12F06696B4643B35872FC49453C6E9BB1455F5199742241DEB2DF09487A9
2026-09-15T21:31:25.375718+08:00,2026-09-15T21:31:25.394766+08:00,1789479085375718000,1789479085394766000,19048.000,19.048000,/dev/cu.usbserial-1120,/dev/cu.usbserial-A50285BI,889,12F11CC53BB77D4ED8078BBC9EEDABED6A243A269C4659F4C9077BC32635
2026-09-15T21:31:25.917814+08:00,2026-09-15T21:31:25.948017+08:00,1789479085917814000,1789479085948017000,30203.000,30.203000,/dev/cu.usbserial-1120,/dev/cu.usbserial-A50285BI,890,12F2AF40AF70AE6E1AA9A48A7F5BBFA0C48C78E9CA82A4EB5946394FCCDA
2026-09-15T21:31:26.459943+08:00,2026-09-15T21:31:26.479026+08:00,1789479086459943000,1789479086479026000,19083.000,19.083000,/dev/cu.usbserial-1120,/dev/cu.usbserial-A50285BI,891,12F3E1817C39410AED1306ADBB45B443421A2D56104404800C987F82638D
2026-09-15T21:31:27.002155+08:00,2026-09-15T21:31:27.032046+08:00,1789479087002155000,1789479087032046000,29891.000,29.891000,/dev/cu.usbserial-1120,/dev/cu.usbserial-A50285BI,892,12F46E233672AECF04727CEBD94A7BF934C48370B9FA2F599B4C25A9C71E
2026-09-15T21:31:27.544336+08:00,2026-09-15T21:31:27.563612+08:00,1789479087544336000,1789479087563612000,19276.000,19.276000,/dev/cu.usbserial-1120,/dev/cu.usbserial-A50285BI,893,12F52461D152CF689F893B23D8193ADA0ACC65CA9D5EEB0A7BB51C1E7DDE
2026-09-15T21:31:28.086612+08:00,2026-09-15T21:31:28.116397+08:00,1789479088086612000,1789479088116397000,29785.000,29.785000,/dev/cu.usbserial-1120,/dev/cu.usbserial-A50285BI,894,12F6B55D94CCE903BCCF3415A1D5DFF80E6451D019531C99104BC3082201
2026-09-15T21:31:28.628750+08:00,2026-09-15T21:31:28.647624+08:00,1789479088628750000,1789479088647624000,18874.000,18.874000,/dev/cu.usbserial-1120,/dev/cu.usbserial-A50285BI,895,12F74D1FCD318B920B5928DD3C3B7522D210F2C4BE8C9BC49E96F9DEA3C4
2026-09-15T21:31:29.170633+08:00,2026-09-15T21:31:29.201376+08:00,1789479089170633000,1789479089201376000,30743.000,30.743000,/dev/cu.usbserial-1120,/dev/cu.usbserial-A50285BI,896,12F8E462439818D4A47C7F43C47F386968CD6A88CAF0CCFF01C9F0AE304C
2026-09-15T21:31:29.713033+08:00,2026-09-15T21:31:29.732807+08:00,1789479089713033000,1789479089732807000,19774.000,19.774000,/dev/cu.usbserial-1120,/dev/cu.usbserial-A50285BI,897,12F952106FFF24117930D7B41AF9696656F5711F59BFEC3E232EC521F053
2026-09-15T21:31:30.255129+08:00,2026-09-15T21:31:30.285519+08:00,1789479090255129000,1789479090285519000,30390.000,30.390000,/dev/cu.usbserial-1120,/dev/cu.usbserial-A50285BI,898,12FA2687682F81A78B345D0C5A82E13746DE21F35A722C762747D23C7383
2026-09-15T21:31:30.797312+08:00,2026-09-15T21:31:30.816951+08:00,1789479090797312000,1789479090816951000,19639.000,19.639000,/dev/cu.usbserial-1120,/dev/cu.usbserial-A50285BI,899,12FB35A3A0621747DEF5DD1B109D664C7F478ED6416580E267AFBFE6E99E
2026-09-15T21:31:31.339232+08:00,2026-09-15T21:31:31.369609+08:00,1789479091339232000,1789479091369609000,30377.000,30.377000,/dev/cu.usbserial-1120,/dev/cu.usbserial-A50285BI,900,12FCF47B52A575FD2C2E99E52958BEE6167117C98035360823C45D2D1765
2026-09-15T21:31:31.881402+08:00,2026-09-15T21:31:31.900933+08:00,1789479091881402000,1789479091900933000,19531.000,19.531000,/dev/cu.usbserial-1120,/dev/cu.usbserial-A50285BI,901,12FD84E8B9FD2AF35A4DDCA6AAEE8659E20E7D7DB4E84879F40532460334
2026-09-15T21:31:32.423612+08:00,2026-09-15T21:31:32.454070+08:00,1789479092423612000,1789479092454070000,30458.000,30.458000,/dev/cu.usbserial-1120,/dev/cu.usbserial-A50285BI,902,12FE90C9FF4AD2F3AC9A4C9B2133C21632DCB59CA1D0705A043AD156746F
2026-09-15T21:31:32.965721+08:00,2026-09-15T21:31:32.985191+08:00,1789479092965721000,1789479092985191000,19470.000,19.470000,/dev/cu.usbserial-1120,/dev/cu.usbserial-A50285BI,903,12FFD807FAEDF1B0BA170180DDAE336B400F7FC6DE2FFFA5FE56F1F51C9E
2026-09-15T21:31:33.507856+08:00,2026-09-15T21:31:33.538268+08:00,1789479093507856000,1789479093538268000,30412.000,30.412000,/dev/cu.usbserial-1120,/dev/cu.usbserial-A50285BI,904,13008B58982B82C3202759DADE856A066271B55C4E996C2DC41E3A6D9059
2026-09-15T21:31:34.050002+08:00,2026-09-15T21:31:34.069475+08:00,1789479094050002000,1789479094069475000,19473.000,19.473000,/dev/cu.usbserial-1120,/dev/cu.usbserial-A50285BI,905,130157C4144E4D76F7F187F38D1B9E3D044A63FE541BAC65E589DFC4FDE3
2026-09-15T21:31:34.592166+08:00,2026-09-15T21:31:34.622511+08:00,1789479094592166000,1789479094622511000,30345.000,30.345000,/dev/cu.usbserial-1120,/dev/cu.usbserial-A50285BI,906,130240EBF08FFA420580EFA82A783F0F58FF9AD4C41F46DFCBE4EF7F9A96
2026-09-15T21:31:35.134587+08:00,2026-09-15T21:31:35.153874+08:00,1789479095134587000,1789479095153874000,19287.000,19.287000,/dev/cu.usbserial-1120,/dev/cu.usbserial-A50285BI,907,13033202A0B4E817B5B132E5076E49E7C97A038E9A0B2494B6BC6A21DE04
2026-09-15T21:31:35.676630+08:00,2026-09-15T21:31:35.706717+08:00,1789479095676630000,1789479095706717000,30087.000,30.087000,/dev/cu.usbserial-1120,/dev/cu.usbserial-A50285BI,908,130456A1087ABC60C7CB0AEA78775825324E332A6BAE29E86A79147871D9
2026-09-15T21:31:36.218938+08:00,2026-09-15T21:31:36.238089+08:00,1789479096218938000,1789479096238089000,19151.000,19.151000,/dev/cu.usbserial-1120,/dev/cu.usbserial-A50285BI,909,1305273DA6B3BAC3C5ECD555885E7E5CD199C37A9D5A866AA9CB0B96E280
2026-09-15T21:31:36.760808+08:00,2026-09-15T21:31:36.790804+08:00,1789479096760808000,1789479096790804000,29996.000,29.996000,/dev/cu.usbserial-1120,/dev/cu.usbserial-A50285BI,910,130642758D2DD5AB3B29F2DE6AA3D559FBA61C6358CECA5D61C8189E1B8B
2026-09-15T21:31:37.302957+08:00,2026-09-15T21:31:37.321968+08:00,1789479097302957000,1789479097321968000,19011.000,19.011000,/dev/cu.usbserial-1120,/dev/cu.usbserial-A50285BI,911,1307000F17588785A472CDE1B49ED5EA8F5915E539DCBDFAA4D0C84696D1
2026-09-15T21:31:37.845245+08:00,2026-09-15T21:31:37.876009+08:00,1789479097845245000,1789479097876009000,30764.000,30.764000,/dev/cu.usbserial-1120,/dev/cu.usbserial-A50285BI,912,1308C3BF58A460CB2439BAA04C5F655A2A493DDDCBC4EC715A3638164E56
2026-09-15T21:31:38.387210+08:00,2026-09-15T21:31:38.407134+08:00,1789479098387210000,1789479098407134000,19924.000,19.924000,/dev/cu.usbserial-1120,/dev/cu.usbserial-A50285BI,913,130912AC53AD5EC4FAD083431F5AB3BD1EACF78BB56402B2B79EB27376ED
2026-09-15T21:31:38.929648+08:00,2026-09-15T21:31:38.960139+08:00,1789479098929648000,1789479098960139000,30491.000,30.491000,/dev/cu.usbserial-1120,/dev/cu.usbserial-A50285BI,914,130A65B1EE170107B194C2A696C5C2EF21F54AD4B110DAEE6C25FA5EEB9D
2026-09-15T21:31:39.471700+08:00,2026-09-15T21:31:39.491514+08:00,1789479099471700000,1789479099491514000,19814.000,19.814000,/dev/cu.usbserial-1120,/dev/cu.usbserial-A50285BI,915,130BBF66A4391CC31BCDEED0C8BEC55BC73D7346424057DE9F4567FB68C6
2026-09-15T21:31:40.013664+08:00,2026-09-15T21:31:40.044393+08:00,1789479100013664000,1789479100044393000,30729.000,30.729000,/dev/cu.usbserial-1120,/dev/cu.usbserial-A50285BI,916,130CFEDCFE7B6BBFFD5235436E2F307EB06341DE23EEF0C09975B2D27D01
2026-09-15T21:31:40.555921+08:00,2026-09-15T21:31:40.575666+08:00,1789479100555921000,1789479100575666000,19745.000,19.745000,/dev/cu.usbserial-1120,/dev/cu.usbserial-A50285BI,917,130DF429C17DE72189EE0EF8997089297FF41F8A80BB0D25439190D63FCA
2026-09-15T21:31:41.098036+08:00,2026-09-15T21:31:41.128991+08:00,1789479101098036000,1789479101128991000,30955.000,30.955000,/dev/cu.usbserial-1120,/dev/cu.usbserial-A50285BI,918,130E34A9E6FEDBF08F848C2724AF018990CBEF6EE5D5136B51FE0128BFDE
2026-09-15T21:31:41.640122+08:00,2026-09-15T21:31:41.659660+08:00,1789479101640122000,1789479101659660000,19538.000,19.538000,/dev/cu.usbserial-1120,/dev/cu.usbserial-A50285BI,919,130FACFF4C78B45A70F272C9E911C5E666769BE9F99A3F0A3A8B649A3A64
2026-09-15T21:31:42.182564+08:00,2026-09-15T21:31:42.213010+08:00,1789479102182564000,1789479102213010000,30446.000,30.446000,/dev/cu.usbserial-1120,/dev/cu.usbserial-A50285BI,920,1310F5E02E8D9AB4D8B80ADDB496132BE85D6B55E9FB3490EC1751F313CC
2026-09-15T21:31:42.724594+08:00,2026-09-15T21:31:42.743934+08:00,1789479102724594000,1789479102743934000,19340.000,19.340000,/dev/cu.usbserial-1120,/dev/cu.usbserial-A50285BI,921,13116B8E5424C1442956B46CFAC00E2B4AA3168FA3A0546C42F624F78379
2026-09-15T21:31:43.266909+08:00,2026-09-15T21:31:43.297014+08:00,1789479103266909000,1789479103297014000,30105.000,30.105000,/dev/cu.usbserial-1120,/dev/cu.usbserial-A50285BI,922,1312FD240B517FBFB7783E4C48F150A0CBC9983CC9CFD16C33125A240C1F
2026-09-15T21:31:43.809012+08:00,2026-09-15T21:31:43.828389+08:00,1789479103809012000,1789479103828389000,19377.000,19.377000,/dev/cu.usbserial-1120,/dev/cu.usbserial-A50285BI,923,1313C495D4F71B92B8D2F8A67B9743F12216C8C7620B8106CAD39D3BB0EB
2026-09-15T21:31:44.350974+08:00,2026-09-15T21:31:44.381264+08:00,1789479104350974000,1789479104381264000,30290.000,30.290000,/dev/cu.usbserial-1120,/dev/cu.usbserial-A50285BI,924,13145474DD2E6AE3F8CB8437B3072EBAB7B8A82B507D7459D8BEA084E567
2026-09-15T21:31:44.893104+08:00,2026-09-15T21:31:44.912561+08:00,1789479104893104000,1789479104912561000,19457.000,19.457000,/dev/cu.usbserial-1120,/dev/cu.usbserial-A50285BI,925,1315D37332631A554EDB7058062B0F0B93A87974841545F16ADEAACF451A
2026-09-15T21:31:45.435408+08:00,2026-09-15T21:31:45.465599+08:00,1789479105435408000,1789479105465599000,30191.000,30.191000,/dev/cu.usbserial-1120,/dev/cu.usbserial-A50285BI,926,1316CDABB143CA8CD0B284BEF6DD2D6D18519405F26D324BFAE4F23B07F0
2026-09-15T21:31:45.977649+08:00,2026-09-15T21:31:45.996773+08:00,1789479105977649000,1789479105996773000,19124.000,19.124000,/dev/cu.usbserial-1120,/dev/cu.usbserial-A50285BI,927,1317C4A0C157E076C71FDAFFA3106AA76FEEF9994373EB1D660EAFB8305E
2026-09-15T21:31:46.519763+08:00,2026-09-15T21:31:46.549753+08:00,1789479106519763000,1789479106549753000,29990.000,29.990000,/dev/cu.usbserial-1120,/dev/cu.usbserial-A50285BI,928,13188802C06D184563ADB1DABFB35C44C3B5A5094FC52C54A2CAED4C8743
2026-09-15T21:31:47.062084+08:00,2026-09-15T21:31:47.081265+08:00,1789479107062084000,1789479107081265000,19181.000,19.181000,/dev/cu.usbserial-1120,/dev/cu.usbserial-A50285BI,929,13194A323FBBDD3D2D0C0035445319D131B7A6D147D90CDB2E191F174B8F
2026-09-15T21:31:47.604145+08:00,2026-09-15T21:31:47.633984+08:00,1789479107604145000,1789479107633984000,29839.000,29.839000,/dev/cu.usbserial-1120,/dev/cu.usbserial-A50285BI,930,131A7089EEC45A313F34CBE4E684D3E97B83EE53B4E2122148B37716A6A4
2026-09-15T21:31:48.146463+08:00,2026-09-15T21:31:48.165440+08:00,1789479108146463000,1789479108165440000,18977.000,18.977000,/dev/cu.usbserial-1120,/dev/cu.usbserial-A50285BI,931,131B295957F84ECD3349372E47FF29F0828EEAD822740A57E1EEF7A9DE7D
2026-09-15T21:31:48.688441+08:00,2026-09-15T21:31:48.718358+08:00,1789479108688441000,1789479108718358000,29917.000,29.917000,/dev/cu.usbserial-1120,/dev/cu.usbserial-A50285BI,932,131CBEB24D1CA293DE3E5E0FEE893AA17055D0599AE39B7A4F5D44D54F92
2026-09-15T21:31:49.230678+08:00,2026-09-15T21:31:49.249606+08:00,1789479109230678000,1789479109249606000,18928.000,18.928000,/dev/cu.usbserial-1120,/dev/cu.usbserial-A50285BI,933,131DADE3206EB9A5BB3AE23CF7997848B63EBA01D26E9616C53940481A78
2026-09-15T21:31:49.772989+08:00,2026-09-15T21:31:49.803706+08:00,1789479109772989000,1789479109803706000,30717.000,30.717000,/dev/cu.usbserial-1120,/dev/cu.usbserial-A50285BI,934,131E75C697858C4727BD41E98AB741CDBB41756F251E0EC68482551F9C49
2026-09-15T21:31:50.315222+08:00,2026-09-15T21:31:50.335552+08:00,1789479110315222000,1789479110335552000,20330.000,20.330000,/dev/cu.usbserial-1120,/dev/cu.usbserial-A50285BI,935,131F30BA9DFB73215181EC4C0BA32D76504917BD426E2B7CD0E390689FC9
2026-09-15T21:31:50.857423+08:00,2026-09-15T21:31:50.887909+08:00,1789479110857423000,1789479110887909000,30486.000,30.486000,/dev/cu.usbserial-1120,/dev/cu.usbserial-A50285BI,936,1320E46DB7CCC346EE1F18DF153C266AE4595543A6A9BD84A35874685243
2026-09-15T21:31:51.399564+08:00,2026-09-15T21:31:51.419199+08:00,1789479111399564000,1789479111419199000,19635.000,19.635000,/dev/cu.usbserial-1120,/dev/cu.usbserial-A50285BI,937,132198613B7B1BF7AE785167261D3BF77A6F911AC9159149238F8A9BF836
2026-09-15T21:31:51.941781+08:00,2026-09-15T21:31:51.971978+08:00,1789479111941781000,1789479111971978000,30197.000,30.197000,/dev/cu.usbserial-1120,/dev/cu.usbserial-A50285BI,938,1322272A41F87C2670CFD2B6180632925C2BB46119D385D3D310B97E60B3
2026-09-15T21:31:52.484029+08:00,2026-09-15T21:31:52.503420+08:00,1789479112484029000,1789479112503420000,19391.000,19.391000,/dev/cu.usbserial-1120,/dev/cu.usbserial-A50285BI,939,1323D67A56421CBB36B8963155FFE1A18E2EBF41A9825B168A1E5A0E1982
2026-09-15T21:31:53.026025+08:00,2026-09-15T21:31:53.056249+08:00,1789479113026025000,1789479113056249000,30224.000,30.224000,/dev/cu.usbserial-1120,/dev/cu.usbserial-A50285BI,940,1324A6DDF5CDF998D8B32B12C83C3CFA034221B1A8A84FEC255A080E6409
2026-09-15T21:31:53.568079+08:00,2026-09-15T21:31:53.587477+08:00,1789479113568079000,1789479113587477000,19398.000,19.398000,/dev/cu.usbserial-1120,/dev/cu.usbserial-A50285BI,941,13256842B5A42E5C79954C6D94C02D28903CC8F791CF69DDFD2C3A0AE7EB
2026-09-15T21:31:54.110103+08:00,2026-09-15T21:31:54.140342+08:00,1789479114110103000,1789479114140342000,30239.000,30.239000,/dev/cu.usbserial-1120,/dev/cu.usbserial-A50285BI,942,13269440404C08E8BCAC2BF386C32572A3A3F8F4267091A319E0911D2671
2026-09-15T21:31:54.652484+08:00,2026-09-15T21:31:54.671493+08:00,1789479114652484000,1789479114671493000,19009.000,19.009000,/dev/cu.usbserial-1120,/dev/cu.usbserial-A50285BI,943,1327D813096DD6A4B69F907749D3749AB10FDE1E1C92666E2290F074B1AB
2026-09-15T21:31:55.194834+08:00,2026-09-15T21:31:55.225238+08:00,1789479115194834000,1789479115225238000,30404.000,30.404000,/dev/cu.usbserial-1120,/dev/cu.usbserial-A50285BI,944,1328716ABB318180A118A6335DBA5A677251E24A9530CEE918C74E8F1B54
2026-09-15T21:31:55.736813+08:00,2026-09-15T21:31:55.756490+08:00,1789479115736813000,1789479115756490000,19677.000,19.677000,/dev/cu.usbserial-1120,/dev/cu.usbserial-A50285BI,945,13293BE2716AE1BB53238EC8C724DCE4CE55BD31505D4BFBC8E04D4CAF78
2026-09-15T21:31:56.278947+08:00,2026-09-15T21:31:56.309353+08:00,1789479116278947000,1789479116309353000,30406.000,30.406000,/dev/cu.usbserial-1120,/dev/cu.usbserial-A50285BI,946,132A894FAA74CC657353BA0987FF566494C950AFA128124DFB3189A4E3D6
2026-09-15T21:31:56.821278+08:00,2026-09-15T21:31:56.840737+08:00,1789479116821278000,1789479116840737000,19459.000,19.459000,/dev/cu.usbserial-1120,/dev/cu.usbserial-A50285BI,947,132BB3BFF9DEEDA566A8FA76CD9FD34BEF7C31CB203FDB8D6DEBAF318A04
2026-09-15T21:31:57.363280+08:00,2026-09-15T21:31:57.393492+08:00,1789479117363280000,1789479117393492000,30212.000,30.212000,/dev/cu.usbserial-1120,/dev/cu.usbserial-A50285BI,948,132C723D7EC959B90D315489E9A81D8D9786037A2354777683BD5376CC56
2026-09-15T21:31:57.905340+08:00,2026-09-15T21:31:57.924798+08:00,1789479117905340000,1789479117924798000,19458.000,19.458000,/dev/cu.usbserial-1120,/dev/cu.usbserial-A50285BI,949,132DEE58160EE0BF307396B204AA94F4C92B8D21EB40258DBA3D80DCD47D
2026-09-15T21:31:58.447578+08:00,2026-09-15T21:31:58.477631+08:00,1789479118447578000,1789479118477631000,30053.000,30.053000,/dev/cu.usbserial-1120,/dev/cu.usbserial-A50285BI,950,132E926153202637B786AB21928AC123F67F87DD9EEBA3AADF060E7C4DF0
2026-09-15T21:31:58.989545+08:00,2026-09-15T21:31:59.008967+08:00,1789479118989545000,1789479119008967000,19422.000,19.422000,/dev/cu.usbserial-1120,/dev/cu.usbserial-A50285BI,951,132FA5752CB66F469D03AF4885A6A95C3CC73583FAE9053C029FB5A18C0E
2026-09-15T21:31:59.531791+08:00,2026-09-15T21:31:59.561768+08:00,1789479119531791000,1789479119561768000,29977.000,29.977000,/dev/cu.usbserial-1120,/dev/cu.usbserial-A50285BI,952,1330974073263CBAA39FC31E40B5E10397A4B467C5E3474B2920E40A8BFE
2026-09-15T21:32:00.073991+08:00,2026-09-15T21:32:00.093002+08:00,1789479120073991000,1789479120093002000,19011.000,19.011000,/dev/cu.usbserial-1120,/dev/cu.usbserial-A50285BI,953,13311D7D099199D1C5959F23507264E0D5F014DF05BAA23BC69450F29B5C
2026-09-15T21:32:00.616103+08:00,2026-09-15T21:32:00.646835+08:00,1789479120616103000,1789479120646835000,30732.000,30.732000,/dev/cu.usbserial-1120,/dev/cu.usbserial-A50285BI,954,1332FE3FD2C232B76FC6EB25DBF625274C652C85F46AA154E91E4DCFD793
2026-09-15T21:32:01.158191+08:00,2026-09-15T21:32:01.177990+08:00,1789479121158191000,1789479121177990000,19799.000,19.799000,/dev/cu.usbserial-1120,/dev/cu.usbserial-A50285BI,955,1333A9F067D429D26EA14CC6D6E765374D01263EAFB1F10434DDDFDB5909
2026-09-15T21:32:01.700448+08:00,2026-09-15T21:32:01.730902+08:00,1789479121700448000,1789479121730902000,30454.000,30.454000,/dev/cu.usbserial-1120,/dev/cu.usbserial-A50285BI,956,13348C1B8F98A9BEA6C23FBBF854C423552BDFFCB26EFBE0908E8D552EFF
2026-09-15T21:32:02.242698+08:00,2026-09-15T21:32:02.262097+08:00,1789479122242698000,1789479122262097000,19399.000,19.399000,/dev/cu.usbserial-1120,/dev/cu.usbserial-A50285BI,957,133526EB6EB33818885BA8D4705D17F30894F04506CA326EA3F5FB870935
2026-09-15T21:32:02.784729+08:00,2026-09-15T21:32:02.814988+08:00,1789479122784729000,1789479122814988000,30259.000,30.259000,/dev/cu.usbserial-1120,/dev/cu.usbserial-A50285BI,958,1336D8717989CEFD3F5527BE5794FEA8DDDD8A7135172AA4FEFB3485B84E
2026-09-15T21:32:03.327115+08:00,2026-09-15T21:32:03.346488+08:00,1789479123327115000,1789479123346488000,19373.000,19.373000,/dev/cu.usbserial-1120,/dev/cu.usbserial-A50285BI,959,13377DA82FDCA850AF332F88E625330397FB03B504796E2D1996C9B958F8
2026-09-15T21:32:03.869139+08:00,2026-09-15T21:32:03.899166+08:00,1789479123869139000,1789479123899166000,30027.000,30.027000,/dev/cu.usbserial-1120,/dev/cu.usbserial-A50285BI,960,1338BF388831DBBD1DBCD7E966B6A205795C33E2DE481070FE6B9D2149C9
2026-09-15T21:32:04.411278+08:00,2026-09-15T21:32:04.430329+08:00,1789479124411278000,1789479124430329000,19051.000,19.051000,/dev/cu.usbserial-1120,/dev/cu.usbserial-A50285BI,961,133925FB2AF7AA7FAC566D3EE90D3B3436C87EEB1032FF50C5337C54E2E9
2026-09-15T21:32:04.953542+08:00,2026-09-15T21:32:04.983208+08:00,1789479124953542000,1789479124983208000,29666.000,29.666000,/dev/cu.usbserial-1120,/dev/cu.usbserial-A50285BI,962,133AEE42606896E38D32CD53BC7589A1AC07AE2AB9221BB2C5DF6F47E473
2026-09-15T21:32:05.495454+08:00,2026-09-15T21:32:05.514536+08:00,1789479125495454000,1789479125514536000,19082.000,19.082000,/dev/cu.usbserial-1120,/dev/cu.usbserial-A50285BI,963,133B9FD6C92D398AF42B75E899DF00AC4F4588617DE208C2857BD1D3AD9B
2026-09-15T21:32:06.037741+08:00,2026-09-15T21:32:06.068278+08:00,1789479126037741000,1789479126068278000,30537.000,30.537000,/dev/cu.usbserial-1120,/dev/cu.usbserial-A50285BI,964,133C5CBFD2C2D170CB6D56F09ECA198365381C80FE80C3F376D51FF4338D
2026-09-15T21:32:06.579948+08:00,2026-09-15T21:32:06.599447+08:00,1789479126579948000,1789479126599447000,19499.000,19.499000,/dev/cu.usbserial-1120,/dev/cu.usbserial-A50285BI,965,133DF8C6E39D9CAF28D76A9A00E21D6DF6FDDA2B0A73F8C961DD91D2AD1A
2026-09-15T21:32:07.122145+08:00,2026-09-15T21:32:07.152243+08:00,1789479127122145000,1789479127152243000,30098.000,30.098000,/dev/cu.usbserial-1120,/dev/cu.usbserial-A50285BI,966,133ECCBA5A0FE8017E1F090F7D69C3CA7FC467F8937C1058A0C96C7F1013
2026-09-15T21:32:07.664296+08:00,2026-09-15T21:32:07.683581+08:00,1789479127664296000,1789479127683581000,19285.000,19.285000,/dev/cu.usbserial-1120,/dev/cu.usbserial-A50285BI,967,133F4A733AE8E80993B9FAFF95587AD86B32337B614C0B8A0EFE13833E72
2026-09-15T21:32:08.206418+08:00,2026-09-15T21:32:08.236280+08:00,1789479128206418000,1789479128236280000,29862.000,29.862000,/dev/cu.usbserial-1120,/dev/cu.usbserial-A50285BI,968,13405099A2DC475037764ADB76438535407FC70188E81123BEB0E11AFF3D
2026-09-15T21:32:08.748651+08:00,2026-09-15T21:32:08.767552+08:00,1789479128748651000,1789479128767552000,18901.000,18.901000,/dev/cu.usbserial-1120,/dev/cu.usbserial-A50285BI,969,13413B24FDA67C10B0EEDEE1BAFECA279B64E11D99CEC9836C44B83AAD29
2026-09-15T21:32:09.290771+08:00,2026-09-15T21:32:09.321445+08:00,1789479129290771000,1789479129321445000,30674.000,30.674000,/dev/cu.usbserial-1120,/dev/cu.usbserial-A50285BI,970,1342C1A1FDEFE1B2F59DC8DBD102699DDBB740E699D6662FB67B5655B1FF
2026-09-15T21:32:09.832942+08:00,2026-09-15T21:32:09.852602+08:00,1789479129832942000,1789479129852602000,19660.000,19.660000,/dev/cu.usbserial-1120,/dev/cu.usbserial-A50285BI,971,13437D3847EF8316A1CE5CA53E8F0DF29ED13FFCB4D8850F094F6DE2B0C0
2026-09-15T21:32:10.375109+08:00,2026-09-15T21:32:10.405462+08:00,1789479130375109000,1789479130405462000,30353.000,30.353000,/dev/cu.usbserial-1120,/dev/cu.usbserial-A50285BI,972,13444870EDCFB996A43A007183900475EFB4224EAF11B8775B9A6F9B8289
2026-09-15T21:32:10.917217+08:00,2026-09-15T21:32:10.936815+08:00,1789479130917217000,1789479130936815000,19598.000,19.598000,/dev/cu.usbserial-1120,/dev/cu.usbserial-A50285BI,973,13454CAE9ED376CBB96DC5CCDB410FAB3AEF319C2144DFE69C7B2C85E836
2026-09-15T21:32:11.459321+08:00,2026-09-15T21:32:11.489505+08:00,1789479131459321000,1789479131489505000,30184.000,30.184000,/dev/cu.usbserial-1120,/dev/cu.usbserial-A50285BI,974,1346D8819E3A5D0C99EDB85EAC91F851053E88BC5FA13B8FEB771CB3FCC7
2026-09-15T21:32:12.001384+08:00,2026-09-15T21:32:12.020832+08:00,1789479132001384000,1789479132020832000,19448.000,19.448000,/dev/cu.usbserial-1120,/dev/cu.usbserial-A50285BI,975,1347F39F75E297BAF31BF773B947E6225FF3AA9D3A68439A8A5F7BC86684
2026-09-15T21:32:12.543597+08:00,2026-09-15T21:32:12.573593+08:00,1789479132543597000,1789479132573593000,29996.000,29.996000,/dev/cu.usbserial-1120,/dev/cu.usbserial-A50285BI,976,1348B2AC68AD663C18D7853D19E5725C1617D90E6A4B332992F7183F53E2
2026-09-15T21:32:13.085620+08:00,2026-09-15T21:32:13.104633+08:00,1789479133085620000,1789479133104633000,19013.000,19.013000,/dev/cu.usbserial-1120,/dev/cu.usbserial-A50285BI,977,134948BFAAA577C978E5DCD4EA4D7802AA4E273EC796681B6451EB6C2422
2026-09-15T21:32:13.627909+08:00,2026-09-15T21:32:13.657899+08:00,1789479133627909000,1789479133657899000,29990.000,29.990000,/dev/cu.usbserial-1120,/dev/cu.usbserial-A50285BI,978,134ADFA351E0FAEACF114503C327ADE0027C4A023C0F6C92E5FC6A40E7BD
2026-09-15T21:32:14.170244+08:00,2026-09-15T21:32:14.188823+08:00,1789479134170244000,1789479134188823000,18579.000,18.579000,/dev/cu.usbserial-1120,/dev/cu.usbserial-A50285BI,979,134B2BDF092371BD1D12E9C4ECFFF352E22B31D8799CD13467E09BCF8781
2026-09-15T21:32:14.712206+08:00,2026-09-15T21:32:14.742860+08:00,1789479134712206000,1789479134742860000,30654.000,30.654000,/dev/cu.usbserial-1120,/dev/cu.usbserial-A50285BI,980,134CBA7688474AF95830A5864E306DC31AA959AD6DA8C03367E5E791C579
2026-09-15T21:32:15.254411+08:00,2026-09-15T21:32:15.274155+08:00,1789479135254411000,1789479135274155000,19744.000,19.744000,/dev/cu.usbserial-1120,/dev/cu.usbserial-A50285BI,981,134D0B6DC75D2DB4E2A6A0332A8353F57DF2DF5F71454F0CFB58B369E48F
2026-09-15T21:32:15.796381+08:00,2026-09-15T21:32:15.826947+08:00,1789479135796381000,1789479135826947000,30566.000,30.566000,/dev/cu.usbserial-1120,/dev/cu.usbserial-A50285BI,982,134E6310EC9214E5BBC89CF38B9485049752530242109510080CAE6825F2
2026-09-15T21:32:16.338591+08:00,2026-09-15T21:32:16.358274+08:00,1789479136338591000,1789479136358274000,19683.000,19.683000,/dev/cu.usbserial-1120,/dev/cu.usbserial-A50285BI,983,134F61F307D21EAA74E30EAF7BFAE02A1CC851E4B7D67EA63542E94FF837
2026-09-15T21:32:16.880763+08:00,2026-09-15T21:32:16.911334+08:00,1789479136880763000,1789479136911334000,30571.000,30.571000,/dev/cu.usbserial-1120,/dev/cu.usbserial-A50285BI,984,13504DB8832D2248E9E6EE56F7235241212AD0512DF95D4CA147AAD8ED3F
2026-09-15T21:32:17.423012+08:00,2026-09-15T21:32:17.442521+08:00,1789479137423012000,1789479137442521000,19509.000,19.509000,/dev/cu.usbserial-1120,/dev/cu.usbserial-A50285BI,985,1351329459FC04F4ADC34EE0A202AD0C0B0C3616C392446155E100B46EDD
2026-09-15T21:32:17.965073+08:00,2026-09-15T21:32:17.995513+08:00,1789479137965073000,1789479137995513000,30440.000,30.440000,/dev/cu.usbserial-1120,/dev/cu.usbserial-A50285BI,986,1352B19103C1C9564294AB163A6A3D34496032C5495514A3796914512D36
2026-09-15T21:32:18.507249+08:00,2026-09-15T21:32:18.526626+08:00,1789479138507249000,1789479138526626000,19377.000,19.377000,/dev/cu.usbserial-1120,/dev/cu.usbserial-A50285BI,987,1353919236D16AC80F7F040DCC371A13C3DC48BCF736557848B543625DE6
2026-09-15T21:32:19.049368+08:00,2026-09-15T21:32:19.079693+08:00,1789479139049368000,1789479139079693000,30325.000,30.325000,/dev/cu.usbserial-1120,/dev/cu.usbserial-A50285BI,988,1354181A4DB16A601059AD75A8303D320F1D2AE5DFCFC5EFC4BEEE1EA2E6
2026-09-15T21:32:19.591884+08:00,2026-09-15T21:32:19.610765+08:00,1789479139591884000,1789479139610765000,18881.000,18.881000,/dev/cu.usbserial-1120,/dev/cu.usbserial-A50285BI,989,13551BCB854329B34C0BE39615AE5391678ECB3C227EB18327FC0E45C72E
2026-09-15T21:32:20.134085+08:00,2026-09-15T21:32:20.163803+08:00,1789479140134085000,1789479140163803000,29718.000,29.718000,/dev/cu.usbserial-1120,/dev/cu.usbserial-A50285BI,990,1356D6AEED9FF5550AB61E15C3FA52AB5D073214E44F06A41E9289E6331B
2026-09-15T21:32:20.676174+08:00,2026-09-15T21:32:20.695080+08:00,1789479140676174000,1789479140695080000,18906.000,18.906000,/dev/cu.usbserial-1120,/dev/cu.usbserial-A50285BI,991,13577A3719C0E321C19727780378CF374A371118FF9E24F5B72D46E11B91
2026-09-15T21:32:21.218408+08:00,2026-09-15T21:32:21.248981+08:00,1789479141218408000,1789479141248981000,30573.000,30.573000,/dev/cu.usbserial-1120,/dev/cu.usbserial-A50285BI,992,135889059BE4613CD2AAEF6EB7870BAD89C21411797A775414AA002C77DE
2026-09-15T21:32:21.760585+08:00,2026-09-15T21:32:21.780245+08:00,1789479141760585000,1789479141780245000,19660.000,19.660000,/dev/cu.usbserial-1120,/dev/cu.usbserial-A50285BI,993,1359E36C31B289D9F60F1CCD0925D18E6728F86BB4CAC59CE77BDCD7B463
2026-09-15T21:32:22.302835+08:00,2026-09-15T21:32:22.333148+08:00,1789479142302835000,1789479142333148000,30313.000,30.313000,/dev/cu.usbserial-1120,/dev/cu.usbserial-A50285BI,994,135A9EB2BC1B36BC772F6259DD540161D76A61786930462B9CC9BACF2CF2
2026-09-15T21:32:22.844930+08:00,2026-09-15T21:32:22.864397+08:00,1789479142844930000,1789479142864397000,19467.000,19.467000,/dev/cu.usbserial-1120,/dev/cu.usbserial-A50285BI,995,135B981AF600D67E209C9549063FEA7EE86B6A7154AF782454584E6458F7
2026-09-15T21:32:23.387114+08:00,2026-09-15T21:32:23.417270+08:00,1789479143387114000,1789479143417270000,30156.000,30.156000,/dev/cu.usbserial-1120,/dev/cu.usbserial-A50285BI,996,135CCCA3E2970394F4BB8189391A5A8CF519FB3FAE0CAE74982DEC8BC158
2026-09-15T21:32:23.929308+08:00,2026-09-15T21:32:23.948558+08:00,1789479143929308000,1789479143948558000,19250.000,19.250000,/dev/cu.usbserial-1120,/dev/cu.usbserial-A50285BI,997,135D668F018CD20F9F2276BEC3CB75CAA04BDDFC5EF76C94C8EF25E2BA1C
2026-09-15T21:32:24.471352+08:00,2026-09-15T21:32:24.501391+08:00,1789479144471352000,1789479144501391000,30039.000,30.039000,/dev/cu.usbserial-1120,/dev/cu.usbserial-A50285BI,998,135E97A448E8E823AFC0A40CFC4B480F7E678C39EDE87412570F1576CECC
2026-09-15T21:32:25.013682+08:00,2026-09-15T21:32:25.032673+08:00,1789479145013682000,1789479145032673000,18991.000,18.991000,/dev/cu.usbserial-1120,/dev/cu.usbserial-A50285BI,999,135F2834D3B4506880C02B9879CB1A9191C9D1003BC89DCFB7A97845F89B
2026-09-15T21:32:25.555763+08:00,2026-09-15T21:32:25.585369+08:00,1789479145555763000,1789479145585369000,29606.000,29.606000,/dev/cu.usbserial-1120,/dev/cu.usbserial-A50285BI,1000,1360CFDC575B0DE1FA2CEFCE0298876778E50D97F5566908132781849746
2026-09-15T21:32:26.097923+08:00,2026-09-15T21:32:26.116942+08:00,1789479146097923000,1789479146116942000,19019.000,19.019000,/dev/cu.usbserial-1120,/dev/cu.usbserial-A50285BI,1001,1361420E5BD170BFFC532E6249BE4DCF66285408C3465315C1A9689F1EBA
2026-09-15T21:32:26.640377+08:00,2026-09-15T21:32:26.670657+08:00,1789479146640377000,1789479146670657000,30280.000,30.280000,/dev/cu.usbserial-1120,/dev/cu.usbserial-A50285BI,1002,13620E4E247629E496EAD216556EE22ED5A140624428EBF17425C6038C79
2026-09-15T21:32:27.724491+08:00,2026-09-15T21:32:27.754848+08:00,1789479147724491000,1789479147754848000,30357.000,30.357000,/dev/cu.usbserial-1120,/dev/cu.usbserial-A50285BI,1003,13643D5AF080FC5C2B5F8707A974AE98F6A6360282E964890B394A1FCC57
2026-09-15T21:32:28.266577+08:00,2026-09-15T21:32:28.296039+08:00,1789479148266577000,1789479148296039000,29462.000,29.462000,/dev/cu.usbserial-1120,/dev/cu.usbserial-A50285BI,1004,1365D38163429011837441725EE223E6CFB0FD674BB8E88686B9E107E45F
2026-09-15T21:32:28.808926+08:00,2026-09-15T21:32:28.827272+08:00,1789479148808926000,1789479148827272000,18346.000,18.346000,/dev/cu.usbserial-1120,/dev/cu.usbserial-A50285BI,1005,1366103AA6F7D517D1EE9821DD0E4DF72379CABA0461C822D88DBB5F9D8B
2026-09-15T21:32:29.351147+08:00,2026-09-15T21:32:29.380931+08:00,1789479149351147000,1789479149380931000,29784.000,29.784000,/dev/cu.usbserial-1120,/dev/cu.usbserial-A50285BI,1006,136752B15CB5CCC65AE601D704FA2B8198077964935C527DDE3E6944B75D
2026-09-15T21:32:29.893258+08:00,2026-09-15T21:32:29.912310+08:00,1789479149893258000,1789479149912310000,19052.000,19.052000,/dev/cu.usbserial-1120,/dev/cu.usbserial-A50285BI,1007,1368858560180EFE8A7557BE80DEAD38149C232A4A151B30C6C59527F5FE
2026-09-15T21:32:30.435397+08:00,2026-09-15T21:32:30.465145+08:00,1789479150435397000,1789479150465145000,29748.000,29.748000,/dev/cu.usbserial-1120,/dev/cu.usbserial-A50285BI,1008,13693742FE5F20EE67166D6787D58717B09533B2180D57138CF18DD3D3EB
2026-09-15T21:32:30.977329+08:00,2026-09-15T21:32:30.996435+08:00,1789479150977329000,1789479150996435000,19106.000,19.106000,/dev/cu.usbserial-1120,/dev/cu.usbserial-A50285BI,1009,136A69AEE35A8A97C6CD63954A3EC7646B0F36CB81C5EABE2A869F34F553
2026-09-15T21:32:31.519747+08:00,2026-09-15T21:32:31.550190+08:00,1789479151519747000,1789479151550190000,30443.000,30.443000,/dev/cu.usbserial-1120,/dev/cu.usbserial-A50285BI,1010,136B26C6D306A80D3E0BBBB826DE266FA048746B4E593BD28C2429D35F3D
2026-09-15T21:32:32.061886+08:00,2026-09-15T21:32:32.081586+08:00,1789479152061886000,1789479152081586000,19700.000,19.700000,/dev/cu.usbserial-1120,/dev/cu.usbserial-A50285BI,1011,136CD4861EF33E81DE4E293A9FC7201F38CA427702ECCDF647EC6E23696B
2026-09-15T21:32:32.604031+08:00,2026-09-15T21:32:32.634467+08:00,1789479152604031000,1789479152634467000,30436.000,30.436000,/dev/cu.usbserial-1120,/dev/cu.usbserial-A50285BI,1012,136D4B6AD26BCC009F892D7B0BFAC52D9D47134411C88DA208E2297D6F00
2026-09-15T21:32:33.146018+08:00,2026-09-15T21:32:33.165737+08:00,1789479153146018000,1789479153165737000,19719.000,19.719000,/dev/cu.usbserial-1120,/dev/cu.usbserial-A50285BI,1013,136EA8B6AF52A5FA9948619B0FCD4B2C734452DED143EB9DCC12E1EA49E2
2026-09-15T21:32:33.688336+08:00,2026-09-15T21:32:33.718603+08:00,1789479153688336000,1789479153718603000,30267.000,30.267000,/dev/cu.usbserial-1120,/dev/cu.usbserial-A50285BI,1014,136FE077DDCDBF84F79191FCCD0C6A4E0877F10D2E62AA46D37300A57FDE
2026-09-15T21:32:34.230546+08:00,2026-09-15T21:32:34.249718+08:00,1789479154230546000,1789479154249718000,19172.000,19.172000,/dev/cu.usbserial-1120,/dev/cu.usbserial-A50285BI,1015,137015465EA44A5CAA8B8D84D9E065E786EFBF12203F7695548EA45D3B8F
2026-09-15T21:32:34.772646+08:00,2026-09-15T21:32:34.802730+08:00,1789479154772646000,1789479154802730000,30084.000,30.084000,/dev/cu.usbserial-1120,/dev/cu.usbserial-A50285BI,1016,1371ABD1436601AFDFDFBFA5EE72E9AFECF77B33DB2938DEEFDD323CFCFE
2026-09-15T21:32:35.314818+08:00,2026-09-15T21:32:35.333815+08:00,1789479155314818000,1789479155333815000,18997.000,18.997000,/dev/cu.usbserial-1120,/dev/cu.usbserial-A50285BI,1017,1372181AA04F429C30E07E1D634D98C9C1BAABFCC98E2A59E5F2ADAA0E08
2026-09-15T21:32:35.857026+08:00,2026-09-15T21:32:35.886874+08:00,1789479155857026000,1789479155886874000,29848.000,29.848000,/dev/cu.usbserial-1120,/dev/cu.usbserial-A50285BI,1018,13737D7B3FECDE759B6B1F7B5D86628683A52C413A9BAB64085DCBD1BC82
2026-09-15T21:32:36.399194+08:00,2026-09-15T21:32:36.418135+08:00,1789479156399194000,1789479156418135000,18941.000,18.941000,/dev/cu.usbserial-1120,/dev/cu.usbserial-A50285BI,1019,1374F76F157AAFCA358ECE67C49B99E8E38E87E5D79ED384724CC2DE401C
2026-09-15T21:32:36.941361+08:00,2026-09-15T21:32:36.971909+08:00,1789479156941361000,1789479156971909000,30548.000,30.548000,/dev/cu.usbserial-1120,/dev/cu.usbserial-A50285BI,1020,1375B4117711ED259CE921A0F51DC1E7B297085BDA31C42FF7F2E50B8007
2026-09-15T21:32:37.483341+08:00,2026-09-15T21:32:37.503088+08:00,1789479157483341000,1789479157503088000,19747.000,19.747000,/dev/cu.usbserial-1120,/dev/cu.usbserial-A50285BI,1021,1376C7620B833F942FD667C33A0F297598D18EEEFE17C44B59A7F15E7A57
2026-09-15T21:32:38.025697+08:00,2026-09-15T21:32:38.055996+08:00,1789479158025697000,1789479158055996000,30299.000,30.299000,/dev/cu.usbserial-1120,/dev/cu.usbserial-A50285BI,1022,1377BA4D7E0392E9FE49C3CFFC0B3D4188A221C235E20D7340D225307928
2026-09-15T21:32:38.567834+08:00,2026-09-15T21:32:38.587266+08:00,1789479158567834000,1789479158587266000,19432.000,19.432000,/dev/cu.usbserial-1120,/dev/cu.usbserial-A50285BI,1023,1378E66AF987AAC28277FB6BB428983CF5E647981E5C60FEE688166F0F82
2026-09-15T21:32:39.109961+08:00,2026-09-15T21:32:39.140077+08:00,1789479159109961000,1789479159140077000,30116.000,30.116000,/dev/cu.usbserial-1120,/dev/cu.usbserial-A50285BI,1024,1379848352EC7C4A0B380EE3A49DDADEC3D7165333A15EBF93F33FA2C1FB
2026-09-15T21:32:39.652139+08:00,2026-09-15T21:32:39.671381+08:00,1789479159652139000,1789479159671381000,19242.000,19.242000,/dev/cu.usbserial-1120,/dev/cu.usbserial-A50285BI,1025,137A81D904DD38BBFC2B89F649233D28FEAB073DC40D958BCE7259AE8020
2026-09-15T21:32:40.194235+08:00,2026-09-15T21:32:40.224232+08:00,1789479160194235000,1789479160224232000,29997.000,29.997000,/dev/cu.usbserial-1120,/dev/cu.usbserial-A50285BI,1026,137B1425DF7327A9B79D99518E1DE7674B008F08A6DB5B7D4F846E5CDE93
2026-09-15T21:32:40.736419+08:00,2026-09-15T21:32:40.755660+08:00,1789479160736419000,1789479160755660000,19241.000,19.241000,/dev/cu.usbserial-1120,/dev/cu.usbserial-A50285BI,1027,137C105E7D9B39FF5728DFD8BF78FFBC21FA6D94A9885CFBB563AD98FBF2
2026-09-15T21:32:41.278598+08:00,2026-09-15T21:32:41.308383+08:00,1789479161278598000,1789479161308383000,29785.000,29.785000,/dev/cu.usbserial-1120,/dev/cu.usbserial-A50285BI,1028,137DF83F7A3A5BC7221C05A94252815DB528C375CCFAF376FA71FD79427C
2026-09-15T21:32:41.820738+08:00,2026-09-15T21:32:41.839642+08:00,1789479161820738000,1789479161839642000,18904.000,18.904000,/dev/cu.usbserial-1120,/dev/cu.usbserial-A50285BI,1029,137ED58661108BABBBA012E0065BD09BB829E53131633BF3A8545204D774
2026-09-15T21:32:42.362714+08:00,2026-09-15T21:32:42.393293+08:00,1789479162362714000,1789479162393293000,30579.000,30.579000,/dev/cu.usbserial-1120,/dev/cu.usbserial-A50285BI,1030,137FC8FC665EAB3E19967F19B8FD0EA1C210F24BD0E4E34BCAE2C1AECD42
2026-09-15T21:32:42.905054+08:00,2026-09-15T21:32:42.924695+08:00,1789479162905054000,1789479162924695000,19641.000,19.641000,/dev/cu.usbserial-1120,/dev/cu.usbserial-A50285BI,1031,13806036D84917F9394107B8BA3D2C008A892503EDF3C334A3BD53A41A5D
2026-09-15T21:32:43.447254+08:00,2026-09-15T21:32:43.477836+08:00,1789479163447254000,1789479163477836000,30582.000,30.582000,/dev/cu.usbserial-1120,/dev/cu.usbserial-A50285BI,1032,1381AC1F53FBF70594A741EAD25EC2EDDDBBEBD9497D31FD20BC9CCB49EA
2026-09-15T21:32:43.989277+08:00,2026-09-15T21:32:44.008783+08:00,1789479163989277000,1789479164008783000,19506.000,19.506000,/dev/cu.usbserial-1120,/dev/cu.usbserial-A50285BI,1033,13820E33B78C54BD51B6EE69A4489E464BEBB3D41AC9121B0D0E0988F323
2026-09-15T21:32:44.531448+08:00,2026-09-15T21:32:44.561599+08:00,1789479164531448000,1789479164561599000,30151.000,30.151000,/dev/cu.usbserial-1120,/dev/cu.usbserial-A50285BI,1034,1383D48ADAA5EBF139271101E0AD1D59A0E38786BA20B266081FFB3EED77
2026-09-15T21:32:45.073587+08:00,2026-09-15T21:32:45.092999+08:00,1789479165073587000,1789479165092999000,19412.000,19.412000,/dev/cu.usbserial-1120,/dev/cu.usbserial-A50285BI,1035,1384869BFEE0C3E96D24C2D439E63C6218165DCD1F3052223737979A4075
2026-09-15T21:32:45.615758+08:00,2026-09-15T21:32:45.645695+08:00,1789479165615758000,1789479165645695000,29937.000,29.937000,/dev/cu.usbserial-1120,/dev/cu.usbserial-A50285BI,1036,1385FEBB02EF7E2ED8AAC15F1BA16BD74F812C59102A84BEBAE65990DB67
2026-09-15T21:32:46.157978+08:00,2026-09-15T21:32:46.177117+08:00,1789479166157978000,1789479166177117000,19139.000,19.139000,/dev/cu.usbserial-1120,/dev/cu.usbserial-A50285BI,1037,13863A695A83710A64AECB3A1A3B2665FB52BFF013B0385DE1226C2309BF
2026-09-15T21:32:46.700131+08:00,2026-09-15T21:32:46.731119+08:00,1789479166700131000,1789479166731119000,30988.000,30.988000,/dev/cu.usbserial-1120,/dev/cu.usbserial-A50285BI,1038,1387F34BBEE874CAED00ADA12AEC43B75B494B71277094171C2BBAE6A334
2026-09-15T21:32:47.242248+08:00,2026-09-15T21:32:47.262085+08:00,1789479167242248000,1789479167262085000,19837.000,19.837000,/dev/cu.usbserial-1120,/dev/cu.usbserial-A50285BI,1039,1388ECF5A47178C8F8F21BB592A60BFB6DE0C09C358E86FEB533C44503A9
2026-09-15T21:32:47.784471+08:00,2026-09-15T21:32:47.815015+08:00,1789479167784471000,1789479167815015000,30544.000,30.544000,/dev/cu.usbserial-1120,/dev/cu.usbserial-A50285BI,1040,13890A6D6D99DC2B22B64081A0BC0923E12CE28D45C41AE13EC03182BDD3
2026-09-15T21:32:48.868840+08:00,2026-09-15T21:32:48.899019+08:00,1789479168868840000,1789479168899019000,30179.000,30.179000,/dev/cu.usbserial-1120,/dev/cu.usbserial-A50285BI,1041,138BA37559889293CA9370537C3C6DA429D5FB869D741867DCB75B3F1238
2026-09-15T21:32:49.410688+08:00,2026-09-15T21:32:49.439972+08:00,1789479169410688000,1789479169439972000,29284.000,29.284000,/dev/cu.usbserial-1120,/dev/cu.usbserial-A50285BI,1042,138CC16D3FCF354F9F8AE1A4DA6D37A3F0EABDD7E21F9CC121D2E82CB82C
2026-09-15T21:32:49.952916+08:00,2026-09-15T21:32:49.971514+08:00,1789479169952916000,1789479169971514000,18598.000,18.598000,/dev/cu.usbserial-1120,/dev/cu.usbserial-A50285BI,1043,138DAE4E3839BEA3671B3D89A711E99C282C2BCFCDCBDE4FDFDBE21874D0
2026-09-15T21:32:50.495178+08:00,2026-09-15T21:32:50.525209+08:00,1789479170495178000,1789479170525209000,30031.000,30.031000,/dev/cu.usbserial-1120,/dev/cu.usbserial-A50285BI,1044,138E5F539D62D9765308F81A1F35159B8B5584724B86A4522B17A703B8C1
2026-09-15T21:32:51.037200+08:00,2026-09-15T21:32:51.056478+08:00,1789479171037200000,1789479171056478000,19278.000,19.278000,/dev/cu.usbserial-1120,/dev/cu.usbserial-A50285BI,1045,138F2202AEA754D6250F36307ADE46CAFED514FC618E891EDC34FAA12205
2026-09-15T21:32:51.579525+08:00,2026-09-15T21:32:51.609388+08:00,1789479171579525000,1789479171609388000,29863.000,29.863000,/dev/cu.usbserial-1120,/dev/cu.usbserial-A50285BI,1046,1390F1EC0489B5F8E6909FAAE6ED1CF3C6F381AA9DB3922442F4D09973EF
2026-09-15T21:32:52.121434+08:00,2026-09-15T21:32:52.140752+08:00,1789479172121434000,1789479172140752000,19318.000,19.318000,/dev/cu.usbserial-1120,/dev/cu.usbserial-A50285BI,1047,13918636C9CF92015CEBF47136C118C978B2E3384E807FB29487E78C45BE
2026-09-15T21:32:52.663883+08:00,2026-09-15T21:32:52.694475+08:00,1789479172663883000,1789479172694475000,30592.000,30.592000,/dev/cu.usbserial-1120,/dev/cu.usbserial-A50285BI,1048,139231DAA86D9F8939AC643B589F36E5B373972A7517E3762BBB1ADB7B09
2026-09-15T21:32:53.206088+08:00,2026-09-15T21:32:53.225826+08:00,1789479173206088000,1789479173225826000,19738.000,19.738000,/dev/cu.usbserial-1120,/dev/cu.usbserial-A50285BI,1049,13936BAB832685DA12679D1089D33D918F5DD3CD78DEF5C673D4752675DD
2026-09-15T21:32:53.748412+08:00,2026-09-15T21:32:53.778603+08:00,1789479173748412000,1789479173778603000,30191.000,30.191000,/dev/cu.usbserial-1120,/dev/cu.usbserial-A50285BI,1050,1394291CE9F177FA1462A2904A95D846D37EF7FB9ADD23A19B3A09950AA1
2026-09-15T21:32:54.290554+08:00,2026-09-15T21:32:54.309844+08:00,1789479174290554000,1789479174309844000,19290.000,19.290000,/dev/cu.usbserial-1120,/dev/cu.usbserial-A50285BI,1051,1395F0BF441E846E77F762F010AC62F4E7AFA8A02DE3697211D77ED835BF
2026-09-15T21:32:54.832729+08:00,2026-09-15T21:32:54.862700+08:00,1789479174832729000,1789479174862700000,29971.000,29.971000,/dev/cu.usbserial-1120,/dev/cu.usbserial-A50285BI,1052,1396AB8DD436ACB9AFB603C8BCD384068E3A9CFF836D6699AF3C6CED8B02
2026-09-15T21:32:55.374902+08:00,2026-09-15T21:32:55.393966+08:00,1789479175374902000,1789479175393966000,19064.000,19.064000,/dev/cu.usbserial-1120,/dev/cu.usbserial-A50285BI,1053,13973DEA5DA5B3A8674B018DCFDC7F22513C35B3A74629A8B38768A672BF
2026-09-15T21:32:55.917145+08:00,2026-09-15T21:32:55.947772+08:00,1789479175917145000,1789479175947772000,30627.000,30.627000,/dev/cu.usbserial-1120,/dev/cu.usbserial-A50285BI,1054,1398D665A118B7502D24F9DE5C9847B3BCCACE75CEECCD6F7206DFE812B5
2026-09-15T21:32:56.459230+08:00,2026-09-15T21:32:56.479035+08:00,1789479176459230000,1789479176479035000,19805.000,19.805000,/dev/cu.usbserial-1120,/dev/cu.usbserial-A50285BI,1055,139908418EA581D1EBCF4381BB7356264AD5D7A18DB7CAB9CB99A5B309B3
2026-09-15T21:32:57.001521+08:00,2026-09-15T21:32:57.031916+08:00,1789479177001521000,1789479177031916000,30395.000,30.395000,/dev/cu.usbserial-1120,/dev/cu.usbserial-A50285BI,1056,139A98B736AF9DE21B26442A01E13CF51FCCA079CAB907D25BDB4AE4DFFD
2026-09-15T21:32:57.543736+08:00,2026-09-15T21:32:57.563284+08:00,1789479177543736000,1789479177563284000,19548.000,19.548000,/dev/cu.usbserial-1120,/dev/cu.usbserial-A50285BI,1057,139B13F682852A0BB82C7F00317BF7677A04F7257366B1CE74FE31BB3E6D
2026-09-15T21:32:58.085880+08:00,2026-09-15T21:32:58.116034+08:00,1789479178085880000,1789479178116034000,30154.000,30.154000,/dev/cu.usbserial-1120,/dev/cu.usbserial-A50285BI,1058,139C26F1A3CE71B1F5B46FDE30E60713E7DA7280EFF2CD89CD78601DE05B
2026-09-15T21:32:58.628115+08:00,2026-09-15T21:32:58.647321+08:00,1789479178628115000,1789479178647321000,19206.000,19.206000,/dev/cu.usbserial-1120,/dev/cu.usbserial-A50285BI,1059,139DACD64DA737D5AFC6165B7C783F2835938C94557C8E6EF7611798453C
2026-09-15T21:32:59.170227+08:00,2026-09-15T21:32:59.200143+08:00,1789479179170227000,1789479179200143000,29916.000,29.916000,/dev/cu.usbserial-1120,/dev/cu.usbserial-A50285BI,1060,139E865FA587D09BA2BF538B9A9B5B6D2D0970E060ED65FA959922292B0A
2026-09-15T21:32:59.712384+08:00,2026-09-15T21:32:59.731365+08:00,1789479179712384000,1789479179731365000,18981.000,18.981000,/dev/cu.usbserial-1120,/dev/cu.usbserial-A50285BI,1061,139F2CCAF5E8F98B5C3CF68152EF5408FD06965E209FDCFE49AAECBEBD68
2026-09-15T21:33:00.254539+08:00,2026-09-15T21:33:00.285152+08:00,1789479180254539000,1789479180285152000,30613.000,30.613000,/dev/cu.usbserial-1120,/dev/cu.usbserial-A50285BI,1062,13A005A823A66498F3B5939A9C307400786D114670BF21A76F72597B8884
2026-09-15T21:33:00.796821+08:00,2026-09-15T21:33:00.816491+08:00,1789479180796821000,1789479180816491000,19670.000,19.670000,/dev/cu.usbserial-1120,/dev/cu.usbserial-A50285BI,1063,13A17957E62311E377EB177957DC2A83FE1DA4912A72623D8B7E53BF30BA
2026-09-15T21:33:01.338901+08:00,2026-09-15T21:33:01.369272+08:00,1789479181338901000,1789479181369272000,30371.000,30.371000,/dev/cu.usbserial-1120,/dev/cu.usbserial-A50285BI,1064,13A2C14FB431623E27011ED2BE929EE63B93993E1AB9DDAB81371FE4E5FB
2026-09-15T21:33:01.881107+08:00,2026-09-15T21:33:01.900690+08:00,1789479181881107000,1789479181900690000,19583.000,19.583000,/dev/cu.usbserial-1120,/dev/cu.usbserial-A50285BI,1065,13A3841E7CAFEB70666A01EA9A3A026F91534F56B513B5C488BD77C794F2
2026-09-15T21:33:02.423311+08:00,2026-09-15T21:33:02.453504+08:00,1789479182423311000,1789479182453504000,30193.000,30.193000,/dev/cu.usbserial-1120,/dev/cu.usbserial-A50285BI,1066,13A4213317EE0C3D6A88B0D935E8ACD3540597AF88E68442DE94570DDFE1
2026-09-15T21:33:02.965422+08:00,2026-09-15T21:33:02.984683+08:00,1789479182965422000,1789479182984683000,19261.000,19.261000,/dev/cu.usbserial-1120,/dev/cu.usbserial-A50285BI,1067,13A5CB5C7DDC3E23B80F4393137FE67FBA61BD72709CB38C3A039421CD4E
2026-09-15T21:33:03.507757+08:00,2026-09-15T21:33:03.537524+08:00,1789479183507757000,1789479183537524000,29767.000,29.767000,/dev/cu.usbserial-1120,/dev/cu.usbserial-A50285BI,1068,13A6580FB8DD2FE3522D50AB611682998FCA675C8D8E8B3E043530FE4061
2026-09-15T21:33:04.049914+08:00,2026-09-15T21:33:04.068856+08:00,1789479184049914000,1789479184068856000,18942.000,18.942000,/dev/cu.usbserial-1120,/dev/cu.usbserial-A50285BI,1069,13A7D76B9B798EC5AB69FDD32B1D2EC3AABB20C6F6A30A6846276FB0290A
2026-09-15T21:33:04.592169+08:00,2026-09-15T21:33:04.622707+08:00,1789479184592169000,1789479184622707000,30538.000,30.538000,/dev/cu.usbserial-1120,/dev/cu.usbserial-A50285BI,1070,13A8E6FB32BAA699604DD324503D8CA421E4B1652BB675935F40A79A7CE4
2026-09-15T21:33:05.134214+08:00,2026-09-15T21:33:05.153880+08:00,1789479185134214000,1789479185153880000,19666.000,19.666000,/dev/cu.usbserial-1120,/dev/cu.usbserial-A50285BI,1071,13A9BF3FF751AB7EA7C557223402FF273E1134CF4CBAAF867BBED977E3DA
2026-09-15T21:33:06.218549+08:00,2026-09-15T21:33:06.249636+08:00,1789479186218549000,1789479186249636000,31087.000,31.087000,/dev/cu.usbserial-1120,/dev/cu.usbserial-A50285BI,1072,13ABA4EA99AA2F51C1AA0896EC19C6F07DD0C42767EF67F257993011A072
2026-09-15T21:33:06.760649+08:00,2026-09-15T21:33:06.790882+08:00,1789479186760649000,1789479186790882000,30233.000,30.233000,/dev/cu.usbserial-1120,/dev/cu.usbserial-A50285BI,1073,13AC812AEAD92F659BE6CBC60122B04D4409CCCF0E402F93F79655ACB2BD
2026-09-15T21:33:07.303054+08:00,2026-09-15T21:33:07.321808+08:00,1789479187303054000,1789479187321808000,18754.000,18.754000,/dev/cu.usbserial-1120,/dev/cu.usbserial-A50285BI,1074,13AD3319F9C5049D3A5CD05FFEC7C1421E9F2502A44C42138243DD3AF5FF
2026-09-15T21:33:07.845164+08:00,2026-09-15T21:33:07.875845+08:00,1789479187845164000,1789479187875845000,30681.000,30.681000,/dev/cu.usbserial-1120,/dev/cu.usbserial-A50285BI,1075,13AE89E8B7C0B059E7066371B9CCE151DD85E9BCB0D8C02D251A00B4728F
2026-09-15T21:33:08.387357+08:00,2026-09-15T21:33:08.407112+08:00,1789479188387357000,1789479188407112000,19755.000,19.755000,/dev/cu.usbserial-1120,/dev/cu.usbserial-A50285BI,1076,13AF27947A61DB9EFD5CFE4B826F769C00E3B9B24E581B2D5184D744DFAB
2026-09-15T21:33:08.929508+08:00,2026-09-15T21:33:08.959917+08:00,1789479188929508000,1789479188959917000,30409.000,30.409000,/dev/cu.usbserial-1120,/dev/cu.usbserial-A50285BI,1077,13B0DFA975DE641A9EF323C71D487667E1361618A657B1FB6B782F8C975D
2026-09-15T21:33:09.471427+08:00,2026-09-15T21:33:09.491199+08:00,1789479189471427000,1789479189491199000,19772.000,19.772000,/dev/cu.usbserial-1120,/dev/cu.usbserial-A50285BI,1078,13B1C4C2E937B6EA24E6EB4378EF3A5AAF3B6E241C9519DD44E11FA3491D
2026-09-15T21:33:10.013822+08:00,2026-09-15T21:33:10.044067+08:00,1789479190013822000,1789479190044067000,30245.000,30.245000,/dev/cu.usbserial-1120,/dev/cu.usbserial-A50285BI,1079,13B2FED11A19DE1C5DF65C7017601688218BF6504BEE40FA4DC259E27239
2026-09-15T21:33:11.098163+08:00,2026-09-15T21:33:11.128107+08:00,1789479191098163000,1789479191128107000,29944.000,29.944000,/dev/cu.usbserial-1120,/dev/cu.usbserial-A50285BI,1080,13B4AE1FC717C2F1AFD62AEF3B1EFA4ADDED7B29288AB6443F86C242FF75
2026-09-15T21:33:11.640302+08:00,2026-09-15T21:33:11.669328+08:00,1789479191640302000,1789479191669328000,29026.000,29.026000,/dev/cu.usbserial-1120,/dev/cu.usbserial-A50285BI,1081,13B5CED3EC6AEE8DDC34A688655937B808D6AB0D1A94A24C76AADBABE456
2026-09-15T21:33:12.182604+08:00,2026-09-15T21:33:12.205234+08:00,1789479192182604000,1789479192205234000,22630.000,22.630000,/dev/cu.usbserial-1120,/dev/cu.usbserial-A50285BI,1082,13B6822F48B83BC68B54F2244945615E3F425E477252EA8E204FFA94681C
2026-09-15T21:33:12.724651+08:00,2026-09-15T21:33:12.755233+08:00,1789479192724651000,1789479192755233000,30582.000,30.582000,/dev/cu.usbserial-1120,/dev/cu.usbserial-A50285BI,1083,13B7030EB8A6475FFA9CE2B27EED93DAA6054BEB53C87795124B0E430755
2026-09-15T21:33:13.267082+08:00,2026-09-15T21:33:13.286303+08:00,1789479193267082000,1789479193286303000,19221.000,19.221000,/dev/cu.usbserial-1120,/dev/cu.usbserial-A50285BI,1084,13B85AF8959886E4D3AFEBC9AED71910DE6DA8AA8A2BBDA8BA225B998077
2026-09-15T21:33:13.809154+08:00,2026-09-15T21:33:13.839343+08:00,1789479193809154000,1789479193839343000,30189.000,30.189000,/dev/cu.usbserial-1120,/dev/cu.usbserial-A50285BI,1085,13B96FA7E6DD997096D6BCA54CA94465FC223A57C20C09898E6F0E0C8B8A
2026-09-15T21:33:14.351458+08:00,2026-09-15T21:33:14.370796+08:00,1789479194351458000,1789479194370796000,19338.000,19.338000,/dev/cu.usbserial-1120,/dev/cu.usbserial-A50285BI,1086,13BAE14B548F652FD62192F5038EFDCA3CCC2C2C7B359CFF44028E714989
2026-09-15T21:33:14.893656+08:00,2026-09-15T21:33:14.923711+08:00,1789479194893656000,1789479194923711000,30055.000,30.055000,/dev/cu.usbserial-1120,/dev/cu.usbserial-A50285BI,1087,13BB968FE036E1A4254B4956EE571A7E7377A2CABA507A15C4C897817A87
2026-09-15T21:33:15.435710+08:00,2026-09-15T21:33:15.454742+08:00,1789479195435710000,1789479195454742000,19032.000,19.032000,/dev/cu.usbserial-1120,/dev/cu.usbserial-A50285BI,1088,13BC105A5430ADAACF5F339C8C63729148B80B047F4B011EE06C07186F92
2026-09-15T21:33:15.978106+08:00,2026-09-15T21:33:16.007646+08:00,1789479195978106000,1789479196007646000,29540.000,29.540000,/dev/cu.usbserial-1120,/dev/cu.usbserial-A50285BI,1089,13BD83557CD3653B471EABD5703EB02A218E385AFA7D3B7EBFC1743DC35A
2026-09-15T21:33:16.520252+08:00,2026-09-15T21:33:16.538885+08:00,1789479196520252000,1789479196538885000,18633.000,18.633000,/dev/cu.usbserial-1120,/dev/cu.usbserial-A50285BI,1090,13BEA92E144DB9F1641D670CBA0AE987DC092E467B86F3291CDC84E5CB90
2026-09-15T21:33:17.062254+08:00,2026-09-15T21:33:17.092943+08:00,1789479197062254000,1789479197092943000,30689.000,30.689000,/dev/cu.usbserial-1120,/dev/cu.usbserial-A50285BI,1091,13BF53A07E513A4F4AB090D0489FEDC644ABBD382BF987E83302FB75C80E
2026-09-15T21:33:17.604469+08:00,2026-09-15T21:33:17.623934+08:00,1789479197604469000,1789479197623934000,19465.000,19.465000,/dev/cu.usbserial-1120,/dev/cu.usbserial-A50285BI,1092,13C0BD303A71F4BE27889172AA735F674090CF607EBA81617546920AE1BA
2026-09-15T21:33:18.146645+08:00,2026-09-15T21:33:18.176922+08:00,1789479198146645000,1789479198176922000,30277.000,30.277000,/dev/cu.usbserial-1120,/dev/cu.usbserial-A50285BI,1093,13C1A8B6144BBF57A51DB00FD739868FCB4D81306627E6D300F08C79D128
2026-09-15T21:33:18.689069+08:00,2026-09-15T21:33:18.708509+08:00,1789479198689069000,1789479198708509000,19440.000,19.440000,/dev/cu.usbserial-1120,/dev/cu.usbserial-A50285BI,1094,13C227A11C65536519CB6053A34AE00CA69BF19F46F84BA3D09E08166103
2026-09-15T21:33:19.230994+08:00,2026-09-15T21:33:19.261031+08:00,1789479199230994000,1789479199261031000,30037.000,30.037000,/dev/cu.usbserial-1120,/dev/cu.usbserial-A50285BI,1095,13C337F958D71FA77DBD53F9EEC67A1CCDB1DB2DABE5AB99B32A1637972B
2026-09-15T21:33:19.773264+08:00,2026-09-15T21:33:19.792512+08:00,1789479199773264000,1789479199792512000,19248.000,19.248000,/dev/cu.usbserial-1120,/dev/cu.usbserial-A50285BI,1096,13C40F223AACD858228B50149C7800EBAC74E4A8BB0BF9E8FF508A76AA9D
2026-09-15T21:33:20.315293+08:00,2026-09-15T21:33:20.345409+08:00,1789479200315293000,1789479200345409000,30116.000,30.116000,/dev/cu.usbserial-1120,/dev/cu.usbserial-A50285BI,1097,13C53B64D207D2EE23A3C90E477C94DF104FB2B26B0D76F2050E92B8BA15
2026-09-15T21:33:20.857368+08:00,2026-09-15T21:33:20.876623+08:00,1789479200857368000,1789479200876623000,19255.000,19.255000,/dev/cu.usbserial-1120,/dev/cu.usbserial-A50285BI,1098,13C6682DC20711A39A6B2972B4A16194DEE2C20072FBC1C743C808EF4273
2026-09-15T21:33:21.399523+08:00,2026-09-15T21:33:21.429877+08:00,1789479201399523000,1789479201429877000,30354.000,30.354000,/dev/cu.usbserial-1120,/dev/cu.usbserial-A50285BI,1099,13C7FF12F46A1CB69421F06B078DECA7845CF862FFF4B2705A3286A14BDF
2026-09-15T21:33:21.941782+08:00,2026-09-15T21:33:21.961017+08:00,1789479201941782000,1789479201961017000,19235.000,19.235000,/dev/cu.usbserial-1120,/dev/cu.usbserial-A50285BI,1100,13C872990BF29670C4887E0AB8A4303531A6F4852C8DE6EEC4EC3C2660AD
2026-09-15T21:33:22.483931+08:00,2026-09-15T21:33:22.513952+08:00,1789479202483931000,1789479202513952000,30021.000,30.021000,/dev/cu.usbserial-1120,/dev/cu.usbserial-A50285BI,1101,13C958B89C898DE8F843B14A43A76721C54629782FEE180243EB83B34301
2026-09-15T21:33:23.026070+08:00,2026-09-15T21:33:23.045527+08:00,1789479203026070000,1789479203045527000,19457.000,19.457000,/dev/cu.usbserial-1120,/dev/cu.usbserial-A50285BI,1102,13CA391A1B248F854DFD30D3A01EA71788FFADF254C034AD1A9D30196230
2026-09-15T21:33:23.568399+08:00,2026-09-15T21:33:23.598233+08:00,1789479203568399000,1789479203598233000,29834.000,29.834000,/dev/cu.usbserial-1120,/dev/cu.usbserial-A50285BI,1103,13CB2826956A7F452450837F787533529C3AD04FACC82A75FDCAA74B09EB
2026-09-15T21:33:24.110584+08:00,2026-09-15T21:33:24.129588+08:00,1789479204110584000,1789479204129588000,19004.000,19.004000,/dev/cu.usbserial-1120,/dev/cu.usbserial-A50285BI,1104,13CC14BF21132CC1D161E89F12E78C1F32276E5E8451856BC73AB5A3571C
2026-09-15T21:33:24.652915+08:00,2026-09-15T21:33:24.683266+08:00,1789479204652915000,1789479204683266000,30351.000,30.351000,/dev/cu.usbserial-1120,/dev/cu.usbserial-A50285BI,1105,13CDDCCA16109CEE184CE6FC111C4B1F7EA103DC964DB9EEEF1A1CE3F18D
2026-09-15T21:33:25.194874+08:00,2026-09-15T21:33:25.214523+08:00,1789479205194874000,1789479205214523000,19649.000,19.649000,/dev/cu.usbserial-1120,/dev/cu.usbserial-A50285BI,1106,13CE2673FB6E2AA35744A09EDE92B14E6AD481BD00383E2FBA1DEDFB764D
2026-09-15T21:33:25.737141+08:00,2026-09-15T21:33:25.767445+08:00,1789479205737141000,1789479205767445000,30304.000,30.304000,/dev/cu.usbserial-1120,/dev/cu.usbserial-A50285BI,1107,13CFEF2D41F956DD8178EA4EE4BFF9C60C9FE22FF7C260723063978FB7D0
2026-09-15T21:33:26.279255+08:00,2026-09-15T21:33:26.298866+08:00,1789479206279255000,1789479206298866000,19611.000,19.611000,/dev/cu.usbserial-1120,/dev/cu.usbserial-A50285BI,1108,13D0E07CB1A155C4D0B61BDA80F27241D7B97E5E3A2AD318CE1CC235A5DA
2026-09-15T21:33:26.821472+08:00,2026-09-15T21:33:26.851622+08:00,1789479206821472000,1789479206851622000,30150.000,30.150000,/dev/cu.usbserial-1120,/dev/cu.usbserial-A50285BI,1109,13D16574A59E6C6A38D0A61DB5FB4F6291931CF74669075FFFEADA81081B
2026-09-15T21:33:27.363637+08:00,2026-09-15T21:33:27.383243+08:00,1789479207363637000,1789479207383243000,19606.000,19.606000,/dev/cu.usbserial-1120,/dev/cu.usbserial-A50285BI,1110,13D27DFFF85501579CC068BCA2903AB20A02C96C4C153FE549096CC0F498
2026-09-15T21:33:27.905652+08:00,2026-09-15T21:33:27.935838+08:00,1789479207905652000,1789479207935838000,30186.000,30.186000,/dev/cu.usbserial-1120,/dev/cu.usbserial-A50285BI,1111,13D351E0BDF76BC7C18BC1B0B36CAD6B889A6AFBE50161F0492F3385FACF
2026-09-15T21:33:28.448122+08:00,2026-09-15T21:33:28.467555+08:00,1789479208448122000,1789479208467555000,19433.000,19.433000,/dev/cu.usbserial-1120,/dev/cu.usbserial-A50285BI,1112,13D4857AB1ED8FB004E864869736FFF502DB116E81A78C6F5E32EFE71F98
2026-09-15T21:33:28.990028+08:00,2026-09-15T21:33:29.020284+08:00,1789479208990028000,1789479209020284000,30256.000,30.256000,/dev/cu.usbserial-1120,/dev/cu.usbserial-A50285BI,1113,13D5504F6FF52B84CD9FED66F6263E33130C12A1A3456EBD266DFA868FCB
2026-09-15T21:33:29.532019+08:00,2026-09-15T21:33:29.551766+08:00,1789479209532019000,1789479209551766000,19747.000,19.747000,/dev/cu.usbserial-1120,/dev/cu.usbserial-A50285BI,1114,13D64C48670AEEBAC1B135D7E167C17CABE9D3C6CDC75229ACE29B510FA5
2026-09-15T21:33:30.074424+08:00,2026-09-15T21:33:30.104681+08:00,1789479210074424000,1789479210104681000,30257.000,30.257000,/dev/cu.usbserial-1120,/dev/cu.usbserial-A50285BI,1115,13D70BB98E064E0CB93B663E073D7B6A85FD656A3A69F9385C1D170836E9
2026-09-15T21:33:30.616371+08:00,2026-09-15T21:33:30.635754+08:00,1789479210616371000,1789479210635754000,19383.000,19.383000,/dev/cu.usbserial-1120,/dev/cu.usbserial-A50285BI,1116,13D87021D407187F7419CF2AACE40F545ACFD535501A2FA7BDDE8A805AC8
2026-09-15T21:33:31.158652+08:00,2026-09-15T21:33:31.189129+08:00,1789479211158652000,1789479211189129000,30477.000,30.477000,/dev/cu.usbserial-1120,/dev/cu.usbserial-A50285BI,1117,13D9B9B35894C5260C4B7751583DA69BD9BE4173D2A01B31DB7479AB497F
2026-09-15T21:33:31.700811+08:00,2026-09-15T21:33:31.720078+08:00,1789479211700811000,1789479211720078000,19267.000,19.267000,/dev/cu.usbserial-1120,/dev/cu.usbserial-A50285BI,1118,13DA5D975C7E91A42B1A7257502982A653ABAB55D77F541487E82655BEC4
2026-09-15T21:33:32.785104+08:00,2026-09-15T21:33:32.817429+08:00,1789479212785104000,1789479212817429000,32325.000,32.325000,/dev/cu.usbserial-1120,/dev/cu.usbserial-A50285BI,1119,13DCCC9A91C2EBEAE32A2A10D3EE3F364496361E5B93F9BAED40A08BAA99
2026-09-15T21:33:33.327324+08:00,2026-09-15T21:33:33.357666+08:00,1789479213327324000,1789479213357666000,30342.000,30.342000,/dev/cu.usbserial-1120,/dev/cu.usbserial-A50285BI,1120,13DD7EBA06BDE7F7EB25C31520A2D4627718C7C8B9FDFCA5528F156ABDD8
2026-09-15T21:33:33.869440+08:00,2026-09-15T21:33:33.888878+08:00,1789479213869440000,1789479213888878000,19438.000,19.438000,/dev/cu.usbserial-1120,/dev/cu.usbserial-A50285BI,1121,13DE40F5AD6245AF01BA4E6565A779E7C7282063802EE37E3F1E7A38B505
2026-09-15T21:33:34.411591+08:00,2026-09-15T21:33:34.441729+08:00,1789479214411591000,1789479214441729000,30138.000,30.138000,/dev/cu.usbserial-1120,/dev/cu.usbserial-A50285BI,1122,13DF3C7D03996E8AE3F34C05980ED9DB96FF67D9F1F2E60A88E8ECD3EE32
2026-09-15T21:33:34.953915+08:00,2026-09-15T21:33:34.973062+08:00,1789479214953915000,1789479214973062000,19147.000,19.147000,/dev/cu.usbserial-1120,/dev/cu.usbserial-A50285BI,1123,13E088CF1BACC76BD7BA0241E204EE35E4F1615218E5E562B639FE4F25FE
2026-09-15T21:33:35.496283+08:00,2026-09-15T21:33:35.526045+08:00,1789479215496283000,1789479215526045000,29762.000,29.762000,/dev/cu.usbserial-1120,/dev/cu.usbserial-A50285BI,1124,13E13B3CDD72FF631E3E0CAD5275D413434D80B7FC9BBDC1801049FA2E36
2026-09-15T21:33:36.038332+08:00,2026-09-15T21:33:36.057333+08:00,1789479216038332000,1789479216057333000,19001.000,19.001000,/dev/cu.usbserial-1120,/dev/cu.usbserial-A50285BI,1125,13E2402BEF2827332514B5EB537265BA8C01BDF79D865B01FA44C420693A
2026-09-15T21:33:36.580327+08:00,2026-09-15T21:33:36.611015+08:00,1789479216580327000,1789479216611015000,30688.000,30.688000,/dev/cu.usbserial-1120,/dev/cu.usbserial-A50285BI,1126,13E3EC1A701F85957F1E0830DE51845F55FF290A9D9694E58967D88EF423
2026-09-15T21:33:37.122539+08:00,2026-09-15T21:33:37.142292+08:00,1789479217122539000,1789479217142292000,19753.000,19.753000,/dev/cu.usbserial-1120,/dev/cu.usbserial-A50285BI,1127,13E4506869192739952DA4866D9736AA1F6143B8BA9FB1169C6B31D69FA7
2026-09-15T21:33:37.664726+08:00,2026-09-15T21:33:37.695389+08:00,1789479217664726000,1789479217695389000,30663.000,30.663000,/dev/cu.usbserial-1120,/dev/cu.usbserial-A50285BI,1128,13E54ED303723990196751D0B59875F5514D0A19017CCBEE1B085356A2BA
2026-09-15T21:33:38.206943+08:00,2026-09-15T21:33:38.226600+08:00,1789479218206943000,1789479218226600000,19657.000,19.657000,/dev/cu.usbserial-1120,/dev/cu.usbserial-A50285BI,1129,13E66CC17700154A3E68559111DAC256E798D0DAC3F7DAF69CDAF2F80FF3
2026-09-15T21:33:38.748917+08:00,2026-09-15T21:33:38.779503+08:00,1789479218748917000,1789479218779503000,30586.000,30.586000,/dev/cu.usbserial-1120,/dev/cu.usbserial-A50285BI,1130,13E76941C7B91D9FA828856BBE3C7D62E82BD24444658D2E5A4C00B807B3
2026-09-15T21:33:39.291179+08:00,2026-09-15T21:33:39.311003+08:00,1789479219291179000,1789479219311003000,19824.000,19.824000,/dev/cu.usbserial-1120,/dev/cu.usbserial-A50285BI,1131,13E892CE30194A4F22A21C67CBD9F7AD9B278AFC3812DA11E43785E9AE06
2026-09-15T21:33:39.833371+08:00,2026-09-15T21:33:39.863903+08:00,1789479219833371000,1789479219863903000,30532.000,30.532000,/dev/cu.usbserial-1120,/dev/cu.usbserial-A50285BI,1132,13E9D3D85C3F826913304EF9CCAB421277C9C188EC62535696483136DE46
2026-09-15T21:33:40.375632+08:00,2026-09-15T21:33:40.395325+08:00,1789479220375632000,1789479220395325000,19693.000,19.693000,/dev/cu.usbserial-1120,/dev/cu.usbserial-A50285BI,1133,13EA8F0259DBABCDB0B69AC053F1CDB6DD0E669746B23D75CB23B0689D83
2026-09-15T21:33:40.917618+08:00,2026-09-15T21:33:40.948085+08:00,1789479220917618000,1789479220948085000,30467.000,30.467000,/dev/cu.usbserial-1120,/dev/cu.usbserial-A50285BI,1134,13EB2E2A4BCA8371F184E1101E50B2CC861420FF6C0160EFCE4AC2EB4DA3
2026-09-15T21:33:41.459884+08:00,2026-09-15T21:33:41.479522+08:00,1789479221459884000,1789479221479522000,19638.000,19.638000,/dev/cu.usbserial-1120,/dev/cu.usbserial-A50285BI,1135,13EC7A2BE37C2B6543FA392F0FBACB18BC44A28445519D4B93BD0811A74A
2026-09-15T21:33:42.002026+08:00,2026-09-15T21:33:42.032602+08:00,1789479222002026000,1789479222032602000,30576.000,30.576000,/dev/cu.usbserial-1120,/dev/cu.usbserial-A50285BI,1136,13EDA8638D1A879601EB8060DE1089334A33C35DA3CC43E128609E13677A
2026-09-15T21:33:42.544201+08:00,2026-09-15T21:33:42.563661+08:00,1789479222544201000,1789479222563661000,19460.000,19.460000,/dev/cu.usbserial-1120,/dev/cu.usbserial-A50285BI,1137,13EE36F56A6A4754A1C1B1A28E88839233424B763BA82058EB1F6CDAC6F9
2026-09-15T21:33:43.086365+08:00,2026-09-15T21:33:43.116760+08:00,1789479223086365000,1789479223116760000,30395.000,30.395000,/dev/cu.usbserial-1120,/dev/cu.usbserial-A50285BI,1138,13EF7ACE0370C394B063F837A2CECF46230A8E745BCA58EF7AD13A80AB74
2026-09-15T21:33:43.628406+08:00,2026-09-15T21:33:43.647943+08:00,1789479223628406000,1789479223647943000,19537.000,19.537000,/dev/cu.usbserial-1120,/dev/cu.usbserial-A50285BI,1139,13F0F567B8D489F47DD786E50EEB1283A87AB97B582BF77D6DDE87969F66
2026-09-15T21:33:44.170446+08:00,2026-09-15T21:33:44.201033+08:00,1789479224170446000,1789479224201033000,30587.000,30.587000,/dev/cu.usbserial-1120,/dev/cu.usbserial-A50285BI,1140,13F16A4EFC05B68196A824FEEEE757E11FBBEDB0CAFC4738C5A2182682B8
2026-09-15T21:33:44.712603+08:00,2026-09-15T21:33:44.732139+08:00,1789479224712603000,1789479224732139000,19536.000,19.536000,/dev/cu.usbserial-1120,/dev/cu.usbserial-A50285BI,1141,13F2B064411F0639F508871FF72FA1636DD80E7F798BE137218E51760127
2026-09-15T21:33:45.254777+08:00,2026-09-15T21:33:45.285376+08:00,1789479225254777000,1789479225285376000,30599.000,30.599000,/dev/cu.usbserial-1120,/dev/cu.usbserial-A50285BI,1142,13F349E6B28EAB51F9B468BAB0B6413A75205A9C14E283B8B4124690C567
2026-09-15T21:33:45.796942+08:00,2026-09-15T21:33:45.816426+08:00,1789479225796942000,1789479225816426000,19484.000,19.484000,/dev/cu.usbserial-1120,/dev/cu.usbserial-A50285BI,1143,13F4B02CA571E035159951535EDDE7484348BBC9A532A620F93C8F836A0A
2026-09-15T21:33:46.339059+08:00,2026-09-15T21:33:46.369556+08:00,1789479226339059000,1789479226369556000,30497.000,30.497000,/dev/cu.usbserial-1120,/dev/cu.usbserial-A50285BI,1144,13F57531CDBF3B52493A368CC21278650A52DB5BC6F4CCC5221FDD683420
2026-09-15T21:33:46.881120+08:00,2026-09-15T21:33:46.900595+08:00,1789479226881120000,1789479226900595000,19475.000,19.475000,/dev/cu.usbserial-1120,/dev/cu.usbserial-A50285BI,1145,13F608D8312AC49552CECAE18438A462D22FFA7C93CA9C6C53F34F25829D
2026-09-15T21:33:47.423294+08:00,2026-09-15T21:33:47.453776+08:00,1789479227423294000,1789479227453776000,30482.000,30.482000,/dev/cu.usbserial-1120,/dev/cu.usbserial-A50285BI,1146,13F757EBDFC5C8B0A22A8D316CCB35D0EF2581305D29AE9291FF82F3007D
2026-09-15T21:33:47.965538+08:00,2026-09-15T21:33:47.985019+08:00,1789479227965538000,1789479227985019000,19481.000,19.481000,/dev/cu.usbserial-1120,/dev/cu.usbserial-A50285BI,1147,13F819E15E666D211062A60254C1277F32F0551822B7256D7A386C9F9EA8
2026-09-15T21:33:48.507703+08:00,2026-09-15T21:33:48.538004+08:00,1789479228507703000,1789479228538004000,30301.000,30.301000,/dev/cu.usbserial-1120,/dev/cu.usbserial-A50285BI,1148,13F9E666E6CA03F24D307583DF317BC7E1A9EAF7BD7300B0B4A7E8924294
2026-09-15T21:33:49.049883+08:00,2026-09-15T21:33:49.069189+08:00,1789479229049883000,1789479229069189000,19306.000,19.306000,/dev/cu.usbserial-1120,/dev/cu.usbserial-A50285BI,1149,13FA0D9A507C1F401C12E650E9B4C98866681DF6DE982F10258E10903EAD
2026-09-15T21:33:49.592082+08:00,2026-09-15T21:33:49.622232+08:00,1789479229592082000,1789479229622232000,30150.000,30.150000,/dev/cu.usbserial-1120,/dev/cu.usbserial-A50285BI,1150,13FB2316CD75677B403485F6BB8D99F1C7AAC0A9BB416688E6484C428277
2026-09-15T21:33:50.134100+08:00,2026-09-15T21:33:50.153473+08:00,1789479230134100000,1789479230153473000,19373.000,19.373000,/dev/cu.usbserial-1120,/dev/cu.usbserial-A50285BI,1151,13FC5CB158822D713213543B05897002DB73F4D082CAB35DF6F22D748F6F
2026-09-15T21:33:50.676294+08:00,2026-09-15T21:33:50.706660+08:00,1789479230676294000,1789479230706660000,30366.000,30.366000,/dev/cu.usbserial-1120,/dev/cu.usbserial-A50285BI,1152,13FD9B06EB67BC0B99DC5D1C8AA5ABD2383139DC94FBCFE2B0CCF81D31B4
2026-09-15T21:33:51.218605+08:00,2026-09-15T21:33:51.237771+08:00,1789479231218605000,1789479231237771000,19166.000,19.166000,/dev/cu.usbserial-1120,/dev/cu.usbserial-A50285BI,1153,13FE4AB372C673D3799608959A740D8FED65443671E536FBFD5F0221EA68
2026-09-15T21:33:51.760667+08:00,2026-09-15T21:33:51.790829+08:00,1789479231760667000,1789479231790829000,30162.000,30.162000,/dev/cu.usbserial-1120,/dev/cu.usbserial-A50285BI,1154,13FFE96082BF953C27062C22433D1947F3029541738AF762475EC1D72FD6
2026-09-15T21:33:52.302887+08:00,2026-09-15T21:33:52.322240+08:00,1789479232302887000,1789479232322240000,19353.000,19.353000,/dev/cu.usbserial-1120,/dev/cu.usbserial-A50285BI,1155,14006685C856DC9F024BE60745E51F6A6292C51A3C3E4BAA334B9D4B5452
2026-09-15T21:33:52.845143+08:00,2026-09-15T21:33:52.875348+08:00,1789479232845143000,1789479232875348000,30205.000,30.205000,/dev/cu.usbserial-1120,/dev/cu.usbserial-A50285BI,1156,140131E94197D205E14E2B51C891160D651CA224EECEE6050CDF894346E2
2026-09-15T21:33:53.387183+08:00,2026-09-15T21:33:53.406561+08:00,1789479233387183000,1789479233406561000,19378.000,19.378000,/dev/cu.usbserial-1120,/dev/cu.usbserial-A50285BI,1157,14020CEB2D7ADEA94CDC1E99CE082EEEEDC7FC451F630FC7FF295301FC9F
2026-09-15T21:33:53.929286+08:00,2026-09-15T21:33:53.959551+08:00,1789479233929286000,1789479233959551000,30265.000,30.265000,/dev/cu.usbserial-1120,/dev/cu.usbserial-A50285BI,1158,1403A583C3851E3A6D8E208D68DB223A273C3BEF892570A80A72BDCBACDB
2026-09-15T21:33:54.471496+08:00,2026-09-15T21:33:54.490997+08:00,1789479234471496000,1789479234490997000,19501.000,19.501000,/dev/cu.usbserial-1120,/dev/cu.usbserial-A50285BI,1159,1404E505A335F9E2C36EAA2FAA465010ADCEB6E083A2ACCBB4E54A2DBF01
2026-09-15T21:33:55.013572+08:00,2026-09-15T21:33:55.044008+08:00,1789479235013572000,1789479235044008000,30436.000,30.436000,/dev/cu.usbserial-1120,/dev/cu.usbserial-A50285BI,1160,140504A90E1C72099B59DDD95ED389C27D5AC4A732EBB3817CF1D7FB853E
2026-09-15T21:33:55.555802+08:00,2026-09-15T21:33:55.575172+08:00,1789479235555802000,1789479235575172000,19370.000,19.370000,/dev/cu.usbserial-1120,/dev/cu.usbserial-A50285BI,1161,140662CDD6C83CD93D23D40679C2A7E0ACED91EC7E82D6CC106BF018A7E3
2026-09-15T21:33:56.097867+08:00,2026-09-15T21:33:56.128333+08:00,1789479236097867000,1789479236128333000,30466.000,30.466000,/dev/cu.usbserial-1120,/dev/cu.usbserial-A50285BI,1162,140716F61568917FE77FBED1502AE2F4D82AB06EC4F59CA44475DDF75F87
2026-09-15T21:33:56.640248+08:00,2026-09-15T21:33:56.659477+08:00,1789479236640248000,1789479236659477000,19229.000,19.229000,/dev/cu.usbserial-1120,/dev/cu.usbserial-A50285BI,1163,1408459A9F2EC0357C9BAD3B89DDE00C606874CA4E4751FBBF2180E368ED
2026-09-15T21:33:57.182547+08:00,2026-09-15T21:33:57.212426+08:00,1789479237182547000,1789479237212426000,29879.000,29.879000,/dev/cu.usbserial-1120,/dev/cu.usbserial-A50285BI,1164,1409329F36758A01FA8C2E2FD10E90FA559CFCFF8514628074D3E100B5AA
2026-09-15T21:33:57.724683+08:00,2026-09-15T21:33:57.743955+08:00,1789479237724683000,1789479237743955000,19272.000,19.272000,/dev/cu.usbserial-1120,/dev/cu.usbserial-A50285BI,1165,140A17A082A12B3CAF6E974551B3B65C2DFB11B4E2736924D668840FE284
2026-09-15T21:33:58.266903+08:00,2026-09-15T21:33:58.297482+08:00,1789479238266903000,1789479238297482000,30579.000,30.579000,/dev/cu.usbserial-1120,/dev/cu.usbserial-A50285BI,1166,140BB8F4BDC839D429482247DFAA445D3B5CB235A898095FC91980F36C9A
2026-09-15T21:33:58.808944+08:00,2026-09-15T21:33:58.828736+08:00,1789479238808944000,1789479238828736000,19792.000,19.792000,/dev/cu.usbserial-1120,/dev/cu.usbserial-A50285BI,1167,140CB36E2F132E50F0B3BC76F69C6E37E1616A4152407932591F4EF6A248
2026-09-15T21:33:59.351308+08:00,2026-09-15T21:33:59.381489+08:00,1789479239351308000,1789479239381489000,30181.000,30.181000,/dev/cu.usbserial-1120,/dev/cu.usbserial-A50285BI,1168,140D97E35FE4C595F5389C8B66A37A7E81536785CBCBE0EA2B1563C959C6
2026-09-15T21:33:59.893301+08:00,2026-09-15T21:33:59.912601+08:00,1789479239893301000,1789479239912601000,19300.000,19.300000,/dev/cu.usbserial-1120,/dev/cu.usbserial-A50285BI,1169,140EBA6E05B6086CC77C947DC9AC591D36D049E5612765A8B61F7E4F6194
2026-09-15T21:34:00.435411+08:00,2026-09-15T21:34:00.465759+08:00,1789479240435411000,1789479240465759000,30348.000,30.348000,/dev/cu.usbserial-1120,/dev/cu.usbserial-A50285BI,1170,140FC875C0C624C1891C2907BB9BF71E4625BC7F797103A22FCEC019B997
2026-09-15T21:34:00.977628+08:00,2026-09-15T21:34:00.997052+08:00,1789479240977628000,1789479240997052000,19424.000,19.424000,/dev/cu.usbserial-1120,/dev/cu.usbserial-A50285BI,1171,14101C698A7500ABA55864E7C733542B547AC76F025C1F2847C07FAE8301
2026-09-15T21:34:01.519719+08:00,2026-09-15T21:34:01.550042+08:00,1789479241519719000,1789479241550042000,30323.000,30.323000,/dev/cu.usbserial-1120,/dev/cu.usbserial-A50285BI,1172,1411D14FED6A932F3F7064E521B252D757B1E151A94FDA689609DA91B7F4
2026-09-15T21:34:02.062067+08:00,2026-09-15T21:34:02.081247+08:00,1789479242062067000,1789479242081247000,19180.000,19.180000,/dev/cu.usbserial-1120,/dev/cu.usbserial-A50285BI,1173,14129600F578EFC26ACFB999183D4B9B4C0DC689D04F26F0D3530A0299E4
2026-09-15T21:34:02.604067+08:00,2026-09-15T21:34:02.634228+08:00,1789479242604067000,1789479242634228000,30161.000,30.161000,/dev/cu.usbserial-1120,/dev/cu.usbserial-A50285BI,1174,14134332E3441E911CEC72EB480068A0AC940D443EA199F6CBC57C81EABE
2026-09-15T21:34:03.146233+08:00,2026-09-15T21:34:03.165583+08:00,1789479243146233000,1789479243165583000,19350.000,19.350000,/dev/cu.usbserial-1120,/dev/cu.usbserial-A50285BI,1175,14142E34A4A5B481E0EAF1589113B2419E34773C942D02580EA6A115E0CB
2026-09-15T21:34:03.688394+08:00,2026-09-15T21:34:03.718655+08:00,1789479243688394000,1789479243718655000,30261.000,30.261000,/dev/cu.usbserial-1120,/dev/cu.usbserial-A50285BI,1176,14153C7B06C81EF74F0383F8C91CE64DEBA6073D85A2BE6468BF8250D554
2026-09-15T21:34:04.230627+08:00,2026-09-15T21:34:04.249830+08:00,1789479244230627000,1789479244249830000,19203.000,19.203000,/dev/cu.usbserial-1120,/dev/cu.usbserial-A50285BI,1177,1416B8DFA619BD563EA9B24232B80A0FB414D569C35DCA5615831510BF04
2026-09-15T21:34:04.772895+08:00,2026-09-15T21:34:04.802896+08:00,1789479244772895000,1789479244802896000,30001.000,30.001000,/dev/cu.usbserial-1120,/dev/cu.usbserial-A50285BI,1178,1417E6A4AAE3B64BB667578BAB99C30DE47BA03DBA0896A4B1F051056510
2026-09-15T21:34:05.315211+08:00,2026-09-15T21:34:05.334157+08:00,1789479245315211000,1789479245334157000,18946.000,18.946000,/dev/cu.usbserial-1120,/dev/cu.usbserial-A50285BI,1179,1418553933B385CAA78B7152A86D639265CF2751FE039EFAF33101F54D16
2026-09-15T21:34:05.857301+08:00,2026-09-15T21:34:05.887086+08:00,1789479245857301000,1789479245887086000,29785.000,29.785000,/dev/cu.usbserial-1120,/dev/cu.usbserial-A50285BI,1180,1419F6C18E7F55D65983B73CE183C2EB13E337E18385B806180A5ABF76C8
2026-09-15T21:34:06.399364+08:00,2026-09-15T21:34:06.418322+08:00,1789479246399364000,1789479246418322000,18958.000,18.958000,/dev/cu.usbserial-1120,/dev/cu.usbserial-A50285BI,1181,141AEF542E891002A809EDE0CC2ED4727305820E91812DF31EF24D22C946
2026-09-15T21:34:06.941593+08:00,2026-09-15T21:34:06.972322+08:00,1789479246941593000,1789479246972322000,30729.000,30.729000,/dev/cu.usbserial-1120,/dev/cu.usbserial-A50285BI,1182,141B2E045C0337BAED00F741CAE6F54E226A34E3734888B4B7FE9C3D4E4E
2026-09-15T21:34:07.483691+08:00,2026-09-15T21:34:07.503605+08:00,1789479247483691000,1789479247503605000,19914.000,19.914000,/dev/cu.usbserial-1120,/dev/cu.usbserial-A50285BI,1183,141CBEA0AA71713FBD1BB11E223304F60D4E4518F4F13008FA83ACD52014
2026-09-15T21:34:08.025834+08:00,2026-09-15T21:34:08.056522+08:00,1789479248025834000,1789479248056522000,30688.000,30.688000,/dev/cu.usbserial-1120,/dev/cu.usbserial-A50285BI,1184,141DDC392AD0E47553417BEBB048357864D98E978979B537D9791E5820F0
2026-09-15T21:34:08.568003+08:00,2026-09-15T21:34:08.587916+08:00,1789479248568003000,1789479248587916000,19913.000,19.913000,/dev/cu.usbserial-1120,/dev/cu.usbserial-A50285BI,1185,141EC6676279455FCCB2959C5B6FA47D4EC29BC14CACEC9F559F1EA26BBB
2026-09-15T21:34:09.110111+08:00,2026-09-15T21:34:09.140930+08:00,1789479249110111000,1789479249140930000,30819.000,30.819000,/dev/cu.usbserial-1120,/dev/cu.usbserial-A50285BI,1186,141F584BFCC5AF6516E72F26492AAB0A5BB4456FAFC1BCF1726278838BF8
2026-09-15T21:34:09.652187+08:00,2026-09-15T21:34:09.672103+08:00,1789479249652187000,1789479249672103000,19916.000,19.916000,/dev/cu.usbserial-1120,/dev/cu.usbserial-A50285BI,1187,142057523F6F355AA73B3EC4D414F306BC71FDB9EBC6B439EA7D6FFF6EB4
2026-09-15T21:34:10.194384+08:00,2026-09-15T21:34:10.225216+08:00,1789479250194384000,1789479250225216000,30832.000,30.832000,/dev/cu.usbserial-1120,/dev/cu.usbserial-A50285BI,1188,14218ABD40BC383EF04E0DFC398B4A7E33BAE8783BC063A1A25E4B52182D
2026-09-15T21:34:10.736568+08:00,2026-09-15T21:34:10.756371+08:00,1789479250736568000,1789479250756371000,19803.000,19.803000,/dev/cu.usbserial-1120,/dev/cu.usbserial-A50285BI,1189,14228CE3D75B78C58F23995F140E39AACAEBAD8BCC8F66F3DF4DB5B91934
2026-09-15T21:34:11.278621+08:00,2026-09-15T21:34:11.309269+08:00,1789479251278621000,1789479251309269000,30648.000,30.648000,/dev/cu.usbserial-1120,/dev/cu.usbserial-A50285BI,1190,14236132510BEB96450D9C128E6553AC446810DB71943FE2364CC5F0BF51
2026-09-15T21:34:11.820872+08:00,2026-09-15T21:34:11.840689+08:00,1789479251820872000,1789479251840689000,19817.000,19.817000,/dev/cu.usbserial-1120,/dev/cu.usbserial-A50285BI,1191,1424CCF9E8004F52AC4E640F52834C1C56B93C1E1814E90747BED67B0BA9
2026-09-15T21:34:12.362983+08:00,2026-09-15T21:34:12.393746+08:00,1789479252362983000,1789479252393746000,30763.000,30.763000,/dev/cu.usbserial-1120,/dev/cu.usbserial-A50285BI,1192,14255DE6F5047F5AA77A6B29422DCF479475E25CFF592EAC27C91EA763A1
2026-09-15T21:34:12.905031+08:00,2026-09-15T21:34:12.924862+08:00,1789479252905031000,1789479252924862000,19831.000,19.831000,/dev/cu.usbserial-1120,/dev/cu.usbserial-A50285BI,1193,14264C4FE15E874E979EA5D3ED5A0F302BE20535A49CB54AA07B004E0A41
2026-09-15T21:34:13.447249+08:00,2026-09-15T21:34:13.478059+08:00,1789479253447249000,1789479253478059000,30810.000,30.810000,/dev/cu.usbserial-1120,/dev/cu.usbserial-A50285BI,1194,14270733DE7577565124999FBD57195D535791DE7FA3DDD11AAE1E5C5259
2026-09-15T21:34:13.989357+08:00,2026-09-15T21:34:14.009171+08:00,1789479253989357000,1789479254009171000,19814.000,19.814000,/dev/cu.usbserial-1120,/dev/cu.usbserial-A50285BI,1195,14288AFD5933FA22D0723186F2B1ED518067B0EF702B4BAC55AA2F148D64
2026-09-15T21:34:14.531470+08:00,2026-09-15T21:34:14.562215+08:00,1789479254531470000,1789479254562215000,30745.000,30.745000,/dev/cu.usbserial-1120,/dev/cu.usbserial-A50285BI,1196,1429730D2C29A5B0AC5750EC51D051D95DBDDADDF8064381DE8D9411C62D
2026-09-15T21:34:15.073631+08:00,2026-09-15T21:34:15.093499+08:00,1789479255073631000,1789479255093499000,19868.000,19.868000,/dev/cu.usbserial-1120,/dev/cu.usbserial-A50285BI,1197,142AD3F596750ED2482427609A64620A78C7B0472A02B9BB3D6CAB0C3334
2026-09-15T21:34:15.615983+08:00,2026-09-15T21:34:15.646673+08:00,1789479255615983000,1789479255646673000,30690.000,30.690000,/dev/cu.usbserial-1120,/dev/cu.usbserial-A50285BI,1198,142BC585EA65A26DCC9B4625BC83EA04BB1487F35E8F24C7F037E06166D0
2026-09-15T21:34:16.158109+08:00,2026-09-15T21:34:16.177640+08:00,1789479256158109000,1789479256177640000,19531.000,19.531000,/dev/cu.usbserial-1120,/dev/cu.usbserial-A50285BI,1199,142CBF8807DA3481D88A7273C98D737EA07CC595A91D171F1A5F87524814
2026-09-15T21:34:16.700314+08:00,2026-09-15T21:34:16.730621+08:00,1789479256700314000,1789479256730621000,30307.000,30.307000,/dev/cu.usbserial-1120,/dev/cu.usbserial-A50285BI,1200,142DA94A8C6C57EBF3353B7CA9D51D002303ED540E48900AFA396B07C671
2026-09-15T21:34:17.242367+08:00,2026-09-15T21:34:17.262024+08:00,1789479257242367000,1789479257262024000,19657.000,19.657000,/dev/cu.usbserial-1120,/dev/cu.usbserial-A50285BI,1201,142EB0DECA516BEBC7774B308FFF31EF747C7A0B72B40D1F1C1F235B471E
2026-09-15T21:34:17.784497+08:00,2026-09-15T21:34:17.814743+08:00,1789479257784497000,1789479257814743000,30246.000,30.246000,/dev/cu.usbserial-1120,/dev/cu.usbserial-A50285BI,1202,142FD92378FC77660EA57EBE2F28734C73EE6E5153B8618D505A2958E339
2026-09-15T21:34:18.326538+08:00,2026-09-15T21:34:18.345760+08:00,1789479258326538000,1789479258345760000,19222.000,19.222000,/dev/cu.usbserial-1120,/dev/cu.usbserial-A50285BI,1203,143057812785BBEA4837B4E0ABCA3A3BDBB9A83937BB4A1B5CC1AB7D53AB
2026-09-15T21:34:18.868712+08:00,2026-09-15T21:34:18.898744+08:00,1789479258868712000,1789479258898744000,30032.000,30.032000,/dev/cu.usbserial-1120,/dev/cu.usbserial-A50285BI,1204,14319B767ACE0274342768D4505C40443A76F7D9E460C1EF721F1EC4A8CF
2026-09-15T21:34:19.410783+08:00,2026-09-15T21:34:19.430022+08:00,1789479259410783000,1789479259430022000,19239.000,19.239000,/dev/cu.usbserial-1120,/dev/cu.usbserial-A50285BI,1205,14322ED31361BAF2FA16FE2B04BA385AA6A1F18A52630E1061569665BCD0
2026-09-15T21:34:19.952680+08:00,2026-09-15T21:34:19.983028+08:00,1789479259952680000,1789479259983028000,30348.000,30.348000,/dev/cu.usbserial-1120,/dev/cu.usbserial-A50285BI,1206,143340C54E19C4882A32DE437B49229E2FF783F3633FA1AC8D47D6596BD4
2026-09-15T21:34:20.495053+08:00,2026-09-15T21:34:20.514175+08:00,1789479260495053000,1789479260514175000,19122.000,19.122000,/dev/cu.usbserial-1120,/dev/cu.usbserial-A50285BI,1207,1434FF94AF870A9567D944942ED860E2149F46C54E96A1189E6E279F81DB
2026-09-15T21:34:21.037082+08:00,2026-09-15T21:34:21.066998+08:00,1789479261037082000,1789479261066998000,29916.000,29.916000,/dev/cu.usbserial-1120,/dev/cu.usbserial-A50285BI,1208,1435A72B1A10D472E1FCD3AC0B4686EDB8099646DF4F439AF94FEB407067
2026-09-15T21:34:21.579226+08:00,2026-09-15T21:34:21.598246+08:00,1789479261579226000,1789479261598246000,19020.000,19.020000,/dev/cu.usbserial-1120,/dev/cu.usbserial-A50285BI,1209,14365B5DC6D8D9FF8643EDFAEBE7F4835198628D5F7EDAE7F293EF12C8DA
2026-09-15T21:34:22.121357+08:00,2026-09-15T21:34:22.151154+08:00,1789479262121357000,1789479262151154000,29797.000,29.797000,/dev/cu.usbserial-1120,/dev/cu.usbserial-A50285BI,1210,1437B8E3F16016DDF6F4C44CC6A523226400C3915206B16CBCEF833E65A1
2026-09-15T21:34:22.663481+08:00,2026-09-15T21:34:22.682393+08:00,1789479262663481000,1789479262682393000,18912.000,18.912000,/dev/cu.usbserial-1120,/dev/cu.usbserial-A50285BI,1211,1438242752EF607A38922E18A7E8C18BF36E4DE2E5FF9A4F26CA4A816714
2026-09-15T21:34:23.205623+08:00,2026-09-15T21:34:23.236234+08:00,1789479263205623000,1789479263236234000,30611.000,30.611000,/dev/cu.usbserial-1120,/dev/cu.usbserial-A50285BI,1212,1439E9C251B3B9D130463B7D5F357D06716C273324D64332069BCF34E51A
2026-09-15T21:34:23.748013+08:00,2026-09-15T21:34:23.767474+08:00,1789479263748013000,1789479263767474000,19461.000,19.461000,/dev/cu.usbserial-1120,/dev/cu.usbserial-A50285BI,1213,143A04C5F8A564ECCEFF8606FA97A1637C81DA9DEE384EBC7315DD0B5F8E
2026-09-15T21:34:24.289853+08:00,2026-09-15T21:34:24.320467+08:00,1789479264289853000,1789479264320467000,30614.000,30.614000,/dev/cu.usbserial-1120,/dev/cu.usbserial-A50285BI,1214,143BBCB8A630B92F065A4D33F4BF64C14899EBA4A7AE1DD8B4048E9FF663
2026-09-15T21:34:24.831978+08:00,2026-09-15T21:34:24.851787+08:00,1789479264831978000,1789479264851787000,19809.000,19.809000,/dev/cu.usbserial-1120,/dev/cu.usbserial-A50285BI,1215,143CF465878FB854824241B72AEBFB10DA2929F7B10670B9F9F31FAC5C88
2026-09-15T21:34:25.374255+08:00,2026-09-15T21:34:25.405014+08:00,1789479265374255000,1789479265405014000,30759.000,30.759000,/dev/cu.usbserial-1120,/dev/cu.usbserial-A50285BI,1216,143D3F54C5F85E3717551C8090897256FC10C6FA9976AFA3CD9488198A8A
2026-09-15T21:34:25.916268+08:00,2026-09-15T21:34:25.936163+08:00,1789479265916268000,1789479265936163000,19895.000,19.895000,/dev/cu.usbserial-1120,/dev/cu.usbserial-A50285BI,1217,143EB6137D7BB951FA0CF579A79A3EB3EA3D26031381066949DFCDBA36FD
2026-09-15T21:34:26.458683+08:00,2026-09-15T21:34:26.489193+08:00,1789479266458683000,1789479266489193000,30510.000,30.510000,/dev/cu.usbserial-1120,/dev/cu.usbserial-A50285BI,1218,143F8B3D72AABC05B0975511ABD69024CE147865A69734B708F613D6019A
2026-09-15T21:34:27.000736+08:00,2026-09-15T21:34:27.020254+08:00,1789479267000736000,1789479267020254000,19518.000,19.518000,/dev/cu.usbserial-1120,/dev/cu.usbserial-A50285BI,1219,14405B3682F7D19CC88A08798D936A09F090072F257D210FDCCD73697326
2026-09-15T21:34:27.542876+08:00,2026-09-15T21:34:27.573152+08:00,1789479267542876000,1789479267573152000,30276.000,30.276000,/dev/cu.usbserial-1120,/dev/cu.usbserial-A50285BI,1220,144145B9DAE0310F4A3CB3AEA5647267AB2650B3E3703393448B9128A618
2026-09-15T21:34:28.085050+08:00,2026-09-15T21:34:28.104518+08:00,1789479268085050000,1789479268104518000,19468.000,19.468000,/dev/cu.usbserial-1120,/dev/cu.usbserial-A50285BI,1221,1442BE11EBCBF588ECE9283C258287EC216FD2C8A40A5F879AB0EA47C2F7
2026-09-15T21:34:28.627209+08:00,2026-09-15T21:34:28.657335+08:00,1789479268627209000,1789479268657335000,30126.000,30.126000,/dev/cu.usbserial-1120,/dev/cu.usbserial-A50285BI,1222,144320291AB0EAA9099B7ABE4FED16B5AD82A7CD53E201930EF5F0FC2E86
2026-09-15T21:34:29.169117+08:00,2026-09-15T21:34:29.188263+08:00,1789479269169117000,1789479269188263000,19146.000,19.146000,/dev/cu.usbserial-1120,/dev/cu.usbserial-A50285BI,1223,14440644387A278950CDD12665502CD01A24D57378F46ACA54F6D5C181A1
2026-09-15T21:34:29.711193+08:00,2026-09-15T21:34:29.741446+08:00,1789479269711193000,1789479269741446000,30253.000,30.253000,/dev/cu.usbserial-1120,/dev/cu.usbserial-A50285BI,1224,1445598AB62C5E813ECAFCC062A6498296A0633866C53C6D1E91285A3CE4
2026-09-15T21:34:30.253306+08:00,2026-09-15T21:34:30.272649+08:00,1789479270253306000,1789479270272649000,19343.000,19.343000,/dev/cu.usbserial-1120,/dev/cu.usbserial-A50285BI,1225,1446284996C4F4AA4BD8CAF66BA0F94766752CB43544776E4A0A239C380F
2026-09-15T21:34:30.795627+08:00,2026-09-15T21:34:30.825885+08:00,1789479270795627000,1789479270825885000,30258.000,30.258000,/dev/cu.usbserial-1120,/dev/cu.usbserial-A50285BI,1226,14473AF622E2D123E51818D305C3239C58B47596757151B5DAF5C1E9DF2A
2026-09-15T21:34:31.337928+08:00,2026-09-15T21:34:31.357256+08:00,1789479271337928000,1789479271357256000,19328.000,19.328000,/dev/cu.usbserial-1120,/dev/cu.usbserial-A50285BI,1227,144863F75E27F6152029A84806531D7EFC253F6B9DBEC824A6D2917C1C69
2026-09-15T21:34:31.879757+08:00,2026-09-15T21:34:31.909828+08:00,1789479271879757000,1789479271909828000,30071.000,30.071000,/dev/cu.usbserial-1120,/dev/cu.usbserial-A50285BI,1228,144998213D5DD2762891B6304BF186B0902E5C224736F859D2764B6912CF
2026-09-15T21:34:32.422061+08:00,2026-09-15T21:34:32.441286+08:00,1789479272422061000,1789479272441286000,19225.000,19.225000,/dev/cu.usbserial-1120,/dev/cu.usbserial-A50285BI,1229,144AC2029559548F7CDA4A122D05D1BEBE7241511C612B38FF2E25618E94
2026-09-15T21:34:32.964245+08:00,2026-09-15T21:34:32.994142+08:00,1789479272964245000,1789479272994142000,29897.000,29.897000,/dev/cu.usbserial-1120,/dev/cu.usbserial-A50285BI,1230,144B54DED1A2BE3EDB7D4DABB3DBA2C3063A9F378FE4B32642A4E4373B45
2026-09-15T21:34:33.506407+08:00,2026-09-15T21:34:33.525431+08:00,1789479273506407000,1789479273525431000,19024.000,19.024000,/dev/cu.usbserial-1120,/dev/cu.usbserial-A50285BI,1231,144C9E786ACF3DFAFB815C28868DDBEBFB96B2804BEA7914D77FB32499AF
2026-09-15T21:34:34.048507+08:00,2026-09-15T21:34:34.078206+08:00,1789479274048507000,1789479274078206000,29699.000,29.699000,/dev/cu.usbserial-1120,/dev/cu.usbserial-A50285BI,1232,144DDE9715B33B98FDE15D35A7A674B92F4157CA6C44534194CCB5CCAD7B
2026-09-15T21:34:34.590475+08:00,2026-09-15T21:34:34.609536+08:00,1789479274590475000,1789479274609536000,19061.000,19.061000,/dev/cu.usbserial-1120,/dev/cu.usbserial-A50285BI,1233,144E1946BB3A71D1A3B0D4B9E1810C08EE47DEE96E5117BD1D1E5BFF7897
2026-09-15T21:34:35.132776+08:00,2026-09-15T21:34:35.163375+08:00,1789479275132776000,1789479275163375000,30599.000,30.599000,/dev/cu.usbserial-1120,/dev/cu.usbserial-A50285BI,1234,144FADD82B10BD813DFDF55DFD7442D2AC66A3EBE79D72AEDB75753E275A
2026-09-15T21:34:35.674747+08:00,2026-09-15T21:34:35.694759+08:00,1789479275674747000,1789479275694759000,20012.000,20.012000,/dev/cu.usbserial-1120,/dev/cu.usbserial-A50285BI,1235,1450A4B18F05B8AF677678CFBAB0C3B13D375CDBF64A7855ACE009030D65
2026-09-15T21:34:36.217197+08:00,2026-09-15T21:34:36.247394+08:00,1789479276217197000,1789479276247394000,30197.000,30.197000,/dev/cu.usbserial-1120,/dev/cu.usbserial-A50285BI,1236,1451C8C5A231055073CC2ECA79E42128C80A31487930FACD59E3E5BE5348
2026-09-15T21:34:36.759145+08:00,2026-09-15T21:34:36.778967+08:00,1789479276759145000,1789479276778967000,19822.000,19.822000,/dev/cu.usbserial-1120,/dev/cu.usbserial-A50285BI,1237,14527ADD9DD869C9A5DB56D3BAA668A07B94908300C59997CA99F49F6BEB
2026-09-15T21:34:37.301499+08:00,2026-09-15T21:34:37.331777+08:00,1789479277301499000,1789479277331777000,30278.000,30.278000,/dev/cu.usbserial-1120,/dev/cu.usbserial-A50285BI,1238,1453419FF40E9D372388AEC249906F32FD49BCA983BC9DD8F998521847A9
2026-09-15T21:34:37.843455+08:00,2026-09-15T21:34:37.863072+08:00,1789479277843455000,1789479277863072000,19617.000,19.617000,/dev/cu.usbserial-1120,/dev/cu.usbserial-A50285BI,1239,1454224AC418E46FA9684A06362CF129A6882966D36F845EA99620204C3A
2026-09-15T21:34:38.385738+08:00,2026-09-15T21:34:38.415934+08:00,1789479278385738000,1789479278415934000,30196.000,30.196000,/dev/cu.usbserial-1120,/dev/cu.usbserial-A50285BI,1240,1455B44309975DC5FE2326A7888F59446F7B8875D3FB5A66D6CE17370758
2026-09-15T21:34:38.927906+08:00,2026-09-15T21:34:38.947183+08:00,1789479278927906000,1789479278947183000,19277.000,19.277000,/dev/cu.usbserial-1120,/dev/cu.usbserial-A50285BI,1241,1456F1529165188F289C7C09AFC560BEA9BAA3E9662FCD1FE921DC2B9C1F
2026-09-15T21:34:39.469798+08:00,2026-09-15T21:34:39.499979+08:00,1789479279469798000,1789479279499979000,30181.000,30.181000,/dev/cu.usbserial-1120,/dev/cu.usbserial-A50285BI,1242,1457CDAAB33CE96760CFD474BBF1570D6FB4E82C2623FFEBB2FE189E0032
2026-09-15T21:34:40.012265+08:00,2026-09-15T21:34:40.031254+08:00,1789479280012265000,1789479280031254000,18989.000,18.989000,/dev/cu.usbserial-1120,/dev/cu.usbserial-A50285BI,1243,145886ACBD1AFE32C578DF565032426BDBCCC6C9D8A9186A15014545ECA1
2026-09-15T21:34:40.554273+08:00,2026-09-15T21:34:40.585065+08:00,1789479280554273000,1789479280585065000,30792.000,30.792000,/dev/cu.usbserial-1120,/dev/cu.usbserial-A50285BI,1244,1459BF6B306630E2D27702445745AB17FA44B9EBA066A136805C47EF8F8C
2026-09-15T21:34:41.638789+08:00,2026-09-15T21:34:41.669174+08:00,1789479281638789000,1789479281669174000,30385.000,30.385000,/dev/cu.usbserial-1120,/dev/cu.usbserial-A50285BI,1245,145BCD34ABFBEFDB8A4485CC3916E54B3837E5EC567325F2DB58236878B8
2026-09-15T21:34:42.180970+08:00,2026-09-15T21:34:42.210387+08:00,1789479282180970000,1789479282210387000,29417.000,29.417000,/dev/cu.usbserial-1120,/dev/cu.usbserial-A50285BI,1246,145CFC01EFDC03B1828803071DB354514203A06EB80A7371F34384FB42CA
2026-09-15T21:34:42.723114+08:00,2026-09-15T21:34:42.741612+08:00,1789479282723114000,1789479282741612000,18498.000,18.498000,/dev/cu.usbserial-1120,/dev/cu.usbserial-A50285BI,1247,145DC555BBDF2C4FE6193FDC2C6A626AFED6E103C5F2BB258C1F34616F84
2026-09-15T21:34:43.265105+08:00,2026-09-15T21:34:43.295231+08:00,1789479283265105000,1789479283295231000,30126.000,30.126000,/dev/cu.usbserial-1120,/dev/cu.usbserial-A50285BI,1248,145E19B6C3CCD1AB03A5282E7DF4DB2FC1D8E3FCC465825BD81D0E694C2E
2026-09-15T21:34:43.807267+08:00,2026-09-15T21:34:43.826479+08:00,1789479283807267000,1789479283826479000,19212.000,19.212000,/dev/cu.usbserial-1120,/dev/cu.usbserial-A50285BI,1249,145F8035E26EBC1CF5169EE26742C9954C242E22580B5EB4091890D093BA
2026-09-15T21:34:44.349620+08:00,2026-09-15T21:34:44.379499+08:00,1789479284349620000,1789479284379499000,29879.000,29.879000,/dev/cu.usbserial-1120,/dev/cu.usbserial-A50285BI,1250,1460723190EEB065643845247160847300EDE57DEA63902C0A3CAB8A62A7
2026-09-15T21:34:44.891845+08:00,2026-09-15T21:34:44.910804+08:00,1789479284891845000,1789479284910804000,18959.000,18.959000,/dev/cu.usbserial-1120,/dev/cu.usbserial-A50285BI,1251,146164DB1002BD76EF191B670C1C8CC6CF62DBD6E6E056DDF0685AC5EEA1
2026-09-15T21:34:45.434021+08:00,2026-09-15T21:34:45.464390+08:00,1789479285434021000,1789479285464390000,30369.000,30.369000,/dev/cu.usbserial-1120,/dev/cu.usbserial-A50285BI,1252,1462A3776ACA55F3652EC92F016619B5F3516AFBA7D4FC813052F2ADF6EA
2026-09-15T21:34:45.976254+08:00,2026-09-15T21:34:45.995860+08:00,1789479285976254000,1789479285995860000,19606.000,19.606000,/dev/cu.usbserial-1120,/dev/cu.usbserial-A50285BI,1253,1463E2661E731C72B738BB90AA746D55608C02C7310FB6BB906E3EEFF77B
2026-09-15T21:34:46.518341+08:00,2026-09-15T21:34:46.548632+08:00,1789479286518341000,1789479286548632000,30291.000,30.291000,/dev/cu.usbserial-1120,/dev/cu.usbserial-A50285BI,1254,146493E693A38287AFEAF074E2ABEE2BF90D81DFA2442E14DD8D47FD23E7
2026-09-15T21:34:47.060478+08:00,2026-09-15T21:34:47.079926+08:00,1789479287060478000,1789479287079926000,19448.000,19.448000,/dev/cu.usbserial-1120,/dev/cu.usbserial-A50285BI,1255,1465F8955392117F6049919EBC3FF67483DA473C6831DDC66047F5151005
2026-09-15T21:34:47.602587+08:00,2026-09-15T21:34:47.632730+08:00,1789479287602587000,1789479287632730000,30143.000,30.143000,/dev/cu.usbserial-1120,/dev/cu.usbserial-A50285BI,1256,1466F7B9F7F984ED5BD14271F59567265BA8066B317C1C3910185A00314B
2026-09-15T21:34:48.144570+08:00,2026-09-15T21:34:48.163936+08:00,1789479288144570000,1789479288163936000,19366.000,19.366000,/dev/cu.usbserial-1120,/dev/cu.usbserial-A50285BI,1257,1467B041E2AD9EE8A55B3A6F286E00B3E9405C94A55EF950854BC79D08FA
2026-09-15T21:34:48.686977+08:00,2026-09-15T21:34:48.716710+08:00,1789479288686977000,1789479288716710000,29733.000,29.733000,/dev/cu.usbserial-1120,/dev/cu.usbserial-A50285BI,1258,1468CE88AF09B6106ABF1281C5C47092D2A3213ED500C962B298A51B17FD
2026-09-15T21:34:49.229086+08:00,2026-09-15T21:34:49.248220+08:00,1789479289229086000,1789479289248220000,19134.000,19.134000,/dev/cu.usbserial-1120,/dev/cu.usbserial-A50285BI,1259,14699FDD690F1354703A5FFBC1712D7DEFEE80CE70A67F09518E04089A90
